canonical_id,split_random,split_homology,homology_cluster_id,temporal_class
CANONICAL_00041a6508c1,TRAIN,TEST,CLUST_0.70_00004,IMMEDIATE_EARLY
CANONICAL_0004660e9635,TRAIN,TRAIN,CLUST_0.70_00008,LATE
CANONICAL_0004ca6b6820,TEST,TRAIN,CLUST_0.70_00008,LATE
CANONICAL_000ed7a3155b,TRAIN,VALIDATION,CLUST_0.70_00039,LATE
CANONICAL_001113a0425f,TRAIN,TEST,CLUST_0.70_00004,IMMEDIATE_EARLY
CANONICAL_0013946ffa48,TRAIN,TEST,CLUST_0.70_00001,LATE
CANONICAL_0014c2cbe694,TEST,VALIDATION,CLUST_0.70_00010,LATE
CANONICAL_0016ca77f152,TRAIN,TEST,CLUST_0.70_00030,EARLY
CANONICAL_0019428e4839,TRAIN,VALIDATION,CLUST_0.70_00086,LATE
CANONICAL_001a73d730c3,TRAIN,VALIDATION,CLUST_0.70_00079,LATE
CANONICAL_002493de6a97,TRAIN,TEST,CLUST_0.70_00052,LATE
CANONICAL_0027e06e838a,TRAIN,TRAIN,CLUST_0.70_00102,LATE
CANONICAL_002b09526190,TRAIN,TEST,CLUST_0.70_00001,LATE
CANONICAL_002e1c43df1b,TRAIN,TRAIN,CLUST_0.70_00005,LATE
CANONICAL_003023e8d43f,TEST,TEST,CLUST_0.70_00015,LATE
CANONICAL_0030f67d0cbf,TEST,TRAIN,CLUST_0.70_00007,EARLY
CANONICAL_003783db8573,VALIDATION,VALIDATION,CLUST_0.70_00025,LATE
CANONICAL_003e0b266641,TRAIN,TEST,CLUST_0.70_00018,LATE
CANONICAL_003ed1c1c7f1,TRAIN,TRAIN,CLUST_0.70_00005,EARLY
CANONICAL_0043dd2dfb66,VALIDATION,TRAIN,CLUST_0.70_00005,EARLY
CANONICAL_00451628bac4,TRAIN,TEST,CLUST_0.70_00071,LATE
CANONICAL_004d00f539ed,TRAIN,TEST,CLUST_0.70_00051,LATE
CANONICAL_004fa5a13f1b,TEST,TRAIN,CLUST_0.70_00005,EARLY
CANONICAL_0051dcbc586e,VALIDATION,VALIDATION,CLUST_0.70_00010,EARLY
CANONICAL_00546c795e9e,TRAIN,VALIDATION,CLUST_0.70_00006,IMMEDIATE_EARLY
CANONICAL_005f6d0240c9,TRAIN,VALIDATION,CLUST_0.70_00006,IMMEDIATE_EARLY
CANONICAL_0065256142db,TRAIN,TRAIN,CLUST_0.70_00005,LATE
CANONICAL_006799f4af11,TRAIN,TEST,CLUST_0.70_00030,EARLY
CANONICAL_006cd834a8c2,TRAIN,TRAIN,CLUST_0.70_00005,EARLY
CANONICAL_006e93a39ef9,TRAIN,TRAIN,CLUST_0.70_00008,LATE
CANONICAL_007176eafad4,TRAIN,VALIDATION,CLUST_0.70_00041,EARLY
CANONICAL_0073b0fa7580,TEST,VALIDATION,CLUST_0.70_00038,LATE
CANONICAL_00745a0371dc,TRAIN,TRAIN,CLUST_0.70_00008,LATE
CANONICAL_007569cb48fb,TRAIN,TEST,CLUST_0.70_00004,IMMEDIATE_EARLY
CANONICAL_007690bd6e39,TRAIN,TRAIN,CLUST_0.70_00005,LATE
CANONICAL_0084603494ea,VALIDATION,TRAIN,CLUST_0.70_00225,LATE
CANONICAL_0088ff3a93dc,VALIDATION,TRAIN,CLUST_0.70_00005,EARLY
CANONICAL_008b92dddf29,VALIDATION,TEST,CLUST_0.70_00037,LATE
CANONICAL_008c9d7a12ce,TRAIN,TRAIN,CLUST_0.70_00005,LATE
CANONICAL_008ead399913,TRAIN,TRAIN,CLUST_0.70_00005,LATE
CANONICAL_008ec0cdb09a,TRAIN,VALIDATION,CLUST_0.70_00086,LATE
CANONICAL_00963c71d8cd,TRAIN,TRAIN,CLUST_0.70_00008,IMMEDIATE_EARLY
CANONICAL_009a58bab0cc,TEST,TEST,CLUST_0.70_00018,LATE
CANONICAL_009c384ba93e,TRAIN,TEST,CLUST_0.70_00001,LATE
CANONICAL_009d9e85628c,VALIDATION,TEST,CLUST_0.70_00071,LATE
CANONICAL_00a740653392,TRAIN,TEST,CLUST_0.70_00004,IMMEDIATE_EARLY
CANONICAL_00a98231fde3,TRAIN,VALIDATION,CLUST_0.70_00106,LATE
CANONICAL_00b3b19ae14b,TRAIN,TRAIN,CLUST_0.70_00005,LATE
CANONICAL_00b4e9248c2e,TRAIN,TRAIN,CLUST_0.70_00062,LATE
CANONICAL_00bd05830eee,TRAIN,VALIDATION,CLUST_0.70_00079,LATE
CANONICAL_00bec924da65,TRAIN,TRAIN,CLUST_0.70_00273,EARLY
CANONICAL_00c057fde521,TRAIN,TRAIN,CLUST_0.70_00134,LATE
CANONICAL_00c1a335f10e,VALIDATION,VALIDATION,CLUST_0.70_00031,LATE
CANONICAL_00cb5f103568,VALIDATION,TRAIN,CLUST_0.70_00008,EARLY
CANONICAL_00d6a077c32e,TRAIN,TRAIN,CLUST_0.70_00005,EARLY
CANONICAL_00d810e66e3e,TRAIN,TRAIN,CLUST_0.70_00007,EARLY
CANONICAL_00dcb59aae1b,TRAIN,TRAIN,CLUST_0.70_00005,LATE
CANONICAL_00e263c551c0,TRAIN,TEST,CLUST_0.70_00052,LATE
CANONICAL_00e2b3584d95,TRAIN,TRAIN,CLUST_0.70_00424,LATE
CANONICAL_00e9c2ea6b5d,TRAIN,TEST,CLUST_0.70_00004,IMMEDIATE_EARLY
CANONICAL_00f579bdaf02,TRAIN,VALIDATION,CLUST_0.70_00059,LATE
CANONICAL_00f642082759,TRAIN,VALIDATION,CLUST_0.70_00006,IMMEDIATE_EARLY
CANONICAL_00ff08e3b081,TEST,TRAIN,CLUST_0.70_00008,IMMEDIATE_EARLY
CANONICAL_010a0854e1a2,TRAIN,TEST,CLUST_0.70_00030,EARLY
CANONICAL_010ac2ecfd98,TRAIN,TRAIN,CLUST_0.70_00005,EARLY
CANONICAL_010b3770142a,TEST,TRAIN,CLUST_0.70_00005,EARLY
CANONICAL_010b725fafcb,TRAIN,TRAIN,CLUST_0.70_00005,LATE
CANONICAL_010bf46c5d3e,TRAIN,TRAIN,CLUST_0.70_00005,LATE
CANONICAL_01118b257e2c,TRAIN,TRAIN,CLUST_0.70_00008,LATE
CANONICAL_01137da50aaa,TRAIN,VALIDATION,CLUST_0.70_00038,LATE
CANONICAL_011772de7082,TRAIN,TRAIN,CLUST_0.70_00007,LATE
CANONICAL_0118f4106e1a,TRAIN,TRAIN,CLUST_0.70_00098,LATE
CANONICAL_0119d23d166a,TRAIN,TEST,CLUST_0.70_00018,LATE
CANONICAL_011cb14cfc47,TRAIN,TEST,CLUST_0.70_00001,LATE
CANONICAL_01205852c9a9,TRAIN,TEST,CLUST_0.70_00004,IMMEDIATE_EARLY
CANONICAL_0122792730a8,TRAIN,TRAIN,CLUST_0.70_00008,LATE
CANONICAL_012425314c1c,VALIDATION,VALIDATION,CLUST_0.70_00064,LATE
CANONICAL_012bef1ea321,TRAIN,VALIDATION,CLUST_0.70_00026,IMMEDIATE_EARLY
CANONICAL_012e9444835b,TRAIN,TRAIN,CLUST_0.70_00005,LATE
CANONICAL_0130e34cc466,TRAIN,TRAIN,CLUST_0.70_00008,LATE
CANONICAL_013118ea615d,TRAIN,VALIDATION,CLUST_0.70_00031,LATE
CANONICAL_01332b8d5272,TRAIN,TEST,CLUST_0.70_00030,EARLY
CANONICAL_013469540055,TRAIN,TRAIN,CLUST_0.70_00008,LATE
CANONICAL_013a79703375,TRAIN,TRAIN,CLUST_0.70_00005,LATE
CANONICAL_014ae4048754,TRAIN,TRAIN,CLUST_0.70_00229,LATE
CANONICAL_014afa402dd4,TRAIN,TRAIN,CLUST_0.70_00005,EARLY
CANONICAL_014dd4e550d3,TRAIN,TRAIN,CLUST_0.70_00007,LATE
CANONICAL_014e8c2d5083,TEST,VALIDATION,CLUST_0.70_00010,EARLY
CANONICAL_014f268aa40d,VALIDATION,TRAIN,CLUST_0.70_00008,LATE
CANONICAL_0155cb0ebe19,TRAIN,TRAIN,CLUST_0.70_00005,EARLY
CANONICAL_015754975edc,TRAIN,VALIDATION,CLUST_0.70_00031,LATE
CANONICAL_0159ba697111,TRAIN,TRAIN,CLUST_0.70_00005,EARLY
CANONICAL_015f8dbe926a,VALIDATION,TRAIN,CLUST_0.70_00091,LATE
CANONICAL_0161926d3b9f,TRAIN,TRAIN,CLUST_0.70_00008,LATE
CANONICAL_01670971565f,TRAIN,TRAIN,CLUST_0.70_00005,EARLY
CANONICAL_01728abf8c28,TRAIN,TRAIN,CLUST_0.70_00005,EARLY
CANONICAL_0172d66939a2,TRAIN,TRAIN,CLUST_0.70_00005,EARLY
CANONICAL_01732feaeece,TRAIN,TRAIN,CLUST_0.70_00005,EARLY
CANONICAL_017477e43803,TEST,TEST,CLUST_0.70_00015,LATE
CANONICAL_01773c61c9f0,TRAIN,TRAIN,CLUST_0.70_00062,LATE
CANONICAL_0178ce2aad65,TRAIN,TRAIN,CLUST_0.70_00005,EARLY
CANONICAL_018694e97837,TRAIN,TRAIN,CLUST_0.70_00008,LATE
CANONICAL_01882ca157f3,TRAIN,TRAIN,CLUST_0.70_00005,LATE
CANONICAL_0188bfeb5c75,VALIDATION,TRAIN,CLUST_0.70_00056,LATE
CANONICAL_0188d8006bf0,TRAIN,TRAIN,CLUST_0.70_00008,LATE
CANONICAL_018965d22134,TEST,VALIDATION,CLUST_0.70_00031,LATE
CANONICAL_019296dd5d20,TEST,TEST,CLUST_0.70_00052,LATE
CANONICAL_0192e7842f8e,VALIDATION,TRAIN,CLUST_0.70_00005,EARLY
CANONICAL_019b4267ba57,TRAIN,TRAIN,CLUST_0.70_00008,LATE
CANONICAL_019b63d85a74,TRAIN,TRAIN,CLUST_0.70_00005,EARLY
CANONICAL_01a1114ffbf8,TRAIN,TRAIN,CLUST_0.70_00005,EARLY
CANONICAL_01a3ec303fb3,TRAIN,TRAIN,CLUST_0.70_00005,EARLY
CANONICAL_01aafb663090,TEST,TRAIN,CLUST_0.70_00008,LATE
CANONICAL_01ad56e5e3d9,TRAIN,VALIDATION,CLUST_0.70_00055,IMMEDIATE_EARLY
CANONICAL_01aebbcc8fa3,TRAIN,TRAIN,CLUST_0.70_00008,LATE
CANONICAL_01b55e3f1802,TRAIN,VALIDATION,CLUST_0.70_00026,IMMEDIATE_EARLY
CANONICAL_01b8f7af5b2e,TRAIN,TEST,CLUST_0.70_00004,IMMEDIATE_EARLY
CANONICAL_01bcd706c223,TRAIN,TRAIN,CLUST_0.70_00233,EARLY
CANONICAL_01c3d47eaa7c,TRAIN,TRAIN,CLUST_0.70_00005,EARLY
CANONICAL_01c94d11eef4,TRAIN,VALIDATION,CLUST_0.70_00029,LATE
CANONICAL_01ca4d79483c,TRAIN,TRAIN,CLUST_0.70_00008,LATE
CANONICAL_01d205836a5c,TRAIN,TRAIN,CLUST_0.70_00008,LATE
CANONICAL_01d4e4e170ab,VALIDATION,TRAIN,CLUST_0.70_00007,LATE
CANONICAL_01d6ada80548,VALIDATION,VALIDATION,CLUST_0.70_00079,LATE
CANONICAL_01da5d995a39,TRAIN,TRAIN,CLUST_0.70_00024,LATE
CANONICAL_01db4df5877d,TRAIN,TRAIN,CLUST_0.70_00005,EARLY
CANONICAL_01de8ae12c49,TEST,TEST,CLUST_0.70_00030,EARLY
CANONICAL_01e1b2741096,TEST,TRAIN,CLUST_0.70_00005,EARLY
CANONICAL_01e712f27742,TRAIN,TRAIN,CLUST_0.70_00008,LATE
CANONICAL_01e87046d8b7,VALIDATION,VALIDATION,CLUST_0.70_00059,LATE
CANONICAL_01e8f5e5fb0f,VALIDATION,TRAIN,CLUST_0.70_00005,EARLY
CANONICAL_01ed3116cad0,TRAIN,TRAIN,CLUST_0.70_00005,LATE
CANONICAL_01ef92124bb7,TRAIN,TRAIN,CLUST_0.70_00005,EARLY
CANONICAL_01f56adddc47,TRAIN,TEST,CLUST_0.70_00015,LATE
CANONICAL_01f5f7ef43ed,TRAIN,TRAIN,CLUST_0.70_00005,LATE
CANONICAL_01fb7dd9b4c5,TRAIN,TRAIN,CLUST_0.70_00007,LATE
CANONICAL_01fbad7b0dfa,TRAIN,TEST,CLUST_0.70_00018,LATE
CANONICAL_01ff64f28eec,TRAIN,TRAIN,CLUST_0.70_00008,LATE
CANONICAL_02030fd2a8ab,TRAIN,TEST,CLUST_0.70_00015,LATE
CANONICAL_020a9e30ec6b,TRAIN,TRAIN,CLUST_0.70_00005,LATE
CANONICAL_020bb10cf045,VALIDATION,VALIDATION,CLUST_0.70_00169,LATE
CANONICAL_020c8a74e5b2,TRAIN,TRAIN,CLUST_0.70_00033,IMMEDIATE_EARLY
CANONICAL_0216ad34ad82,TRAIN,TRAIN,CLUST_0.70_00102,LATE
CANONICAL_021a2c9ad6f7,TRAIN,VALIDATION,CLUST_0.70_00055,LATE
CANONICAL_021c6775c681,VALIDATION,TEST,CLUST_0.70_00030,EARLY
CANONICAL_021fcefd37cf,TRAIN,TRAIN,CLUST_0.70_00005,LATE
CANONICAL_022c8462d03a,TRAIN,TRAIN,CLUST_0.70_00005,EARLY
CANONICAL_022d7539d3ca,VALIDATION,TRAIN,CLUST_0.70_00005,LATE
CANONICAL_0234ecd86ed2,TRAIN,TRAIN,CLUST_0.70_00008,LATE
CANONICAL_023c806c3c2a,TRAIN,TEST,CLUST_0.70_00018,LATE
CANONICAL_023cda1c10f2,TRAIN,VALIDATION,CLUST_0.70_00017,LATE
CANONICAL_0243172dd5bb,TRAIN,VALIDATION,CLUST_0.70_00106,LATE
CANONICAL_024479d57228,TRAIN,TRAIN,CLUST_0.70_00005,LATE
CANONICAL_02494596e8bf,TRAIN,TRAIN,CLUST_0.70_00005,LATE
CANONICAL_024a48b48b0d,TEST,VALIDATION,CLUST_0.70_00064,LATE
CANONICAL_024f891f6500,TRAIN,VALIDATION,CLUST_0.70_00086,LATE
CANONICAL_0255e02cbf61,VALIDATION,VALIDATION,CLUST_0.70_00038,LATE
CANONICAL_02564737184b,TRAIN,VALIDATION,CLUST_0.70_00106,LATE
CANONICAL_0257fede2adc,TRAIN,VALIDATION,CLUST_0.70_00055,LATE
CANONICAL_0258334a50da,TRAIN,VALIDATION,CLUST_0.70_00029,LATE
CANONICAL_026534115db9,TRAIN,VALIDATION,CLUST_0.70_00025,LATE
CANONICAL_0265e1bcda24,VALIDATION,TRAIN,CLUST_0.70_00007,EARLY
CANONICAL_026fe6ebb315,VALIDATION,TRAIN,CLUST_0.70_00008,LATE
CANONICAL_0274581668df,TRAIN,VALIDATION,CLUST_0.70_00039,LATE
CANONICAL_027981a9df9d,TEST,TRAIN,CLUST_0.70_00069,IMMEDIATE_EARLY
CANONICAL_0284a092011a,TRAIN,TRAIN,CLUST_0.70_00005,EARLY
CANONICAL_0288fffda95b,VALIDATION,TRAIN,CLUST_0.70_00005,EARLY
CANONICAL_028b458e8c50,TRAIN,TRAIN,CLUST_0.70_00005,EARLY
CANONICAL_0290200a11ab,TRAIN,TRAIN,CLUST_0.70_00005,LATE
CANONICAL_02934d44eb85,TRAIN,VALIDATION,CLUST_0.70_00127,LATE
CANONICAL_0297ff24d9bc,TRAIN,TRAIN,CLUST_0.70_00008,LATE
CANONICAL_02994d629b1a,TRAIN,TRAIN,CLUST_0.70_00005,EARLY
CANONICAL_029f93ae0497,TRAIN,TRAIN,CLUST_0.70_00005,LATE
CANONICAL_02a548f753e0,TRAIN,TRAIN,CLUST_0.70_00005,EARLY
CANONICAL_02a6ab906772,TRAIN,TRAIN,CLUST_0.70_00005,LATE
CANONICAL_02ac43745c02,TRAIN,TRAIN,CLUST_0.70_00005,LATE
CANONICAL_02aeb36a2778,TRAIN,TEST,CLUST_0.70_00015,LATE
CANONICAL_02b11fdc2c6e,TRAIN,VALIDATION,CLUST_0.70_00059,LATE
CANONICAL_02b1cbb94015,TRAIN,VALIDATION,CLUST_0.70_00031,LATE
CANONICAL_02b34f2d650a,TRAIN,TEST,CLUST_0.70_00004,IMMEDIATE_EARLY
CANONICAL_02ba78025449,TRAIN,VALIDATION,CLUST_0.70_00059,LATE
CANONICAL_02bd7d7b0b0d,TRAIN,TEST,CLUST_0.70_00052,LATE
CANONICAL_02bebf126edf,VALIDATION,TRAIN,CLUST_0.70_00056,LATE
CANONICAL_02c2d259faad,TRAIN,TRAIN,CLUST_0.70_00042,LATE
CANONICAL_02d20aafb30e,VALIDATION,VALIDATION,CLUST_0.70_00025,LATE
CANONICAL_02d4a63814b7,TEST,TEST,CLUST_0.70_00004,IMMEDIATE_EARLY
CANONICAL_02de533e910c,TRAIN,TEST,CLUST_0.70_00001,LATE
CANONICAL_02e02fc66488,VALIDATION,TEST,CLUST_0.70_00018,LATE
CANONICAL_02e1e69cc142,TRAIN,TRAIN,CLUST_0.70_00056,LATE
CANONICAL_02e809c6fb23,TRAIN,TRAIN,CLUST_0.70_00091,LATE
CANONICAL_02e90735827d,TEST,TRAIN,CLUST_0.70_00005,EARLY
CANONICAL_02e98d410b4a,TRAIN,TRAIN,CLUST_0.70_00213,LATE
CANONICAL_02ea982cf712,TEST,TRAIN,CLUST_0.70_00008,LATE
CANONICAL_02ea988bc94e,TRAIN,TRAIN,CLUST_0.70_00008,LATE
CANONICAL_02ece22b8729,VALIDATION,TRAIN,CLUST_0.70_00082,EARLY
CANONICAL_02ed471fe783,TRAIN,VALIDATION,CLUST_0.70_00064,LATE
CANONICAL_02ef70674165,TRAIN,TRAIN,CLUST_0.70_00005,EARLY
CANONICAL_02f6534d5c86,TEST,VALIDATION,CLUST_0.70_00058,LATE
CANONICAL_02f9e68717f9,TRAIN,TRAIN,CLUST_0.70_00005,LATE
CANONICAL_02fb520fc6e9,TRAIN,TRAIN,CLUST_0.70_00005,EARLY
CANONICAL_02fcfa6f4dbb,TRAIN,TRAIN,CLUST_0.70_00005,LATE
CANONICAL_02fd97589976,VALIDATION,TEST,CLUST_0.70_00071,LATE
CANONICAL_02fdc805494c,VALIDATION,TRAIN,CLUST_0.70_00005,LATE
CANONICAL_0300d133d86f,TRAIN,VALIDATION,CLUST_0.70_00127,LATE
CANONICAL_030300f2b53e,TRAIN,TEST,CLUST_0.70_00071,LATE
CANONICAL_030362e2e92b,TRAIN,TEST,CLUST_0.70_00052,LATE
CANONICAL_0309f5ca6e3f,TRAIN,TRAIN,CLUST_0.70_00005,LATE
CANONICAL_030ac1b3d070,TEST,TRAIN,CLUST_0.70_00008,LATE
CANONICAL_030b105c49f9,TEST,TEST,CLUST_0.70_00030,EARLY
CANONICAL_030ca578a3a6,TRAIN,TRAIN,CLUST_0.70_00005,EARLY
CANONICAL_0311ce4ca59b,TRAIN,TRAIN,CLUST_0.70_00075,LATE
CANONICAL_031238468b5c,TRAIN,TRAIN,CLUST_0.70_00008,LATE
CANONICAL_03188c5b4122,TRAIN,TRAIN,CLUST_0.70_00185,LATE
CANONICAL_0325ad0710de,VALIDATION,TRAIN,CLUST_0.70_00147,IMMEDIATE_EARLY
CANONICAL_0329b7ba4810,TRAIN,TRAIN,CLUST_0.70_00005,EARLY
CANONICAL_0336a5504d50,TEST,TRAIN,CLUST_0.70_00008,LATE
CANONICAL_033a312fbe1c,TRAIN,TRAIN,CLUST_0.70_00005,EARLY
CANONICAL_033b381f47f7,TEST,TRAIN,CLUST_0.70_00235,LATE
CANONICAL_033c81047949,TRAIN,VALIDATION,CLUST_0.70_00059,LATE
CANONICAL_033dc81572de,TRAIN,TEST,CLUST_0.70_00030,EARLY
CANONICAL_034afdb45f3c,VALIDATION,TEST,CLUST_0.70_00004,IMMEDIATE_EARLY
CANONICAL_0353cc4a5235,TEST,VALIDATION,CLUST_0.70_00055,LATE
CANONICAL_0357d5e70c9c,TRAIN,VALIDATION,CLUST_0.70_00079,LATE
CANONICAL_035dbd6ae757,VALIDATION,TRAIN,CLUST_0.70_00005,EARLY
CANONICAL_0361fc8d63c4,TRAIN,VALIDATION,CLUST_0.70_00025,LATE
CANONICAL_03665eec8fe6,VALIDATION,TEST,CLUST_0.70_00001,LATE
CANONICAL_036d20ef7314,TRAIN,TRAIN,CLUST_0.70_00008,LATE
CANONICAL_037275a2d483,TRAIN,TRAIN,CLUST_0.70_00008,LATE
CANONICAL_037582d5c5f8,TEST,TRAIN,CLUST_0.70_00164,LATE
CANONICAL_037825bf76e1,TRAIN,TEST,CLUST_0.70_00015,LATE
CANONICAL_0379986d4b88,TRAIN,TRAIN,CLUST_0.70_00005,EARLY
CANONICAL_037bd77fe69f,TEST,TRAIN,CLUST_0.70_00047,LATE
CANONICAL_037de4c9ff3c,TRAIN,VALIDATION,CLUST_0.70_00010,EARLY
CANONICAL_038873084b8e,TEST,TEST,CLUST_0.70_00080,LATE
CANONICAL_038ba8643e28,TRAIN,VALIDATION,CLUST_0.70_00059,LATE
CANONICAL_038da2459938,TEST,TRAIN,CLUST_0.70_00008,LATE
CANONICAL_038f471e32a5,VALIDATION,TEST,CLUST_0.70_00004,IMMEDIATE_EARLY
CANONICAL_0391989531a7,TRAIN,TEST,CLUST_0.70_00030,EARLY
CANONICAL_03928a34131a,TRAIN,TEST,CLUST_0.70_00001,LATE
CANONICAL_0394d0bb37d0,TRAIN,VALIDATION,CLUST_0.70_00041,EARLY
CANONICAL_0398ea8ce7d1,TRAIN,TRAIN,CLUST_0.70_00062,LATE
CANONICAL_03993a24cd41,VALIDATION,TEST,CLUST_0.70_00030,EARLY
CANONICAL_039c1e310fc9,TRAIN,TRAIN,CLUST_0.70_00005,LATE
CANONICAL_039f3813cff7,TRAIN,TRAIN,CLUST_0.70_00005,EARLY
CANONICAL_03a423117d86,TRAIN,TRAIN,CLUST_0.70_00007,LATE
CANONICAL_03a4682c4b89,VALIDATION,TEST,CLUST_0.70_00052,LATE
CANONICAL_03a8e215e706,VALIDATION,TEST,CLUST_0.70_00001,LATE
CANONICAL_03b091abbeef,TRAIN,TRAIN,CLUST_0.70_00005,LATE
CANONICAL_03ba58e52d3b,VALIDATION,TRAIN,CLUST_0.70_00005,EARLY
CANONICAL_03badcc56a5b,TRAIN,VALIDATION,CLUST_0.70_00006,IMMEDIATE_EARLY
CANONICAL_03bbda6fa07c,TEST,TRAIN,CLUST_0.70_00007,LATE
CANONICAL_03c0b62d108a,TRAIN,VALIDATION,CLUST_0.70_00055,LATE
CANONICAL_03c1f62eeefe,TRAIN,TRAIN,CLUST_0.70_00210,LATE
CANONICAL_03c277b30e56,TRAIN,TEST,CLUST_0.70_00018,LATE
CANONICAL_03cabdc85c4a,TRAIN,TEST,CLUST_0.70_00004,IMMEDIATE_EARLY
CANONICAL_03cc3d2c0f1d,TRAIN,TRAIN,CLUST_0.70_00008,LATE
CANONICAL_03ce26e07af5,VALIDATION,TEST,CLUST_0.70_00004,IMMEDIATE_EARLY
CANONICAL_03cf0c77a3db,TRAIN,TRAIN,CLUST_0.70_00005,EARLY
CANONICAL_03d5067862a0,TRAIN,TRAIN,CLUST_0.70_00241,LATE
CANONICAL_03d5cd100518,TRAIN,TRAIN,CLUST_0.70_00008,LATE
CANONICAL_03d6e341b946,TEST,TRAIN,CLUST_0.70_00005,EARLY
CANONICAL_03d9e45973c7,TEST,TRAIN,CLUST_0.70_00005,LATE
CANONICAL_03dd9702c05f,TRAIN,TRAIN,CLUST_0.70_00005,EARLY
CANONICAL_03e35d465c6c,VALIDATION,TRAIN,CLUST_0.70_00005,EARLY
CANONICAL_03ed04dc7594,VALIDATION,TRAIN,CLUST_0.70_00008,LATE
CANONICAL_03ed67c33f1b,TRAIN,TEST,CLUST_0.70_00001,LATE
CANONICAL_03eebd15ce67,TRAIN,VALIDATION,CLUST_0.70_00041,EARLY
CANONICAL_03f0a4330acd,TRAIN,TRAIN,CLUST_0.70_00005,LATE
CANONICAL_03f19364cc64,VALIDATION,TRAIN,CLUST_0.70_00005,LATE
CANONICAL_03f33238a02e,TRAIN,TRAIN,CLUST_0.70_00005,LATE
CANONICAL_03f68947eeea,VALIDATION,TRAIN,CLUST_0.70_00005,EARLY
CANONICAL_03f6f4e01315,TRAIN,VALIDATION,CLUST_0.70_00169,LATE
CANONICAL_03fae508e91c,TEST,TRAIN,CLUST_0.70_00062,LATE
CANONICAL_03fcdb25e7e2,TRAIN,TRAIN,CLUST_0.70_00005,LATE
CANONICAL_0400c4acbec3,TRAIN,TEST,CLUST_0.70_00004,IMMEDIATE_EARLY
CANONICAL_0401b4350cac,TRAIN,TEST,CLUST_0.70_00009,LATE
CANONICAL_0404eaa89d48,TRAIN,TRAIN,CLUST_0.70_00217,LATE
CANONICAL_04082fbe50f4,TRAIN,TRAIN,CLUST_0.70_00007,LATE
CANONICAL_040977ea854b,TRAIN,TRAIN,CLUST_0.70_00005,EARLY
CANONICAL_0409edc8f0f7,TRAIN,TRAIN,CLUST_0.70_00008,LATE
CANONICAL_0410d4b79712,TRAIN,TRAIN,CLUST_0.70_00007,LATE
CANONICAL_041303b515f2,TRAIN,TRAIN,CLUST_0.70_00062,LATE
CANONICAL_0416a094ab4a,TRAIN,TRAIN,CLUST_0.70_00008,LATE
CANONICAL_0420d445aa84,TRAIN,TEST,CLUST_0.70_00001,LATE
CANONICAL_042df26a04d0,TRAIN,VALIDATION,CLUST_0.70_00106,LATE
CANONICAL_042e0fe2297b,TRAIN,VALIDATION,CLUST_0.70_00065,LATE
CANONICAL_042f0e0c4386,TEST,TRAIN,CLUST_0.70_00007,LATE
CANONICAL_04308e44f0d5,VALIDATION,TRAIN,CLUST_0.70_00005,LATE
CANONICAL_04319bc775f6,TRAIN,VALIDATION,CLUST_0.70_00041,EARLY
CANONICAL_04358b59f404,TEST,VALIDATION,CLUST_0.70_00059,LATE
CANONICAL_043651dc5a15,TRAIN,TRAIN,CLUST_0.70_00005,EARLY
CANONICAL_043b677f14cc,TEST,TRAIN,CLUST_0.70_00008,LATE
CANONICAL_043ef0f8b301,TEST,TRAIN,CLUST_0.70_00224,LATE
CANONICAL_0440be2279c7,TRAIN,TRAIN,CLUST_0.70_00008,LATE
CANONICAL_0441c5ab4d0b,TRAIN,TEST,CLUST_0.70_00020,LATE
CANONICAL_044682db061a,TRAIN,VALIDATION,CLUST_0.70_00028,EARLY
CANONICAL_04498e822e8e,TRAIN,TRAIN,CLUST_0.70_00147,IMMEDIATE_EARLY
CANONICAL_044c53fbee01,TRAIN,TRAIN,CLUST_0.70_00007,LATE
CANONICAL_0452fae5ef04,TEST,TEST,CLUST_0.70_00001,LATE
CANONICAL_04544b161ca5,TRAIN,TRAIN,CLUST_0.70_00005,LATE
CANONICAL_046057603f03,TRAIN,TRAIN,CLUST_0.70_00185,LATE
CANONICAL_04643acce3bd,TRAIN,TRAIN,CLUST_0.70_00005,EARLY
CANONICAL_046480c78504,TRAIN,TEST,CLUST_0.70_00001,LATE
CANONICAL_046670657a98,TRAIN,TRAIN,CLUST_0.70_00330,LATE
CANONICAL_0469b8d44e17,VALIDATION,TRAIN,CLUST_0.70_00005,LATE
CANONICAL_046d2f816855,TRAIN,VALIDATION,CLUST_0.70_00058,LATE
CANONICAL_0476f1fba842,TRAIN,TRAIN,CLUST_0.70_00007,IMMEDIATE_EARLY
CANONICAL_047bbf023930,TRAIN,TRAIN,CLUST_0.70_00008,LATE
CANONICAL_047cde3bfd14,TRAIN,VALIDATION,CLUST_0.70_00055,LATE
CANONICAL_048180abdf51,TRAIN,TRAIN,CLUST_0.70_00007,LATE
CANONICAL_04925ce3a81c,TRAIN,TRAIN,CLUST_0.70_00007,LATE
CANONICAL_0492afa404f8,VALIDATION,TRAIN,CLUST_0.70_00005,EARLY
CANONICAL_049591c0c13a,VALIDATION,TRAIN,CLUST_0.70_00005,EARLY
CANONICAL_0497ce637cac,VALIDATION,VALIDATION,CLUST_0.70_00038,LATE
CANONICAL_04980d43505a,TRAIN,TRAIN,CLUST_0.70_00008,LATE
CANONICAL_0498e18b456f,TRAIN,TRAIN,CLUST_0.70_00005,EARLY
CANONICAL_049f1704dd35,VALIDATION,TRAIN,CLUST_0.70_00005,EARLY
CANONICAL_04a034300f23,TRAIN,TEST,CLUST_0.70_00004,IMMEDIATE_EARLY
CANONICAL_04a08a8bb031,VALIDATION,VALIDATION,CLUST_0.70_00017,LATE
CANONICAL_04a1687f8885,VALIDATION,TRAIN,CLUST_0.70_00213,LATE
CANONICAL_04a53213fda2,TRAIN,TRAIN,CLUST_0.70_00005,LATE
CANONICAL_04a9d60275ee,TRAIN,VALIDATION,CLUST_0.70_00010,EARLY
CANONICAL_04aa521ee0ed,TRAIN,VALIDATION,CLUST_0.70_00064,LATE
CANONICAL_04ab45f26118,TEST,TRAIN,CLUST_0.70_00008,LATE
CANONICAL_04bbb34c047c,TRAIN,VALIDATION,CLUST_0.70_00086,LATE
CANONICAL_04bd8822b24b,TRAIN,TEST,CLUST_0.70_00052,LATE
CANONICAL_04c5e7f529af,TRAIN,TRAIN,CLUST_0.70_00005,LATE
CANONICAL_04c64708181f,TRAIN,TRAIN,CLUST_0.70_00005,LATE
CANONICAL_04c713f3b0e0,TEST,TRAIN,CLUST_0.70_00005,LATE
CANONICAL_04d11c5d9c30,TRAIN,TRAIN,CLUST_0.70_00008,LATE
CANONICAL_04d54b8c875f,TRAIN,TRAIN,CLUST_0.70_00005,LATE
CANONICAL_04d9873f3c15,VALIDATION,VALIDATION,CLUST_0.70_00055,LATE
CANONICAL_04e2004ae5a2,VALIDATION,TRAIN,CLUST_0.70_00008,LATE
CANONICAL_04e36fa56afc,VALIDATION,TEST,CLUST_0.70_00015,LATE
CANONICAL_04e4ceaf1d63,VALIDATION,TRAIN,CLUST_0.70_00005,EARLY
CANONICAL_04e5a4d73f39,TRAIN,TRAIN,CLUST_0.70_00005,LATE
CANONICAL_04e7fbadf7b8,TRAIN,VALIDATION,CLUST_0.70_00006,IMMEDIATE_EARLY
CANONICAL_04eff6558087,VALIDATION,TRAIN,CLUST_0.70_00091,LATE
CANONICAL_04f024f518ab,TEST,TRAIN,CLUST_0.70_00005,LATE
CANONICAL_04f297c7d419,VALIDATION,TEST,CLUST_0.70_00018,LATE
CANONICAL_04f5a711a58b,TRAIN,VALIDATION,CLUST_0.70_00038,LATE
CANONICAL_04f5b232b174,TEST,TRAIN,CLUST_0.70_00008,LATE
CANONICAL_04faa889ba34,TRAIN,TEST,CLUST_0.70_00071,LATE
CANONICAL_04faf70fd340,TRAIN,TRAIN,CLUST_0.70_00005,EARLY
CANONICAL_04fcb6e9fa50,TRAIN,TEST,CLUST_0.70_00030,EARLY
CANONICAL_04ff4f3e2267,VALIDATION,VALIDATION,CLUST_0.70_00059,LATE
CANONICAL_050008d18625,VALIDATION,TRAIN,CLUST_0.70_00005,EARLY
CANONICAL_0506491ec8d4,TRAIN,TRAIN,CLUST_0.70_00047,LATE
CANONICAL_0508ea707a72,VALIDATION,TRAIN,CLUST_0.70_00008,LATE
CANONICAL_050954966190,TRAIN,TRAIN,CLUST_0.70_00062,LATE
CANONICAL_050c35d2ecd1,VALIDATION,TRAIN,CLUST_0.70_00102,LATE
CANONICAL_0513063d4cf2,TRAIN,TRAIN,CLUST_0.70_00005,LATE
CANONICAL_0518ab59583e,TRAIN,VALIDATION,CLUST_0.70_00006,IMMEDIATE_EARLY
CANONICAL_0518b92d22cf,TRAIN,TRAIN,CLUST_0.70_00005,LATE
CANONICAL_051c605ff709,TRAIN,TRAIN,CLUST_0.70_00005,EARLY
CANONICAL_0524773e8d2e,TRAIN,TRAIN,CLUST_0.70_00005,EARLY
CANONICAL_052bf1afafe3,TEST,VALIDATION,CLUST_0.70_00006,IMMEDIATE_EARLY
CANONICAL_05316a771ea4,TRAIN,TRAIN,CLUST_0.70_00005,EARLY
CANONICAL_0548a787d868,TEST,TRAIN,CLUST_0.70_00024,LATE
CANONICAL_054b87799a48,TRAIN,VALIDATION,CLUST_0.70_00029,LATE
CANONICAL_054cc0ced3ba,TRAIN,VALIDATION,CLUST_0.70_00006,IMMEDIATE_EARLY
CANONICAL_0551c60f93ed,TRAIN,TRAIN,CLUST_0.70_00005,EARLY
CANONICAL_05556624642c,TEST,TRAIN,CLUST_0.70_00008,LATE
CANONICAL_055afeea9639,TRAIN,TRAIN,CLUST_0.70_00005,LATE
CANONICAL_055e5722ae84,TEST,TRAIN,CLUST_0.70_00024,LATE
CANONICAL_055f6b13a7bb,TRAIN,TRAIN,CLUST_0.70_00005,EARLY
CANONICAL_0562d496b2fd,TRAIN,TRAIN,CLUST_0.70_00005,LATE
CANONICAL_0562ea53ec93,TEST,TRAIN,CLUST_0.70_00008,LATE
CANONICAL_0563b517340d,TRAIN,TRAIN,CLUST_0.70_00007,EARLY
CANONICAL_056456b8f37f,TRAIN,VALIDATION,CLUST_0.70_00086,LATE
CANONICAL_056581c9a796,TRAIN,TRAIN,CLUST_0.70_00008,LATE
CANONICAL_056b2d155b5c,VALIDATION,TRAIN,CLUST_0.70_00005,EARLY
CANONICAL_056c2b756952,TRAIN,TEST,CLUST_0.70_00001,LATE
CANONICAL_056cfaed78fb,TEST,TRAIN,CLUST_0.70_00008,LATE
CANONICAL_057cc7f0fe99,TRAIN,VALIDATION,CLUST_0.70_00025,LATE
CANONICAL_057fed0caf1e,VALIDATION,TEST,CLUST_0.70_00018,LATE
CANONICAL_0583cab3dcd0,VALIDATION,VALIDATION,CLUST_0.70_00038,LATE
CANONICAL_05866c8fed34,TRAIN,TRAIN,CLUST_0.70_00008,LATE
CANONICAL_058700a0501e,TRAIN,VALIDATION,CLUST_0.70_00064,LATE
CANONICAL_058a67070237,TRAIN,TEST,CLUST_0.70_00004,IMMEDIATE_EARLY
CANONICAL_058bd5fbec91,TRAIN,TRAIN,CLUST_0.70_00007,LATE
CANONICAL_058ee677e84b,TRAIN,TRAIN,CLUST_0.70_00422,LATE
CANONICAL_058f852b461e,TRAIN,TRAIN,CLUST_0.70_00391,LATE
CANONICAL_0594499a7f72,VALIDATION,TRAIN,CLUST_0.70_00007,EARLY
CANONICAL_05948c040339,TRAIN,TRAIN,CLUST_0.70_00090,LATE
CANONICAL_05962b3c33c5,TRAIN,TRAIN,CLUST_0.70_00002,LATE
CANONICAL_05968549bc39,TRAIN,VALIDATION,CLUST_0.70_00028,EARLY
CANONICAL_05a13842f4b1,VALIDATION,TRAIN,CLUST_0.70_00005,EARLY
CANONICAL_05a54bf5e404,TEST,VALIDATION,CLUST_0.70_00086,LATE
CANONICAL_05a6bcb6f637,TEST,VALIDATION,CLUST_0.70_00017,LATE
CANONICAL_05a70aae32b7,TRAIN,TRAIN,CLUST_0.70_00007,LATE
CANONICAL_05a841186f7d,TRAIN,TRAIN,CLUST_0.70_00008,LATE
CANONICAL_05abf87fc64a,TRAIN,TRAIN,CLUST_0.70_00047,LATE
CANONICAL_05add64b40a6,VALIDATION,VALIDATION,CLUST_0.70_00038,LATE
CANONICAL_05af28291cfd,TRAIN,TRAIN,CLUST_0.70_00056,LATE
CANONICAL_05b0ae36cbf7,TRAIN,TEST,CLUST_0.70_00015,LATE
CANONICAL_05b2247f26c4,TRAIN,TRAIN,CLUST_0.70_00005,EARLY
CANONICAL_05b2f3a19c57,TRAIN,TEST,CLUST_0.70_00001,LATE
CANONICAL_05b391c79409,VALIDATION,TEST,CLUST_0.70_00015,LATE
CANONICAL_05b89175fbcd,TEST,TEST,CLUST_0.70_00052,LATE
CANONICAL_05c917c20b34,TEST,TEST,CLUST_0.70_00037,LATE
CANONICAL_05cacc19399c,TRAIN,TRAIN,CLUST_0.70_00191,EARLY
CANONICAL_05da1f147a56,TRAIN,VALIDATION,CLUST_0.70_00127,LATE
CANONICAL_05decd1cc57e,TRAIN,TEST,CLUST_0.70_00071,LATE
CANONICAL_05e4fe0738ae,TRAIN,TRAIN,CLUST_0.70_00008,LATE
CANONICAL_05ea2151915f,TRAIN,TEST,CLUST_0.70_00018,LATE
CANONICAL_05ec0b22f164,TEST,TRAIN,CLUST_0.70_00008,LATE
CANONICAL_05f39cfb48eb,TRAIN,VALIDATION,CLUST_0.70_00055,LATE
CANONICAL_05f65a053b98,TEST,TRAIN,CLUST_0.70_00047,LATE
CANONICAL_05f924dbdc8a,TEST,TRAIN,CLUST_0.70_00005,EARLY
CANONICAL_05fce04120a6,TRAIN,TRAIN,CLUST_0.70_00008,LATE
CANONICAL_0600b0d03cd7,TRAIN,TRAIN,CLUST_0.70_00005,LATE
CANONICAL_06012c09d560,VALIDATION,TRAIN,CLUST_0.70_00008,LATE
CANONICAL_060b051e658a,TRAIN,TRAIN,CLUST_0.70_00005,EARLY
CANONICAL_0611a94ba703,TEST,TEST,CLUST_0.70_00001,LATE
CANONICAL_06167a9d8a83,TRAIN,VALIDATION,CLUST_0.70_00041,EARLY
CANONICAL_061823aca4ab,TEST,TRAIN,CLUST_0.70_00005,EARLY
CANONICAL_061d161b623b,TRAIN,TEST,CLUST_0.70_00018,LATE
CANONICAL_0622b6e1a921,TRAIN,TRAIN,CLUST_0.70_00005,LATE
CANONICAL_062a20de86f1,TRAIN,TEST,CLUST_0.70_00004,IMMEDIATE_EARLY
CANONICAL_062ccaee7325,TRAIN,TRAIN,CLUST_0.70_00005,LATE
CANONICAL_06399bbc7f1b,TEST,TRAIN,CLUST_0.70_00098,LATE
CANONICAL_06418c25cae4,TRAIN,TRAIN,CLUST_0.70_00005,LATE
CANONICAL_0645637b3b94,TRAIN,VALIDATION,CLUST_0.70_00016,EARLY
CANONICAL_06494f01f93f,TRAIN,TRAIN,CLUST_0.70_00005,LATE
CANONICAL_064bef5356ef,TRAIN,TEST,CLUST_0.70_00001,LATE
CANONICAL_064e300247b0,TRAIN,TRAIN,CLUST_0.70_00090,LATE
CANONICAL_064ec12e3292,TRAIN,TRAIN,CLUST_0.70_00007,EARLY
CANONICAL_06588c7376e1,VALIDATION,TRAIN,CLUST_0.70_00005,LATE
CANONICAL_065c9898acfa,TRAIN,TEST,CLUST_0.70_00020,LATE
CANONICAL_0661285e9315,TRAIN,TRAIN,CLUST_0.70_00005,EARLY
CANONICAL_0662a50216c3,TRAIN,TEST,CLUST_0.70_00030,EARLY
CANONICAL_066579bdb694,TEST,TRAIN,CLUST_0.70_00005,EARLY
CANONICAL_0666d812da13,TEST,TEST,CLUST_0.70_00001,LATE
CANONICAL_066bb12f5fd5,TRAIN,TRAIN,CLUST_0.70_00008,LATE
CANONICAL_066c75d6ffaf,TRAIN,TRAIN,CLUST_0.70_00047,LATE
CANONICAL_067d6701f005,TEST,TRAIN,CLUST_0.70_00091,LATE
CANONICAL_0680e4e41f86,TEST,VALIDATION,CLUST_0.70_00038,LATE
CANONICAL_0681c9ffb78b,TRAIN,TRAIN,CLUST_0.70_00113,EARLY
CANONICAL_0688eca40127,TRAIN,VALIDATION,CLUST_0.70_00006,IMMEDIATE_EARLY
CANONICAL_0689236b90d4,TRAIN,VALIDATION,CLUST_0.70_00029,LATE
CANONICAL_068e37b3d297,TEST,TRAIN,CLUST_0.70_00008,LATE
CANONICAL_068ed0a7e42d,VALIDATION,TRAIN,CLUST_0.70_00008,LATE
CANONICAL_069098e39815,TRAIN,TRAIN,CLUST_0.70_00005,EARLY
CANONICAL_0693d8b659ad,TRAIN,TRAIN,CLUST_0.70_00008,LATE
CANONICAL_06a4139b68a4,TRAIN,TRAIN,CLUST_0.70_00047,LATE
CANONICAL_06a568995ae8,TRAIN,TRAIN,CLUST_0.70_00005,LATE
CANONICAL_06b00dabc8b5,TRAIN,VALIDATION,CLUST_0.70_00006,IMMEDIATE_EARLY
CANONICAL_06b1bd06ace7,VALIDATION,TRAIN,CLUST_0.70_00005,EARLY
CANONICAL_06b418da7c83,TRAIN,TEST,CLUST_0.70_00030,EARLY
CANONICAL_06b8858a7a0e,TRAIN,TRAIN,CLUST_0.70_00236,IMMEDIATE_EARLY
CANONICAL_06b9f78ba43f,TEST,TRAIN,CLUST_0.70_00008,LATE
CANONICAL_06bf0e6cefc3,TRAIN,VALIDATION,CLUST_0.70_00064,LATE
CANONICAL_06bf80990f7e,VALIDATION,TEST,CLUST_0.70_00004,IMMEDIATE_EARLY
CANONICAL_06c12af73739,TRAIN,TRAIN,CLUST_0.70_00005,LATE
CANONICAL_06c26a7095bb,TEST,VALIDATION,CLUST_0.70_00031,LATE
CANONICAL_06cbb393fdb7,TRAIN,TEST,CLUST_0.70_00037,LATE
CANONICAL_06cc1f5542b3,TRAIN,TRAIN,CLUST_0.70_00008,LATE
CANONICAL_06ccd45d69dc,TEST,TEST,CLUST_0.70_00004,IMMEDIATE_EARLY
CANONICAL_06e357eac73a,TRAIN,TRAIN,CLUST_0.70_00007,LATE
CANONICAL_06e4e181a927,TRAIN,VALIDATION,CLUST_0.70_00026,IMMEDIATE_EARLY
CANONICAL_06e6f27e5ca8,VALIDATION,TRAIN,CLUST_0.70_00007,LATE
CANONICAL_06eca000fb91,TRAIN,VALIDATION,CLUST_0.70_00058,LATE
CANONICAL_06ecaf453109,TRAIN,TRAIN,CLUST_0.70_00008,IMMEDIATE_EARLY
CANONICAL_06ecea417101,VALIDATION,TRAIN,CLUST_0.70_00008,LATE
CANONICAL_06edb99aea07,TRAIN,VALIDATION,CLUST_0.70_00028,EARLY
CANONICAL_06f53c53020b,TRAIN,TRAIN,CLUST_0.70_00047,LATE
CANONICAL_06f7ad815fba,TRAIN,TRAIN,CLUST_0.70_00090,LATE
CANONICAL_06fb7490fd5d,TRAIN,TRAIN,CLUST_0.70_00005,EARLY
CANONICAL_06fcea85bf78,VALIDATION,VALIDATION,CLUST_0.70_00079,LATE
CANONICAL_06ff1d733df1,TRAIN,TRAIN,CLUST_0.70_00008,LATE
CANONICAL_07021310a396,TRAIN,TRAIN,CLUST_0.70_00008,LATE
CANONICAL_070919ccddbe,TEST,TEST,CLUST_0.70_00001,LATE
CANONICAL_070dd93a44b0,TRAIN,TRAIN,CLUST_0.70_00005,LATE
CANONICAL_071083c85ed9,TRAIN,TEST,CLUST_0.70_00001,LATE
CANONICAL_0710b7197970,VALIDATION,TRAIN,CLUST_0.70_00067,EARLY
CANONICAL_0712923dca23,TRAIN,TRAIN,CLUST_0.70_00005,EARLY
CANONICAL_071490a413fb,VALIDATION,TRAIN,CLUST_0.70_00191,EARLY
CANONICAL_07170af40b69,TRAIN,TEST,CLUST_0.70_00030,EARLY
CANONICAL_071971c97a65,TEST,VALIDATION,CLUST_0.70_00026,IMMEDIATE_EARLY
CANONICAL_071c18a2fe6f,VALIDATION,TRAIN,CLUST_0.70_00005,EARLY
CANONICAL_0721c986a3ee,TRAIN,VALIDATION,CLUST_0.70_00106,LATE
CANONICAL_0722aa7fbf3e,TRAIN,TRAIN,CLUST_0.70_00005,EARLY
CANONICAL_07258b0a73f3,VALIDATION,TRAIN,CLUST_0.70_00008,LATE
CANONICAL_073657e2124a,TEST,TRAIN,CLUST_0.70_00005,LATE
CANONICAL_073739303029,TRAIN,TRAIN,CLUST_0.70_00007,LATE
CANONICAL_074129335ae6,TRAIN,VALIDATION,CLUST_0.70_00059,LATE
CANONICAL_07433d2d0a03,VALIDATION,TEST,CLUST_0.70_00001,LATE
CANONICAL_07493e71e0a7,TRAIN,TRAIN,CLUST_0.70_00005,LATE
CANONICAL_074b87128d65,TEST,TRAIN,CLUST_0.70_00005,EARLY
CANONICAL_074cb463b4f4,VALIDATION,VALIDATION,CLUST_0.70_00028,EARLY
CANONICAL_07556c2b4000,TRAIN,VALIDATION,CLUST_0.70_00016,EARLY
CANONICAL_075a0cebe73b,TRAIN,TEST,CLUST_0.70_00004,IMMEDIATE_EARLY
CANONICAL_075bb30e906c,TRAIN,TRAIN,CLUST_0.70_00024,LATE
CANONICAL_075c0761b986,TEST,TRAIN,CLUST_0.70_00005,EARLY
CANONICAL_07630d848b24,TRAIN,TRAIN,CLUST_0.70_00033,IMMEDIATE_EARLY
CANONICAL_0764da7ae970,TRAIN,TEST,CLUST_0.70_00030,EARLY
CANONICAL_076a07b2cb4f,VALIDATION,TRAIN,CLUST_0.70_00008,LATE
CANONICAL_076cc19a6d0e,TRAIN,VALIDATION,CLUST_0.70_00169,LATE
CANONICAL_076ce5f363ce,TRAIN,VALIDATION,CLUST_0.70_00059,LATE
CANONICAL_0771879eb27f,TRAIN,TRAIN,CLUST_0.70_00005,LATE
CANONICAL_07723ef67522,TRAIN,TRAIN,CLUST_0.70_00005,EARLY
CANONICAL_0780e1a2ad8c,TRAIN,TRAIN,CLUST_0.70_00008,LATE
CANONICAL_07836acd0df4,TRAIN,TEST,CLUST_0.70_00020,LATE
CANONICAL_0785951943e1,TRAIN,TRAIN,CLUST_0.70_00007,LATE
CANONICAL_0786ced5d2d8,TRAIN,TRAIN,CLUST_0.70_00098,LATE
CANONICAL_07884f462a77,TRAIN,TEST,CLUST_0.70_00001,LATE
CANONICAL_078fb5e63b88,VALIDATION,VALIDATION,CLUST_0.70_00079,LATE
CANONICAL_0790075ca242,VALIDATION,TRAIN,CLUST_0.70_00008,IMMEDIATE_EARLY
CANONICAL_0790335ab26f,TRAIN,TRAIN,CLUST_0.70_00008,LATE
CANONICAL_079039772b40,TEST,TRAIN,CLUST_0.70_00005,EARLY
CANONICAL_079210581f05,TRAIN,TEST,CLUST_0.70_00015,LATE
CANONICAL_0792d7deb7ef,TRAIN,TEST,CLUST_0.70_00004,IMMEDIATE_EARLY
CANONICAL_0798ccd7a89b,TEST,TRAIN,CLUST_0.70_00090,LATE
CANONICAL_079a0236423b,TRAIN,TRAIN,CLUST_0.70_00383,LATE
CANONICAL_079d1dce38d3,TRAIN,TEST,CLUST_0.70_00001,LATE
CANONICAL_07a54da9abc2,TRAIN,VALIDATION,CLUST_0.70_00031,LATE
CANONICAL_07a74b8b965b,TRAIN,TRAIN,CLUST_0.70_00005,EARLY
CANONICAL_07a89fc1d274,TRAIN,TRAIN,CLUST_0.70_00005,EARLY
CANONICAL_07b06c3b2f9a,TRAIN,TRAIN,CLUST_0.70_00007,LATE
CANONICAL_07b2dd7220ca,TRAIN,TEST,CLUST_0.70_00071,LATE
CANONICAL_07b522ca9542,TRAIN,TRAIN,CLUST_0.70_00005,LATE
CANONICAL_07b9a2baf7bc,VALIDATION,TRAIN,CLUST_0.70_00002,LATE
CANONICAL_07baf94c09ea,TRAIN,VALIDATION,CLUST_0.70_00006,IMMEDIATE_EARLY
CANONICAL_07bf9e29aa2f,TRAIN,TRAIN,CLUST_0.70_00007,LATE
CANONICAL_07c4a713c757,TRAIN,VALIDATION,CLUST_0.70_00006,IMMEDIATE_EARLY
CANONICAL_07c9974d6a15,TRAIN,TRAIN,CLUST_0.70_00024,LATE
CANONICAL_07cb1502b0cf,TEST,VALIDATION,CLUST_0.70_00006,IMMEDIATE_EARLY
CANONICAL_07d1717d9319,TRAIN,VALIDATION,CLUST_0.70_00026,IMMEDIATE_EARLY
CANONICAL_07d7ef401134,VALIDATION,TRAIN,CLUST_0.70_00005,EARLY
CANONICAL_07df4b413ab3,TRAIN,VALIDATION,CLUST_0.70_00079,LATE
CANONICAL_07e1752d5fad,TRAIN,TEST,CLUST_0.70_00030,EARLY
CANONICAL_07e189090e89,VALIDATION,TRAIN,CLUST_0.70_00134,LATE
CANONICAL_07e3db0a0218,VALIDATION,TRAIN,CLUST_0.70_00008,LATE
CANONICAL_07e4bd2b3d61,TEST,VALIDATION,CLUST_0.70_00010,EARLY
CANONICAL_07e6c7e5a8fc,TRAIN,VALIDATION,CLUST_0.70_00010,EARLY
CANONICAL_07eabfab889b,VALIDATION,VALIDATION,CLUST_0.70_00059,LATE
CANONICAL_07fa42a72e93,VALIDATION,TRAIN,CLUST_0.70_00007,IMMEDIATE_EARLY
CANONICAL_07fd53274528,TRAIN,TEST,CLUST_0.70_00004,IMMEDIATE_EARLY
CANONICAL_08041960a31b,TRAIN,TRAIN,CLUST_0.70_00005,LATE
CANONICAL_08065ebcd4d9,VALIDATION,TRAIN,CLUST_0.70_00008,IMMEDIATE_EARLY
CANONICAL_080dea2325ab,VALIDATION,TRAIN,CLUST_0.70_00138,LATE
CANONICAL_081152e63370,TRAIN,TRAIN,CLUST_0.70_00005,LATE
CANONICAL_081309c62d5a,TRAIN,TRAIN,CLUST_0.70_00134,LATE
CANONICAL_081a7fbbc622,TRAIN,VALIDATION,CLUST_0.70_00059,LATE
CANONICAL_08266592a899,TRAIN,TRAIN,CLUST_0.70_00005,EARLY
CANONICAL_082e4858fe00,TRAIN,TRAIN,CLUST_0.70_00096,LATE
CANONICAL_0837ec03cdd2,TEST,TEST,CLUST_0.70_00015,LATE
CANONICAL_083f2d6d1ada,TEST,VALIDATION,CLUST_0.70_00016,EARLY
CANONICAL_0844901742f9,TEST,TRAIN,CLUST_0.70_00005,LATE
CANONICAL_0844ebc7aae0,VALIDATION,VALIDATION,CLUST_0.70_00040,EARLY
CANONICAL_084898e4bc49,TRAIN,TRAIN,CLUST_0.70_00008,LATE
CANONICAL_084a11d7020c,TRAIN,VALIDATION,CLUST_0.70_00041,EARLY
CANONICAL_084b3169def6,VALIDATION,TRAIN,CLUST_0.70_00005,EARLY
CANONICAL_084fc7aff8c4,TRAIN,TRAIN,CLUST_0.70_00005,EARLY
CANONICAL_0851989f23db,TRAIN,TRAIN,CLUST_0.70_00007,EARLY
CANONICAL_0851d1bdc514,TRAIN,TRAIN,CLUST_0.70_00005,EARLY
CANONICAL_0852990f405f,TRAIN,VALIDATION,CLUST_0.70_00006,IMMEDIATE_EARLY
CANONICAL_0852b188ae36,VALIDATION,TRAIN,CLUST_0.70_00005,EARLY
CANONICAL_085427b5133a,TRAIN,VALIDATION,CLUST_0.70_00086,LATE
CANONICAL_085a5228c791,TRAIN,TRAIN,CLUST_0.70_00008,LATE
CANONICAL_085cc44a5a36,VALIDATION,TRAIN,CLUST_0.70_00005,EARLY
CANONICAL_085cedf85ebf,VALIDATION,TRAIN,CLUST_0.70_00008,LATE
CANONICAL_08613c26e368,TRAIN,VALIDATION,CLUST_0.70_00058,LATE
CANONICAL_0862aeaa7fab,TRAIN,VALIDATION,CLUST_0.70_00065,LATE
CANONICAL_0865fe18431c,TEST,TRAIN,CLUST_0.70_00008,LATE
CANONICAL_086b31bac3dc,TRAIN,TEST,CLUST_0.70_00030,EARLY
CANONICAL_086ed6bc84ec,TRAIN,TRAIN,CLUST_0.70_00109,LATE
CANONICAL_086f3edf1209,TRAIN,TEST,CLUST_0.70_00001,LATE
CANONICAL_087104b67a80,TRAIN,VALIDATION,CLUST_0.70_00017,LATE
CANONICAL_0874d28d93e7,TEST,TRAIN,CLUST_0.70_00007,LATE
CANONICAL_087a1ad68194,TRAIN,TRAIN,CLUST_0.70_00005,LATE
CANONICAL_087ddbe1e819,TRAIN,TRAIN,CLUST_0.70_00005,LATE
CANONICAL_0880e14e916b,TEST,TEST,CLUST_0.70_00001,LATE
CANONICAL_0881d8c63d9c,TRAIN,TRAIN,CLUST_0.70_00008,LATE
CANONICAL_0882acd79980,TRAIN,VALIDATION,CLUST_0.70_00055,LATE
CANONICAL_0884fe0f2208,TRAIN,TRAIN,CLUST_0.70_00008,LATE
CANONICAL_088ce711abcc,TEST,TEST,CLUST_0.70_00052,LATE
CANONICAL_08a9fb13dc9f,TRAIN,TRAIN,CLUST_0.70_00047,LATE
CANONICAL_08b6e3d26fee,TRAIN,TEST,CLUST_0.70_00004,IMMEDIATE_EARLY
CANONICAL_08bafbdfd124,TRAIN,TEST,CLUST_0.70_00052,LATE
CANONICAL_08c04e9df8b1,TRAIN,VALIDATION,CLUST_0.70_00006,IMMEDIATE_EARLY
CANONICAL_08c461917049,TRAIN,TEST,CLUST_0.70_00018,LATE
CANONICAL_08c6550fa8cc,VALIDATION,TEST,CLUST_0.70_00052,LATE
CANONICAL_08c8275964a6,TRAIN,VALIDATION,CLUST_0.70_00086,LATE
CANONICAL_08ca21730bf3,TRAIN,TRAIN,CLUST_0.70_00005,EARLY
CANONICAL_08cc0973a0ac,TRAIN,TEST,CLUST_0.70_00018,LATE
CANONICAL_08cf0375daec,TRAIN,TRAIN,CLUST_0.70_00008,LATE
CANONICAL_08d22cc7dd31,TEST,VALIDATION,CLUST_0.70_00106,LATE
CANONICAL_08d2855b0d21,TRAIN,VALIDATION,CLUST_0.70_00006,IMMEDIATE_EARLY
CANONICAL_08d3edfdb3cd,VALIDATION,TRAIN,CLUST_0.70_00005,LATE
CANONICAL_08d567e8a5fd,VALIDATION,TRAIN,CLUST_0.70_00008,LATE
CANONICAL_08d91df59b9d,VALIDATION,VALIDATION,CLUST_0.70_00058,LATE
CANONICAL_08e0c75724d5,TRAIN,TRAIN,CLUST_0.70_00007,EARLY
CANONICAL_08e34fd829df,TRAIN,TRAIN,CLUST_0.70_00008,LATE
CANONICAL_08e4ea3cfbcd,VALIDATION,TRAIN,CLUST_0.70_00005,LATE
CANONICAL_08e91836d451,TRAIN,TRAIN,CLUST_0.70_00008,LATE
CANONICAL_08ea4394f84e,TEST,TEST,CLUST_0.70_00071,LATE
CANONICAL_08ee0a1a55cd,TRAIN,TRAIN,CLUST_0.70_00005,EARLY
CANONICAL_08ef5b83d806,TRAIN,TEST,CLUST_0.70_00004,IMMEDIATE_EARLY
CANONICAL_08f017afea92,TRAIN,TRAIN,CLUST_0.70_00005,LATE
CANONICAL_08f504234ab6,TRAIN,TRAIN,CLUST_0.70_00005,LATE
CANONICAL_090434181fd2,VALIDATION,TRAIN,CLUST_0.70_00005,LATE
CANONICAL_090476704568,VALIDATION,TRAIN,CLUST_0.70_00005,EARLY
CANONICAL_090566b4ac07,VALIDATION,TRAIN,CLUST_0.70_00008,LATE
CANONICAL_090ab5ec6915,TEST,TRAIN,CLUST_0.70_00091,LATE
CANONICAL_090e0c29a146,TRAIN,TRAIN,CLUST_0.70_00005,EARLY
CANONICAL_090ea8cae3f8,TRAIN,VALIDATION,CLUST_0.70_00028,EARLY
CANONICAL_09231517fcaa,VALIDATION,VALIDATION,CLUST_0.70_00059,LATE
CANONICAL_0928e27066c1,TEST,TRAIN,CLUST_0.70_00005,EARLY
CANONICAL_092901a9dd05,TRAIN,VALIDATION,CLUST_0.70_00036,EARLY
CANONICAL_092937afc2d0,TEST,VALIDATION,CLUST_0.70_00038,LATE
CANONICAL_09295fcfa23d,TRAIN,TEST,CLUST_0.70_00071,LATE
CANONICAL_092a02b78cf1,TRAIN,TRAIN,CLUST_0.70_00008,IMMEDIATE_EARLY
CANONICAL_0943499fd954,TRAIN,TRAIN,CLUST_0.70_00005,EARLY
CANONICAL_0953cf81477a,TRAIN,TRAIN,CLUST_0.70_00007,LATE
CANONICAL_09564b0468fd,TRAIN,VALIDATION,CLUST_0.70_00010,EARLY
CANONICAL_0956e7d9fcb1,TRAIN,TRAIN,CLUST_0.70_00024,LATE
CANONICAL_095d09d3769a,TRAIN,TRAIN,CLUST_0.70_00005,EARLY
CANONICAL_095ed3bb0534,TRAIN,TRAIN,CLUST_0.70_00005,EARLY
CANONICAL_0968f91171e3,TRAIN,TRAIN,CLUST_0.70_00005,EARLY
CANONICAL_096abfbb3b1f,TRAIN,VALIDATION,CLUST_0.70_00038,LATE
CANONICAL_097e043ef0d5,TRAIN,VALIDATION,CLUST_0.70_00029,LATE
CANONICAL_097f64674c8b,VALIDATION,VALIDATION,CLUST_0.70_00006,IMMEDIATE_EARLY
CANONICAL_09851c6719fe,TRAIN,VALIDATION,CLUST_0.70_00025,LATE
CANONICAL_098723591c7a,TEST,TRAIN,CLUST_0.70_00005,EARLY
CANONICAL_098764c0a5b9,TRAIN,TEST,CLUST_0.70_00020,LATE
CANONICAL_0989321155d6,TRAIN,TRAIN,CLUST_0.70_00008,LATE
CANONICAL_098cd38b8d33,TRAIN,TRAIN,CLUST_0.70_00008,LATE
CANONICAL_098e3fba5b9b,TRAIN,TRAIN,CLUST_0.70_00005,LATE
CANONICAL_09925f639903,TRAIN,TRAIN,CLUST_0.70_00033,IMMEDIATE_EARLY
CANONICAL_0997032d9b26,TEST,VALIDATION,CLUST_0.70_00010,EARLY
CANONICAL_09977fc9ea27,TRAIN,TRAIN,CLUST_0.70_00005,EARLY
CANONICAL_099b18d7dd71,TRAIN,TEST,CLUST_0.70_00015,LATE
CANONICAL_099d6ba7d0e0,TRAIN,TRAIN,CLUST_0.70_00005,EARLY
CANONICAL_09a3c66d20f9,TRAIN,TRAIN,CLUST_0.70_00005,LATE
CANONICAL_09a812c026eb,VALIDATION,TEST,CLUST_0.70_00004,IMMEDIATE_EARLY
CANONICAL_09ab67b2706a,TRAIN,TEST,CLUST_0.70_00004,IMMEDIATE_EARLY
CANONICAL_09acdc219634,TRAIN,VALIDATION,CLUST_0.70_00058,LATE
CANONICAL_09ae89323869,VALIDATION,TRAIN,CLUST_0.70_00007,LATE
CANONICAL_09afe4e36417,TRAIN,TRAIN,CLUST_0.70_00005,LATE
CANONICAL_09b5aff4b5b0,TRAIN,TRAIN,CLUST_0.70_00005,LATE
CANONICAL_09b98137b629,TEST,TRAIN,CLUST_0.70_00008,LATE
CANONICAL_09b9c6a47ded,TRAIN,TRAIN,CLUST_0.70_00005,EARLY
CANONICAL_09ba11f671b7,TRAIN,TEST,CLUST_0.70_00015,LATE
CANONICAL_09bddf05ae27,TRAIN,VALIDATION,CLUST_0.70_00028,EARLY
CANONICAL_09bf992fba7d,TRAIN,TRAIN,CLUST_0.70_00008,LATE
CANONICAL_09c000aed87b,TRAIN,TRAIN,CLUST_0.70_00005,LATE
CANONICAL_09c49a4a7347,TRAIN,TRAIN,CLUST_0.70_00008,LATE
CANONICAL_09d54828bf60,TRAIN,TEST,CLUST_0.70_00037,LATE
CANONICAL_09d96db98800,TRAIN,TRAIN,CLUST_0.70_00008,LATE
CANONICAL_09da2086e4e9,TRAIN,TEST,CLUST_0.70_00030,EARLY
CANONICAL_09dbf9e00f64,TRAIN,TRAIN,CLUST_0.70_00007,LATE
CANONICAL_09dd00f58370,TRAIN,VALIDATION,CLUST_0.70_00079,LATE
CANONICAL_09e2cda9def2,TEST,TEST,CLUST_0.70_00030,EARLY
CANONICAL_09e3e4f3a89c,TEST,TRAIN,CLUST_0.70_00248,IMMEDIATE_EARLY
CANONICAL_09e7a343b65d,TRAIN,VALIDATION,CLUST_0.70_00006,IMMEDIATE_EARLY
CANONICAL_09f9253da9d9,TRAIN,TRAIN,CLUST_0.70_00005,LATE
CANONICAL_09fe448d5cb9,TEST,TEST,CLUST_0.70_00030,EARLY
CANONICAL_09fe4cc198ee,TRAIN,TRAIN,CLUST_0.70_00056,LATE
CANONICAL_0a06ae65c531,TRAIN,TRAIN,CLUST_0.70_00005,EARLY
CANONICAL_0a0905f7b565,TRAIN,TRAIN,CLUST_0.70_00005,EARLY
CANONICAL_0a0af09961e2,TRAIN,TRAIN,CLUST_0.70_00008,LATE
CANONICAL_0a0c13cffdcf,VALIDATION,TEST,CLUST_0.70_00037,LATE
CANONICAL_0a1174f12346,TRAIN,VALIDATION,CLUST_0.70_00055,LATE
CANONICAL_0a1d48b58579,TRAIN,TRAIN,CLUST_0.70_00007,LATE
CANONICAL_0a1d5faf2089,TRAIN,VALIDATION,CLUST_0.70_00086,LATE
CANONICAL_0a1d8412d9f3,TRAIN,TRAIN,CLUST_0.70_00007,EARLY
CANONICAL_0a20695aaffd,TEST,VALIDATION,CLUST_0.70_00064,LATE
CANONICAL_0a25be779829,TRAIN,TRAIN,CLUST_0.70_00014,IMMEDIATE_EARLY
CANONICAL_0a261e24fb0e,TRAIN,TEST,CLUST_0.70_00001,LATE
CANONICAL_0a30b66a69e3,TRAIN,VALIDATION,CLUST_0.70_00038,LATE
CANONICAL_0a33cc827594,TRAIN,TEST,CLUST_0.70_00037,LATE
CANONICAL_0a36c2547156,TEST,TRAIN,CLUST_0.70_00008,LATE
CANONICAL_0a382dec26a7,TRAIN,TRAIN,CLUST_0.70_00047,LATE
CANONICAL_0a3d5e49bce5,TRAIN,TRAIN,CLUST_0.70_00008,LATE
CANONICAL_0a436dd3056b,VALIDATION,TRAIN,CLUST_0.70_00005,EARLY
CANONICAL_0a439acffe9b,TRAIN,TEST,CLUST_0.70_00001,LATE
CANONICAL_0a45111ab1ed,TEST,TEST,CLUST_0.70_00052,LATE
CANONICAL_0a485b326eac,TEST,TRAIN,CLUST_0.70_00008,LATE
CANONICAL_0a4fa9cb10a5,TRAIN,TEST,CLUST_0.70_00018,LATE
CANONICAL_0a4fb3bcd829,TRAIN,TEST,CLUST_0.70_00037,LATE
CANONICAL_0a50db84f9d3,TRAIN,VALIDATION,CLUST_0.70_00064,LATE
CANONICAL_0a5843ea535f,TRAIN,TRAIN,CLUST_0.70_00007,EARLY
CANONICAL_0a5e171bb42b,TRAIN,TRAIN,CLUST_0.70_00102,LATE
CANONICAL_0a6221d1a08c,TRAIN,VALIDATION,CLUST_0.70_00106,LATE
CANONICAL_0a6619683f26,TEST,VALIDATION,CLUST_0.70_00059,LATE
CANONICAL_0a670a78ff83,VALIDATION,TRAIN,CLUST_0.70_00090,LATE
CANONICAL_0a6940e65835,TRAIN,TRAIN,CLUST_0.70_00008,LATE
CANONICAL_0a72d04b940b,TRAIN,TRAIN,CLUST_0.70_00005,LATE
CANONICAL_0a74c8b01d25,TRAIN,TRAIN,CLUST_0.70_00164,LATE
CANONICAL_0a7536af9b42,TRAIN,TEST,CLUST_0.70_00001,LATE
CANONICAL_0a761cbb6852,TRAIN,VALIDATION,CLUST_0.70_00058,LATE
CANONICAL_0a7874cb4439,TRAIN,TRAIN,CLUST_0.70_00008,LATE
CANONICAL_0a8668000da8,TRAIN,TRAIN,CLUST_0.70_00008,LATE
CANONICAL_0a8a7aeb5004,TRAIN,TRAIN,CLUST_0.70_00008,LATE
CANONICAL_0a8ae6da2c02,TRAIN,TRAIN,CLUST_0.70_00007,EARLY
CANONICAL_0a9597647e62,VALIDATION,TRAIN,CLUST_0.70_00005,LATE
CANONICAL_0a9698a6e1a3,TRAIN,TRAIN,CLUST_0.70_00005,EARLY
CANONICAL_0a9a33c5b424,TEST,TRAIN,CLUST_0.70_00062,LATE
CANONICAL_0aa333ac78b9,TRAIN,VALIDATION,CLUST_0.70_00006,IMMEDIATE_EARLY
CANONICAL_0aa453acc2f0,TRAIN,TRAIN,CLUST_0.70_00008,LATE
CANONICAL_0aa46b32d045,TRAIN,TRAIN,CLUST_0.70_00024,LATE
CANONICAL_0aa52bf43bcd,TRAIN,TEST,CLUST_0.70_00015,LATE
CANONICAL_0aa7a5498c85,VALIDATION,TRAIN,CLUST_0.70_00008,IMMEDIATE_EARLY
CANONICAL_0ab031749734,TRAIN,TRAIN,CLUST_0.70_00005,EARLY
CANONICAL_0ab0a3b11abc,TRAIN,TRAIN,CLUST_0.70_00109,LATE
CANONICAL_0aba420ab5ab,TRAIN,VALIDATION,CLUST_0.70_00026,IMMEDIATE_EARLY
CANONICAL_0ac45844a32b,TRAIN,TEST,CLUST_0.70_00052,LATE
CANONICAL_0ac62354d59b,TRAIN,TRAIN,CLUST_0.70_00005,EARLY
CANONICAL_0ac65e592ed2,TRAIN,TRAIN,CLUST_0.70_00056,LATE
CANONICAL_0ac6a55631c6,VALIDATION,TRAIN,CLUST_0.70_00005,LATE
CANONICAL_0acb74eda2b7,TRAIN,TEST,CLUST_0.70_00004,IMMEDIATE_EARLY
CANONICAL_0ad1a37dfb92,TEST,TRAIN,CLUST_0.70_00047,LATE
CANONICAL_0ad685562c6a,TRAIN,VALIDATION,CLUST_0.70_00065,LATE
CANONICAL_0ad7989dc954,TRAIN,VALIDATION,CLUST_0.70_00127,LATE
CANONICAL_0adbc1f71c4c,TRAIN,VALIDATION,CLUST_0.70_00086,LATE
CANONICAL_0addfb8b123f,TRAIN,VALIDATION,CLUST_0.70_00010,EARLY
CANONICAL_0ae1c66dc66d,TRAIN,VALIDATION,CLUST_0.70_00026,IMMEDIATE_EARLY
CANONICAL_0ae250cf029f,VALIDATION,TRAIN,CLUST_0.70_00005,EARLY
CANONICAL_0ae6e94d0523,TRAIN,VALIDATION,CLUST_0.70_00086,LATE
CANONICAL_0aea4f8ef525,TRAIN,TRAIN,CLUST_0.70_00007,LATE
CANONICAL_0aec20dcc937,TRAIN,TRAIN,CLUST_0.70_00227,LATE
CANONICAL_0af0b1a351d5,TEST,TRAIN,CLUST_0.70_00008,LATE
CANONICAL_0af1fdbd92ce,TRAIN,TEST,CLUST_0.70_00030,EARLY
CANONICAL_0afa36a7b24a,TRAIN,TRAIN,CLUST_0.70_00005,EARLY
CANONICAL_0afd63454358,TRAIN,VALIDATION,CLUST_0.70_00065,LATE
CANONICAL_0b04d9c23efd,VALIDATION,TEST,CLUST_0.70_00001,LATE
CANONICAL_0b0a4b64116d,TRAIN,TRAIN,CLUST_0.70_00247,EARLY
CANONICAL_0b0b9dcb1dea,TRAIN,TRAIN,CLUST_0.70_00008,LATE
CANONICAL_0b0bb0b3f6f2,TRAIN,TEST,CLUST_0.70_00001,LATE
CANONICAL_0b106f91355c,TRAIN,TRAIN,CLUST_0.70_00007,LATE
CANONICAL_0b13bb4032cb,TRAIN,VALIDATION,CLUST_0.70_00079,LATE
CANONICAL_0b1c7312b534,TRAIN,TRAIN,CLUST_0.70_00005,EARLY
CANONICAL_0b233809ba6d,TRAIN,TRAIN,CLUST_0.70_00007,EARLY
CANONICAL_0b251f003ff4,TRAIN,VALIDATION,CLUST_0.70_00169,LATE
CANONICAL_0b25a2d091ac,TRAIN,TRAIN,CLUST_0.70_00008,LATE
CANONICAL_0b29fd0eedf8,TRAIN,TRAIN,CLUST_0.70_00007,LATE
CANONICAL_0b2eb8992a86,TRAIN,TEST,CLUST_0.70_00001,LATE
CANONICAL_0b30af055a5e,TRAIN,TRAIN,CLUST_0.70_00005,EARLY
CANONICAL_0b3395f90fbf,TRAIN,TRAIN,CLUST_0.70_00005,LATE
CANONICAL_0b3586597760,TEST,TRAIN,CLUST_0.70_00008,LATE
CANONICAL_0b40e34ddc90,TRAIN,TRAIN,CLUST_0.70_00164,LATE
CANONICAL_0b42e1e646ef,TRAIN,VALIDATION,CLUST_0.70_00041,EARLY
CANONICAL_0b435d222c7a,TRAIN,TRAIN,CLUST_0.70_00005,LATE
CANONICAL_0b499093578f,TRAIN,TRAIN,CLUST_0.70_00062,LATE
CANONICAL_0b4c3003f2c2,TEST,TRAIN,CLUST_0.70_00005,LATE
CANONICAL_0b4c91004db7,TEST,TRAIN,CLUST_0.70_00008,IMMEDIATE_EARLY
CANONICAL_0b51b8df84b4,TEST,VALIDATION,CLUST_0.70_00079,LATE
CANONICAL_0b5a3a8dd4ba,TRAIN,VALIDATION,CLUST_0.70_00017,LATE
CANONICAL_0b5e5814404d,TRAIN,TRAIN,CLUST_0.70_00091,LATE
CANONICAL_0b6076743a53,TEST,VALIDATION,CLUST_0.70_00025,LATE
CANONICAL_0b61d10a1255,TRAIN,VALIDATION,CLUST_0.70_00025,LATE
CANONICAL_0b62e60122fb,TEST,TEST,CLUST_0.70_00030,EARLY
CANONICAL_0b63595be97d,TRAIN,TEST,CLUST_0.70_00030,EARLY
CANONICAL_0b65ef017294,TRAIN,TRAIN,CLUST_0.70_00005,EARLY
CANONICAL_0b671bf16d9f,TRAIN,TRAIN,CLUST_0.70_00008,LATE
CANONICAL_0b6b266ac21e,VALIDATION,VALIDATION,CLUST_0.70_00058,LATE
CANONICAL_0b72963a2e2d,TRAIN,TRAIN,CLUST_0.70_00191,EARLY
CANONICAL_0b75fff206f0,TRAIN,TRAIN,CLUST_0.70_00008,LATE
CANONICAL_0b7d50ff93ab,TRAIN,TRAIN,CLUST_0.70_00005,LATE
CANONICAL_0b8589dda8c6,TRAIN,TEST,CLUST_0.70_00052,LATE
CANONICAL_0b8ed7e4c776,TRAIN,TRAIN,CLUST_0.70_00047,LATE
CANONICAL_0b96724ab50b,TRAIN,TRAIN,CLUST_0.70_00007,EARLY
CANONICAL_0ba1e8680de9,TEST,TRAIN,CLUST_0.70_00008,LATE
CANONICAL_0ba2b58d54a5,TEST,TRAIN,CLUST_0.70_00116,LATE
CANONICAL_0ba85b60b941,VALIDATION,TRAIN,CLUST_0.70_00008,LATE
CANONICAL_0badc9654a17,TRAIN,TEST,CLUST_0.70_00051,LATE
CANONICAL_0bae12a697ec,TRAIN,TRAIN,CLUST_0.70_00005,EARLY
CANONICAL_0bae8f160462,TRAIN,TEST,CLUST_0.70_00015,LATE
CANONICAL_0baff630d8f8,TRAIN,TEST,CLUST_0.70_00015,LATE
CANONICAL_0bb0a5a751e5,TEST,TRAIN,CLUST_0.70_00012,LATE
CANONICAL_0bb9a77787b1,TEST,TRAIN,CLUST_0.70_00362,EARLY
CANONICAL_0bbc8d7c4037,VALIDATION,TEST,CLUST_0.70_00052,LATE
CANONICAL_0bbcb3d72713,TRAIN,TRAIN,CLUST_0.70_00005,EARLY
CANONICAL_0bbd3107b476,TRAIN,TEST,CLUST_0.70_00018,LATE
CANONICAL_0bbe896a4d16,TEST,TRAIN,CLUST_0.70_00083,LATE
CANONICAL_0bc76be1cceb,TRAIN,TEST,CLUST_0.70_00015,LATE
CANONICAL_0bc92a7445ae,TRAIN,VALIDATION,CLUST_0.70_00025,LATE
CANONICAL_0bcf8af9b5fe,TRAIN,TRAIN,CLUST_0.70_00098,LATE
CANONICAL_0bd1d5720aa5,VALIDATION,TEST,CLUST_0.70_00018,LATE
CANONICAL_0bd887510516,TRAIN,TRAIN,CLUST_0.70_00005,LATE
CANONICAL_0bd97d9e93ae,TRAIN,TRAIN,CLUST_0.70_00005,EARLY
CANONICAL_0bdd98785504,TRAIN,TRAIN,CLUST_0.70_00008,LATE
CANONICAL_0be683514e9c,TRAIN,TRAIN,CLUST_0.70_00008,LATE
CANONICAL_0bed3f6a4b7f,TEST,TRAIN,CLUST_0.70_00008,LATE
CANONICAL_0bf03b864588,VALIDATION,VALIDATION,CLUST_0.70_00058,LATE
CANONICAL_0bf2fd03dd6e,TRAIN,TRAIN,CLUST_0.70_00005,LATE
CANONICAL_0bf5e28af00e,TRAIN,VALIDATION,CLUST_0.70_00025,LATE
CANONICAL_0bfa01135486,TRAIN,TEST,CLUST_0.70_00001,LATE
CANONICAL_0bfe9816d27b,TRAIN,VALIDATION,CLUST_0.70_00026,IMMEDIATE_EARLY
CANONICAL_0c01310cec12,TEST,TRAIN,CLUST_0.70_00021,EARLY
CANONICAL_0c03a66dc09c,TRAIN,VALIDATION,CLUST_0.70_00026,IMMEDIATE_EARLY
CANONICAL_0c126d57d09c,TRAIN,TRAIN,CLUST_0.70_00098,LATE
CANONICAL_0c1a0c1dc8a6,TEST,TRAIN,CLUST_0.70_00312,EARLY
CANONICAL_0c22fa917124,TRAIN,TEST,CLUST_0.70_00009,LATE
CANONICAL_0c2448654110,TRAIN,TEST,CLUST_0.70_00001,LATE
CANONICAL_0c28870d93b0,TRAIN,VALIDATION,CLUST_0.70_00038,LATE
CANONICAL_0c2ce50037a1,TRAIN,VALIDATION,CLUST_0.70_00064,LATE
CANONICAL_0c2d703c8389,TRAIN,TEST,CLUST_0.70_00037,LATE
CANONICAL_0c348f82b1ab,TEST,TRAIN,CLUST_0.70_00005,LATE
CANONICAL_0c370c2ffe2b,TRAIN,TRAIN,CLUST_0.70_00008,LATE
CANONICAL_0c38b8f39a5d,VALIDATION,TRAIN,CLUST_0.70_00005,LATE
CANONICAL_0c3a719455cd,TRAIN,TRAIN,CLUST_0.70_00005,EARLY
CANONICAL_0c407de8d19f,TRAIN,TRAIN,CLUST_0.70_00008,LATE
CANONICAL_0c43a513aa73,TRAIN,TRAIN,CLUST_0.70_00005,EARLY
CANONICAL_0c44b75cf6ec,VALIDATION,TRAIN,CLUST_0.70_00349,EARLY
CANONICAL_0c44cca3c818,TRAIN,TRAIN,CLUST_0.70_00056,LATE
CANONICAL_0c52e07ef8da,TRAIN,TRAIN,CLUST_0.70_00222,LATE
CANONICAL_0c55cd6cd3d4,VALIDATION,TEST,CLUST_0.70_00004,IMMEDIATE_EARLY
CANONICAL_0c58dac61f19,TRAIN,VALIDATION,CLUST_0.70_00041,EARLY
CANONICAL_0c5bc0815324,VALIDATION,TRAIN,CLUST_0.70_00007,LATE
CANONICAL_0c619fa1a871,VALIDATION,TRAIN,CLUST_0.70_00008,LATE
CANONICAL_0c627eb5ba9b,TRAIN,TRAIN,CLUST_0.70_00102,LATE
CANONICAL_0c6888c71f05,TRAIN,TRAIN,CLUST_0.70_00222,LATE
CANONICAL_0c6ec036d49b,TRAIN,VALIDATION,CLUST_0.70_00026,IMMEDIATE_EARLY
CANONICAL_0c7130a3b95e,TEST,TEST,CLUST_0.70_00051,LATE
CANONICAL_0c789087b254,TRAIN,TRAIN,CLUST_0.70_00005,EARLY
CANONICAL_0c793b45c6d0,TEST,TRAIN,CLUST_0.70_00109,LATE
CANONICAL_0c7cb33af7ef,TRAIN,TEST,CLUST_0.70_00030,EARLY
CANONICAL_0c7cce9af670,VALIDATION,VALIDATION,CLUST_0.70_00038,LATE
CANONICAL_0c7e65e494e6,TEST,TRAIN,CLUST_0.70_00008,LATE
CANONICAL_0c82e72e3265,TEST,TRAIN,CLUST_0.70_00145,LATE
CANONICAL_0c8d4fdedc3a,TEST,TEST,CLUST_0.70_00004,IMMEDIATE_EARLY
CANONICAL_0c943f4a0b1f,TRAIN,VALIDATION,CLUST_0.70_00064,LATE
CANONICAL_0c96ba3aaf94,VALIDATION,TRAIN,CLUST_0.70_00007,LATE
CANONICAL_0c9bddf7dc25,VALIDATION,TEST,CLUST_0.70_00015,LATE
CANONICAL_0ca3cc0ecf9a,TEST,TEST,CLUST_0.70_00030,EARLY
CANONICAL_0ca50f44e913,TRAIN,TRAIN,CLUST_0.70_00008,LATE
CANONICAL_0ca9db13c74d,TRAIN,TEST,CLUST_0.70_00001,LATE
CANONICAL_0cb01ab3446f,TRAIN,TRAIN,CLUST_0.70_00005,LATE
CANONICAL_0cb039d7fb43,VALIDATION,TRAIN,CLUST_0.70_00005,LATE
CANONICAL_0cb06bd1a410,TRAIN,TRAIN,CLUST_0.70_00005,EARLY
CANONICAL_0cb17d4feb43,TEST,TEST,CLUST_0.70_00018,LATE
CANONICAL_0cb4cb0127f9,TRAIN,TRAIN,CLUST_0.70_00005,EARLY
CANONICAL_0cb69c6886c8,TEST,TRAIN,CLUST_0.70_00005,EARLY
CANONICAL_0cbb2c354694,TRAIN,VALIDATION,CLUST_0.70_00079,LATE
CANONICAL_0cbd25f0f3d6,TRAIN,VALIDATION,CLUST_0.70_00086,LATE
CANONICAL_0cc439246d08,TRAIN,TEST,CLUST_0.70_00018,LATE
CANONICAL_0cc4da4a53fd,TRAIN,VALIDATION,CLUST_0.70_00127,LATE
CANONICAL_0cc5adae31df,VALIDATION,TRAIN,CLUST_0.70_00008,LATE
CANONICAL_0cd5faa00a6b,TRAIN,TRAIN,CLUST_0.70_00005,LATE
CANONICAL_0cd935d0eb16,TRAIN,VALIDATION,CLUST_0.70_00006,IMMEDIATE_EARLY
CANONICAL_0cdfcae0f856,TRAIN,TRAIN,CLUST_0.70_00008,IMMEDIATE_EARLY
CANONICAL_0ce47b45204c,TEST,TRAIN,CLUST_0.70_00005,EARLY
CANONICAL_0ce736b74ef2,TRAIN,TRAIN,CLUST_0.70_00091,LATE
CANONICAL_0ceb151cf94c,VALIDATION,TRAIN,CLUST_0.70_00007,LATE
CANONICAL_0ceb376b3d74,TRAIN,TEST,CLUST_0.70_00015,LATE
CANONICAL_0cec435ca024,TRAIN,TRAIN,CLUST_0.70_00109,LATE
CANONICAL_0cecc868aa85,TRAIN,TRAIN,CLUST_0.70_00062,LATE
CANONICAL_0cedd6f12f19,TRAIN,VALIDATION,CLUST_0.70_00026,IMMEDIATE_EARLY
CANONICAL_0cf1140bcf05,TEST,VALIDATION,CLUST_0.70_00041,EARLY
CANONICAL_0cfbe3fe6f0b,TRAIN,VALIDATION,CLUST_0.70_00058,LATE
CANONICAL_0cfe68511c45,TRAIN,TRAIN,CLUST_0.70_00008,LATE
CANONICAL_0cfeafd0d77c,TRAIN,TRAIN,CLUST_0.70_00005,EARLY
CANONICAL_0d07b66d1b8c,TRAIN,TRAIN,CLUST_0.70_00008,LATE
CANONICAL_0d095bc40aef,TEST,TRAIN,CLUST_0.70_00008,LATE
CANONICAL_0d0a740f185b,VALIDATION,VALIDATION,CLUST_0.70_00041,EARLY
CANONICAL_0d0f5842435f,TEST,TRAIN,CLUST_0.70_00008,LATE
CANONICAL_0d0ff12e059a,TRAIN,TRAIN,CLUST_0.70_00005,LATE
CANONICAL_0d15ae16dfa4,TRAIN,TRAIN,CLUST_0.70_00258,EARLY
CANONICAL_0d16a544003c,VALIDATION,TRAIN,CLUST_0.70_00007,LATE
CANONICAL_0d1841509f5c,TRAIN,TRAIN,CLUST_0.70_00005,LATE
CANONICAL_0d1967f75368,TRAIN,VALIDATION,CLUST_0.70_00127,LATE
CANONICAL_0d1a7adcfd96,TRAIN,VALIDATION,CLUST_0.70_00064,LATE
CANONICAL_0d1c3e0492ca,TRAIN,VALIDATION,CLUST_0.70_00025,LATE
CANONICAL_0d2270e8f96e,TEST,TRAIN,CLUST_0.70_00005,EARLY
CANONICAL_0d2327921706,TEST,TRAIN,CLUST_0.70_00005,LATE
CANONICAL_0d26f71fe35e,TRAIN,TRAIN,CLUST_0.70_00005,EARLY
CANONICAL_0d296eb96bed,TRAIN,TEST,CLUST_0.70_00020,LATE
CANONICAL_0d35726c6c58,VALIDATION,TRAIN,CLUST_0.70_00005,LATE
CANONICAL_0d35e6f2cb7a,TRAIN,TRAIN,CLUST_0.70_00007,LATE
CANONICAL_0d37738138a7,TRAIN,TEST,CLUST_0.70_00071,LATE
CANONICAL_0d3820460842,TRAIN,TRAIN,CLUST_0.70_00008,LATE
CANONICAL_0d38ea8de243,TRAIN,VALIDATION,CLUST_0.70_00006,IMMEDIATE_EARLY
CANONICAL_0d3dbfd375bb,TRAIN,VALIDATION,CLUST_0.70_00040,EARLY
CANONICAL_0d3eacba51d4,TEST,TRAIN,CLUST_0.70_00008,LATE
CANONICAL_0d41d175702b,TRAIN,TRAIN,CLUST_0.70_00005,EARLY
CANONICAL_0d43bd334898,VALIDATION,TRAIN,CLUST_0.70_00033,IMMEDIATE_EARLY
CANONICAL_0d45dd1022f2,TRAIN,TRAIN,CLUST_0.70_00008,LATE
CANONICAL_0d49286c5022,TRAIN,TRAIN,CLUST_0.70_00008,LATE
CANONICAL_0d496f1556a8,TEST,TRAIN,CLUST_0.70_00007,LATE
CANONICAL_0d5319db7a12,TRAIN,VALIDATION,CLUST_0.70_00025,LATE
CANONICAL_0d5645aa87d2,TRAIN,TRAIN,CLUST_0.70_00005,EARLY
CANONICAL_0d57040e8e85,TRAIN,TRAIN,CLUST_0.70_00007,LATE
CANONICAL_0d588b07c44c,TRAIN,TEST,CLUST_0.70_00052,LATE
CANONICAL_0d596ec42db8,TRAIN,TRAIN,CLUST_0.70_00008,LATE
CANONICAL_0d5a3c374cc3,TEST,TEST,CLUST_0.70_00004,IMMEDIATE_EARLY
CANONICAL_0d5ed530d0ac,TRAIN,TRAIN,CLUST_0.70_00007,LATE
CANONICAL_0d61b2c1ce93,TRAIN,TRAIN,CLUST_0.70_00005,EARLY
CANONICAL_0d6326c2cf18,TRAIN,TRAIN,CLUST_0.70_00007,LATE
CANONICAL_0d63ce613f9e,VALIDATION,TRAIN,CLUST_0.70_00008,LATE
CANONICAL_0d66e3010115,TEST,TRAIN,CLUST_0.70_00007,LATE
CANONICAL_0d673772d864,VALIDATION,TEST,CLUST_0.70_00018,LATE
CANONICAL_0d6a3b7eeaeb,TRAIN,TEST,CLUST_0.70_00080,LATE
CANONICAL_0d6a96becb8c,TEST,TRAIN,CLUST_0.70_00008,LATE
CANONICAL_0d6b53ff369b,VALIDATION,TRAIN,CLUST_0.70_00005,LATE
CANONICAL_0d6d0062b3f1,TRAIN,TRAIN,CLUST_0.70_00007,EARLY
CANONICAL_0d7f255ce5b0,TRAIN,TRAIN,CLUST_0.70_00034,LATE
CANONICAL_0d7f52ae7380,TRAIN,TEST,CLUST_0.70_00030,EARLY
CANONICAL_0d832681788c,TRAIN,VALIDATION,CLUST_0.70_00025,LATE
CANONICAL_0d892bde32f0,VALIDATION,TRAIN,CLUST_0.70_00008,LATE
CANONICAL_0d91abc9465b,VALIDATION,TRAIN,CLUST_0.70_00008,LATE
CANONICAL_0d98e93ffe99,TRAIN,TRAIN,CLUST_0.70_00008,LATE
CANONICAL_0d99015120a2,TRAIN,TRAIN,CLUST_0.70_00005,LATE
CANONICAL_0d990ee47bf6,TRAIN,TRAIN,CLUST_0.70_00231,IMMEDIATE_EARLY
CANONICAL_0d99ddfe6450,TRAIN,VALIDATION,CLUST_0.70_00006,IMMEDIATE_EARLY
CANONICAL_0d9b6b35dc89,TRAIN,TRAIN,CLUST_0.70_00008,LATE
CANONICAL_0d9bcf8aeabf,TRAIN,TRAIN,CLUST_0.70_00005,EARLY
CANONICAL_0d9be572b976,TRAIN,VALIDATION,CLUST_0.70_00038,LATE
CANONICAL_0d9c8363f9c1,TEST,TRAIN,CLUST_0.70_00005,LATE
CANONICAL_0d9e46518bd0,VALIDATION,VALIDATION,CLUST_0.70_00006,IMMEDIATE_EARLY
CANONICAL_0da15fec47bb,TRAIN,TRAIN,CLUST_0.70_00008,LATE
CANONICAL_0db369fe5996,TRAIN,VALIDATION,CLUST_0.70_00055,LATE
CANONICAL_0dbce0996778,TRAIN,VALIDATION,CLUST_0.70_00038,LATE
CANONICAL_0dbf20c7885c,TRAIN,TEST,CLUST_0.70_00030,EARLY
CANONICAL_0dc03d90eea5,TRAIN,TEST,CLUST_0.70_00001,LATE
CANONICAL_0dc476f45a77,VALIDATION,TRAIN,CLUST_0.70_00119,EARLY
CANONICAL_0dc782469089,VALIDATION,TRAIN,CLUST_0.70_00254,LATE
CANONICAL_0dca68ba1cbf,TRAIN,TRAIN,CLUST_0.70_00005,EARLY
CANONICAL_0dcac4e86b8f,TEST,TRAIN,CLUST_0.70_00002,LATE
CANONICAL_0dccaea92b93,TEST,TRAIN,CLUST_0.70_00098,LATE
CANONICAL_0dd048ec1d76,TRAIN,TEST,CLUST_0.70_00030,EARLY
CANONICAL_0dd3afc5b2b1,TRAIN,TRAIN,CLUST_0.70_00005,EARLY
CANONICAL_0dd3b0d189e5,TRAIN,TRAIN,CLUST_0.70_00267,LATE
CANONICAL_0dd5cd2894be,VALIDATION,VALIDATION,CLUST_0.70_00038,LATE
CANONICAL_0ddb1cc3cbf2,TRAIN,TRAIN,CLUST_0.70_00005,EARLY
CANONICAL_0ddf5ffcb0d1,TRAIN,TRAIN,CLUST_0.70_00247,EARLY
CANONICAL_0de366e7df1e,TRAIN,TRAIN,CLUST_0.70_00056,LATE
CANONICAL_0debfb35a934,TRAIN,TRAIN,CLUST_0.70_00008,LATE
CANONICAL_0dee8574d23d,TRAIN,TRAIN,CLUST_0.70_00005,EARLY
CANONICAL_0dee91f56452,TRAIN,TRAIN,CLUST_0.70_00005,LATE
CANONICAL_0df468a2168b,VALIDATION,TEST,CLUST_0.70_00030,EARLY
CANONICAL_0df5716fb9a6,VALIDATION,TRAIN,CLUST_0.70_00005,EARLY
CANONICAL_0df600201429,TEST,TRAIN,CLUST_0.70_00005,EARLY
CANONICAL_0e0032f3528c,TEST,TRAIN,CLUST_0.70_00008,LATE
CANONICAL_0e00353fb1b6,TRAIN,TEST,CLUST_0.70_00030,EARLY
CANONICAL_0e04f17f3cea,TRAIN,TRAIN,CLUST_0.70_00056,LATE
CANONICAL_0e066b5ca800,TRAIN,TEST,CLUST_0.70_00071,LATE
CANONICAL_0e08464ea81e,TRAIN,TRAIN,CLUST_0.70_00008,LATE
CANONICAL_0e0a4d352beb,TEST,VALIDATION,CLUST_0.70_00127,LATE
CANONICAL_0e168e61b400,TRAIN,TEST,CLUST_0.70_00018,LATE
CANONICAL_0e1a7af4aa32,TRAIN,TRAIN,CLUST_0.70_00007,LATE
CANONICAL_0e1b58b4b721,TRAIN,TRAIN,CLUST_0.70_00314,LATE
CANONICAL_0e26378f82c5,TRAIN,TRAIN,CLUST_0.70_00008,LATE
CANONICAL_0e276c265e41,TRAIN,TEST,CLUST_0.70_00001,LATE
CANONICAL_0e2d410542b9,TRAIN,VALIDATION,CLUST_0.70_00017,LATE
CANONICAL_0e3115bff688,TRAIN,TEST,CLUST_0.70_00052,LATE
CANONICAL_0e31c884eb97,TRAIN,TEST,CLUST_0.70_00030,EARLY
CANONICAL_0e33c20dda18,TRAIN,TRAIN,CLUST_0.70_00249,LATE
CANONICAL_0e33c533ac54,TRAIN,TRAIN,CLUST_0.70_00005,LATE
CANONICAL_0e36cedf29c9,TRAIN,TRAIN,CLUST_0.70_00008,LATE
CANONICAL_0e376044fac5,TRAIN,TRAIN,CLUST_0.70_00005,LATE
CANONICAL_0e37983df815,TRAIN,VALIDATION,CLUST_0.70_00031,LATE
CANONICAL_0e40b0a697e5,VALIDATION,VALIDATION,CLUST_0.70_00040,EARLY
CANONICAL_0e4332d3440a,VALIDATION,TEST,CLUST_0.70_00004,IMMEDIATE_EARLY
CANONICAL_0e55c99b8e4b,VALIDATION,TRAIN,CLUST_0.70_00008,LATE
CANONICAL_0e560f557ea0,TRAIN,TEST,CLUST_0.70_00037,LATE
CANONICAL_0e5aca8f315a,TEST,TRAIN,CLUST_0.70_00008,LATE
CANONICAL_0e637e70c9ac,TRAIN,TRAIN,CLUST_0.70_00197,IMMEDIATE_EARLY
CANONICAL_0e63ffd1c551,TRAIN,VALIDATION,CLUST_0.70_00079,LATE
CANONICAL_0e66045a097b,TEST,TRAIN,CLUST_0.70_00005,LATE
CANONICAL_0e6a71b1a9fd,TRAIN,TRAIN,CLUST_0.70_00005,EARLY
CANONICAL_0e6abdbceddb,TRAIN,VALIDATION,CLUST_0.70_00058,LATE
CANONICAL_0e6e22af18db,TRAIN,TRAIN,CLUST_0.70_00002,LATE
CANONICAL_0e70ab923b4c,TRAIN,TRAIN,CLUST_0.70_00227,LATE
CANONICAL_0e72bda68e5b,TRAIN,TRAIN,CLUST_0.70_00005,LATE
CANONICAL_0e7a32501519,VALIDATION,TRAIN,CLUST_0.70_00005,LATE
CANONICAL_0e7c030bede9,TRAIN,TRAIN,CLUST_0.70_00007,EARLY
CANONICAL_0e833016e98d,TRAIN,TEST,CLUST_0.70_00030,EARLY
CANONICAL_0e8cb5b749f1,TRAIN,VALIDATION,CLUST_0.70_00064,LATE
CANONICAL_0e8ed87e891a,TRAIN,TRAIN,CLUST_0.70_00008,LATE
CANONICAL_0e8f8ca39b4d,TRAIN,TEST,CLUST_0.70_00020,LATE
CANONICAL_0e911024e2d3,TRAIN,TRAIN,CLUST_0.70_00005,LATE
CANONICAL_0e9292b8d78a,VALIDATION,TRAIN,CLUST_0.70_00005,EARLY
CANONICAL_0e933c033000,TRAIN,TRAIN,CLUST_0.70_00008,LATE
CANONICAL_0e94e8be3c08,TEST,TRAIN,CLUST_0.70_00005,LATE
CANONICAL_0e99bf482f48,TRAIN,TEST,CLUST_0.70_00052,LATE
CANONICAL_0ea0d4ae609d,TRAIN,TRAIN,CLUST_0.70_00005,LATE
CANONICAL_0ea74b61b24b,TRAIN,TRAIN,CLUST_0.70_00294,EARLY
CANONICAL_0eb380c674cc,TRAIN,VALIDATION,CLUST_0.70_00079,LATE
CANONICAL_0ec10f0da3d9,VALIDATION,TRAIN,CLUST_0.70_00007,EARLY
CANONICAL_0ec35b925270,TRAIN,TRAIN,CLUST_0.70_00091,LATE
CANONICAL_0ec4326384f8,VALIDATION,TRAIN,CLUST_0.70_00008,LATE
CANONICAL_0eca40505f91,TRAIN,TRAIN,CLUST_0.70_00008,LATE
CANONICAL_0ece95acbcea,VALIDATION,VALIDATION,CLUST_0.70_00040,EARLY
CANONICAL_0ecfee6cadd1,TRAIN,TEST,CLUST_0.70_00001,LATE
CANONICAL_0ed49326cc92,TEST,TRAIN,CLUST_0.70_00222,LATE
CANONICAL_0ed77d966723,TRAIN,TRAIN,CLUST_0.70_00005,LATE
CANONICAL_0edd79c9e662,TRAIN,TEST,CLUST_0.70_00071,LATE
CANONICAL_0edec5a5229c,TRAIN,TRAIN,CLUST_0.70_00007,EARLY
CANONICAL_0ee08e8f05ff,VALIDATION,TRAIN,CLUST_0.70_00008,LATE
CANONICAL_0ee2eb4c5390,TEST,VALIDATION,CLUST_0.70_00086,LATE
CANONICAL_0ee7494a77a0,TRAIN,TRAIN,CLUST_0.70_00005,EARLY
CANONICAL_0ee83de64931,VALIDATION,TEST,CLUST_0.70_00052,LATE
CANONICAL_0eeb658ea520,TRAIN,VALIDATION,CLUST_0.70_00026,IMMEDIATE_EARLY
CANONICAL_0eeed21779f0,TRAIN,VALIDATION,CLUST_0.70_00029,LATE
CANONICAL_0ef4e37c061f,TRAIN,VALIDATION,CLUST_0.70_00026,IMMEDIATE_EARLY
CANONICAL_0ef979bc0d18,TRAIN,TRAIN,CLUST_0.70_00005,EARLY
CANONICAL_0efb0aaa1e1f,TRAIN,TEST,CLUST_0.70_00037,LATE
CANONICAL_0efbeb0a95d2,TRAIN,TRAIN,CLUST_0.70_00005,EARLY
CANONICAL_0efd35b69823,TRAIN,VALIDATION,CLUST_0.70_00127,LATE
CANONICAL_0f0ab8ad58dc,TRAIN,TEST,CLUST_0.70_00001,LATE
CANONICAL_0f0c1f3335c5,TRAIN,VALIDATION,CLUST_0.70_00036,EARLY
CANONICAL_0f1225934755,TRAIN,TRAIN,CLUST_0.70_00008,LATE
CANONICAL_0f1efd32eb69,VALIDATION,TEST,CLUST_0.70_00004,IMMEDIATE_EARLY
CANONICAL_0f21a42ac2f1,TEST,TRAIN,CLUST_0.70_00005,EARLY
CANONICAL_0f2620790352,TRAIN,VALIDATION,CLUST_0.70_00059,LATE
CANONICAL_0f338b614f43,VALIDATION,TRAIN,CLUST_0.70_00005,EARLY
CANONICAL_0f340de5b4ea,TRAIN,TRAIN,CLUST_0.70_00062,LATE
CANONICAL_0f3aeba02366,TRAIN,TRAIN,CLUST_0.70_00008,LATE
CANONICAL_0f3e037386af,TRAIN,TRAIN,CLUST_0.70_00005,EARLY
CANONICAL_0f42919f1c55,TRAIN,TRAIN,CLUST_0.70_00235,LATE
CANONICAL_0f42a6491f1f,VALIDATION,TRAIN,CLUST_0.70_00084,LATE
CANONICAL_0f494d5f4a10,VALIDATION,TRAIN,CLUST_0.70_00007,LATE
CANONICAL_0f4f7151d465,TRAIN,TRAIN,CLUST_0.70_00005,EARLY
CANONICAL_0f51a4700da9,TRAIN,TRAIN,CLUST_0.70_00008,LATE
CANONICAL_0f562e1f0563,TEST,TEST,CLUST_0.70_00030,EARLY
CANONICAL_0f61ee87a1e8,TRAIN,TRAIN,CLUST_0.70_00007,LATE
CANONICAL_0f642e688d1b,TEST,VALIDATION,CLUST_0.70_00079,LATE
CANONICAL_0f6c5844054c,TRAIN,VALIDATION,CLUST_0.70_00038,LATE
CANONICAL_0f8a6d57c9e9,TRAIN,TRAIN,CLUST_0.70_00008,LATE
CANONICAL_0f8e3aa42045,TRAIN,TEST,CLUST_0.70_00020,LATE
CANONICAL_0f8ed88d75b8,TRAIN,TRAIN,CLUST_0.70_00008,LATE
CANONICAL_0f92cfcf03b3,VALIDATION,VALIDATION,CLUST_0.70_00127,LATE
CANONICAL_0f94b42d0123,TEST,TRAIN,CLUST_0.70_00166,LATE
CANONICAL_0f94fb2db10a,TRAIN,VALIDATION,CLUST_0.70_00028,EARLY
CANONICAL_0f9814b3d705,TRAIN,TRAIN,CLUST_0.70_00007,LATE
CANONICAL_0fa0f2c69500,TRAIN,TRAIN,CLUST_0.70_00213,LATE
CANONICAL_0fa38297747c,TRAIN,VALIDATION,CLUST_0.70_00017,LATE
CANONICAL_0fae545206e8,TEST,VALIDATION,CLUST_0.70_00058,LATE
CANONICAL_0faf8bbaf87c,TRAIN,TEST,CLUST_0.70_00030,EARLY
CANONICAL_0fb7908d6f15,VALIDATION,TRAIN,CLUST_0.70_00005,EARLY
CANONICAL_0fb97dcba101,VALIDATION,TRAIN,CLUST_0.70_00005,EARLY
CANONICAL_0fbc8900eab9,TRAIN,TRAIN,CLUST_0.70_00005,EARLY
CANONICAL_0fbf60c18a98,TEST,TRAIN,CLUST_0.70_00005,LATE
CANONICAL_0fc2739f5550,VALIDATION,TRAIN,CLUST_0.70_00008,LATE
CANONICAL_0fc399405ea1,TRAIN,TRAIN,CLUST_0.70_00005,LATE
CANONICAL_0fc4d0d8e443,TRAIN,TRAIN,CLUST_0.70_00005,LATE
CANONICAL_0fc51d053178,TRAIN,VALIDATION,CLUST_0.70_00127,LATE
CANONICAL_0fc65d41bd36,TRAIN,TRAIN,CLUST_0.70_00173,LATE
CANONICAL_0fc8cc2bdaec,TRAIN,TRAIN,CLUST_0.70_00007,LATE
CANONICAL_0fd19624d3e8,TRAIN,TRAIN,CLUST_0.70_00075,LATE
CANONICAL_0fd23d1f55e3,TRAIN,TRAIN,CLUST_0.70_00005,EARLY
CANONICAL_0fd390a4f028,TRAIN,TRAIN,CLUST_0.70_00007,LATE
CANONICAL_0fd5b25cd173,VALIDATION,TRAIN,CLUST_0.70_00109,LATE
CANONICAL_0fd70c45cb81,TRAIN,TRAIN,CLUST_0.70_00005,LATE
CANONICAL_0fd762b3524b,TRAIN,TRAIN,CLUST_0.70_00005,LATE
CANONICAL_0fd7e16ab5cf,TRAIN,TRAIN,CLUST_0.70_00005,LATE
CANONICAL_0fe09be6a8db,TRAIN,TRAIN,CLUST_0.70_00236,IMMEDIATE_EARLY
CANONICAL_0fed7b729d37,TRAIN,TRAIN,CLUST_0.70_00369,EARLY
CANONICAL_0fee4001ce23,VALIDATION,TRAIN,CLUST_0.70_00005,LATE
CANONICAL_0ff38c27aa89,TEST,TEST,CLUST_0.70_00001,LATE
CANONICAL_0ffe4473ace5,TRAIN,TEST,CLUST_0.70_00080,LATE
CANONICAL_0ffe72299251,TRAIN,VALIDATION,CLUST_0.70_00038,LATE
CANONICAL_100607856c54,VALIDATION,VALIDATION,CLUST_0.70_00038,LATE
CANONICAL_1009759ce66d,TEST,TRAIN,CLUST_0.70_00007,EARLY
CANONICAL_100a70c76ba9,TRAIN,TEST,CLUST_0.70_00004,IMMEDIATE_EARLY
CANONICAL_100c38ef03b5,TRAIN,TRAIN,CLUST_0.70_00005,LATE
CANONICAL_100dde48b9b5,VALIDATION,VALIDATION,CLUST_0.70_00079,LATE
CANONICAL_100ed4163556,VALIDATION,TEST,CLUST_0.70_00009,LATE
CANONICAL_1011e89f58f3,TRAIN,TRAIN,CLUST_0.70_00008,EARLY
CANONICAL_101beb8fed79,TRAIN,VALIDATION,CLUST_0.70_00025,LATE
CANONICAL_102368c1f170,TRAIN,TRAIN,CLUST_0.70_00007,LATE
CANONICAL_102429e7c207,VALIDATION,TRAIN,CLUST_0.70_00021,EARLY
CANONICAL_1027ca78b736,TRAIN,TRAIN,CLUST_0.70_00005,LATE
CANONICAL_102a041c00f5,VALIDATION,TRAIN,CLUST_0.70_00005,LATE
CANONICAL_102a14b6c95a,TRAIN,TEST,CLUST_0.70_00020,LATE
CANONICAL_102b1da9f018,TRAIN,TRAIN,CLUST_0.70_00008,LATE
CANONICAL_102d5df41752,VALIDATION,TRAIN,CLUST_0.70_00008,LATE
CANONICAL_10310ef1a80a,TRAIN,TRAIN,CLUST_0.70_00008,LATE
CANONICAL_1031b22f097e,TRAIN,TRAIN,CLUST_0.70_00005,LATE
CANONICAL_10327cef27e2,VALIDATION,TRAIN,CLUST_0.70_00047,LATE
CANONICAL_1032f271ad3c,TEST,TEST,CLUST_0.70_00018,LATE
CANONICAL_103334e5fabb,TRAIN,TRAIN,CLUST_0.70_00007,EARLY
CANONICAL_1034563a37de,TRAIN,TRAIN,CLUST_0.70_00008,EARLY
CANONICAL_10395234b4c6,TRAIN,TRAIN,CLUST_0.70_00007,IMMEDIATE_EARLY
CANONICAL_103d7bda781a,TRAIN,TEST,CLUST_0.70_00037,LATE
CANONICAL_103dacd16dce,TRAIN,TRAIN,CLUST_0.70_00005,EARLY
CANONICAL_1046401d7dac,TRAIN,TRAIN,CLUST_0.70_00005,LATE
CANONICAL_10464821bd09,VALIDATION,TRAIN,CLUST_0.70_00054,LATE
CANONICAL_10481e703b9d,VALIDATION,VALIDATION,CLUST_0.70_00025,LATE
CANONICAL_10547e11693c,TRAIN,TRAIN,CLUST_0.70_00005,EARLY
CANONICAL_105a0573c9a4,TRAIN,TEST,CLUST_0.70_00004,IMMEDIATE_EARLY
CANONICAL_105bcf897616,VALIDATION,TRAIN,CLUST_0.70_00005,EARLY
CANONICAL_105eed9b062f,TRAIN,VALIDATION,CLUST_0.70_00055,LATE
CANONICAL_10633e4db796,TRAIN,TEST,CLUST_0.70_00030,EARLY
CANONICAL_107047834f54,TRAIN,TRAIN,CLUST_0.70_00007,LATE
CANONICAL_10736cd8744b,TRAIN,TRAIN,CLUST_0.70_00047,LATE
CANONICAL_1074b4a903d4,TEST,VALIDATION,CLUST_0.70_00025,LATE
CANONICAL_10781752e2f6,TEST,TEST,CLUST_0.70_00030,EARLY
CANONICAL_107f960c1a46,TRAIN,VALIDATION,CLUST_0.70_00055,LATE
CANONICAL_1080a65a98b9,TRAIN,TRAIN,CLUST_0.70_00098,LATE
CANONICAL_10810f5de95b,TRAIN,TRAIN,CLUST_0.70_00005,EARLY
CANONICAL_1089b4423d2f,TEST,TRAIN,CLUST_0.70_00008,LATE
CANONICAL_1095953a4c36,TRAIN,TRAIN,CLUST_0.70_00047,LATE
CANONICAL_10967571dea2,TRAIN,TEST,CLUST_0.70_00071,LATE
CANONICAL_109b8f44e80e,TEST,VALIDATION,CLUST_0.70_00058,LATE
CANONICAL_109d09c78770,TRAIN,TRAIN,CLUST_0.70_00007,LATE
CANONICAL_109eb255c953,TEST,TRAIN,CLUST_0.70_00007,LATE
CANONICAL_10a1682a235b,TRAIN,VALIDATION,CLUST_0.70_00031,LATE
CANONICAL_10a1e3ca3466,TRAIN,TRAIN,CLUST_0.70_00005,LATE
CANONICAL_10b6f08fce31,TRAIN,VALIDATION,CLUST_0.70_00127,LATE
CANONICAL_10b8214a482c,VALIDATION,TRAIN,CLUST_0.70_00008,LATE
CANONICAL_10bd07d322d2,TRAIN,TEST,CLUST_0.70_00001,LATE
CANONICAL_10c187b64196,TRAIN,VALIDATION,CLUST_0.70_00127,LATE
CANONICAL_10c22ceb0bf3,TEST,TRAIN,CLUST_0.70_00005,LATE
CANONICAL_10c8847c1398,TRAIN,TRAIN,CLUST_0.70_00008,LATE
CANONICAL_10cb66fcaa64,VALIDATION,TRAIN,CLUST_0.70_00008,LATE
CANONICAL_10cda150f35d,TRAIN,TRAIN,CLUST_0.70_00008,LATE
CANONICAL_10cfb2cefb28,TRAIN,TRAIN,CLUST_0.70_00008,LATE
CANONICAL_10d16b50f415,VALIDATION,TRAIN,CLUST_0.70_00005,EARLY
CANONICAL_10d211c64ed9,TRAIN,VALIDATION,CLUST_0.70_00041,EARLY
CANONICAL_10d77cd4327a,TRAIN,TRAIN,CLUST_0.70_00005,LATE
CANONICAL_10dc5a7f4ea5,VALIDATION,TRAIN,CLUST_0.70_00062,LATE
CANONICAL_10e228577a84,VALIDATION,TEST,CLUST_0.70_00004,IMMEDIATE_EARLY
CANONICAL_10e8e0e0b113,TRAIN,TRAIN,CLUST_0.70_00005,EARLY
CANONICAL_10f349f99653,VALIDATION,TRAIN,CLUST_0.70_00005,EARLY
CANONICAL_10ffc0c89b89,TRAIN,TRAIN,CLUST_0.70_00008,LATE
CANONICAL_11022ffb7182,VALIDATION,TRAIN,CLUST_0.70_00109,LATE
CANONICAL_110df7bf26e5,TEST,TRAIN,CLUST_0.70_00005,LATE
CANONICAL_11188aa8604e,TRAIN,TRAIN,CLUST_0.70_00309,LATE
CANONICAL_1120f4ca1b94,TEST,TRAIN,CLUST_0.70_00005,EARLY
CANONICAL_112149df467e,TRAIN,VALIDATION,CLUST_0.70_00064,LATE
CANONICAL_112358917324,TRAIN,VALIDATION,CLUST_0.70_00041,EARLY
CANONICAL_112403dc9966,TRAIN,TRAIN,CLUST_0.70_00005,EARLY
CANONICAL_1126302f0345,TRAIN,TRAIN,CLUST_0.70_00007,EARLY
CANONICAL_1129742647ba,VALIDATION,TRAIN,CLUST_0.70_00147,IMMEDIATE_EARLY
CANONICAL_11382db7939a,TRAIN,TEST,CLUST_0.70_00004,IMMEDIATE_EARLY
CANONICAL_113a73f8160c,TRAIN,TEST,CLUST_0.70_00052,LATE
CANONICAL_113f738c3a38,TEST,TRAIN,CLUST_0.70_00007,LATE
CANONICAL_1141e748e4d7,TRAIN,TRAIN,CLUST_0.70_00007,EARLY
CANONICAL_1146dc742c7f,TRAIN,TEST,CLUST_0.70_00030,EARLY
CANONICAL_114e13653ab5,TRAIN,TRAIN,CLUST_0.70_00005,LATE
CANONICAL_114e3a838d1d,TRAIN,TRAIN,CLUST_0.70_00005,LATE
CANONICAL_115024817f42,TRAIN,VALIDATION,CLUST_0.70_00036,EARLY
CANONICAL_1155505bbc1a,TRAIN,VALIDATION,CLUST_0.70_00059,LATE
CANONICAL_115ca0efbaef,TRAIN,VALIDATION,CLUST_0.70_00040,EARLY
CANONICAL_11614c6c2a89,VALIDATION,VALIDATION,CLUST_0.70_00026,IMMEDIATE_EARLY
CANONICAL_1166f48c47d8,TRAIN,TRAIN,CLUST_0.70_00091,LATE
CANONICAL_116a36965944,TRAIN,TRAIN,CLUST_0.70_00109,LATE
CANONICAL_11714c9348b7,TRAIN,TEST,CLUST_0.70_00004,IMMEDIATE_EARLY
CANONICAL_1177a2e170a2,TRAIN,TRAIN,CLUST_0.70_00005,EARLY
CANONICAL_1177af4061f0,TRAIN,TEST,CLUST_0.70_00001,LATE
CANONICAL_11790c465724,VALIDATION,VALIDATION,CLUST_0.70_00169,LATE
CANONICAL_117b1f4aa622,VALIDATION,VALIDATION,CLUST_0.70_00055,LATE
CANONICAL_117bdba4b221,TRAIN,TEST,CLUST_0.70_00001,LATE
CANONICAL_117c294c0008,VALIDATION,TRAIN,CLUST_0.70_00008,LATE
CANONICAL_11832ceef1d0,TRAIN,VALIDATION,CLUST_0.70_00016,EARLY
CANONICAL_1183d522f29b,TRAIN,TEST,CLUST_0.70_00015,LATE
CANONICAL_1187cabeece2,TRAIN,TRAIN,CLUST_0.70_00005,LATE
CANONICAL_118da0ef9aab,TRAIN,VALIDATION,CLUST_0.70_00079,LATE
CANONICAL_11958846f373,TEST,TRAIN,CLUST_0.70_00007,LATE
CANONICAL_11a0a4742d59,TRAIN,TRAIN,CLUST_0.70_00005,EARLY
CANONICAL_11a145fa3c54,TRAIN,TEST,CLUST_0.70_00018,LATE
CANONICAL_11a42e21fda8,TRAIN,TRAIN,CLUST_0.70_00008,LATE
CANONICAL_11a50d45d316,TRAIN,TRAIN,CLUST_0.70_00008,LATE
CANONICAL_11a7f4e6f85f,TRAIN,TEST,CLUST_0.70_00001,LATE
CANONICAL_11b0b317eb73,TRAIN,TRAIN,CLUST_0.70_00005,EARLY
CANONICAL_11b4be793143,TRAIN,TRAIN,CLUST_0.70_00042,LATE
CANONICAL_11b5fb351197,VALIDATION,TEST,CLUST_0.70_00030,EARLY
CANONICAL_11b81729b5bb,VALIDATION,TEST,CLUST_0.70_00018,LATE
CANONICAL_11b98c494a0d,TRAIN,TEST,CLUST_0.70_00001,LATE
CANONICAL_11bbc66584e5,TRAIN,TRAIN,CLUST_0.70_00005,LATE
CANONICAL_11bcd2ca234f,TRAIN,TRAIN,CLUST_0.70_00005,EARLY
CANONICAL_11c3a493f97b,TRAIN,VALIDATION,CLUST_0.70_00059,LATE
CANONICAL_11cfb09139ef,TRAIN,TRAIN,CLUST_0.70_00021,EARLY
CANONICAL_11d28aac6c1f,TRAIN,TRAIN,CLUST_0.70_00005,EARLY
CANONICAL_11d57b0f3cb2,TRAIN,TRAIN,CLUST_0.70_00230,LATE
CANONICAL_11d5b748f609,VALIDATION,VALIDATION,CLUST_0.70_00041,EARLY
CANONICAL_11d5bfb72ada,TRAIN,TRAIN,CLUST_0.70_00005,EARLY
CANONICAL_11d659d17e16,TRAIN,VALIDATION,CLUST_0.70_00058,LATE
CANONICAL_11d9aa611d97,TRAIN,TRAIN,CLUST_0.70_00005,LATE
CANONICAL_11e859e482a3,TEST,TRAIN,CLUST_0.70_00008,LATE
CANONICAL_11f08874ff46,TRAIN,TEST,CLUST_0.70_00030,EARLY
CANONICAL_11f2f9edfaf1,TEST,VALIDATION,CLUST_0.70_00031,LATE
CANONICAL_11fb13da5c86,TRAIN,VALIDATION,CLUST_0.70_00079,LATE
CANONICAL_11fdf980ec01,TRAIN,TEST,CLUST_0.70_00001,LATE
CANONICAL_1201a5f1988f,TEST,TRAIN,CLUST_0.70_00005,LATE
CANONICAL_1205072914a5,TRAIN,VALIDATION,CLUST_0.70_00055,LATE
CANONICAL_12057787f096,TRAIN,TEST,CLUST_0.70_00004,IMMEDIATE_EARLY
CANONICAL_120879e9bcb7,VALIDATION,TRAIN,CLUST_0.70_00007,LATE
CANONICAL_120c8c827858,TRAIN,TRAIN,CLUST_0.70_00005,LATE
CANONICAL_120dc0331cba,TRAIN,TRAIN,CLUST_0.70_00005,LATE
CANONICAL_12181d414f19,TRAIN,VALIDATION,CLUST_0.70_00025,LATE
CANONICAL_121973051655,TRAIN,VALIDATION,CLUST_0.70_00079,LATE
CANONICAL_121a6c7f6196,TRAIN,TRAIN,CLUST_0.70_00005,EARLY
CANONICAL_121ae60be590,TRAIN,TRAIN,CLUST_0.70_00008,LATE
CANONICAL_121b7ceab473,TRAIN,TEST,CLUST_0.70_00030,EARLY
CANONICAL_121f99d526b4,TRAIN,TRAIN,CLUST_0.70_00236,IMMEDIATE_EARLY
CANONICAL_122230ecf3b2,TEST,TRAIN,CLUST_0.70_00008,LATE
CANONICAL_122861b383d1,TRAIN,TRAIN,CLUST_0.70_00223,LATE
CANONICAL_122fa344dc7f,TRAIN,TRAIN,CLUST_0.70_00084,LATE
CANONICAL_123112a8a2db,TRAIN,VALIDATION,CLUST_0.70_00058,LATE
CANONICAL_1231c6281f22,TRAIN,VALIDATION,CLUST_0.70_00029,LATE
CANONICAL_1231de9996f6,TRAIN,TRAIN,CLUST_0.70_00098,LATE
CANONICAL_123208f43b86,TEST,TEST,CLUST_0.70_00004,IMMEDIATE_EARLY
CANONICAL_1233ae43d153,TRAIN,TEST,CLUST_0.70_00030,EARLY
CANONICAL_124243eaebea,VALIDATION,TRAIN,CLUST_0.70_00105,LATE
CANONICAL_1244a75ae13c,TRAIN,TRAIN,CLUST_0.70_00008,LATE
CANONICAL_12455a457682,TRAIN,TEST,CLUST_0.70_00051,LATE
CANONICAL_12482c1fcca9,TRAIN,VALIDATION,CLUST_0.70_00079,LATE
CANONICAL_124d3dd71f20,VALIDATION,TEST,CLUST_0.70_00001,LATE
CANONICAL_1251ebbccbb9,VALIDATION,TRAIN,CLUST_0.70_00008,LATE
CANONICAL_12525a18119b,TRAIN,TRAIN,CLUST_0.70_00005,EARLY
CANONICAL_12553e2d1642,TRAIN,VALIDATION,CLUST_0.70_00040,EARLY
CANONICAL_1256712960dc,VALIDATION,VALIDATION,CLUST_0.70_00190,LATE
CANONICAL_12676e4901d6,TRAIN,TRAIN,CLUST_0.70_00043,EARLY
CANONICAL_126c74810cb0,TRAIN,TRAIN,CLUST_0.70_00231,IMMEDIATE_EARLY
CANONICAL_1273dfc03236,TRAIN,TRAIN,CLUST_0.70_00008,LATE
CANONICAL_127dcdb5d93c,TRAIN,VALIDATION,CLUST_0.70_00086,LATE
CANONICAL_127def83e853,TEST,TEST,CLUST_0.70_00015,LATE
CANONICAL_1280bcb63d80,TEST,TEST,CLUST_0.70_00030,EARLY
CANONICAL_12844468431a,TRAIN,VALIDATION,CLUST_0.70_00006,IMMEDIATE_EARLY
CANONICAL_129399d2f0ad,TRAIN,VALIDATION,CLUST_0.70_00036,EARLY
CANONICAL_12948f6ea0f4,TRAIN,TRAIN,CLUST_0.70_00033,IMMEDIATE_EARLY
CANONICAL_129b872830dd,TRAIN,TEST,CLUST_0.70_00001,LATE
CANONICAL_129bce392f89,TRAIN,TRAIN,CLUST_0.70_00147,IMMEDIATE_EARLY
CANONICAL_12a12215a8d7,TEST,TEST,CLUST_0.70_00052,LATE
CANONICAL_12a74fcc7470,TEST,TRAIN,CLUST_0.70_00147,IMMEDIATE_EARLY
CANONICAL_12ab10e6add9,TRAIN,TRAIN,CLUST_0.70_00033,IMMEDIATE_EARLY
CANONICAL_12ac542cbc1c,TRAIN,TRAIN,CLUST_0.70_00005,LATE
CANONICAL_12ad00e22ba0,TRAIN,TEST,CLUST_0.70_00004,IMMEDIATE_EARLY
CANONICAL_12b05155e086,TRAIN,TRAIN,CLUST_0.70_00008,LATE
CANONICAL_12b6b0b84780,VALIDATION,TRAIN,CLUST_0.70_00008,LATE
CANONICAL_12b8c4447deb,TRAIN,TRAIN,CLUST_0.70_00008,LATE
CANONICAL_12b944e4becf,TRAIN,TRAIN,CLUST_0.70_00005,EARLY
CANONICAL_12be297e1025,TRAIN,TEST,CLUST_0.70_00030,EARLY
CANONICAL_12bf25430f32,TRAIN,TRAIN,CLUST_0.70_00235,LATE
CANONICAL_12bfa8776d48,VALIDATION,TEST,CLUST_0.70_00080,LATE
CANONICAL_12bfd9369f8d,TEST,TEST,CLUST_0.70_00004,IMMEDIATE_EARLY
CANONICAL_12c2fa19ed9c,TRAIN,TRAIN,CLUST_0.70_00005,EARLY
CANONICAL_12c700f8ea0e,TRAIN,TEST,CLUST_0.70_00015,LATE
CANONICAL_12d5a1df9a7a,TRAIN,TRAIN,CLUST_0.70_00005,EARLY
CANONICAL_12d5e5db58e5,VALIDATION,TRAIN,CLUST_0.70_00008,LATE
CANONICAL_12d7be480a8f,TEST,TRAIN,CLUST_0.70_00147,IMMEDIATE_EARLY
CANONICAL_12dec42c444e,TRAIN,TRAIN,CLUST_0.70_00005,LATE
CANONICAL_12e53d501d42,TRAIN,TRAIN,CLUST_0.70_00008,LATE
CANONICAL_12eec575e2bc,TRAIN,TEST,CLUST_0.70_00004,IMMEDIATE_EARLY
CANONICAL_12ef310bf504,VALIDATION,TRAIN,CLUST_0.70_00008,LATE
CANONICAL_12f7067bda3e,TRAIN,TRAIN,CLUST_0.70_00008,LATE
CANONICAL_12f7bf8fe648,TRAIN,TRAIN,CLUST_0.70_00005,EARLY
CANONICAL_12fab30fe6cc,TRAIN,TRAIN,CLUST_0.70_00008,LATE
CANONICAL_12fb2e8dad35,TRAIN,TEST,CLUST_0.70_00030,EARLY
CANONICAL_12fce0810ce2,TRAIN,TRAIN,CLUST_0.70_00008,LATE
CANONICAL_12fd7586ac39,TEST,TRAIN,CLUST_0.70_00005,EARLY
CANONICAL_130002862388,VALIDATION,TRAIN,CLUST_0.70_00005,EARLY
CANONICAL_13003763d22b,TRAIN,TEST,CLUST_0.70_00001,LATE
CANONICAL_1306613dd89b,VALIDATION,TEST,CLUST_0.70_00004,IMMEDIATE_EARLY
CANONICAL_1306a48d0519,TRAIN,TRAIN,CLUST_0.70_00005,EARLY
CANONICAL_1308ac112e57,TRAIN,TRAIN,CLUST_0.70_00005,EARLY
CANONICAL_130ff0af427d,TRAIN,TRAIN,CLUST_0.70_00147,IMMEDIATE_EARLY
CANONICAL_131251b576ec,TRAIN,TRAIN,CLUST_0.70_00005,EARLY
CANONICAL_13169b966c3a,TRAIN,TRAIN,CLUST_0.70_00008,LATE
CANONICAL_13197336c2b7,TRAIN,TEST,CLUST_0.70_00052,LATE
CANONICAL_1319776885e9,TRAIN,TEST,CLUST_0.70_00080,LATE
CANONICAL_1319dacbb7e2,TRAIN,VALIDATION,CLUST_0.70_00028,EARLY
CANONICAL_131b30f747df,TRAIN,TRAIN,CLUST_0.70_00005,EARLY
CANONICAL_131cc8e6c6a5,VALIDATION,TRAIN,CLUST_0.70_00008,LATE
CANONICAL_13228653e410,TEST,TRAIN,CLUST_0.70_00008,LATE
CANONICAL_132750ae3ada,TRAIN,TRAIN,CLUST_0.70_00005,EARLY
CANONICAL_132b18cd293d,TRAIN,TRAIN,CLUST_0.70_00005,LATE
CANONICAL_132c2589cb23,VALIDATION,TEST,CLUST_0.70_00001,LATE
CANONICAL_13344ab5496c,TRAIN,VALIDATION,CLUST_0.70_00026,IMMEDIATE_EARLY
CANONICAL_1335f44d0a4e,VALIDATION,TRAIN,CLUST_0.70_00007,LATE
CANONICAL_133b23d43aa7,TRAIN,TRAIN,CLUST_0.70_00005,LATE
CANONICAL_133c228349a3,TRAIN,TEST,CLUST_0.70_00030,EARLY
CANONICAL_133d4e70e27d,TRAIN,TRAIN,CLUST_0.70_00005,EARLY
CANONICAL_133e7be1d0a1,TRAIN,TEST,CLUST_0.70_00030,EARLY
CANONICAL_13455d351454,TRAIN,TRAIN,CLUST_0.70_00005,LATE
CANONICAL_134e231a8236,TRAIN,VALIDATION,CLUST_0.70_00038,LATE
CANONICAL_134f6d0d4b54,TRAIN,TRAIN,CLUST_0.70_00062,LATE
CANONICAL_135176a9e785,TRAIN,TEST,CLUST_0.70_00030,EARLY
CANONICAL_1353fd88f955,TRAIN,TRAIN,CLUST_0.70_00005,EARLY
CANONICAL_135b787a094f,VALIDATION,TRAIN,CLUST_0.70_00008,LATE
CANONICAL_135be8829d68,TRAIN,VALIDATION,CLUST_0.70_00169,LATE
CANONICAL_135cf4dc7943,VALIDATION,TRAIN,CLUST_0.70_00008,LATE
CANONICAL_1367ef1c1c5e,TRAIN,TEST,CLUST_0.70_00001,LATE
CANONICAL_13696f55f6de,VALIDATION,TEST,CLUST_0.70_00037,LATE
CANONICAL_136b1baef191,VALIDATION,TRAIN,CLUST_0.70_00005,LATE
CANONICAL_1376c9cced4e,TEST,TEST,CLUST_0.70_00004,IMMEDIATE_EARLY
CANONICAL_1377f0e0c0ff,TRAIN,TRAIN,CLUST_0.70_00007,LATE
CANONICAL_1378eb046951,TRAIN,VALIDATION,CLUST_0.70_00169,LATE
CANONICAL_137e9c6a6121,TRAIN,TEST,CLUST_0.70_00071,LATE
CANONICAL_138d4cbe3fcd,TRAIN,TRAIN,CLUST_0.70_00005,LATE
CANONICAL_138e9590d3e6,TRAIN,TRAIN,CLUST_0.70_00008,LATE
CANONICAL_138ec38a478f,TRAIN,VALIDATION,CLUST_0.70_00190,LATE
CANONICAL_13a20d6aebe2,TRAIN,TEST,CLUST_0.70_00018,LATE
CANONICAL_13b0c94e9bd0,TRAIN,TEST,CLUST_0.70_00015,LATE
CANONICAL_13b2e2cc111c,TEST,TRAIN,CLUST_0.70_00005,LATE
CANONICAL_13b91a7e8077,TRAIN,TRAIN,CLUST_0.70_00005,EARLY
CANONICAL_13c3624243c1,VALIDATION,TRAIN,CLUST_0.70_00008,LATE
CANONICAL_13c5ec78f805,TRAIN,TEST,CLUST_0.70_00001,LATE
CANONICAL_13c734d99ca4,TRAIN,TRAIN,CLUST_0.70_00005,EARLY
CANONICAL_13d033c6635f,TRAIN,TEST,CLUST_0.70_00080,LATE
CANONICAL_13d610616569,TRAIN,TRAIN,CLUST_0.70_00007,EARLY
CANONICAL_13decb491a1b,TEST,VALIDATION,CLUST_0.70_00040,EARLY
CANONICAL_13dfaf5b6852,TEST,TEST,CLUST_0.70_00020,LATE
CANONICAL_13e3063872a7,TRAIN,TRAIN,CLUST_0.70_00005,LATE
CANONICAL_13e463c34f17,TRAIN,TEST,CLUST_0.70_00080,LATE
CANONICAL_13e5f6d59f09,TEST,TRAIN,CLUST_0.70_00024,LATE
CANONICAL_13e60493feb6,TEST,TRAIN,CLUST_0.70_00008,LATE
CANONICAL_13f5b355109d,TRAIN,TRAIN,CLUST_0.70_00005,LATE
CANONICAL_13f7b0f6c036,TRAIN,TRAIN,CLUST_0.70_00005,EARLY
CANONICAL_13f898e64c6f,VALIDATION,TRAIN,CLUST_0.70_00005,EARLY
CANONICAL_13fb813be624,TEST,TEST,CLUST_0.70_00052,LATE
CANONICAL_140473a4e0b2,TRAIN,TRAIN,CLUST_0.70_00090,LATE
CANONICAL_1407c17b68dc,VALIDATION,TRAIN,CLUST_0.70_00007,EARLY
CANONICAL_140c88b3c76c,TRAIN,TRAIN,CLUST_0.70_00033,IMMEDIATE_EARLY
CANONICAL_140d8c9aef6a,TRAIN,TRAIN,CLUST_0.70_00185,LATE
CANONICAL_140f51cfdbec,TRAIN,TRAIN,CLUST_0.70_00005,EARLY
CANONICAL_1413dc89e4c0,VALIDATION,TRAIN,CLUST_0.70_00008,LATE
CANONICAL_14154513f3c4,TRAIN,TRAIN,CLUST_0.70_00005,EARLY
CANONICAL_141eb4899b4b,VALIDATION,VALIDATION,CLUST_0.70_00079,LATE
CANONICAL_1427b568a238,TRAIN,VALIDATION,CLUST_0.70_00025,LATE
CANONICAL_142ad6200a36,TRAIN,TRAIN,CLUST_0.70_00218,IMMEDIATE_EARLY
CANONICAL_142c096d8633,TRAIN,TRAIN,CLUST_0.70_00007,LATE
CANONICAL_142da70f5a4a,VALIDATION,TEST,CLUST_0.70_00004,IMMEDIATE_EARLY
CANONICAL_1433750b6b10,TRAIN,TRAIN,CLUST_0.70_00230,LATE
CANONICAL_14346bf99679,TRAIN,TRAIN,CLUST_0.70_00005,EARLY
CANONICAL_14366ebf7a1b,TRAIN,TRAIN,CLUST_0.70_00117,LATE
CANONICAL_1436a8ea46ec,TRAIN,VALIDATION,CLUST_0.70_00029,LATE
CANONICAL_14384be9fbb5,TRAIN,TRAIN,CLUST_0.70_00005,EARLY
CANONICAL_143959e67975,TEST,TEST,CLUST_0.70_00001,LATE
CANONICAL_143b0fdc4fbf,TRAIN,VALIDATION,CLUST_0.70_00106,LATE
CANONICAL_143b81c4dea0,TRAIN,TRAIN,CLUST_0.70_00068,LATE
CANONICAL_143dbc1e589b,TEST,TRAIN,CLUST_0.70_00008,LATE
CANONICAL_143f833bb6b7,TRAIN,TEST,CLUST_0.70_00018,LATE
CANONICAL_14417f94664b,TEST,TRAIN,CLUST_0.70_00005,LATE
CANONICAL_1449a98224f3,TRAIN,TEST,CLUST_0.70_00001,LATE
CANONICAL_144aa05c4162,TRAIN,TRAIN,CLUST_0.70_00091,LATE
CANONICAL_144c76a03e89,TRAIN,TRAIN,CLUST_0.70_00005,EARLY
CANONICAL_144f199faafa,TRAIN,TRAIN,CLUST_0.70_00005,EARLY
CANONICAL_145a4feedbcf,VALIDATION,VALIDATION,CLUST_0.70_00059,LATE
CANONICAL_14629f9cb846,TEST,TEST,CLUST_0.70_00018,LATE
CANONICAL_14646f16ee97,TRAIN,TRAIN,CLUST_0.70_00005,LATE
CANONICAL_146c430fcf58,TRAIN,TRAIN,CLUST_0.70_00005,EARLY
CANONICAL_146f250549d8,TRAIN,TEST,CLUST_0.70_00004,IMMEDIATE_EARLY
CANONICAL_14730fa101e4,VALIDATION,TEST,CLUST_0.70_00004,IMMEDIATE_EARLY
CANONICAL_14755401b58a,TEST,VALIDATION,CLUST_0.70_00055,LATE
CANONICAL_1478b8aa1b24,VALIDATION,TEST,CLUST_0.70_00080,LATE
CANONICAL_1485309d153e,TRAIN,TRAIN,CLUST_0.70_00171,LATE
CANONICAL_148f7b2c00a3,TRAIN,TRAIN,CLUST_0.70_00008,LATE
CANONICAL_149519133953,TRAIN,TEST,CLUST_0.70_00004,IMMEDIATE_EARLY
CANONICAL_1499321ab0ae,TRAIN,TRAIN,CLUST_0.70_00005,LATE
CANONICAL_14ad73546ce6,TEST,TEST,CLUST_0.70_00052,LATE
CANONICAL_14ad7f23b539,TRAIN,TRAIN,CLUST_0.70_00213,LATE
CANONICAL_14adc2934d7a,TRAIN,TRAIN,CLUST_0.70_00008,LATE
CANONICAL_14b8f1358686,TRAIN,TEST,CLUST_0.70_00009,LATE
CANONICAL_14bf6a7ef501,TRAIN,TRAIN,CLUST_0.70_00005,EARLY
CANONICAL_14c459351d9e,TRAIN,TEST,CLUST_0.70_00001,LATE
CANONICAL_14c9eafccb01,TRAIN,TEST,CLUST_0.70_00009,LATE
CANONICAL_14d9c585dc57,TRAIN,TEST,CLUST_0.70_00004,IMMEDIATE_EARLY
CANONICAL_14dcc8d92dc8,TRAIN,TRAIN,CLUST_0.70_00069,IMMEDIATE_EARLY
CANONICAL_14dd895a41ec,TRAIN,TRAIN,CLUST_0.70_00007,EARLY
CANONICAL_14def68a2d53,TRAIN,VALIDATION,CLUST_0.70_00106,LATE
CANONICAL_14e3149c0fa1,TRAIN,TEST,CLUST_0.70_00004,IMMEDIATE_EARLY
CANONICAL_14e319d98964,TRAIN,VALIDATION,CLUST_0.70_00038,LATE
CANONICAL_14e92a1e9258,TRAIN,TRAIN,CLUST_0.70_00005,EARLY
CANONICAL_14f078d04a63,TEST,TRAIN,CLUST_0.70_00008,LATE
CANONICAL_14f66f1a80cb,TRAIN,TRAIN,CLUST_0.70_00008,LATE
CANONICAL_14f6a7ea8f27,TRAIN,VALIDATION,CLUST_0.70_00038,LATE
CANONICAL_14ff1b9d04d6,TEST,TEST,CLUST_0.70_00020,LATE
CANONICAL_1500e80bd5f9,TRAIN,VALIDATION,CLUST_0.70_00025,LATE
CANONICAL_15014e0a756e,TRAIN,TRAIN,CLUST_0.70_00241,LATE
CANONICAL_151238d75ed1,TRAIN,TEST,CLUST_0.70_00001,LATE
CANONICAL_1519818327ca,TRAIN,TRAIN,CLUST_0.70_00005,LATE
CANONICAL_151cc20749e7,TRAIN,TRAIN,CLUST_0.70_00007,LATE
CANONICAL_152230ea4851,TRAIN,TRAIN,CLUST_0.70_00005,EARLY
CANONICAL_152655825408,TRAIN,TRAIN,CLUST_0.70_00136,LATE
CANONICAL_1526de180754,TRAIN,TRAIN,CLUST_0.70_00047,LATE
CANONICAL_152748f8d5b2,TEST,VALIDATION,CLUST_0.70_00064,LATE
CANONICAL_15286438d440,TEST,VALIDATION,CLUST_0.70_00064,LATE
CANONICAL_152876981e7e,TRAIN,VALIDATION,CLUST_0.70_00031,LATE
CANONICAL_152975c1ee69,TRAIN,TRAIN,CLUST_0.70_00007,EARLY
CANONICAL_152cc366afa8,TRAIN,TRAIN,CLUST_0.70_00005,LATE
CANONICAL_152d76a08012,TRAIN,TRAIN,CLUST_0.70_00008,LATE
CANONICAL_152edce6faa8,VALIDATION,TRAIN,CLUST_0.70_00005,EARLY
CANONICAL_15345d271d10,TRAIN,VALIDATION,CLUST_0.70_00059,LATE
CANONICAL_153766f5c264,TEST,TEST,CLUST_0.70_00018,LATE
CANONICAL_15392336d418,TEST,TRAIN,CLUST_0.70_00005,LATE
CANONICAL_153a88391ce9,TRAIN,VALIDATION,CLUST_0.70_00040,EARLY
CANONICAL_154f1140ce16,TEST,TRAIN,CLUST_0.70_00008,LATE
CANONICAL_154ffb77f879,TRAIN,TRAIN,CLUST_0.70_00008,LATE
CANONICAL_155e4d368730,VALIDATION,TRAIN,CLUST_0.70_00005,LATE
CANONICAL_156266388fde,TEST,TRAIN,CLUST_0.70_00005,LATE
CANONICAL_156326c63c44,TEST,TEST,CLUST_0.70_00004,IMMEDIATE_EARLY
CANONICAL_1565698f23f4,TEST,TRAIN,CLUST_0.70_00007,LATE
CANONICAL_1568b77067fd,VALIDATION,VALIDATION,CLUST_0.70_00010,EARLY
CANONICAL_1571c1ee92d5,TRAIN,TRAIN,CLUST_0.70_00361,LATE
CANONICAL_15750f8d1b04,TEST,VALIDATION,CLUST_0.70_00029,LATE
CANONICAL_157638548ce0,VALIDATION,TEST,CLUST_0.70_00030,EARLY
CANONICAL_1576f106dccc,TEST,TEST,CLUST_0.70_00030,EARLY
CANONICAL_157a326893ce,TRAIN,VALIDATION,CLUST_0.70_00055,LATE
CANONICAL_157e4f2474b5,TRAIN,TRAIN,CLUST_0.70_00007,IMMEDIATE_EARLY
CANONICAL_1583bbac2d2b,TRAIN,VALIDATION,CLUST_0.70_00017,LATE
CANONICAL_158f060f80b2,TRAIN,TRAIN,CLUST_0.70_00008,LATE
CANONICAL_159063f18cce,TRAIN,TRAIN,CLUST_0.70_00005,LATE
CANONICAL_1595bdb63303,TEST,TRAIN,CLUST_0.70_00007,LATE
CANONICAL_1598159c766b,TRAIN,VALIDATION,CLUST_0.70_00065,LATE
CANONICAL_15982bbce85e,TRAIN,VALIDATION,CLUST_0.70_00055,LATE
CANONICAL_159867015d68,TRAIN,TRAIN,CLUST_0.70_00005,LATE
CANONICAL_159894d8cf72,TEST,VALIDATION,CLUST_0.70_00059,LATE
CANONICAL_1599cf8c1453,TRAIN,TEST,CLUST_0.70_00030,EARLY
CANONICAL_159cbbc494fc,TRAIN,VALIDATION,CLUST_0.70_00086,LATE
CANONICAL_159de4e8ec48,TRAIN,VALIDATION,CLUST_0.70_00127,LATE
CANONICAL_159e79129a95,TRAIN,TRAIN,CLUST_0.70_00005,EARLY
CANONICAL_15a00d4fbf3e,TRAIN,TRAIN,CLUST_0.70_00005,EARLY
CANONICAL_15a0ab90fcc7,VALIDATION,VALIDATION,CLUST_0.70_00017,LATE
CANONICAL_15a2cfc9a3f6,TRAIN,VALIDATION,CLUST_0.70_00079,LATE
CANONICAL_15a65104317b,TRAIN,TRAIN,CLUST_0.70_00005,EARLY
CANONICAL_15aca976f766,VALIDATION,VALIDATION,CLUST_0.70_00029,LATE
CANONICAL_15b022d7329b,TEST,VALIDATION,CLUST_0.70_00086,LATE
CANONICAL_15b07c11b016,TRAIN,VALIDATION,CLUST_0.70_00006,IMMEDIATE_EARLY
CANONICAL_15b28c8b57b8,TEST,TRAIN,CLUST_0.70_00098,LATE
CANONICAL_15bc7b99fd16,TRAIN,VALIDATION,CLUST_0.70_00006,IMMEDIATE_EARLY
CANONICAL_15bd7cf2ee87,TRAIN,TRAIN,CLUST_0.70_00005,EARLY
CANONICAL_15becb2f6093,VALIDATION,TRAIN,CLUST_0.70_00008,LATE
CANONICAL_15c51236ca20,TRAIN,TRAIN,CLUST_0.70_00007,LATE
CANONICAL_15c66fb033b4,TRAIN,VALIDATION,CLUST_0.70_00106,LATE
CANONICAL_15c6acb5934d,TEST,TRAIN,CLUST_0.70_00068,LATE
CANONICAL_15cfb324a92d,TEST,VALIDATION,CLUST_0.70_00006,IMMEDIATE_EARLY
CANONICAL_15d1402e4b7f,VALIDATION,TRAIN,CLUST_0.70_00005,LATE
CANONICAL_15d24e5e0f00,TRAIN,TEST,CLUST_0.70_00001,LATE
CANONICAL_15d44fbf19da,TRAIN,TRAIN,CLUST_0.70_00007,LATE
CANONICAL_15d4a5bf470c,TRAIN,TEST,CLUST_0.70_00030,EARLY
CANONICAL_15d53173786e,TRAIN,TRAIN,CLUST_0.70_00008,LATE
CANONICAL_15d79d64b9d6,TRAIN,TRAIN,CLUST_0.70_00005,LATE
CANONICAL_15dad7696278,TRAIN,TRAIN,CLUST_0.70_00005,LATE
CANONICAL_15e4ed8236eb,TRAIN,TRAIN,CLUST_0.70_00005,EARLY
CANONICAL_15e7062bc782,TRAIN,VALIDATION,CLUST_0.70_00040,EARLY
CANONICAL_15e791ec6791,TRAIN,TRAIN,CLUST_0.70_00008,LATE
CANONICAL_15e7d6011750,VALIDATION,TRAIN,CLUST_0.70_00005,LATE
CANONICAL_15eb28bf3df5,TRAIN,TEST,CLUST_0.70_00001,LATE
CANONICAL_15f36de46b21,TRAIN,TRAIN,CLUST_0.70_00008,LATE
CANONICAL_15f9c872dd1a,TRAIN,VALIDATION,CLUST_0.70_00079,LATE
CANONICAL_15fac4b6063e,TRAIN,VALIDATION,CLUST_0.70_00006,IMMEDIATE_EARLY
CANONICAL_15fafc3dc75e,TRAIN,TEST,CLUST_0.70_00004,IMMEDIATE_EARLY
CANONICAL_15fde0c1f81e,TRAIN,TRAIN,CLUST_0.70_00102,LATE
CANONICAL_16055aa863be,VALIDATION,VALIDATION,CLUST_0.70_00006,IMMEDIATE_EARLY
CANONICAL_1605a13c9e69,TRAIN,TEST,CLUST_0.70_00001,LATE
CANONICAL_160e2627c7a2,TRAIN,TRAIN,CLUST_0.70_00005,LATE
CANONICAL_160ef06e2a1b,TRAIN,TEST,CLUST_0.70_00030,EARLY
CANONICAL_16104a6ff089,TRAIN,TRAIN,CLUST_0.70_00241,LATE
CANONICAL_161298cae317,TRAIN,TEST,CLUST_0.70_00037,LATE
CANONICAL_1612aec7f0b5,TRAIN,TRAIN,CLUST_0.70_00008,LATE
CANONICAL_161324c66942,TRAIN,VALIDATION,CLUST_0.70_00006,IMMEDIATE_EARLY
CANONICAL_161aa92ac13c,VALIDATION,VALIDATION,CLUST_0.70_00006,IMMEDIATE_EARLY
CANONICAL_161b257107dc,TRAIN,TEST,CLUST_0.70_00030,EARLY
CANONICAL_161d2e69ca2f,VALIDATION,TRAIN,CLUST_0.70_00353,LATE
CANONICAL_1626fc2e1be6,TRAIN,TRAIN,CLUST_0.70_00223,LATE
CANONICAL_164324d9f1b8,TRAIN,TRAIN,CLUST_0.70_00005,EARLY
CANONICAL_1644221c0820,TRAIN,TRAIN,CLUST_0.70_00123,IMMEDIATE_EARLY
CANONICAL_1646d75ed332,TRAIN,TRAIN,CLUST_0.70_00005,EARLY
CANONICAL_164a92b0a5ef,VALIDATION,TEST,CLUST_0.70_00071,LATE
CANONICAL_165279fd676f,TRAIN,TRAIN,CLUST_0.70_00007,LATE
CANONICAL_1653275c90b6,VALIDATION,TRAIN,CLUST_0.70_00005,LATE
CANONICAL_165a20359613,TRAIN,TEST,CLUST_0.70_00030,EARLY
CANONICAL_165d4564c210,VALIDATION,VALIDATION,CLUST_0.70_00058,LATE
CANONICAL_165f03a0f48b,TRAIN,TRAIN,CLUST_0.70_00005,EARLY
CANONICAL_1663210f4bc0,TRAIN,TRAIN,CLUST_0.70_00008,LATE
CANONICAL_1667e211765c,TRAIN,TRAIN,CLUST_0.70_00008,LATE
CANONICAL_166e0b303934,TRAIN,TRAIN,CLUST_0.70_00112,LATE
CANONICAL_16717ebce8a2,TRAIN,TEST,CLUST_0.70_00015,LATE
CANONICAL_167b39979670,TRAIN,TRAIN,CLUST_0.70_00007,EARLY
CANONICAL_167b441548a5,TRAIN,TRAIN,CLUST_0.70_00005,EARLY
CANONICAL_167c159756ff,TRAIN,VALIDATION,CLUST_0.70_00041,EARLY
CANONICAL_168da326be7b,VALIDATION,TRAIN,CLUST_0.70_00241,LATE
CANONICAL_168f4a46c0f6,TRAIN,TRAIN,CLUST_0.70_00005,EARLY
CANONICAL_169733a63502,VALIDATION,TRAIN,CLUST_0.70_00005,LATE
CANONICAL_1699290419ec,TEST,TRAIN,CLUST_0.70_00005,EARLY
CANONICAL_169b17e08a15,VALIDATION,TEST,CLUST_0.70_00030,EARLY
CANONICAL_169c91dab670,TRAIN,TRAIN,CLUST_0.70_00008,LATE
CANONICAL_169d8f6818e7,TRAIN,TRAIN,CLUST_0.70_00005,LATE
CANONICAL_16a06c340e32,TRAIN,TEST,CLUST_0.70_00037,LATE
CANONICAL_16a18c3f6016,TRAIN,TRAIN,CLUST_0.70_00005,LATE
CANONICAL_16a43f6aa1f1,TRAIN,VALIDATION,CLUST_0.70_00127,LATE
CANONICAL_16a444af66d5,TRAIN,TRAIN,CLUST_0.70_00213,LATE
CANONICAL_16acd8de9b8e,TRAIN,TRAIN,CLUST_0.70_00008,LATE
CANONICAL_16bbbac434d4,TRAIN,TEST,CLUST_0.70_00018,EARLY
CANONICAL_16bc67953550,TEST,TRAIN,CLUST_0.70_00005,LATE
CANONICAL_16cbfbc08a9e,TRAIN,TRAIN,CLUST_0.70_00005,LATE
CANONICAL_16d573d1a340,TRAIN,VALIDATION,CLUST_0.70_00064,LATE
CANONICAL_16db994ac757,TRAIN,TRAIN,CLUST_0.70_00005,LATE
CANONICAL_16dd43051cfc,TRAIN,TRAIN,CLUST_0.70_00008,LATE
CANONICAL_16dddc42a6f0,VALIDATION,TRAIN,CLUST_0.70_00005,EARLY
CANONICAL_16e23273b723,VALIDATION,VALIDATION,CLUST_0.70_00079,LATE
CANONICAL_16e36880ec6a,TRAIN,TEST,CLUST_0.70_00004,IMMEDIATE_EARLY
CANONICAL_16e7a587370e,TEST,TEST,CLUST_0.70_00071,LATE
CANONICAL_16eb97ecf281,TRAIN,TRAIN,CLUST_0.70_00005,LATE
CANONICAL_16f1f6ed459e,TRAIN,TRAIN,CLUST_0.70_00008,LATE
CANONICAL_17008e8b6708,TEST,TEST,CLUST_0.70_00001,LATE
CANONICAL_17037e7f04d8,TRAIN,TRAIN,CLUST_0.70_00008,LATE
CANONICAL_1706db0416df,VALIDATION,VALIDATION,CLUST_0.70_00031,LATE
CANONICAL_170e1c7243a4,TRAIN,VALIDATION,CLUST_0.70_00127,LATE
CANONICAL_172220917166,TEST,VALIDATION,CLUST_0.70_00059,LATE
CANONICAL_1725623260b8,VALIDATION,TRAIN,CLUST_0.70_00008,LATE
CANONICAL_1727db98b5f0,TRAIN,VALIDATION,CLUST_0.70_00064,LATE
CANONICAL_172c9158fe45,TRAIN,VALIDATION,CLUST_0.70_00065,LATE
CANONICAL_172e1eeda5b8,TRAIN,TRAIN,CLUST_0.70_00008,LATE
CANONICAL_1730adb4b034,TEST,TRAIN,CLUST_0.70_00007,LATE
CANONICAL_17330e68d0c9,TRAIN,TRAIN,CLUST_0.70_00007,EARLY
CANONICAL_1733984a3324,TRAIN,TRAIN,CLUST_0.70_00008,LATE
CANONICAL_1736ce0d63ca,TRAIN,TEST,CLUST_0.70_00052,LATE
CANONICAL_17372c9cedaa,TRAIN,TRAIN,CLUST_0.70_00005,EARLY
CANONICAL_173dd74993f1,TRAIN,TRAIN,CLUST_0.70_00091,LATE
CANONICAL_1745d4816896,TRAIN,TEST,CLUST_0.70_00018,LATE
CANONICAL_1748b1948f87,TRAIN,TRAIN,CLUST_0.70_00005,LATE
CANONICAL_1749b4ac8438,TEST,TRAIN,CLUST_0.70_00008,LATE
CANONICAL_174a41b55d21,TEST,TRAIN,CLUST_0.70_00091,LATE
CANONICAL_174a449caa67,VALIDATION,VALIDATION,CLUST_0.70_00106,LATE
CANONICAL_174d4022c7b7,TEST,TRAIN,CLUST_0.70_00147,IMMEDIATE_EARLY
CANONICAL_1751bb558e4e,TRAIN,VALIDATION,CLUST_0.70_00026,IMMEDIATE_EARLY
CANONICAL_175347e50685,TRAIN,VALIDATION,CLUST_0.70_00041,EARLY
CANONICAL_175b2ab38461,TRAIN,VALIDATION,CLUST_0.70_00064,LATE
CANONICAL_175cd53ab7bb,TRAIN,VALIDATION,CLUST_0.70_00064,LATE
CANONICAL_175fd62f98e4,TRAIN,TRAIN,CLUST_0.70_00005,LATE
CANONICAL_1764b813e8db,TRAIN,VALIDATION,CLUST_0.70_00041,EARLY
CANONICAL_176655f72db9,VALIDATION,VALIDATION,CLUST_0.70_00064,LATE
CANONICAL_17755d7f0b06,VALIDATION,TEST,CLUST_0.70_00015,LATE
CANONICAL_177e0b5772b2,TEST,TRAIN,CLUST_0.70_00008,LATE
CANONICAL_1782c5c291e1,TEST,TEST,CLUST_0.70_00052,LATE
CANONICAL_1786ac188f00,VALIDATION,TEST,CLUST_0.70_00001,LATE
CANONICAL_17884b8b68ce,TRAIN,TRAIN,CLUST_0.70_00008,LATE
CANONICAL_178f18816c04,TRAIN,TRAIN,CLUST_0.70_00005,LATE
CANONICAL_1791ce90fb66,VALIDATION,VALIDATION,CLUST_0.70_00041,EARLY
CANONICAL_17936603a812,VALIDATION,TRAIN,CLUST_0.70_00008,LATE
CANONICAL_17a3d6ff58f7,TRAIN,TRAIN,CLUST_0.70_00235,LATE
CANONICAL_17a50c5e063d,TRAIN,TRAIN,CLUST_0.70_00047,LATE
CANONICAL_17a64085d3da,TRAIN,TRAIN,CLUST_0.70_00008,LATE
CANONICAL_17aa7aeab6e0,TRAIN,TRAIN,CLUST_0.70_00008,LATE
CANONICAL_17b862e0821f,TRAIN,TRAIN,CLUST_0.70_00008,IMMEDIATE_EARLY
CANONICAL_17bd8dc4a48c,TRAIN,TRAIN,CLUST_0.70_00005,EARLY
CANONICAL_17bf20e294be,TRAIN,TEST,CLUST_0.70_00018,LATE
CANONICAL_17c13d449652,TRAIN,VALIDATION,CLUST_0.70_00079,LATE
CANONICAL_17ca157d2fec,TRAIN,TRAIN,CLUST_0.70_00147,IMMEDIATE_EARLY
CANONICAL_17ccbee55ef4,TRAIN,TRAIN,CLUST_0.70_00007,IMMEDIATE_EARLY
CANONICAL_17d28ff311ca,TRAIN,TRAIN,CLUST_0.70_00062,LATE
CANONICAL_17d61acdd918,TRAIN,TRAIN,CLUST_0.70_00008,IMMEDIATE_EARLY
CANONICAL_17d7bfa1aa88,TRAIN,TEST,CLUST_0.70_00001,LATE
CANONICAL_17dca1154ab3,VALIDATION,TEST,CLUST_0.70_00001,LATE
CANONICAL_17dff37fcc83,TRAIN,TRAIN,CLUST_0.70_00236,IMMEDIATE_EARLY
CANONICAL_17e3d30964f9,TEST,TRAIN,CLUST_0.70_00084,LATE
CANONICAL_17eb58c20ed0,TRAIN,TEST,CLUST_0.70_00030,EARLY
CANONICAL_17ef3cb3d59e,TRAIN,TEST,CLUST_0.70_00004,IMMEDIATE_EARLY
CANONICAL_17f4ce7e1043,TRAIN,TRAIN,CLUST_0.70_00007,LATE
CANONICAL_17fb8a7b80bf,TEST,TRAIN,CLUST_0.70_00008,LATE
CANONICAL_17fc94514614,VALIDATION,VALIDATION,CLUST_0.70_00026,IMMEDIATE_EARLY
CANONICAL_17ff1d42228f,TEST,TRAIN,CLUST_0.70_00005,LATE
CANONICAL_1800b9b5df67,TRAIN,TEST,CLUST_0.70_00001,LATE
CANONICAL_18014e6f774e,TRAIN,VALIDATION,CLUST_0.70_00006,IMMEDIATE_EARLY
CANONICAL_18029760b51c,TRAIN,VALIDATION,CLUST_0.70_00026,IMMEDIATE_EARLY
CANONICAL_180513d21573,TRAIN,TEST,CLUST_0.70_00051,LATE
CANONICAL_18056bb51a78,VALIDATION,TRAIN,CLUST_0.70_00109,LATE
CANONICAL_18062bbc0910,TRAIN,TRAIN,CLUST_0.70_00008,LATE
CANONICAL_180b4f6ca293,TRAIN,TRAIN,CLUST_0.70_00008,LATE
CANONICAL_180d5b4baa0e,VALIDATION,VALIDATION,CLUST_0.70_00006,IMMEDIATE_EARLY
CANONICAL_1815a2bbe6de,TRAIN,TEST,CLUST_0.70_00001,LATE
CANONICAL_1819b80668a9,VALIDATION,VALIDATION,CLUST_0.70_00086,LATE
CANONICAL_181bf9684186,TRAIN,TRAIN,CLUST_0.70_00005,LATE
CANONICAL_181dbf41dd34,TRAIN,VALIDATION,CLUST_0.70_00031,LATE
CANONICAL_181f4f306e61,TRAIN,TEST,CLUST_0.70_00004,IMMEDIATE_EARLY
CANONICAL_18263847e3b2,TEST,TRAIN,CLUST_0.70_00033,IMMEDIATE_EARLY
CANONICAL_18269db562ae,TRAIN,TEST,CLUST_0.70_00015,LATE
CANONICAL_1828b814475c,VALIDATION,VALIDATION,CLUST_0.70_00079,LATE
CANONICAL_182dbbf60a9c,TEST,TRAIN,CLUST_0.70_00122,LATE
CANONICAL_1832273c0e37,TRAIN,TRAIN,CLUST_0.70_00005,EARLY
CANONICAL_183341c20e34,TRAIN,TEST,CLUST_0.70_00030,EARLY
CANONICAL_1833485bb6fc,TEST,TRAIN,CLUST_0.70_00005,EARLY
CANONICAL_1834fbf44995,TRAIN,TRAIN,CLUST_0.70_00005,EARLY
CANONICAL_183914eefceb,VALIDATION,TRAIN,CLUST_0.70_00236,IMMEDIATE_EARLY
CANONICAL_183b35a877b3,TRAIN,TRAIN,CLUST_0.70_00005,LATE
CANONICAL_1840d0c86bee,TRAIN,TRAIN,CLUST_0.70_00007,IMMEDIATE_EARLY
CANONICAL_1846a859e28a,TRAIN,TRAIN,CLUST_0.70_00008,LATE
CANONICAL_1847649326e6,TRAIN,TEST,CLUST_0.70_00001,IMMEDIATE_EARLY
CANONICAL_184a4020ef69,TRAIN,VALIDATION,CLUST_0.70_00041,EARLY
CANONICAL_184c111d1059,TRAIN,VALIDATION,CLUST_0.70_00065,LATE
CANONICAL_184c4cc76ef5,VALIDATION,TRAIN,CLUST_0.70_00005,EARLY
CANONICAL_18552beeb6f1,TRAIN,TRAIN,CLUST_0.70_00008,LATE
CANONICAL_18583cb8c056,VALIDATION,TEST,CLUST_0.70_00030,EARLY
CANONICAL_18583f869fd2,TRAIN,TRAIN,CLUST_0.70_00008,LATE
CANONICAL_185aa4c5883a,TRAIN,TRAIN,CLUST_0.70_00005,EARLY
CANONICAL_187798567ffa,VALIDATION,TEST,CLUST_0.70_00030,EARLY
CANONICAL_187e633d2c20,TRAIN,TEST,CLUST_0.70_00001,LATE
CANONICAL_188bca18b7a3,TRAIN,TRAIN,CLUST_0.70_00005,EARLY
CANONICAL_188fe3230844,TRAIN,TEST,CLUST_0.70_00001,LATE
CANONICAL_1891f0def8ed,TRAIN,TRAIN,CLUST_0.70_00005,EARLY
CANONICAL_18930f32e37d,TRAIN,TRAIN,CLUST_0.70_00007,IMMEDIATE_EARLY
CANONICAL_18934a58f7e8,TRAIN,VALIDATION,CLUST_0.70_00031,LATE
CANONICAL_1893abcbdedb,TEST,TRAIN,CLUST_0.70_00005,EARLY
CANONICAL_189a23272268,TEST,VALIDATION,CLUST_0.70_00040,EARLY
CANONICAL_189c9d6e5c27,VALIDATION,TRAIN,CLUST_0.70_00005,LATE
CANONICAL_18a41a49bdc9,TRAIN,TRAIN,CLUST_0.70_00049,IMMEDIATE_EARLY
CANONICAL_18adbf24ab11,TRAIN,TRAIN,CLUST_0.70_00008,LATE
CANONICAL_18ae069ec92e,TRAIN,TRAIN,CLUST_0.70_00224,LATE
CANONICAL_18b210e81cbf,TRAIN,TRAIN,CLUST_0.70_00005,LATE
CANONICAL_18b2ae6ed44e,TRAIN,TEST,CLUST_0.70_00004,IMMEDIATE_EARLY
CANONICAL_18b4411614de,TEST,TRAIN,CLUST_0.70_00219,LATE
CANONICAL_18b69e8726ab,TRAIN,TRAIN,CLUST_0.70_00005,EARLY
CANONICAL_18b9299e1b6c,TRAIN,VALIDATION,CLUST_0.70_00055,LATE
CANONICAL_18b957a0b913,TRAIN,TEST,CLUST_0.70_00004,IMMEDIATE_EARLY
CANONICAL_18bbc624c449,TRAIN,TRAIN,CLUST_0.70_00008,LATE
CANONICAL_18bccc39dc47,TRAIN,TRAIN,CLUST_0.70_00005,EARLY
CANONICAL_18c62823203c,TRAIN,TEST,CLUST_0.70_00030,EARLY
CANONICAL_18c8ef02fe9f,TRAIN,VALIDATION,CLUST_0.70_00006,IMMEDIATE_EARLY
CANONICAL_18cc4c0864d1,TRAIN,TRAIN,CLUST_0.70_00005,EARLY
CANONICAL_18ce2e777d3f,TRAIN,TEST,CLUST_0.70_00037,LATE
CANONICAL_18ce755efda1,TRAIN,TRAIN,CLUST_0.70_00008,LATE
CANONICAL_18d0c6b2a2fd,TRAIN,TRAIN,CLUST_0.70_00005,LATE
CANONICAL_18d20ee31d8c,TRAIN,VALIDATION,CLUST_0.70_00025,LATE
CANONICAL_18d7cd6bd588,TRAIN,VALIDATION,CLUST_0.70_00086,LATE
CANONICAL_18da3e2a505f,VALIDATION,TEST,CLUST_0.70_00009,LATE
CANONICAL_18e20f72ce3d,TEST,VALIDATION,CLUST_0.70_00079,LATE
CANONICAL_18e2bf5004a9,VALIDATION,TRAIN,CLUST_0.70_00340,EARLY
CANONICAL_18e73269418b,TRAIN,TRAIN,CLUST_0.70_00008,LATE
CANONICAL_18eb3d9e8391,VALIDATION,TRAIN,CLUST_0.70_00005,LATE
CANONICAL_18ebba05d797,VALIDATION,TRAIN,CLUST_0.70_00005,LATE
CANONICAL_18ee19c8b015,TRAIN,TRAIN,CLUST_0.70_00005,EARLY
CANONICAL_18f14dd15c54,TRAIN,VALIDATION,CLUST_0.70_00029,LATE
CANONICAL_18fab8d2d285,TRAIN,VALIDATION,CLUST_0.70_00028,EARLY
CANONICAL_190111a28b24,TRAIN,TRAIN,CLUST_0.70_00008,LATE
CANONICAL_1907d139a9f4,TEST,TRAIN,CLUST_0.70_00008,LATE
CANONICAL_190a00cf7676,VALIDATION,TEST,CLUST_0.70_00018,LATE
CANONICAL_190a84b52a77,VALIDATION,VALIDATION,CLUST_0.70_00169,LATE
CANONICAL_190d3b4878b9,TRAIN,TRAIN,CLUST_0.70_00008,LATE
CANONICAL_190f611f7e7c,TRAIN,TRAIN,CLUST_0.70_00332,LATE
CANONICAL_191428649102,TRAIN,TRAIN,CLUST_0.70_00005,EARLY
CANONICAL_1916f12e31ae,TRAIN,VALIDATION,CLUST_0.70_00059,LATE
CANONICAL_1918c2f1bc93,TEST,VALIDATION,CLUST_0.70_00079,LATE
CANONICAL_191e15b17c7d,TRAIN,TEST,CLUST_0.70_00051,LATE
CANONICAL_192073215f6a,VALIDATION,TRAIN,CLUST_0.70_00047,LATE
CANONICAL_1921dd4802f2,TEST,TEST,CLUST_0.70_00004,IMMEDIATE_EARLY
CANONICAL_192598230d0a,TRAIN,TRAIN,CLUST_0.70_00105,LATE
CANONICAL_1925c0616dc5,TRAIN,TEST,CLUST_0.70_00009,LATE
CANONICAL_1926af64d591,TRAIN,TRAIN,CLUST_0.70_00164,LATE
CANONICAL_1928169f9805,TRAIN,TRAIN,CLUST_0.70_00008,LATE
CANONICAL_192b344ab312,VALIDATION,TRAIN,CLUST_0.70_00005,EARLY
CANONICAL_192ba2a82481,VALIDATION,TRAIN,CLUST_0.70_00007,EARLY
CANONICAL_192bed0ac928,TRAIN,TEST,CLUST_0.70_00030,EARLY
CANONICAL_192fe5f80fdf,TRAIN,TRAIN,CLUST_0.70_00373,LATE
CANONICAL_193d032c2546,TRAIN,TEST,CLUST_0.70_00004,IMMEDIATE_EARLY
CANONICAL_1940841f3d38,TRAIN,TEST,CLUST_0.70_00015,LATE
CANONICAL_1940f09312d1,VALIDATION,TRAIN,CLUST_0.70_00005,LATE
CANONICAL_1943d133cc69,TRAIN,VALIDATION,CLUST_0.70_00059,LATE
CANONICAL_1944feffe12b,TRAIN,TRAIN,CLUST_0.70_00181,LATE
CANONICAL_1945707d739d,TEST,VALIDATION,CLUST_0.70_00041,EARLY
CANONICAL_1947150b9e6f,TRAIN,TRAIN,CLUST_0.70_00007,LATE
CANONICAL_194c8053ddbb,TRAIN,VALIDATION,CLUST_0.70_00064,LATE
CANONICAL_194cbe8623b7,VALIDATION,TRAIN,CLUST_0.70_00007,LATE
CANONICAL_194d8a59377e,TRAIN,VALIDATION,CLUST_0.70_00006,IMMEDIATE_EARLY
CANONICAL_194e70b728c8,TRAIN,TRAIN,CLUST_0.70_00005,LATE
CANONICAL_1959fb790f5e,VALIDATION,TRAIN,CLUST_0.70_00008,LATE
CANONICAL_19618163f99e,VALIDATION,VALIDATION,CLUST_0.70_00086,LATE
CANONICAL_196b7dfd5d56,TRAIN,VALIDATION,CLUST_0.70_00025,LATE
CANONICAL_196d93f8bdbc,VALIDATION,TRAIN,CLUST_0.70_00102,LATE
CANONICAL_196dc6252df3,VALIDATION,TRAIN,CLUST_0.70_00224,LATE
CANONICAL_196f48d23544,TRAIN,TEST,CLUST_0.70_00001,LATE
CANONICAL_198668cca0b8,TEST,VALIDATION,CLUST_0.70_00040,EARLY
CANONICAL_198ccfcdd96e,VALIDATION,TEST,CLUST_0.70_00001,LATE
CANONICAL_198ef6fca3ac,VALIDATION,VALIDATION,CLUST_0.70_00031,LATE
CANONICAL_1991c4e9e477,VALIDATION,TRAIN,CLUST_0.70_00005,LATE
CANONICAL_1993596414f0,TRAIN,TRAIN,CLUST_0.70_00005,EARLY
CANONICAL_19962e59e81c,TEST,TEST,CLUST_0.70_00015,LATE
CANONICAL_199afeaabf4b,TRAIN,TRAIN,CLUST_0.70_00005,LATE
CANONICAL_199bda2b90fe,TRAIN,VALIDATION,CLUST_0.70_00059,LATE
CANONICAL_19a4a615956f,TRAIN,VALIDATION,CLUST_0.70_00026,IMMEDIATE_EARLY
CANONICAL_19a74742c078,TRAIN,TRAIN,CLUST_0.70_00008,EARLY
CANONICAL_19ac26c30e29,TRAIN,TEST,CLUST_0.70_00001,LATE
CANONICAL_19aeb30bef14,VALIDATION,VALIDATION,CLUST_0.70_00010,EARLY
CANONICAL_19b6973f6c8e,VALIDATION,VALIDATION,CLUST_0.70_00055,LATE
CANONICAL_19c0f3dbef7d,VALIDATION,TEST,CLUST_0.70_00071,LATE
CANONICAL_19c6bd6967dc,VALIDATION,TRAIN,CLUST_0.70_00005,EARLY
CANONICAL_19c7bb980a5a,TRAIN,TRAIN,CLUST_0.70_00007,LATE
CANONICAL_19caa300ce39,TRAIN,TRAIN,CLUST_0.70_00008,LATE
CANONICAL_19cde839a66c,VALIDATION,VALIDATION,CLUST_0.70_00026,IMMEDIATE_EARLY
CANONICAL_19d3866199c5,TRAIN,TRAIN,CLUST_0.70_00005,LATE
CANONICAL_19d5f4b55c23,TRAIN,TRAIN,CLUST_0.70_00008,LATE
CANONICAL_19e32cbc4762,TRAIN,VALIDATION,CLUST_0.70_00169,LATE
CANONICAL_19e6340f0a02,TEST,VALIDATION,CLUST_0.70_00026,IMMEDIATE_EARLY
CANONICAL_19e9ac6b89b8,TRAIN,TRAIN,CLUST_0.70_00007,LATE
CANONICAL_19eb0e8368ae,TEST,VALIDATION,CLUST_0.70_00010,EARLY
CANONICAL_19eda2566c27,TRAIN,TEST,CLUST_0.70_00001,LATE
CANONICAL_19ef7cd9fb19,TRAIN,TEST,CLUST_0.70_00052,LATE
CANONICAL_19f15078de70,TRAIN,VALIDATION,CLUST_0.70_00006,IMMEDIATE_EARLY
CANONICAL_19f3aab6d560,TRAIN,VALIDATION,CLUST_0.70_00010,EARLY
CANONICAL_19f9ca33bf30,TRAIN,TRAIN,CLUST_0.70_00008,LATE
CANONICAL_19fa97616d4e,TRAIN,TEST,CLUST_0.70_00018,LATE
CANONICAL_19fbf86e489f,TEST,TRAIN,CLUST_0.70_00005,EARLY
CANONICAL_1a0265733edb,TRAIN,TRAIN,CLUST_0.70_00090,LATE
CANONICAL_1a0308ed901a,TRAIN,TRAIN,CLUST_0.70_00164,LATE
CANONICAL_1a07de626085,TEST,TRAIN,CLUST_0.70_00005,EARLY
CANONICAL_1a087fd0149d,TRAIN,TRAIN,CLUST_0.70_00056,LATE
CANONICAL_1a09cf7ca1b1,TRAIN,TEST,CLUST_0.70_00052,LATE
CANONICAL_1a0dd425f133,TRAIN,TEST,CLUST_0.70_00004,IMMEDIATE_EARLY
CANONICAL_1a0e213aac11,TRAIN,TRAIN,CLUST_0.70_00008,LATE
CANONICAL_1a0f9c623f79,VALIDATION,VALIDATION,CLUST_0.70_00029,LATE
CANONICAL_1a1219ec1a0e,TRAIN,TRAIN,CLUST_0.70_00005,EARLY
CANONICAL_1a12b5b5250e,TRAIN,TEST,CLUST_0.70_00001,LATE
CANONICAL_1a131da136cc,VALIDATION,VALIDATION,CLUST_0.70_00038,LATE
CANONICAL_1a1a72c69937,TEST,TRAIN,CLUST_0.70_00008,LATE
CANONICAL_1a25a6854921,TEST,TEST,CLUST_0.70_00001,LATE
CANONICAL_1a2a2aa6cf7d,TRAIN,VALIDATION,CLUST_0.70_00065,LATE
CANONICAL_1a3216151275,VALIDATION,TEST,CLUST_0.70_00004,IMMEDIATE_EARLY
CANONICAL_1a33d98d45cf,TRAIN,VALIDATION,CLUST_0.70_00010,EARLY
CANONICAL_1a3af4760957,TRAIN,TEST,CLUST_0.70_00004,IMMEDIATE_EARLY
CANONICAL_1a3b20822192,TEST,TEST,CLUST_0.70_00015,LATE
CANONICAL_1a47e8aa3056,TEST,TRAIN,CLUST_0.70_00005,EARLY
CANONICAL_1a4a07a4bf01,VALIDATION,TRAIN,CLUST_0.70_00091,LATE
CANONICAL_1a4a424f554c,VALIDATION,TRAIN,CLUST_0.70_00005,EARLY
CANONICAL_1a4b889ee88c,TEST,VALIDATION,CLUST_0.70_00079,LATE
CANONICAL_1a4ceeafeb38,TRAIN,TRAIN,CLUST_0.70_00005,EARLY
CANONICAL_1a4e049e9d93,TRAIN,TRAIN,CLUST_0.70_00005,EARLY
CANONICAL_1a4f4a967a4f,TRAIN,VALIDATION,CLUST_0.70_00025,LATE
CANONICAL_1a5124dd0c24,TRAIN,TRAIN,CLUST_0.70_00005,EARLY
CANONICAL_1a5390bde3ff,TRAIN,VALIDATION,CLUST_0.70_00026,IMMEDIATE_EARLY
CANONICAL_1a5acfcf23f1,TRAIN,TRAIN,CLUST_0.70_00008,LATE
CANONICAL_1a5ea565d532,TRAIN,TRAIN,CLUST_0.70_00008,LATE
CANONICAL_1a63c5145ab2,TRAIN,TRAIN,CLUST_0.70_00008,LATE
CANONICAL_1a65e4cacd57,TRAIN,VALIDATION,CLUST_0.70_00017,LATE
CANONICAL_1a69a5050dff,TRAIN,TEST,CLUST_0.70_00015,LATE
CANONICAL_1a6d18b7503f,TRAIN,TRAIN,CLUST_0.70_00005,EARLY
CANONICAL_1a7315eca7d3,TRAIN,TRAIN,CLUST_0.70_00005,EARLY
CANONICAL_1a766f30f021,TEST,VALIDATION,CLUST_0.70_00064,LATE
CANONICAL_1a78418a080b,TEST,TEST,CLUST_0.70_00051,LATE
CANONICAL_1a7adebfa4c3,TRAIN,TEST,CLUST_0.70_00020,LATE
CANONICAL_1a85287266a6,TRAIN,TRAIN,CLUST_0.70_00005,LATE
CANONICAL_1a8d8063249d,TRAIN,TRAIN,CLUST_0.70_00005,LATE
CANONICAL_1a8ec673cd14,TRAIN,TRAIN,CLUST_0.70_00191,EARLY
CANONICAL_1a9185d69af2,TRAIN,TRAIN,CLUST_0.70_00005,EARLY
CANONICAL_1a9201d00a1d,TRAIN,TEST,CLUST_0.70_00018,LATE
CANONICAL_1a9392a9f094,TRAIN,TRAIN,CLUST_0.70_00005,LATE
CANONICAL_1a960f9e48a0,VALIDATION,TRAIN,CLUST_0.70_00005,EARLY
CANONICAL_1a96448943d6,TRAIN,TEST,CLUST_0.70_00080,LATE
CANONICAL_1a9af1e7705e,TRAIN,TEST,CLUST_0.70_00030,EARLY
CANONICAL_1a9db863a8eb,TRAIN,TEST,CLUST_0.70_00080,LATE
CANONICAL_1aa36919abd4,TRAIN,TRAIN,CLUST_0.70_00116,LATE
CANONICAL_1aa55e70c979,TRAIN,VALIDATION,CLUST_0.70_00055,LATE
CANONICAL_1aa66f04a8f3,TRAIN,TRAIN,CLUST_0.70_00005,EARLY
CANONICAL_1aaa82b127b4,TRAIN,VALIDATION,CLUST_0.70_00064,LATE
CANONICAL_1aad38869e58,TRAIN,TRAIN,CLUST_0.70_00005,LATE
CANONICAL_1ab061193970,TRAIN,VALIDATION,CLUST_0.70_00127,LATE
CANONICAL_1ab22354e80a,TRAIN,VALIDATION,CLUST_0.70_00038,LATE
CANONICAL_1ab472a4fb50,TRAIN,TEST,CLUST_0.70_00004,IMMEDIATE_EARLY
CANONICAL_1ab6768338d1,TRAIN,TRAIN,CLUST_0.70_00005,EARLY
CANONICAL_1abddb2efac9,TRAIN,TRAIN,CLUST_0.70_00005,LATE
CANONICAL_1abe6674c752,TRAIN,TEST,CLUST_0.70_00015,LATE
CANONICAL_1ac2ffc3e639,TRAIN,TRAIN,CLUST_0.70_00007,LATE
CANONICAL_1ac42404f10c,TRAIN,TEST,CLUST_0.70_00001,LATE
CANONICAL_1ac4ef411e49,VALIDATION,TEST,CLUST_0.70_00001,LATE
CANONICAL_1ad10c817a1f,TRAIN,TEST,CLUST_0.70_00052,LATE
CANONICAL_1ad40bb7d91d,TRAIN,TRAIN,CLUST_0.70_00005,EARLY
CANONICAL_1ad7bda462d3,TEST,TRAIN,CLUST_0.70_00005,LATE
CANONICAL_1ada9e4a5edc,TRAIN,VALIDATION,CLUST_0.70_00006,IMMEDIATE_EARLY
CANONICAL_1adbfe500e5f,TEST,VALIDATION,CLUST_0.70_00026,IMMEDIATE_EARLY
CANONICAL_1adf59c6a7c9,TRAIN,TRAIN,CLUST_0.70_00142,LATE
CANONICAL_1ae2d73d7d41,VALIDATION,TRAIN,CLUST_0.70_00005,EARLY
CANONICAL_1ae6974ab2d7,TEST,TRAIN,CLUST_0.70_00005,EARLY
CANONICAL_1ae8ce809e38,TRAIN,VALIDATION,CLUST_0.70_00010,EARLY
CANONICAL_1aebb33b4437,TRAIN,TRAIN,CLUST_0.70_00007,LATE
CANONICAL_1af29650098e,TRAIN,TRAIN,CLUST_0.70_00005,EARLY
CANONICAL_1af9a89696c7,TRAIN,TEST,CLUST_0.70_00030,EARLY
CANONICAL_1afcdb1f461d,VALIDATION,TRAIN,CLUST_0.70_00008,LATE
CANONICAL_1afe364535d7,TRAIN,TRAIN,CLUST_0.70_00008,LATE
CANONICAL_1b016ff5b35b,TRAIN,TRAIN,CLUST_0.70_00005,EARLY
CANONICAL_1b0a7734e1db,TRAIN,TRAIN,CLUST_0.70_00266,LATE
CANONICAL_1b0e4f1f673c,TEST,VALIDATION,CLUST_0.70_00065,LATE
CANONICAL_1b1958854d8f,TEST,TRAIN,CLUST_0.70_00008,LATE
CANONICAL_1b19f590e093,TRAIN,TRAIN,CLUST_0.70_00008,LATE
CANONICAL_1b1f29e30553,TRAIN,TRAIN,CLUST_0.70_00005,EARLY
CANONICAL_1b23c8917fa0,TEST,VALIDATION,CLUST_0.70_00055,LATE
CANONICAL_1b28fa7130e4,TRAIN,TRAIN,CLUST_0.70_00005,LATE
CANONICAL_1b296544aec5,TEST,TRAIN,CLUST_0.70_00005,LATE
CANONICAL_1b34e41f9dc5,TEST,TRAIN,CLUST_0.70_00056,LATE
CANONICAL_1b37767773c5,TEST,TRAIN,CLUST_0.70_00005,LATE
CANONICAL_1b38277c9942,TRAIN,TEST,CLUST_0.70_00001,LATE
CANONICAL_1b38938cc856,TRAIN,TRAIN,CLUST_0.70_00005,EARLY
CANONICAL_1b4257e87999,VALIDATION,TEST,CLUST_0.70_00015,LATE
CANONICAL_1b4bacb79314,TRAIN,TRAIN,CLUST_0.70_00005,EARLY
CANONICAL_1b4e67628095,TRAIN,TEST,CLUST_0.70_00071,LATE
CANONICAL_1b4f5fcf2c24,TRAIN,TEST,CLUST_0.70_00015,LATE
CANONICAL_1b52117803ed,TRAIN,VALIDATION,CLUST_0.70_00031,LATE
CANONICAL_1b553990868d,TRAIN,TRAIN,CLUST_0.70_00008,LATE
CANONICAL_1b556f381231,VALIDATION,TRAIN,CLUST_0.70_00231,IMMEDIATE_EARLY
CANONICAL_1b582a480f1e,TEST,TEST,CLUST_0.70_00071,LATE
CANONICAL_1b59cebc0ae3,TRAIN,TEST,CLUST_0.70_00071,LATE
CANONICAL_1b5df28ff7e7,TRAIN,TRAIN,CLUST_0.70_00005,LATE
CANONICAL_1b5e39386850,TEST,VALIDATION,CLUST_0.70_00029,LATE
CANONICAL_1b5fde97d29e,TRAIN,TRAIN,CLUST_0.70_00005,EARLY
CANONICAL_1b6275840fe3,TRAIN,TRAIN,CLUST_0.70_00047,LATE
CANONICAL_1b64d7327a6f,TRAIN,TRAIN,CLUST_0.70_00005,EARLY
CANONICAL_1b652a911d4b,TRAIN,TRAIN,CLUST_0.70_00007,LATE
CANONICAL_1b6d351efd64,TRAIN,VALIDATION,CLUST_0.70_00065,LATE
CANONICAL_1b718d4a5c1b,TRAIN,VALIDATION,CLUST_0.70_00106,LATE
CANONICAL_1b7682c2f3e4,VALIDATION,TRAIN,CLUST_0.70_00005,LATE
CANONICAL_1b7a796675b0,TRAIN,VALIDATION,CLUST_0.70_00058,LATE
CANONICAL_1b7b220b702e,TEST,TRAIN,CLUST_0.70_00008,LATE
CANONICAL_1b7da3e2068b,TRAIN,TRAIN,CLUST_0.70_00236,IMMEDIATE_EARLY
CANONICAL_1b7df92c5b77,TEST,TRAIN,CLUST_0.70_00008,LATE
CANONICAL_1b7ea115a7ab,TRAIN,VALIDATION,CLUST_0.70_00127,LATE
CANONICAL_1b85f5e8c423,TRAIN,TEST,CLUST_0.70_00052,LATE
CANONICAL_1b86b5d15539,TRAIN,TRAIN,CLUST_0.70_00062,LATE
CANONICAL_1b87e979bb87,VALIDATION,TRAIN,CLUST_0.70_00008,LATE
CANONICAL_1b89d715ec4a,TRAIN,VALIDATION,CLUST_0.70_00127,LATE
CANONICAL_1b8fba4e1ff6,TRAIN,TRAIN,CLUST_0.70_00194,LATE
CANONICAL_1b911cf9cbf1,TRAIN,TRAIN,CLUST_0.70_00075,LATE
CANONICAL_1ba22c655666,TRAIN,TRAIN,CLUST_0.70_00005,LATE
CANONICAL_1baf544daf60,TRAIN,TRAIN,CLUST_0.70_00008,LATE
CANONICAL_1bc02c17fd3a,TRAIN,TRAIN,CLUST_0.70_00148,LATE
CANONICAL_1bca7371dae6,TEST,TRAIN,CLUST_0.70_00008,LATE
CANONICAL_1bcd475fc440,TEST,TEST,CLUST_0.70_00037,LATE
CANONICAL_1bce8e09265c,TRAIN,TRAIN,CLUST_0.70_00008,LATE
CANONICAL_1be217bb228e,TRAIN,TEST,CLUST_0.70_00001,LATE
CANONICAL_1be4ad99a4a1,TRAIN,TRAIN,CLUST_0.70_00007,LATE
CANONICAL_1be5a71ba6f8,TRAIN,TRAIN,CLUST_0.70_00005,LATE
CANONICAL_1bf3f461f0a0,VALIDATION,TRAIN,CLUST_0.70_00007,LATE
CANONICAL_1bf63b651e19,TRAIN,TRAIN,CLUST_0.70_00008,LATE
CANONICAL_1bf6a0df9025,TEST,TRAIN,CLUST_0.70_00005,LATE
CANONICAL_1bfbbb99846c,TEST,TEST,CLUST_0.70_00001,LATE
CANONICAL_1bfbc14f7ba4,TRAIN,VALIDATION,CLUST_0.70_00040,EARLY
CANONICAL_1c05a0974789,TRAIN,TEST,CLUST_0.70_00030,EARLY
CANONICAL_1c0845f05ddb,TRAIN,TRAIN,CLUST_0.70_00005,LATE
CANONICAL_1c1022603a8e,VALIDATION,TRAIN,CLUST_0.70_00321,LATE
CANONICAL_1c10fc329666,TRAIN,TEST,CLUST_0.70_00001,LATE
CANONICAL_1c1728bb1955,TRAIN,VALIDATION,CLUST_0.70_00086,LATE
CANONICAL_1c1a60bc62f8,TRAIN,VALIDATION,CLUST_0.70_00190,LATE
CANONICAL_1c2a29840158,TRAIN,TEST,CLUST_0.70_00001,LATE
CANONICAL_1c302c3c19bb,TRAIN,VALIDATION,CLUST_0.70_00038,LATE
CANONICAL_1c3380b82b75,TRAIN,TRAIN,CLUST_0.70_00382,IMMEDIATE_EARLY
CANONICAL_1c3ca9069781,VALIDATION,TRAIN,CLUST_0.70_00005,LATE
CANONICAL_1c4149c54aab,VALIDATION,TRAIN,CLUST_0.70_00008,LATE
CANONICAL_1c4ca1d6d446,VALIDATION,TRAIN,CLUST_0.70_00005,LATE
CANONICAL_1c4d24463811,TEST,TRAIN,CLUST_0.70_00008,LATE
CANONICAL_1c4f70604851,TRAIN,TRAIN,CLUST_0.70_00008,LATE
CANONICAL_1c53058de033,TRAIN,TEST,CLUST_0.70_00001,LATE
CANONICAL_1c5633f15fd3,TRAIN,TRAIN,CLUST_0.70_00007,EARLY
CANONICAL_1c61ea2dd101,TRAIN,VALIDATION,CLUST_0.70_00079,LATE
CANONICAL_1c6ddb850c14,TRAIN,TRAIN,CLUST_0.70_00090,LATE
CANONICAL_1c6f568a6725,TRAIN,TRAIN,CLUST_0.70_00005,LATE
CANONICAL_1c6f6f72c47c,TRAIN,TRAIN,CLUST_0.70_00183,EARLY
CANONICAL_1c701f32f2d8,TRAIN,VALIDATION,CLUST_0.70_00079,LATE
CANONICAL_1c7135cfd3b5,TRAIN,TRAIN,CLUST_0.70_00005,EARLY
CANONICAL_1c74bc7b21cd,TEST,VALIDATION,CLUST_0.70_00079,LATE
CANONICAL_1c767548b47b,TEST,TRAIN,CLUST_0.70_00008,LATE
CANONICAL_1c7b58d4c713,TRAIN,TRAIN,CLUST_0.70_00007,EARLY
CANONICAL_1c9591f16df3,TRAIN,TEST,CLUST_0.70_00052,LATE
CANONICAL_1c9706da9048,VALIDATION,TRAIN,CLUST_0.70_00005,EARLY
CANONICAL_1c9f89a1b6fb,TRAIN,TRAIN,CLUST_0.70_00007,LATE
CANONICAL_1cab037a6aef,TRAIN,VALIDATION,CLUST_0.70_00026,IMMEDIATE_EARLY
CANONICAL_1cb006d24535,TRAIN,TRAIN,CLUST_0.70_00008,LATE
CANONICAL_1cb0a4f12c66,TRAIN,TEST,CLUST_0.70_00004,IMMEDIATE_EARLY
CANONICAL_1cb4318d9208,VALIDATION,TRAIN,CLUST_0.70_00008,LATE
CANONICAL_1cbb91bc2103,TRAIN,TRAIN,CLUST_0.70_00008,LATE
CANONICAL_1cbbc1dc8f88,TRAIN,TRAIN,CLUST_0.70_00005,LATE
CANONICAL_1cbd941ae86f,VALIDATION,TRAIN,CLUST_0.70_00005,LATE
CANONICAL_1cc25ab9eca8,TRAIN,TEST,CLUST_0.70_00037,LATE
CANONICAL_1cc3a426244e,TRAIN,TRAIN,CLUST_0.70_00005,EARLY
CANONICAL_1cc87d9d591a,TRAIN,VALIDATION,CLUST_0.70_00029,LATE
CANONICAL_1ccab8cce923,TRAIN,TRAIN,CLUST_0.70_00008,LATE
CANONICAL_1cd9288c6fdc,VALIDATION,VALIDATION,CLUST_0.70_00064,LATE
CANONICAL_1cd989b8f489,TRAIN,TEST,CLUST_0.70_00030,EARLY
CANONICAL_1cdbb4dc10f5,TEST,VALIDATION,CLUST_0.70_00010,LATE
CANONICAL_1cddbe4f2e17,VALIDATION,VALIDATION,CLUST_0.70_00010,EARLY
CANONICAL_1cdf62dd83e9,TRAIN,TRAIN,CLUST_0.70_00008,LATE
CANONICAL_1cdfab5bbe95,TRAIN,TRAIN,CLUST_0.70_00005,LATE
CANONICAL_1ce34e601c5c,TRAIN,TRAIN,CLUST_0.70_00005,LATE
CANONICAL_1ce9abcb6236,TRAIN,TRAIN,CLUST_0.70_00005,LATE
CANONICAL_1ce9d6796134,TEST,TEST,CLUST_0.70_00051,LATE
CANONICAL_1ceff92b5bd2,TRAIN,TEST,CLUST_0.70_00015,LATE
CANONICAL_1d006805a546,TRAIN,TRAIN,CLUST_0.70_00005,EARLY
CANONICAL_1d085f59d85a,TRAIN,TRAIN,CLUST_0.70_00008,LATE
CANONICAL_1d0974148d99,TRAIN,TEST,CLUST_0.70_00052,LATE
CANONICAL_1d09817f57c9,TRAIN,TEST,CLUST_0.70_00001,LATE
CANONICAL_1d0b8b382a2d,TRAIN,VALIDATION,CLUST_0.70_00017,LATE
CANONICAL_1d16a6f51afc,TEST,TRAIN,CLUST_0.70_00008,IMMEDIATE_EARLY
CANONICAL_1d1776e8b93e,TRAIN,TRAIN,CLUST_0.70_00005,LATE
CANONICAL_1d183a94f1aa,TRAIN,TRAIN,CLUST_0.70_00005,EARLY
CANONICAL_1d1936e09b56,TRAIN,TRAIN,CLUST_0.70_00005,EARLY
CANONICAL_1d1bad843a36,TRAIN,TRAIN,CLUST_0.70_00005,EARLY
CANONICAL_1d1c3e3e819e,TRAIN,TRAIN,CLUST_0.70_00005,EARLY
CANONICAL_1d1e5ad574f4,TRAIN,TEST,CLUST_0.70_00015,LATE
CANONICAL_1d201de44059,TRAIN,VALIDATION,CLUST_0.70_00059,LATE
CANONICAL_1d20361f02a0,TRAIN,TRAIN,CLUST_0.70_00231,IMMEDIATE_EARLY
CANONICAL_1d2401a9de63,TRAIN,TEST,CLUST_0.70_00018,EARLY
CANONICAL_1d27490803a7,TRAIN,TRAIN,CLUST_0.70_00005,LATE
CANONICAL_1d284f99f3cf,TRAIN,TEST,CLUST_0.70_00001,LATE
CANONICAL_1d28d3d4df1c,VALIDATION,TRAIN,CLUST_0.70_00098,LATE
CANONICAL_1d2a34415067,TEST,VALIDATION,CLUST_0.70_00006,IMMEDIATE_EARLY
CANONICAL_1d30152a16a1,TEST,TRAIN,CLUST_0.70_00005,LATE
CANONICAL_1d307ae2d8c1,TRAIN,TRAIN,CLUST_0.70_00047,LATE
CANONICAL_1d34ac5bab55,TRAIN,VALIDATION,CLUST_0.70_00190,LATE
CANONICAL_1d3a995cb097,TRAIN,TRAIN,CLUST_0.70_00049,IMMEDIATE_EARLY
CANONICAL_1d3bae07e5e9,TRAIN,VALIDATION,CLUST_0.70_00038,LATE
CANONICAL_1d41fa351561,TRAIN,TRAIN,CLUST_0.70_00008,LATE
CANONICAL_1d4b4aff7bb5,TRAIN,VALIDATION,CLUST_0.70_00059,LATE
CANONICAL_1d4ec0bd9882,TRAIN,TEST,CLUST_0.70_00015,LATE
CANONICAL_1d4f3f86c922,TRAIN,TRAIN,CLUST_0.70_00005,LATE
CANONICAL_1d582d89caed,TEST,VALIDATION,CLUST_0.70_00017,LATE
CANONICAL_1d597a4b63be,TRAIN,TRAIN,CLUST_0.70_00005,EARLY
CANONICAL_1d5acb5ccc66,TRAIN,TRAIN,CLUST_0.70_00421,EARLY
CANONICAL_1d5b346db34d,TEST,TEST,CLUST_0.70_00051,LATE
CANONICAL_1d5c2f135c51,VALIDATION,TEST,CLUST_0.70_00030,EARLY
CANONICAL_1d6aff61a1db,TRAIN,TRAIN,CLUST_0.70_00007,LATE
CANONICAL_1d6b4d8ec3ff,TRAIN,TRAIN,CLUST_0.70_00005,LATE
CANONICAL_1d6e87986b1a,TRAIN,TRAIN,CLUST_0.70_00008,LATE
CANONICAL_1d73f4417df3,TRAIN,TEST,CLUST_0.70_00004,IMMEDIATE_EARLY
CANONICAL_1d74ea6910fa,TRAIN,TRAIN,CLUST_0.70_00005,LATE
CANONICAL_1d8d32d72a46,TRAIN,TRAIN,CLUST_0.70_00005,EARLY
CANONICAL_1d8e5f28b4f1,TRAIN,TRAIN,CLUST_0.70_00056,LATE
CANONICAL_1d8f08874098,TRAIN,VALIDATION,CLUST_0.70_00029,LATE
CANONICAL_1d8f71394119,VALIDATION,VALIDATION,CLUST_0.70_00010,EARLY
CANONICAL_1d90b65d5cfc,TRAIN,TEST,CLUST_0.70_00052,LATE
CANONICAL_1d954a460760,TRAIN,VALIDATION,CLUST_0.70_00038,LATE
CANONICAL_1d98fb478d8b,TRAIN,TRAIN,CLUST_0.70_00005,EARLY
CANONICAL_1d9a8676b6e4,TRAIN,TRAIN,CLUST_0.70_00005,EARLY
CANONICAL_1d9d3cbd2e89,TRAIN,VALIDATION,CLUST_0.70_00190,LATE
CANONICAL_1d9e463e8ce1,TRAIN,TRAIN,CLUST_0.70_00123,IMMEDIATE_EARLY
CANONICAL_1d9fe4391068,TRAIN,TEST,CLUST_0.70_00030,EARLY
CANONICAL_1da43478205e,TRAIN,TEST,CLUST_0.70_00001,LATE
CANONICAL_1da620948bc1,TEST,TRAIN,CLUST_0.70_00005,EARLY
CANONICAL_1db357202344,TRAIN,TRAIN,CLUST_0.70_00005,EARLY
CANONICAL_1db6718a0f8b,TRAIN,TEST,CLUST_0.70_00020,LATE
CANONICAL_1dbb13d9e353,TRAIN,VALIDATION,CLUST_0.70_00065,LATE
CANONICAL_1dbd27d90fd8,TRAIN,VALIDATION,CLUST_0.70_00038,LATE
CANONICAL_1dc644ec9c72,TEST,TRAIN,CLUST_0.70_00008,LATE
CANONICAL_1dc6dc4c25b4,TRAIN,VALIDATION,CLUST_0.70_00029,LATE
CANONICAL_1dc799277dfd,TRAIN,TRAIN,CLUST_0.70_00005,LATE
CANONICAL_1dd008b1e2ea,TRAIN,TRAIN,CLUST_0.70_00199,LATE
CANONICAL_1dd2148d889c,TRAIN,TRAIN,CLUST_0.70_00008,LATE
CANONICAL_1dd23bdb802a,TRAIN,VALIDATION,CLUST_0.70_00190,LATE
CANONICAL_1dda4ac3cf47,TRAIN,TRAIN,CLUST_0.70_00078,LATE
CANONICAL_1ddeb804a522,TRAIN,TRAIN,CLUST_0.70_00005,LATE
CANONICAL_1dea43f37045,TRAIN,VALIDATION,CLUST_0.70_00006,IMMEDIATE_EARLY
CANONICAL_1debc87768e6,TRAIN,TRAIN,CLUST_0.70_00005,EARLY
CANONICAL_1df550794686,TEST,TRAIN,CLUST_0.70_00005,EARLY
CANONICAL_1df5f6882d77,TRAIN,TRAIN,CLUST_0.70_00164,LATE
CANONICAL_1df88d8a4ccd,TRAIN,TRAIN,CLUST_0.70_00008,LATE
CANONICAL_1dfb6b5c1c9d,TRAIN,TRAIN,CLUST_0.70_00005,LATE
CANONICAL_1dfd56b71e7d,VALIDATION,TRAIN,CLUST_0.70_00008,LATE
CANONICAL_1dfd79d28c47,TRAIN,TRAIN,CLUST_0.70_00007,LATE
CANONICAL_1e009b13d252,TRAIN,VALIDATION,CLUST_0.70_00017,LATE
CANONICAL_1e0127c9712f,TRAIN,VALIDATION,CLUST_0.70_00029,LATE
CANONICAL_1e0295c7caa4,TRAIN,VALIDATION,CLUST_0.70_00055,LATE
CANONICAL_1e029854723e,TRAIN,TRAIN,CLUST_0.70_00005,EARLY
CANONICAL_1e05a3474504,TRAIN,TRAIN,CLUST_0.70_00005,EARLY
CANONICAL_1e06f422ed3a,TEST,TRAIN,CLUST_0.70_00007,LATE
CANONICAL_1e0ac350eea1,TRAIN,TEST,CLUST_0.70_00001,LATE
CANONICAL_1e0b8691db62,TEST,TRAIN,CLUST_0.70_00098,LATE
CANONICAL_1e0f9e035efc,TRAIN,TRAIN,CLUST_0.70_00005,EARLY
CANONICAL_1e109040beae,TRAIN,VALIDATION,CLUST_0.70_00190,LATE
CANONICAL_1e14f0a95312,TEST,TRAIN,CLUST_0.70_00005,EARLY
CANONICAL_1e2560989e32,TRAIN,TRAIN,CLUST_0.70_00007,LATE
CANONICAL_1e271df128f8,TRAIN,TRAIN,CLUST_0.70_00005,LATE
CANONICAL_1e3198989e77,TRAIN,TRAIN,CLUST_0.70_00056,LATE
CANONICAL_1e333abc7d47,TRAIN,TRAIN,CLUST_0.70_00007,LATE
CANONICAL_1e3602c71b97,TRAIN,TRAIN,CLUST_0.70_00007,LATE
CANONICAL_1e36cbac45ec,TRAIN,TRAIN,CLUST_0.70_00005,EARLY
CANONICAL_1e36e2255b04,VALIDATION,VALIDATION,CLUST_0.70_00064,LATE
CANONICAL_1e38089fd06a,TRAIN,TRAIN,CLUST_0.70_00005,LATE
CANONICAL_1e39ea940c86,TRAIN,TRAIN,CLUST_0.70_00008,LATE
CANONICAL_1e3c2d30969c,TEST,TRAIN,CLUST_0.70_00005,LATE
CANONICAL_1e3f00685c92,TEST,TEST,CLUST_0.70_00020,LATE
CANONICAL_1e3f2ae1628c,TRAIN,TRAIN,CLUST_0.70_00005,EARLY
CANONICAL_1e3ffd8e836d,TRAIN,VALIDATION,CLUST_0.70_00041,EARLY
CANONICAL_1e4a5b65a8ac,VALIDATION,TRAIN,CLUST_0.70_00005,LATE
CANONICAL_1e4d5831d28a,TRAIN,TEST,CLUST_0.70_00004,IMMEDIATE_EARLY
CANONICAL_1e4e1994f87f,TEST,TEST,CLUST_0.70_00004,IMMEDIATE_EARLY
CANONICAL_1e57da0efc25,TRAIN,TEST,CLUST_0.70_00015,LATE
CANONICAL_1e5a1ca0f87a,TRAIN,TRAIN,CLUST_0.70_00411,EARLY
CANONICAL_1e5a2b1f2042,TRAIN,TEST,CLUST_0.70_00015,LATE
CANONICAL_1e5b625655d2,VALIDATION,TEST,CLUST_0.70_00015,LATE
CANONICAL_1e5d6c63177a,TEST,VALIDATION,CLUST_0.70_00025,LATE
CANONICAL_1e5f1c8d107c,VALIDATION,TEST,CLUST_0.70_00052,LATE
CANONICAL_1e620f5f1200,TRAIN,VALIDATION,CLUST_0.70_00040,EARLY
CANONICAL_1e66fb68fb2c,TRAIN,TRAIN,CLUST_0.70_00008,LATE
CANONICAL_1e6a222bb7c6,TRAIN,TEST,CLUST_0.70_00030,EARLY
CANONICAL_1e6efa813535,TEST,TRAIN,CLUST_0.70_00005,EARLY
CANONICAL_1e72a9c4953b,VALIDATION,TEST,CLUST_0.70_00030,EARLY
CANONICAL_1e767836dd37,TRAIN,TRAIN,CLUST_0.70_00105,LATE
CANONICAL_1e7a3f4b38a4,TRAIN,TRAIN,CLUST_0.70_00007,EARLY
CANONICAL_1e7c26137800,TRAIN,TRAIN,CLUST_0.70_00197,IMMEDIATE_EARLY
CANONICAL_1e7c48c9d74d,TRAIN,TRAIN,CLUST_0.70_00005,LATE
CANONICAL_1e7e477e96b8,TEST,TRAIN,CLUST_0.70_00008,EARLY
CANONICAL_1e7ee76b6b30,VALIDATION,TRAIN,CLUST_0.70_00005,EARLY
CANONICAL_1e7f4b568e8a,VALIDATION,TRAIN,CLUST_0.70_00007,LATE
CANONICAL_1e87a8dea8dd,TRAIN,TRAIN,CLUST_0.70_00008,LATE
CANONICAL_1e87bfd6d33e,TRAIN,TRAIN,CLUST_0.70_00005,LATE
CANONICAL_1e882d7065f8,TRAIN,TEST,CLUST_0.70_00004,IMMEDIATE_EARLY
CANONICAL_1e8ad3e0b8b0,TRAIN,TRAIN,CLUST_0.70_00005,EARLY
CANONICAL_1e8bba16e258,VALIDATION,TEST,CLUST_0.70_00071,LATE
CANONICAL_1e8e8228b865,TRAIN,TRAIN,CLUST_0.70_00005,EARLY
CANONICAL_1e904d944019,TRAIN,VALIDATION,CLUST_0.70_00031,LATE
CANONICAL_1e918fd5af77,VALIDATION,VALIDATION,CLUST_0.70_00028,EARLY
CANONICAL_1e9f00821725,TRAIN,TRAIN,CLUST_0.70_00222,LATE
CANONICAL_1ea867f139b0,TEST,TRAIN,CLUST_0.70_00005,EARLY
CANONICAL_1ea90f4dcde2,VALIDATION,TRAIN,CLUST_0.70_00005,EARLY
CANONICAL_1eaf90116e23,TRAIN,TRAIN,CLUST_0.70_00008,LATE
CANONICAL_1eb11a5584d5,TRAIN,TRAIN,CLUST_0.70_00375,LATE
CANONICAL_1eb6c1c85a8f,TRAIN,TRAIN,CLUST_0.70_00007,LATE
CANONICAL_1eb93ee2e8f0,TRAIN,TRAIN,CLUST_0.70_00007,EARLY
CANONICAL_1ebadd09bc8d,TRAIN,VALIDATION,CLUST_0.70_00029,LATE
CANONICAL_1ebf5f7aecc8,TRAIN,TRAIN,CLUST_0.70_00075,LATE
CANONICAL_1ec538016b79,TRAIN,TRAIN,CLUST_0.70_00005,EARLY
CANONICAL_1ed017c22b8e,TRAIN,TRAIN,CLUST_0.70_00005,EARLY
CANONICAL_1ed22200e609,TRAIN,TRAIN,CLUST_0.70_00007,EARLY
CANONICAL_1ed4df16e151,TRAIN,TRAIN,CLUST_0.70_00008,LATE
CANONICAL_1edb1ce721b6,TRAIN,TRAIN,CLUST_0.70_00005,EARLY
CANONICAL_1edd4d098472,TEST,TRAIN,CLUST_0.70_00005,LATE
CANONICAL_1ede1880e814,TRAIN,TRAIN,CLUST_0.70_00005,EARLY
CANONICAL_1ee2cc056896,TEST,TEST,CLUST_0.70_00080,LATE
CANONICAL_1eef6d492a99,TRAIN,TRAIN,CLUST_0.70_00222,LATE
CANONICAL_1ef257e434ce,TRAIN,TRAIN,CLUST_0.70_00002,LATE
CANONICAL_1efa4f03723a,TRAIN,TRAIN,CLUST_0.70_00005,LATE
CANONICAL_1efa61809cc6,TRAIN,TRAIN,CLUST_0.70_00224,LATE
CANONICAL_1f0937a23799,TEST,TRAIN,CLUST_0.70_00056,LATE
CANONICAL_1f097c048428,TRAIN,TRAIN,CLUST_0.70_00005,EARLY
CANONICAL_1f0b59a11993,VALIDATION,VALIDATION,CLUST_0.70_00086,LATE
CANONICAL_1f0e46099849,TRAIN,TRAIN,CLUST_0.70_00005,EARLY
CANONICAL_1f1032f0f70e,TEST,TRAIN,CLUST_0.70_00007,LATE
CANONICAL_1f14d73b6207,TRAIN,TEST,CLUST_0.70_00001,LATE
CANONICAL_1f14fa6af5f4,VALIDATION,TRAIN,CLUST_0.70_00005,EARLY
CANONICAL_1f1681ecb120,TRAIN,TRAIN,CLUST_0.70_00008,LATE
CANONICAL_1f16d7a87ee9,TRAIN,TRAIN,CLUST_0.70_00005,EARLY
CANONICAL_1f1993f4a212,TEST,TEST,CLUST_0.70_00004,IMMEDIATE_EARLY
CANONICAL_1f2093d45682,TRAIN,TEST,CLUST_0.70_00018,LATE
CANONICAL_1f20afac6b54,TRAIN,TRAIN,CLUST_0.70_00005,LATE
CANONICAL_1f20fc6ce328,TRAIN,TEST,CLUST_0.70_00015,LATE
CANONICAL_1f23ae90c391,TRAIN,TRAIN,CLUST_0.70_00005,EARLY
CANONICAL_1f28e6a76849,TRAIN,TRAIN,CLUST_0.70_00008,LATE
CANONICAL_1f2ef24fc0c4,VALIDATION,TEST,CLUST_0.70_00037,LATE
CANONICAL_1f34ce735b69,TRAIN,TRAIN,CLUST_0.70_00133,LATE
CANONICAL_1f4774fb066a,TRAIN,TRAIN,CLUST_0.70_00008,LATE
CANONICAL_1f4ae71ace2b,TEST,TRAIN,CLUST_0.70_00005,EARLY
CANONICAL_1f4afdd81125,TRAIN,VALIDATION,CLUST_0.70_00029,LATE
CANONICAL_1f4dc9c7c51c,TEST,TRAIN,CLUST_0.70_00005,LATE
CANONICAL_1f55e5c1ce28,TRAIN,VALIDATION,CLUST_0.70_00190,LATE
CANONICAL_1f58a2cb7ceb,TRAIN,VALIDATION,CLUST_0.70_00064,LATE
CANONICAL_1f5fb93b40cd,VALIDATION,TEST,CLUST_0.70_00052,LATE
CANONICAL_1f5fdc797003,TEST,TRAIN,CLUST_0.70_00047,LATE
CANONICAL_1f776b30019a,TEST,TEST,CLUST_0.70_00030,EARLY
CANONICAL_1f7c866cf97f,TRAIN,VALIDATION,CLUST_0.70_00028,EARLY
CANONICAL_1f7d20e8bd71,TRAIN,TEST,CLUST_0.70_00015,LATE
CANONICAL_1f81076cc62d,TRAIN,TRAIN,CLUST_0.70_00068,LATE
CANONICAL_1f851f7f8ce0,TRAIN,TRAIN,CLUST_0.70_00005,EARLY
CANONICAL_1f855e47456d,TRAIN,TRAIN,CLUST_0.70_00005,LATE
CANONICAL_1f8b9a802d35,TRAIN,TRAIN,CLUST_0.70_00007,EARLY
CANONICAL_1f8df2b1ba87,TRAIN,TEST,CLUST_0.70_00080,LATE
CANONICAL_1f8f26ad1e0a,TRAIN,TEST,CLUST_0.70_00015,LATE
CANONICAL_1f94200c5b28,TEST,TRAIN,CLUST_0.70_00191,EARLY
CANONICAL_1f9d60e117f6,VALIDATION,TEST,CLUST_0.70_00052,LATE
CANONICAL_1fa11050aa10,TEST,VALIDATION,CLUST_0.70_00031,LATE
CANONICAL_1fa5896bdc76,TRAIN,TEST,CLUST_0.70_00001,LATE
CANONICAL_1fa77ab9f85c,TEST,TRAIN,CLUST_0.70_00008,LATE
CANONICAL_1fae732067cc,TEST,TRAIN,CLUST_0.70_00005,LATE
CANONICAL_1fb6ec3dc637,TRAIN,VALIDATION,CLUST_0.70_00055,LATE
CANONICAL_1fb943ccd5a6,TEST,TRAIN,CLUST_0.70_00008,IMMEDIATE_EARLY
CANONICAL_1fbcc4e52e70,TRAIN,VALIDATION,CLUST_0.70_00026,IMMEDIATE_EARLY
CANONICAL_1fbd57f09996,TRAIN,VALIDATION,CLUST_0.70_00127,LATE
CANONICAL_1fbfad616ab6,TRAIN,TRAIN,CLUST_0.70_00410,LATE
CANONICAL_1fc05d20dedb,TEST,TRAIN,CLUST_0.70_00008,LATE
CANONICAL_1fc316d90179,TRAIN,VALIDATION,CLUST_0.70_00058,LATE
CANONICAL_1fc566f67218,TRAIN,TRAIN,CLUST_0.70_00008,LATE
CANONICAL_1fc754df3bae,TRAIN,TRAIN,CLUST_0.70_00008,LATE
CANONICAL_1fcb87ac2114,TEST,TRAIN,CLUST_0.70_00005,LATE
CANONICAL_1fcc10d241a1,TRAIN,TRAIN,CLUST_0.70_00005,EARLY
CANONICAL_1fd2dd37c8f8,TRAIN,TRAIN,CLUST_0.70_00005,EARLY
CANONICAL_1fd462a7ed7d,TRAIN,TRAIN,CLUST_0.70_00005,LATE
CANONICAL_1fd9dda9bbb6,TRAIN,VALIDATION,CLUST_0.70_00127,LATE
CANONICAL_1fdf44b33035,TEST,TEST,CLUST_0.70_00037,LATE
CANONICAL_1fe75fc098fb,TRAIN,TEST,CLUST_0.70_00001,LATE
CANONICAL_1ff2f31967c0,TRAIN,TRAIN,CLUST_0.70_00005,LATE
CANONICAL_1ff80f336946,TEST,TRAIN,CLUST_0.70_00007,LATE
CANONICAL_1ffcdaea11c1,VALIDATION,TEST,CLUST_0.70_00015,LATE
CANONICAL_1fff5cbcb638,TRAIN,VALIDATION,CLUST_0.70_00041,EARLY
CANONICAL_1ffff4332a70,TRAIN,TRAIN,CLUST_0.70_00008,LATE
CANONICAL_2004ce75f5d2,TRAIN,VALIDATION,CLUST_0.70_00026,IMMEDIATE_EARLY
CANONICAL_20061bbd252d,TEST,TEST,CLUST_0.70_00071,LATE
CANONICAL_200c0228f88d,VALIDATION,VALIDATION,CLUST_0.70_00028,EARLY
CANONICAL_201474eff628,TRAIN,TRAIN,CLUST_0.70_00005,EARLY
CANONICAL_201a8cc984f9,TRAIN,TRAIN,CLUST_0.70_00005,EARLY
CANONICAL_20264a634c03,TRAIN,VALIDATION,CLUST_0.70_00025,LATE
CANONICAL_2027a0edd42e,VALIDATION,TRAIN,CLUST_0.70_00007,IMMEDIATE_EARLY
CANONICAL_202824d97ea0,VALIDATION,TRAIN,CLUST_0.70_00005,LATE
CANONICAL_2029eb900af6,VALIDATION,TRAIN,CLUST_0.70_00008,LATE
CANONICAL_202d3acae4d0,VALIDATION,TRAIN,CLUST_0.70_00007,EARLY
CANONICAL_203b66f9d30b,TEST,VALIDATION,CLUST_0.70_00169,LATE
CANONICAL_203ca7addfc1,TRAIN,TEST,CLUST_0.70_00080,LATE
CANONICAL_203d6ce9ad05,TEST,TRAIN,CLUST_0.70_00135,LATE
CANONICAL_203fbe15d40c,TEST,TRAIN,CLUST_0.70_00008,LATE
CANONICAL_20406829f27a,VALIDATION,TRAIN,CLUST_0.70_00008,LATE
CANONICAL_20433c3c2a80,TRAIN,TRAIN,CLUST_0.70_00008,LATE
CANONICAL_20453d70c4f6,VALIDATION,TRAIN,CLUST_0.70_00008,LATE
CANONICAL_204ac66a8856,VALIDATION,TRAIN,CLUST_0.70_00437,LATE
CANONICAL_205d72843ab3,TRAIN,VALIDATION,CLUST_0.70_00079,LATE
CANONICAL_205ea63f2fa4,TRAIN,TRAIN,CLUST_0.70_00005,LATE
CANONICAL_20610e1f8a6f,TRAIN,TRAIN,CLUST_0.70_00005,EARLY
CANONICAL_20623c49b32d,TRAIN,TRAIN,CLUST_0.70_00005,LATE
CANONICAL_2062aed63e0d,TRAIN,TEST,CLUST_0.70_00015,LATE
CANONICAL_2063738cf064,VALIDATION,VALIDATION,CLUST_0.70_00190,LATE
CANONICAL_20645e8f4dea,TRAIN,TRAIN,CLUST_0.70_00005,LATE
CANONICAL_206487f2626b,TRAIN,VALIDATION,CLUST_0.70_00086,LATE
CANONICAL_2065c00d0540,TEST,TEST,CLUST_0.70_00004,IMMEDIATE_EARLY
CANONICAL_206c5c10ce50,TRAIN,TRAIN,CLUST_0.70_00008,LATE
CANONICAL_2070f6a38633,TRAIN,TRAIN,CLUST_0.70_00008,LATE
CANONICAL_20718334feae,TRAIN,TRAIN,CLUST_0.70_00426,LATE
CANONICAL_20729ad19c7b,TRAIN,TRAIN,CLUST_0.70_00008,LATE
CANONICAL_207313769f18,VALIDATION,VALIDATION,CLUST_0.70_00055,LATE
CANONICAL_207687afc760,TRAIN,TRAIN,CLUST_0.70_00005,LATE
CANONICAL_2083b648c51f,TEST,TRAIN,CLUST_0.70_00047,LATE
CANONICAL_2086b5d3de11,TEST,TRAIN,CLUST_0.70_00005,LATE
CANONICAL_2088571857da,TRAIN,TRAIN,CLUST_0.70_00062,LATE
CANONICAL_2090d72a6cd7,TEST,TRAIN,CLUST_0.70_00047,LATE
CANONICAL_20941f0660dc,TRAIN,VALIDATION,CLUST_0.70_00031,LATE
CANONICAL_2095b007fda6,TRAIN,TRAIN,CLUST_0.70_00008,LATE
CANONICAL_209fad9ebd69,TRAIN,TRAIN,CLUST_0.70_00008,LATE
CANONICAL_20a39e41709d,VALIDATION,TRAIN,CLUST_0.70_00005,LATE
CANONICAL_20a6d69e1324,TRAIN,VALIDATION,CLUST_0.70_00010,EARLY
CANONICAL_20a87e858697,TRAIN,TEST,CLUST_0.70_00004,IMMEDIATE_EARLY
CANONICAL_20aaf784fc11,TEST,TRAIN,CLUST_0.70_00005,EARLY
CANONICAL_20b04a122147,TRAIN,TEST,CLUST_0.70_00001,LATE
CANONICAL_20b3e457ba1f,TRAIN,VALIDATION,CLUST_0.70_00031,LATE
CANONICAL_20c251d7fdda,TRAIN,TRAIN,CLUST_0.70_00275,EARLY
CANONICAL_20c358a890b4,TRAIN,TEST,CLUST_0.70_00004,IMMEDIATE_EARLY
CANONICAL_20c6ab32cc78,VALIDATION,TRAIN,CLUST_0.70_00005,EARLY
CANONICAL_20cebfac103e,VALIDATION,TEST,CLUST_0.70_00015,LATE
CANONICAL_20d05323c65c,TRAIN,TEST,CLUST_0.70_00071,LATE
CANONICAL_20d525d00e28,TRAIN,TRAIN,CLUST_0.70_00008,LATE
CANONICAL_20d5436c3deb,TRAIN,TEST,CLUST_0.70_00030,EARLY
CANONICAL_20dfa729d5ad,TRAIN,TRAIN,CLUST_0.70_00005,EARLY
CANONICAL_20e1e2ce6d6a,TRAIN,TRAIN,CLUST_0.70_00005,EARLY
CANONICAL_20e2d5e45200,TRAIN,VALIDATION,CLUST_0.70_00028,EARLY
CANONICAL_20eece5c47ad,TRAIN,TRAIN,CLUST_0.70_00005,EARLY
CANONICAL_20f8b0d9c6f6,TRAIN,TEST,CLUST_0.70_00004,IMMEDIATE_EARLY
CANONICAL_20ff87159cf5,VALIDATION,VALIDATION,CLUST_0.70_00106,LATE
CANONICAL_21038d1a1120,TRAIN,TEST,CLUST_0.70_00018,LATE
CANONICAL_2104c52b2d6b,TRAIN,TRAIN,CLUST_0.70_00005,LATE
CANONICAL_210debf77abe,VALIDATION,TEST,CLUST_0.70_00030,EARLY
CANONICAL_2111feee6a1c,VALIDATION,TEST,CLUST_0.70_00018,LATE
CANONICAL_2114671bf122,TRAIN,TEST,CLUST_0.70_00030,EARLY
CANONICAL_2115a1c2a2ad,TRAIN,VALIDATION,CLUST_0.70_00086,LATE
CANONICAL_2116f4e49620,TRAIN,TRAIN,CLUST_0.70_00005,LATE
CANONICAL_211b66905884,TEST,TEST,CLUST_0.70_00030,EARLY
CANONICAL_211dbf559806,VALIDATION,TRAIN,CLUST_0.70_00007,LATE
CANONICAL_21213fd978e5,TRAIN,TEST,CLUST_0.70_00030,EARLY
CANONICAL_212836dec808,TRAIN,TRAIN,CLUST_0.70_00005,LATE
CANONICAL_2129736427a1,TRAIN,TEST,CLUST_0.70_00015,LATE
CANONICAL_212986d3d5f4,TRAIN,TRAIN,CLUST_0.70_00008,LATE
CANONICAL_212d4533b884,TRAIN,TRAIN,CLUST_0.70_00005,EARLY
CANONICAL_212de703968e,VALIDATION,TRAIN,CLUST_0.70_00005,EARLY
CANONICAL_2138228e8e42,TRAIN,TRAIN,CLUST_0.70_00008,LATE
CANONICAL_2138af44b974,TRAIN,TRAIN,CLUST_0.70_00005,EARLY
CANONICAL_213b32f6f09d,VALIDATION,TEST,CLUST_0.70_00030,EARLY
CANONICAL_2140c8dc0d5b,TRAIN,TEST,CLUST_0.70_00001,LATE
CANONICAL_214318e49609,TRAIN,TRAIN,CLUST_0.70_00008,LATE
CANONICAL_2143dbd3414f,TRAIN,VALIDATION,CLUST_0.70_00036,EARLY
CANONICAL_2146be998d77,TRAIN,VALIDATION,CLUST_0.70_00006,IMMEDIATE_EARLY
CANONICAL_2149f67efe9c,TRAIN,TRAIN,CLUST_0.70_00008,LATE
CANONICAL_214bee5fc93f,TEST,TRAIN,CLUST_0.70_00005,LATE
CANONICAL_214c1c09514c,TRAIN,VALIDATION,CLUST_0.70_00038,LATE
CANONICAL_214cde4527e4,VALIDATION,VALIDATION,CLUST_0.70_00025,LATE
CANONICAL_214d4148ff1d,TRAIN,VALIDATION,CLUST_0.70_00029,LATE
CANONICAL_214d9bfd48f1,TRAIN,TRAIN,CLUST_0.70_00007,LATE
CANONICAL_21536a8e2476,VALIDATION,VALIDATION,CLUST_0.70_00029,LATE
CANONICAL_215487511bc1,TRAIN,TEST,CLUST_0.70_00080,LATE
CANONICAL_2157dc633072,TRAIN,TRAIN,CLUST_0.70_00436,EARLY
CANONICAL_216037c06ee6,TRAIN,VALIDATION,CLUST_0.70_00040,EARLY
CANONICAL_2165741ce58a,TRAIN,TEST,CLUST_0.70_00030,EARLY
CANONICAL_2173bced0e64,TRAIN,TRAIN,CLUST_0.70_00007,LATE
CANONICAL_21763f54e077,TRAIN,VALIDATION,CLUST_0.70_00038,LATE
CANONICAL_2177c2cc5aad,TRAIN,TRAIN,CLUST_0.70_00007,LATE
CANONICAL_217896724e4b,TRAIN,TEST,CLUST_0.70_00030,EARLY
CANONICAL_2178e968f991,VALIDATION,TEST,CLUST_0.70_00030,EARLY
CANONICAL_217ae77588f9,TEST,TEST,CLUST_0.70_00030,EARLY
CANONICAL_217b2e812859,VALIDATION,TEST,CLUST_0.70_00001,LATE
CANONICAL_217c4382cc5d,VALIDATION,VALIDATION,CLUST_0.70_00055,LATE
CANONICAL_217e728243e4,TRAIN,TRAIN,CLUST_0.70_00257,LATE
CANONICAL_218200bf7457,VALIDATION,TRAIN,CLUST_0.70_00008,EARLY
CANONICAL_21834cac32f6,TEST,TEST,CLUST_0.70_00018,LATE
CANONICAL_21857b3fcec8,TRAIN,VALIDATION,CLUST_0.70_00059,LATE
CANONICAL_218925d5f418,TEST,TEST,CLUST_0.70_00004,IMMEDIATE_EARLY
CANONICAL_218cf7d84693,TRAIN,TRAIN,CLUST_0.70_00008,LATE
CANONICAL_21983768c025,TRAIN,TRAIN,CLUST_0.70_00047,LATE
CANONICAL_219af690a1ef,TRAIN,TRAIN,CLUST_0.70_00005,LATE
CANONICAL_219b99bb7c6b,TRAIN,TRAIN,CLUST_0.70_00227,LATE
CANONICAL_219c34d72fca,TRAIN,TEST,CLUST_0.70_00001,LATE
CANONICAL_21a0e2a0d7aa,TRAIN,TRAIN,CLUST_0.70_00005,EARLY
CANONICAL_21a8154d3106,TRAIN,TRAIN,CLUST_0.70_00321,LATE
CANONICAL_21ac8f479109,TRAIN,VALIDATION,CLUST_0.70_00079,LATE
CANONICAL_21aeda125bf6,TRAIN,TRAIN,CLUST_0.70_00024,LATE
CANONICAL_21b0f48dbe41,TRAIN,TRAIN,CLUST_0.70_00102,LATE
CANONICAL_21b1b3fc1949,TRAIN,TRAIN,CLUST_0.70_00005,EARLY
CANONICAL_21b1f93780c6,VALIDATION,TRAIN,CLUST_0.70_00318,IMMEDIATE_EARLY
CANONICAL_21b31bd5ec8d,VALIDATION,TRAIN,CLUST_0.70_00174,LATE
CANONICAL_21bb09cc7a51,TRAIN,TRAIN,CLUST_0.70_00007,LATE
CANONICAL_21bbc5141b7d,TRAIN,TEST,CLUST_0.70_00018,EARLY
CANONICAL_21be65b39366,TEST,TRAIN,CLUST_0.70_00008,LATE
CANONICAL_21c05bc2964e,TRAIN,TEST,CLUST_0.70_00037,LATE
CANONICAL_21c66c27396b,TRAIN,VALIDATION,CLUST_0.70_00026,IMMEDIATE_EARLY
CANONICAL_21c877ceca36,TRAIN,TEST,CLUST_0.70_00030,EARLY
CANONICAL_21c943df9756,TRAIN,TRAIN,CLUST_0.70_00005,EARLY
CANONICAL_21cc49f09a65,TEST,VALIDATION,CLUST_0.70_00017,LATE
CANONICAL_21cfd78da878,TEST,VALIDATION,CLUST_0.70_00106,LATE
CANONICAL_21d0a71a93c0,TEST,VALIDATION,CLUST_0.70_00055,LATE
CANONICAL_21d12f200d67,TEST,TRAIN,CLUST_0.70_00164,LATE
CANONICAL_21d23ced3012,VALIDATION,TRAIN,CLUST_0.70_00005,LATE
CANONICAL_21dc07429ba6,VALIDATION,TRAIN,CLUST_0.70_00005,LATE
CANONICAL_21dcdf15487d,TRAIN,TRAIN,CLUST_0.70_00005,LATE
CANONICAL_21e8144c69a4,TRAIN,VALIDATION,CLUST_0.70_00064,LATE
CANONICAL_21f86c6c6725,TRAIN,TRAIN,CLUST_0.70_00008,LATE
CANONICAL_21f9bcae8ff2,VALIDATION,TRAIN,CLUST_0.70_00005,EARLY
CANONICAL_21f9e1a09b7a,TRAIN,TRAIN,CLUST_0.70_00007,EARLY
CANONICAL_21fc4c725474,TEST,TRAIN,CLUST_0.70_00008,LATE
CANONICAL_21fc54d37371,TRAIN,TEST,CLUST_0.70_00004,IMMEDIATE_EARLY
CANONICAL_220111c89547,TRAIN,TRAIN,CLUST_0.70_00047,LATE
CANONICAL_2201b6a9b1f6,TRAIN,TRAIN,CLUST_0.70_00005,EARLY
CANONICAL_220776723286,TRAIN,VALIDATION,CLUST_0.70_00106,LATE
CANONICAL_220b59d764fa,TRAIN,TEST,CLUST_0.70_00018,LATE
CANONICAL_220c271167cb,TRAIN,TRAIN,CLUST_0.70_00008,LATE
CANONICAL_2213ed5d7060,TEST,TRAIN,CLUST_0.70_00005,LATE
CANONICAL_221780e58551,TRAIN,TRAIN,CLUST_0.70_00005,EARLY
CANONICAL_2218949d21b0,TRAIN,TRAIN,CLUST_0.70_00047,LATE
CANONICAL_221eb59fea36,TEST,TEST,CLUST_0.70_00020,LATE
CANONICAL_2221a09da0cc,TEST,TEST,CLUST_0.70_00004,IMMEDIATE_EARLY
CANONICAL_22269dd0cccb,TRAIN,TRAIN,CLUST_0.70_00047,LATE
CANONICAL_22290d77eb19,TRAIN,TRAIN,CLUST_0.70_00005,EARLY
CANONICAL_222a6c8fa575,TRAIN,VALIDATION,CLUST_0.70_00079,LATE
CANONICAL_2233bc6f93df,TRAIN,TRAIN,CLUST_0.70_00227,LATE
CANONICAL_22347cb2ba4b,TRAIN,TRAIN,CLUST_0.70_00342,IMMEDIATE_EARLY
CANONICAL_2235f1ba2d63,TRAIN,VALIDATION,CLUST_0.70_00029,LATE
CANONICAL_22368d4af6fb,TRAIN,TRAIN,CLUST_0.70_00007,LATE
CANONICAL_2237c54dcc93,VALIDATION,VALIDATION,CLUST_0.70_00026,IMMEDIATE_EARLY
CANONICAL_223e4a4b20bd,TRAIN,VALIDATION,CLUST_0.70_00006,IMMEDIATE_EARLY
CANONICAL_22417c043e07,TRAIN,TEST,CLUST_0.70_00018,LATE
CANONICAL_224892f339a9,VALIDATION,TRAIN,CLUST_0.70_00007,LATE
CANONICAL_224c2f1b9ee9,TRAIN,TEST,CLUST_0.70_00001,LATE
CANONICAL_224c94d031fa,VALIDATION,TRAIN,CLUST_0.70_00005,EARLY
CANONICAL_224f73b63deb,TRAIN,TRAIN,CLUST_0.70_00005,LATE
CANONICAL_22522102a654,TEST,TRAIN,CLUST_0.70_00007,EARLY
CANONICAL_225402c9aabc,TRAIN,TEST,CLUST_0.70_00030,EARLY
CANONICAL_22550a341ce2,TEST,TRAIN,CLUST_0.70_00007,LATE
CANONICAL_2256e3e1b138,TRAIN,VALIDATION,CLUST_0.70_00025,LATE
CANONICAL_22570f07583d,TRAIN,TRAIN,CLUST_0.70_00008,LATE
CANONICAL_225a56c18155,VALIDATION,TRAIN,CLUST_0.70_00005,EARLY
CANONICAL_225b11f1273d,TEST,TRAIN,CLUST_0.70_00005,EARLY
CANONICAL_22675b9645b0,TRAIN,TEST,CLUST_0.70_00004,IMMEDIATE_EARLY
CANONICAL_2267e0ec6044,VALIDATION,TEST,CLUST_0.70_00030,EARLY
CANONICAL_226bafab8f4e,TRAIN,VALIDATION,CLUST_0.70_00026,IMMEDIATE_EARLY
CANONICAL_226eaac581d1,TRAIN,VALIDATION,CLUST_0.70_00028,EARLY
CANONICAL_226f1b41b962,TRAIN,TEST,CLUST_0.70_00030,EARLY
CANONICAL_22726dd7d315,TRAIN,TRAIN,CLUST_0.70_00005,EARLY
CANONICAL_2274236465a3,TRAIN,TRAIN,CLUST_0.70_00005,LATE
CANONICAL_227f0255654b,TRAIN,TEST,CLUST_0.70_00052,LATE
CANONICAL_2280251f24fb,TEST,VALIDATION,CLUST_0.70_00006,IMMEDIATE_EARLY
CANONICAL_2281b28b98b3,TRAIN,TRAIN,CLUST_0.70_00008,LATE
CANONICAL_22825fe9faa6,TRAIN,TRAIN,CLUST_0.70_00005,EARLY
CANONICAL_2282d0650cc9,TRAIN,TRAIN,CLUST_0.70_00008,LATE
CANONICAL_2289738335be,TRAIN,VALIDATION,CLUST_0.70_00169,LATE
CANONICAL_228e900c6fdd,TRAIN,TRAIN,CLUST_0.70_00005,LATE
CANONICAL_22938ceae980,TEST,TRAIN,CLUST_0.70_00024,LATE
CANONICAL_22943feb117b,VALIDATION,VALIDATION,CLUST_0.70_00058,LATE
CANONICAL_229ea45f00a4,TRAIN,TRAIN,CLUST_0.70_00008,LATE
CANONICAL_22a27776e761,TEST,TRAIN,CLUST_0.70_00005,EARLY
CANONICAL_22a8411f5da2,VALIDATION,TRAIN,CLUST_0.70_00230,LATE
CANONICAL_22aab1f47b0a,TRAIN,TRAIN,CLUST_0.70_00008,LATE
CANONICAL_22ac1e33aa76,TRAIN,TRAIN,CLUST_0.70_00008,LATE
CANONICAL_22af3e2edc09,TEST,TEST,CLUST_0.70_00015,LATE
CANONICAL_22b1f8ced992,TRAIN,TEST,CLUST_0.70_00015,LATE
CANONICAL_22b8adec4962,VALIDATION,TRAIN,CLUST_0.70_00408,LATE
CANONICAL_22b8f8bec8e9,TEST,VALIDATION,CLUST_0.70_00006,IMMEDIATE_EARLY
CANONICAL_22b9b8a4e22c,TRAIN,VALIDATION,CLUST_0.70_00039,LATE
CANONICAL_22bcbd4815da,TRAIN,VALIDATION,CLUST_0.70_00038,LATE
CANONICAL_22c44ed340a7,TRAIN,TRAIN,CLUST_0.70_00005,EARLY
CANONICAL_22c55023c3e8,TRAIN,TRAIN,CLUST_0.70_00191,EARLY
CANONICAL_22defe531056,TRAIN,TRAIN,CLUST_0.70_00005,EARLY
CANONICAL_22e0e8d0c7e4,TRAIN,VALIDATION,CLUST_0.70_00065,LATE
CANONICAL_22e66d385ca9,TRAIN,TEST,CLUST_0.70_00080,LATE
CANONICAL_22f38ffc3078,TEST,TRAIN,CLUST_0.70_00005,EARLY
CANONICAL_22f713f9d908,TRAIN,TRAIN,CLUST_0.70_00109,LATE
CANONICAL_22f7fbbbd06c,TRAIN,TRAIN,CLUST_0.70_00005,EARLY
CANONICAL_22fa017973c7,TRAIN,TEST,CLUST_0.70_00004,IMMEDIATE_EARLY
CANONICAL_2304ad764c5c,TRAIN,TRAIN,CLUST_0.70_00008,LATE
CANONICAL_230a43fd0a67,TEST,TEST,CLUST_0.70_00018,LATE
CANONICAL_2313d21d5416,TEST,TEST,CLUST_0.70_00071,LATE
CANONICAL_2318c9cc0700,TRAIN,TRAIN,CLUST_0.70_00005,EARLY
CANONICAL_231a3ccac711,TRAIN,TRAIN,CLUST_0.70_00008,LATE
CANONICAL_23246323561a,TRAIN,TRAIN,CLUST_0.70_00007,LATE
CANONICAL_2324934c9587,TRAIN,TRAIN,CLUST_0.70_00002,LATE
CANONICAL_233c72027e4a,TRAIN,TRAIN,CLUST_0.70_00390,LATE
CANONICAL_234253fe7596,TRAIN,TRAIN,CLUST_0.70_00005,LATE
CANONICAL_2344cfc62ae3,TRAIN,VALIDATION,CLUST_0.70_00016,EARLY
CANONICAL_2347aeabe131,TRAIN,VALIDATION,CLUST_0.70_00031,LATE
CANONICAL_2349ec4cb50a,TRAIN,TRAIN,CLUST_0.70_00005,EARLY
CANONICAL_234a2e14e409,TRAIN,TRAIN,CLUST_0.70_00005,EARLY
CANONICAL_234f34498b3d,TRAIN,TRAIN,CLUST_0.70_00005,EARLY
CANONICAL_234f454623ea,TRAIN,TRAIN,CLUST_0.70_00008,LATE
CANONICAL_2353a43d5eda,TRAIN,TRAIN,CLUST_0.70_00075,LATE
CANONICAL_2357a3889c3a,VALIDATION,VALIDATION,CLUST_0.70_00059,LATE
CANONICAL_235f693a756f,TRAIN,TRAIN,CLUST_0.70_00310,LATE
CANONICAL_2360a9026cb6,TRAIN,TRAIN,CLUST_0.70_00005,EARLY
CANONICAL_236157eb6b29,TRAIN,TRAIN,CLUST_0.70_00109,LATE
CANONICAL_2365299b4691,TRAIN,TEST,CLUST_0.70_00020,LATE
CANONICAL_2366044adcd6,TEST,VALIDATION,CLUST_0.70_00026,IMMEDIATE_EARLY
CANONICAL_236bf262b710,TRAIN,TEST,CLUST_0.70_00020,LATE
CANONICAL_236e84bba88d,TRAIN,VALIDATION,CLUST_0.70_00064,LATE
CANONICAL_237248fa0c50,TRAIN,VALIDATION,CLUST_0.70_00017,LATE
CANONICAL_2373e36bdc03,VALIDATION,VALIDATION,CLUST_0.70_00025,LATE
CANONICAL_2374a49364e6,TEST,TRAIN,CLUST_0.70_00005,LATE
CANONICAL_2375e67d98ab,TRAIN,TRAIN,CLUST_0.70_00008,LATE
CANONICAL_237a4bb86682,TRAIN,TRAIN,CLUST_0.70_00008,LATE
CANONICAL_237a5bce55d1,VALIDATION,TRAIN,CLUST_0.70_00005,EARLY
CANONICAL_237c613d7e22,TEST,TEST,CLUST_0.70_00030,EARLY
CANONICAL_237e1abf7479,VALIDATION,VALIDATION,CLUST_0.70_00086,LATE
CANONICAL_2380635e8f54,TRAIN,TRAIN,CLUST_0.70_00005,LATE
CANONICAL_23820a2f7c2e,TEST,VALIDATION,CLUST_0.70_00038,LATE
CANONICAL_238298b77d9c,TRAIN,TRAIN,CLUST_0.70_00008,LATE
CANONICAL_23833d15d1e0,TEST,TRAIN,CLUST_0.70_00007,LATE
CANONICAL_238757697fdf,TRAIN,TRAIN,CLUST_0.70_00075,LATE
CANONICAL_238e15c55a9a,VALIDATION,TEST,CLUST_0.70_00001,LATE
CANONICAL_238e58390b19,TRAIN,VALIDATION,CLUST_0.70_00079,LATE
CANONICAL_238fce8fc354,TRAIN,TRAIN,CLUST_0.70_00005,EARLY
CANONICAL_2395b4a5258c,VALIDATION,VALIDATION,CLUST_0.70_00029,LATE
CANONICAL_239cd8e70192,TRAIN,VALIDATION,CLUST_0.70_00041,EARLY
CANONICAL_239e8d154039,TRAIN,TRAIN,CLUST_0.70_00223,LATE
CANONICAL_23a067c3df37,TEST,TRAIN,CLUST_0.70_00008,LATE
CANONICAL_23a0e9f3917a,TRAIN,VALIDATION,CLUST_0.70_00058,LATE
CANONICAL_23a338fb38cf,TRAIN,TRAIN,CLUST_0.70_00008,LATE
CANONICAL_23a9fc00b8cb,VALIDATION,TRAIN,CLUST_0.70_00008,LATE
CANONICAL_23adfeb57b3b,TRAIN,TRAIN,CLUST_0.70_00005,LATE
CANONICAL_23af84848a0e,VALIDATION,TEST,CLUST_0.70_00018,LATE
CANONICAL_23afee4081ec,TEST,TRAIN,CLUST_0.70_00090,LATE
CANONICAL_23b3c9f495ea,TEST,TRAIN,CLUST_0.70_00005,LATE
CANONICAL_23b8964277f0,TRAIN,TRAIN,CLUST_0.70_00008,LATE
CANONICAL_23b905b70e11,TRAIN,TRAIN,CLUST_0.70_00008,LATE
CANONICAL_23bafe4544aa,TRAIN,TRAIN,CLUST_0.70_00008,LATE
CANONICAL_23c16d21756b,TRAIN,TRAIN,CLUST_0.70_00008,LATE
CANONICAL_23c5a58328b8,TEST,VALIDATION,CLUST_0.70_00040,EARLY
CANONICAL_23c6e36f3390,TRAIN,TEST,CLUST_0.70_00015,LATE
CANONICAL_23c76e2b29d6,VALIDATION,TRAIN,CLUST_0.70_00008,LATE
CANONICAL_23ca96a44d38,VALIDATION,TEST,CLUST_0.70_00052,LATE
CANONICAL_23cb88e46c5f,TEST,TRAIN,CLUST_0.70_00005,EARLY
CANONICAL_23d20f4882d6,TRAIN,TRAIN,CLUST_0.70_00005,EARLY
CANONICAL_23d322b6a9d6,VALIDATION,TRAIN,CLUST_0.70_00008,LATE
CANONICAL_23e1ef78556d,VALIDATION,TRAIN,CLUST_0.70_00005,LATE
CANONICAL_23e2968bc61f,TRAIN,TRAIN,CLUST_0.70_00005,LATE
CANONICAL_23e704975369,VALIDATION,TRAIN,CLUST_0.70_00008,LATE
CANONICAL_23e864ff7f7c,VALIDATION,TRAIN,CLUST_0.70_00005,LATE
CANONICAL_23ea7167b038,TEST,TRAIN,CLUST_0.70_00008,LATE
CANONICAL_23eae6c7af3e,TRAIN,TRAIN,CLUST_0.70_00005,EARLY
CANONICAL_23f20d9d6c45,TRAIN,TRAIN,CLUST_0.70_00007,EARLY
CANONICAL_23f54d97c518,TRAIN,TRAIN,CLUST_0.70_00191,EARLY
CANONICAL_23f69edd82a4,TRAIN,TEST,CLUST_0.70_00030,EARLY
CANONICAL_23fa4a71f404,TRAIN,TRAIN,CLUST_0.70_00008,LATE
CANONICAL_240fc7ce7dba,TEST,TRAIN,CLUST_0.70_00005,LATE
CANONICAL_241682202313,VALIDATION,TRAIN,CLUST_0.70_00062,LATE
CANONICAL_241739eca759,VALIDATION,TRAIN,CLUST_0.70_00008,LATE
CANONICAL_24209bf025c8,TEST,TRAIN,CLUST_0.70_00005,EARLY
CANONICAL_24218b4b9b74,TRAIN,TRAIN,CLUST_0.70_00005,EARLY
CANONICAL_242918a84f53,TRAIN,VALIDATION,CLUST_0.70_00016,EARLY
CANONICAL_243632ca977f,TRAIN,TEST,CLUST_0.70_00004,IMMEDIATE_EARLY
CANONICAL_243a8f0cf1f6,TRAIN,TRAIN,CLUST_0.70_00005,LATE
CANONICAL_243c7c9e6ef9,TRAIN,VALIDATION,CLUST_0.70_00025,LATE
CANONICAL_24413ca5cb63,TRAIN,VALIDATION,CLUST_0.70_00006,IMMEDIATE_EARLY
CANONICAL_2444a54dd0e0,TRAIN,TRAIN,CLUST_0.70_00008,LATE
CANONICAL_244c4877af60,VALIDATION,TRAIN,CLUST_0.70_00007,LATE
CANONICAL_244d40b3d421,TEST,VALIDATION,CLUST_0.70_00026,IMMEDIATE_EARLY
CANONICAL_244e02ae08cb,VALIDATION,TRAIN,CLUST_0.70_00008,LATE
CANONICAL_24546cc4bf00,TRAIN,TRAIN,CLUST_0.70_00053,LATE
CANONICAL_2455e5bbd186,VALIDATION,TRAIN,CLUST_0.70_00008,IMMEDIATE_EARLY
CANONICAL_245841585a87,TRAIN,TRAIN,CLUST_0.70_00007,LATE
CANONICAL_245946bd8979,TRAIN,TRAIN,CLUST_0.70_00007,IMMEDIATE_EARLY
CANONICAL_245ce4e78944,TEST,TRAIN,CLUST_0.70_00102,LATE
CANONICAL_2463ee4ed567,TRAIN,TRAIN,CLUST_0.70_00007,EARLY
CANONICAL_246814c56e4c,TRAIN,TEST,CLUST_0.70_00001,LATE
CANONICAL_246a98920978,TEST,TRAIN,CLUST_0.70_00007,IMMEDIATE_EARLY
CANONICAL_246b95188106,TRAIN,VALIDATION,CLUST_0.70_00029,LATE
CANONICAL_246bc4d4bd71,TRAIN,TRAIN,CLUST_0.70_00047,LATE
CANONICAL_246d11a2555f,TRAIN,TRAIN,CLUST_0.70_00005,EARLY
CANONICAL_2472407614f3,TEST,TRAIN,CLUST_0.70_00005,EARLY
CANONICAL_247684addc4f,TEST,VALIDATION,CLUST_0.70_00025,LATE
CANONICAL_2479e7f6318a,VALIDATION,TEST,CLUST_0.70_00071,LATE
CANONICAL_247e0b482aa1,TRAIN,TEST,CLUST_0.70_00001,LATE
CANONICAL_247fbd596e54,TRAIN,TRAIN,CLUST_0.70_00008,LATE
CANONICAL_247ff0270dc0,VALIDATION,TRAIN,CLUST_0.70_00008,LATE
CANONICAL_2481d870d6a6,TRAIN,TRAIN,CLUST_0.70_00007,LATE
CANONICAL_2483c583b029,VALIDATION,VALIDATION,CLUST_0.70_00025,LATE
CANONICAL_248731ff8472,TRAIN,TRAIN,CLUST_0.70_00134,LATE
CANONICAL_248a2b2cea8e,TRAIN,TRAIN,CLUST_0.70_00005,EARLY
CANONICAL_248a51d6e85e,TRAIN,TRAIN,CLUST_0.70_00007,LATE
CANONICAL_248ca92446f0,TEST,TRAIN,CLUST_0.70_00008,LATE
CANONICAL_2498371a0ad9,TRAIN,TRAIN,CLUST_0.70_00008,LATE
CANONICAL_249bf7cfc4e7,TRAIN,VALIDATION,CLUST_0.70_00017,LATE
CANONICAL_249c9765dc3e,TRAIN,VALIDATION,CLUST_0.70_00058,LATE
CANONICAL_249f2c807345,TRAIN,TRAIN,CLUST_0.70_00008,LATE
CANONICAL_24a3145af309,TRAIN,TRAIN,CLUST_0.70_00005,EARLY
CANONICAL_24a4a075fe65,TRAIN,TRAIN,CLUST_0.70_00224,LATE
CANONICAL_24a54bca6486,VALIDATION,TEST,CLUST_0.70_00020,LATE
CANONICAL_24a92d4f7e73,TRAIN,TRAIN,CLUST_0.70_00008,LATE
CANONICAL_24ac6044e5ad,TRAIN,TRAIN,CLUST_0.70_00008,LATE
CANONICAL_24b16ef9e860,VALIDATION,TRAIN,CLUST_0.70_00008,EARLY
CANONICAL_24b3ef299db5,TRAIN,TRAIN,CLUST_0.70_00056,LATE
CANONICAL_24b5395a5f12,VALIDATION,VALIDATION,CLUST_0.70_00029,LATE
CANONICAL_24b65d37e620,TEST,TEST,CLUST_0.70_00015,LATE
CANONICAL_24b9813ea6c8,TRAIN,TEST,CLUST_0.70_00018,LATE
CANONICAL_24bd6e461e87,TRAIN,TEST,CLUST_0.70_00030,EARLY
CANONICAL_24c075815901,VALIDATION,TEST,CLUST_0.70_00037,LATE
CANONICAL_24c0e29aca92,TRAIN,VALIDATION,CLUST_0.70_00055,LATE
CANONICAL_24c9b9fb37f8,TEST,TRAIN,CLUST_0.70_00008,LATE
CANONICAL_24cbd0e0304d,TRAIN,TEST,CLUST_0.70_00004,IMMEDIATE_EARLY
CANONICAL_24ceaf7fb524,TRAIN,TEST,CLUST_0.70_00030,EARLY
CANONICAL_24cf6781e227,TRAIN,TRAIN,CLUST_0.70_00002,LATE
CANONICAL_24d2821247ae,TRAIN,TRAIN,CLUST_0.70_00005,LATE
CANONICAL_24d55602caf9,TRAIN,VALIDATION,CLUST_0.70_00106,LATE
CANONICAL_24da31d79c65,TRAIN,TEST,CLUST_0.70_00004,IMMEDIATE_EARLY
CANONICAL_24da3f6ff3ac,TRAIN,TRAIN,CLUST_0.70_00007,LATE
CANONICAL_24dccae2e140,TRAIN,TRAIN,CLUST_0.70_00005,LATE
CANONICAL_24df6196e756,TRAIN,TRAIN,CLUST_0.70_00005,LATE
CANONICAL_24e11f0fd91e,TRAIN,VALIDATION,CLUST_0.70_00190,LATE
CANONICAL_24e5ec4a562c,TEST,TEST,CLUST_0.70_00030,EARLY
CANONICAL_24e7df4d357a,TRAIN,TRAIN,CLUST_0.70_00007,LATE
CANONICAL_24f7db4a21e3,TRAIN,TRAIN,CLUST_0.70_00007,LATE
CANONICAL_24fa7d5564ed,TRAIN,TEST,CLUST_0.70_00052,LATE
CANONICAL_25020f12104c,TRAIN,TEST,CLUST_0.70_00030,EARLY
CANONICAL_25034986c6e2,TRAIN,TRAIN,CLUST_0.70_00005,EARLY
CANONICAL_2504c49f832d,TRAIN,TRAIN,CLUST_0.70_00005,EARLY
CANONICAL_2507e0939581,TRAIN,TRAIN,CLUST_0.70_00005,EARLY
CANONICAL_250a2fc1a14f,TRAIN,TRAIN,CLUST_0.70_00213,LATE
CANONICAL_250cf3bab3a9,TRAIN,TEST,CLUST_0.70_00001,LATE
CANONICAL_251252a1b4be,TRAIN,TEST,CLUST_0.70_00018,LATE
CANONICAL_25181bc68d0c,TRAIN,TRAIN,CLUST_0.70_00136,LATE
CANONICAL_2521b0835df8,VALIDATION,TRAIN,CLUST_0.70_00230,LATE
CANONICAL_252b6873d3bb,TRAIN,TRAIN,CLUST_0.70_00008,LATE
CANONICAL_252e4d74847e,TRAIN,TEST,CLUST_0.70_00052,LATE
CANONICAL_252e84db40b8,TRAIN,TEST,CLUST_0.70_00001,LATE
CANONICAL_253c5e3b03de,TRAIN,TRAIN,CLUST_0.70_00008,LATE
CANONICAL_253c659f8600,VALIDATION,TRAIN,CLUST_0.70_00005,LATE
CANONICAL_2554b12e4f11,TRAIN,TRAIN,CLUST_0.70_00005,LATE
CANONICAL_2558fd170240,TRAIN,TRAIN,CLUST_0.70_00005,EARLY
CANONICAL_255f80579179,TEST,TEST,CLUST_0.70_00052,LATE
CANONICAL_2563c8a1aac4,TRAIN,VALIDATION,CLUST_0.70_00169,LATE
CANONICAL_257fbeb20560,VALIDATION,TRAIN,CLUST_0.70_00005,LATE
CANONICAL_2581e864a913,TEST,TEST,CLUST_0.70_00030,EARLY
CANONICAL_25827a12bcf2,TRAIN,VALIDATION,CLUST_0.70_00086,LATE
CANONICAL_2583b78b22a3,TRAIN,TRAIN,CLUST_0.70_00088,EARLY
CANONICAL_25888a736b22,TRAIN,TEST,CLUST_0.70_00015,LATE
CANONICAL_2592836cbe4d,TRAIN,VALIDATION,CLUST_0.70_00029,LATE
CANONICAL_2592ada48c79,TRAIN,TRAIN,CLUST_0.70_00102,LATE
CANONICAL_259590f2a47e,TRAIN,TEST,CLUST_0.70_00001,LATE
CANONICAL_25966e006623,TRAIN,TRAIN,CLUST_0.70_00007,LATE
CANONICAL_259855fb7094,TRAIN,TEST,CLUST_0.70_00030,EARLY
CANONICAL_25a20ada9530,TRAIN,TRAIN,CLUST_0.70_00008,LATE
CANONICAL_25a23706b7fb,TRAIN,TRAIN,CLUST_0.70_00056,LATE
CANONICAL_25a29ea5476f,TRAIN,VALIDATION,CLUST_0.70_00055,LATE
CANONICAL_25a374e70789,TRAIN,TRAIN,CLUST_0.70_00005,LATE
CANONICAL_25a5059f6b72,TRAIN,TRAIN,CLUST_0.70_00005,LATE
CANONICAL_25aa7f676191,TEST,TEST,CLUST_0.70_00001,LATE
CANONICAL_25b4d45492f3,TRAIN,TRAIN,CLUST_0.70_00008,LATE
CANONICAL_25ba15c40c33,TRAIN,TRAIN,CLUST_0.70_00047,LATE
CANONICAL_25bfa51e7982,TEST,VALIDATION,CLUST_0.70_00127,LATE
CANONICAL_25c3e83d1e1f,VALIDATION,TRAIN,CLUST_0.70_00008,LATE
CANONICAL_25c8ee073c06,TRAIN,TEST,CLUST_0.70_00004,IMMEDIATE_EARLY
CANONICAL_25cb30c7c8ef,TRAIN,TRAIN,CLUST_0.70_00005,EARLY
CANONICAL_25d8e335ae47,TRAIN,TEST,CLUST_0.70_00004,IMMEDIATE_EARLY
CANONICAL_25e19cc94705,TRAIN,TRAIN,CLUST_0.70_00102,LATE
CANONICAL_25e256f70234,TRAIN,VALIDATION,CLUST_0.70_00010,EARLY
CANONICAL_25e4ff97b045,TRAIN,VALIDATION,CLUST_0.70_00079,LATE
CANONICAL_25ef06a6bf08,TRAIN,VALIDATION,CLUST_0.70_00025,LATE
CANONICAL_25f3f8d5c198,VALIDATION,TRAIN,CLUST_0.70_00061,LATE
CANONICAL_25f5853c0d78,TRAIN,VALIDATION,CLUST_0.70_00127,LATE
CANONICAL_25f7a751e0f4,TRAIN,TRAIN,CLUST_0.70_00269,EARLY
CANONICAL_25ff54cbed35,VALIDATION,TRAIN,CLUST_0.70_00311,LATE
CANONICAL_2609844a5e2c,TRAIN,TRAIN,CLUST_0.70_00005,EARLY
CANONICAL_260e031ffaff,TEST,TRAIN,CLUST_0.70_00005,LATE
CANONICAL_260eecfeb93e,TRAIN,TRAIN,CLUST_0.70_00008,LATE
CANONICAL_2615060e1baf,TRAIN,VALIDATION,CLUST_0.70_00025,LATE
CANONICAL_261b96f549f3,TRAIN,VALIDATION,CLUST_0.70_00026,IMMEDIATE_EARLY
CANONICAL_261ba6928c79,TRAIN,TRAIN,CLUST_0.70_00008,LATE
CANONICAL_262021b1631b,TRAIN,TRAIN,CLUST_0.70_00008,LATE
CANONICAL_26214563f34e,TRAIN,TRAIN,CLUST_0.70_00098,LATE
CANONICAL_26224b11c0b7,VALIDATION,VALIDATION,CLUST_0.70_00106,LATE
CANONICAL_262375901e9d,TRAIN,TRAIN,CLUST_0.70_00005,LATE
CANONICAL_262653aabffd,TRAIN,TRAIN,CLUST_0.70_00008,LATE
CANONICAL_262aa8c8f546,TRAIN,VALIDATION,CLUST_0.70_00017,LATE
CANONICAL_262b54d0503c,TRAIN,TEST,CLUST_0.70_00030,EARLY
CANONICAL_262f01e20dc8,TRAIN,VALIDATION,CLUST_0.70_00127,LATE
CANONICAL_263095b7d441,TRAIN,TRAIN,CLUST_0.70_00005,EARLY
CANONICAL_26339b5bdbfb,TRAIN,TRAIN,CLUST_0.70_00008,LATE
CANONICAL_2635cf63e6c8,TRAIN,VALIDATION,CLUST_0.70_00017,LATE
CANONICAL_26367205209e,VALIDATION,TEST,CLUST_0.70_00018,EARLY
CANONICAL_2639e1cfe7ee,TRAIN,TEST,CLUST_0.70_00015,LATE
CANONICAL_2646f5847858,VALIDATION,TRAIN,CLUST_0.70_00008,LATE
CANONICAL_26494bb01294,TRAIN,VALIDATION,CLUST_0.70_00041,EARLY
CANONICAL_264a771db282,TRAIN,TRAIN,CLUST_0.70_00147,IMMEDIATE_EARLY
CANONICAL_264b48310525,TRAIN,VALIDATION,CLUST_0.70_00010,EARLY
CANONICAL_264f325771df,TRAIN,VALIDATION,CLUST_0.70_00041,EARLY
CANONICAL_2657ddbf6ab8,TRAIN,VALIDATION,CLUST_0.70_00040,EARLY
CANONICAL_265ab830935d,VALIDATION,VALIDATION,CLUST_0.70_00039,LATE
CANONICAL_265b301b1db3,TRAIN,TRAIN,CLUST_0.70_00403,LATE
CANONICAL_265fd9f25193,TRAIN,TRAIN,CLUST_0.70_00007,LATE
CANONICAL_266661f97c8f,TRAIN,VALIDATION,CLUST_0.70_00127,LATE
CANONICAL_266e8b446fe3,TEST,TRAIN,CLUST_0.70_00005,EARLY
CANONICAL_267157c8366d,TRAIN,TEST,CLUST_0.70_00004,IMMEDIATE_EARLY
CANONICAL_267a880a07fd,TRAIN,TRAIN,CLUST_0.70_00005,EARLY
CANONICAL_267de13ee336,TRAIN,TRAIN,CLUST_0.70_00005,EARLY
CANONICAL_268474f04849,VALIDATION,VALIDATION,CLUST_0.70_00036,EARLY
CANONICAL_26897c54368d,TRAIN,TEST,CLUST_0.70_00018,LATE
CANONICAL_268b5d39984a,VALIDATION,VALIDATION,CLUST_0.70_00079,LATE
CANONICAL_26966e5bf5d8,TRAIN,TRAIN,CLUST_0.70_00008,LATE
CANONICAL_269a34ac5775,TEST,TRAIN,CLUST_0.70_00005,LATE
CANONICAL_269a827f7baf,TRAIN,TEST,CLUST_0.70_00071,LATE
CANONICAL_269ea5f47b03,TRAIN,TRAIN,CLUST_0.70_00005,LATE
CANONICAL_26a3240ac49a,TEST,TRAIN,CLUST_0.70_00008,LATE
CANONICAL_26a7d1927787,TRAIN,TEST,CLUST_0.70_00030,EARLY
CANONICAL_26aa3f455998,TRAIN,TRAIN,CLUST_0.70_00005,EARLY
CANONICAL_26aeb520ad22,VALIDATION,TRAIN,CLUST_0.70_00278,LATE
CANONICAL_26afe413dc5e,TRAIN,TRAIN,CLUST_0.70_00083,LATE
CANONICAL_26b12ffa45e1,TEST,TRAIN,CLUST_0.70_00008,LATE
CANONICAL_26b34abfba98,TEST,TRAIN,CLUST_0.70_00005,EARLY
CANONICAL_26b5474bb878,TRAIN,TEST,CLUST_0.70_00018,LATE
CANONICAL_26bafbc03fcb,TRAIN,TRAIN,CLUST_0.70_00008,LATE
CANONICAL_26bb52c15abc,TRAIN,TRAIN,CLUST_0.70_00007,EARLY
CANONICAL_26bcba53db8f,TRAIN,TRAIN,CLUST_0.70_00005,LATE
CANONICAL_26bda89897fe,TEST,TRAIN,CLUST_0.70_00005,EARLY
CANONICAL_26bfae1793de,TRAIN,VALIDATION,CLUST_0.70_00059,LATE
CANONICAL_26c03182912c,TRAIN,TEST,CLUST_0.70_00037,LATE
CANONICAL_26c065134b92,TRAIN,TEST,CLUST_0.70_00004,IMMEDIATE_EARLY
CANONICAL_26c350f9ab80,TRAIN,TEST,CLUST_0.70_00030,EARLY
CANONICAL_26c7b4b11eb1,TRAIN,TRAIN,CLUST_0.70_00005,EARLY
CANONICAL_26cb1e971b7c,TRAIN,TRAIN,CLUST_0.70_00005,LATE
CANONICAL_26cd681d083c,VALIDATION,TRAIN,CLUST_0.70_00008,LATE
CANONICAL_26d34ff3f361,TRAIN,TEST,CLUST_0.70_00018,LATE
CANONICAL_26d819cec4c7,TRAIN,TRAIN,CLUST_0.70_00005,EARLY
CANONICAL_26de2c332b9f,TRAIN,TRAIN,CLUST_0.70_00005,EARLY
CANONICAL_26e10a17c4bc,TEST,TRAIN,CLUST_0.70_00008,LATE
CANONICAL_26e52d2f411d,TRAIN,TRAIN,CLUST_0.70_00005,EARLY
CANONICAL_26e61ed36783,TRAIN,VALIDATION,CLUST_0.70_00064,LATE
CANONICAL_26e74ecae8be,TRAIN,TRAIN,CLUST_0.70_00007,LATE
CANONICAL_26e938d496ba,TRAIN,TRAIN,CLUST_0.70_00008,LATE
CANONICAL_26e9f20c820a,TRAIN,TRAIN,CLUST_0.70_00005,EARLY
CANONICAL_26ea09d5953c,TRAIN,VALIDATION,CLUST_0.70_00038,LATE
CANONICAL_26ed781cdade,TRAIN,TRAIN,CLUST_0.70_00005,EARLY
CANONICAL_26f2bdda9430,VALIDATION,TEST,CLUST_0.70_00030,EARLY
CANONICAL_270239cdb4ea,TRAIN,TRAIN,CLUST_0.70_00005,EARLY
CANONICAL_27059216ab31,TRAIN,TEST,CLUST_0.70_00015,LATE
CANONICAL_2708fe74795d,TRAIN,TRAIN,CLUST_0.70_00005,LATE
CANONICAL_270e6a88745f,TRAIN,VALIDATION,CLUST_0.70_00055,LATE
CANONICAL_270f73002009,TRAIN,TRAIN,CLUST_0.70_00005,EARLY
CANONICAL_27110e4e627e,TRAIN,TRAIN,CLUST_0.70_00005,LATE
CANONICAL_271571c224bd,TRAIN,TRAIN,CLUST_0.70_00136,LATE
CANONICAL_271726fafd8e,VALIDATION,VALIDATION,CLUST_0.70_00031,LATE
CANONICAL_271828a2d459,VALIDATION,VALIDATION,CLUST_0.70_00026,IMMEDIATE_EARLY
CANONICAL_271bd1ea3a33,TRAIN,VALIDATION,CLUST_0.70_00086,LATE
CANONICAL_271f6b05de62,TRAIN,TRAIN,CLUST_0.70_00008,LATE
CANONICAL_27216b691f95,TRAIN,TRAIN,CLUST_0.70_00005,EARLY
CANONICAL_27242d421c8f,TRAIN,VALIDATION,CLUST_0.70_00041,EARLY
CANONICAL_273e0be5e247,TRAIN,TRAIN,CLUST_0.70_00102,LATE
CANONICAL_273f3a648a1c,TRAIN,TRAIN,CLUST_0.70_00008,LATE
CANONICAL_273fd76915fa,TRAIN,TRAIN,CLUST_0.70_00002,LATE
CANONICAL_27412252a9bb,TRAIN,TRAIN,CLUST_0.70_00227,LATE
CANONICAL_27447ac11153,TEST,TRAIN,CLUST_0.70_00008,LATE
CANONICAL_274beebf6d61,TRAIN,TEST,CLUST_0.70_00001,LATE
CANONICAL_274c49324b98,TRAIN,TEST,CLUST_0.70_00004,IMMEDIATE_EARLY
CANONICAL_2751366d5ed3,TRAIN,TRAIN,CLUST_0.70_00056,LATE
CANONICAL_2752975b45bc,TRAIN,TEST,CLUST_0.70_00018,LATE
CANONICAL_2755934c8780,TRAIN,TRAIN,CLUST_0.70_00008,LATE
CANONICAL_27655a6603f5,TRAIN,VALIDATION,CLUST_0.70_00059,LATE
CANONICAL_276cec6041fe,TRAIN,TRAIN,CLUST_0.70_00090,LATE
CANONICAL_2771843a338f,TRAIN,TRAIN,CLUST_0.70_00007,LATE
CANONICAL_277360f715b4,TRAIN,TEST,CLUST_0.70_00001,LATE
CANONICAL_277659e70409,TRAIN,TRAIN,CLUST_0.70_00005,EARLY
CANONICAL_277a93bff63a,VALIDATION,VALIDATION,CLUST_0.70_00010,EARLY
CANONICAL_278115ed3728,TRAIN,TEST,CLUST_0.70_00052,LATE
CANONICAL_278538b7ad95,TEST,TRAIN,CLUST_0.70_00005,EARLY
CANONICAL_2791dea11b41,TRAIN,TEST,CLUST_0.70_00004,IMMEDIATE_EARLY
CANONICAL_2798a1ebe532,TEST,TRAIN,CLUST_0.70_00008,LATE
CANONICAL_27a28d4f0b3b,TRAIN,VALIDATION,CLUST_0.70_00029,LATE
CANONICAL_27a409bd4f31,TRAIN,VALIDATION,CLUST_0.70_00017,LATE
CANONICAL_27a64dffd076,VALIDATION,VALIDATION,CLUST_0.70_00028,EARLY
CANONICAL_27a7ea87de12,TRAIN,TRAIN,CLUST_0.70_00008,LATE
CANONICAL_27aa433f226f,TRAIN,TRAIN,CLUST_0.70_00008,LATE
CANONICAL_27ab8f87e754,VALIDATION,VALIDATION,CLUST_0.70_00064,LATE
CANONICAL_27b15c403870,TRAIN,TEST,CLUST_0.70_00071,LATE
CANONICAL_27b35c1c5833,TRAIN,VALIDATION,CLUST_0.70_00127,LATE
CANONICAL_27b3b3526a1c,VALIDATION,TEST,CLUST_0.70_00001,LATE
CANONICAL_27b9eaa69c89,TEST,TRAIN,CLUST_0.70_00008,LATE
CANONICAL_27bdb33e8b89,VALIDATION,TRAIN,CLUST_0.70_00008,LATE
CANONICAL_27be1167f988,TRAIN,TRAIN,CLUST_0.70_00164,LATE
CANONICAL_27be927479c5,TRAIN,VALIDATION,CLUST_0.70_00059,LATE
CANONICAL_27cab202ed94,TRAIN,TRAIN,CLUST_0.70_00008,LATE
CANONICAL_27d04b8351dd,TEST,TRAIN,CLUST_0.70_00005,EARLY
CANONICAL_27d550c45d38,TRAIN,TRAIN,CLUST_0.70_00102,LATE
CANONICAL_27d752b1e2fd,TRAIN,TEST,CLUST_0.70_00030,EARLY
CANONICAL_27e454916246,TEST,TEST,CLUST_0.70_00030,EARLY
CANONICAL_27e53110d5f8,TRAIN,TEST,CLUST_0.70_00004,IMMEDIATE_EARLY
CANONICAL_27ece727da60,TRAIN,TEST,CLUST_0.70_00004,IMMEDIATE_EARLY
CANONICAL_27efa0cd1c52,VALIDATION,TEST,CLUST_0.70_00004,IMMEDIATE_EARLY
CANONICAL_27f273340061,TRAIN,TRAIN,CLUST_0.70_00005,LATE
CANONICAL_27feec5e6c11,TRAIN,TRAIN,CLUST_0.70_00005,EARLY
CANONICAL_28019795ffe7,TRAIN,TRAIN,CLUST_0.70_00005,EARLY
CANONICAL_280324658351,TRAIN,TRAIN,CLUST_0.70_00231,IMMEDIATE_EARLY
CANONICAL_280959596b83,TRAIN,VALIDATION,CLUST_0.70_00059,LATE
CANONICAL_280d5983e405,TRAIN,TRAIN,CLUST_0.70_00007,LATE
CANONICAL_280f9fe07acb,TRAIN,TEST,CLUST_0.70_00030,EARLY
CANONICAL_2817836bf25f,TRAIN,TRAIN,CLUST_0.70_00005,EARLY
CANONICAL_281808ea97c6,TRAIN,TEST,CLUST_0.70_00051,LATE
CANONICAL_28181cb837ab,TRAIN,TRAIN,CLUST_0.70_00007,IMMEDIATE_EARLY
CANONICAL_281866be36f1,TRAIN,TRAIN,CLUST_0.70_00008,LATE
CANONICAL_2821704f3867,TRAIN,TRAIN,CLUST_0.70_00182,EARLY
CANONICAL_282526dda687,TEST,TEST,CLUST_0.70_00030,EARLY
CANONICAL_2826d4bcef7b,TRAIN,TRAIN,CLUST_0.70_00180,EARLY
CANONICAL_2827e7db65ac,TEST,TRAIN,CLUST_0.70_00005,EARLY
CANONICAL_2829637b034e,TRAIN,TRAIN,CLUST_0.70_00007,EARLY
CANONICAL_282b4b41a38c,TRAIN,TEST,CLUST_0.70_00004,IMMEDIATE_EARLY
CANONICAL_282c809fa1b4,VALIDATION,VALIDATION,CLUST_0.70_00055,LATE
CANONICAL_282e237c4070,VALIDATION,TEST,CLUST_0.70_00018,LATE
CANONICAL_282f2208f523,TEST,TRAIN,CLUST_0.70_00005,LATE
CANONICAL_282f4c4265f3,TRAIN,VALIDATION,CLUST_0.70_00010,EARLY
CANONICAL_2838da712e0d,VALIDATION,VALIDATION,CLUST_0.70_00041,EARLY
CANONICAL_283d70c5f7c1,TEST,TRAIN,CLUST_0.70_00005,EARLY
CANONICAL_283faeae629a,TRAIN,TRAIN,CLUST_0.70_00164,LATE
CANONICAL_2843db2b95d2,TRAIN,TRAIN,CLUST_0.70_00007,LATE
CANONICAL_2849df600772,TEST,TRAIN,CLUST_0.70_00005,EARLY
CANONICAL_284def02e33f,TRAIN,TRAIN,CLUST_0.70_00008,LATE
CANONICAL_284ee5ed8868,TRAIN,TRAIN,CLUST_0.70_00008,LATE
CANONICAL_284f8e6122cc,TEST,TRAIN,CLUST_0.70_00005,EARLY
CANONICAL_284fe038099b,TRAIN,TEST,CLUST_0.70_00051,LATE
CANONICAL_28534f399f78,TRAIN,VALIDATION,CLUST_0.70_00025,LATE
CANONICAL_285556995931,TRAIN,VALIDATION,CLUST_0.70_00039,LATE
CANONICAL_2856b44c6cfc,TRAIN,TRAIN,CLUST_0.70_00134,LATE
CANONICAL_28595d14c3e8,TRAIN,TEST,CLUST_0.70_00037,LATE
CANONICAL_2863333851c4,TRAIN,TRAIN,CLUST_0.70_00007,LATE
CANONICAL_286ed15c4488,VALIDATION,TRAIN,CLUST_0.70_00008,LATE
CANONICAL_287145459ad3,TRAIN,TRAIN,CLUST_0.70_00134,LATE
CANONICAL_287667df487b,TRAIN,TRAIN,CLUST_0.70_00007,EARLY
CANONICAL_287a5059a699,TRAIN,VALIDATION,CLUST_0.70_00006,IMMEDIATE_EARLY
CANONICAL_287ce2e851e6,TRAIN,TRAIN,CLUST_0.70_00008,LATE
CANONICAL_2882ca1e9518,TRAIN,TRAIN,CLUST_0.70_00005,EARLY
CANONICAL_2886268d0bf0,TRAIN,TEST,CLUST_0.70_00004,IMMEDIATE_EARLY
CANONICAL_288c2a853735,VALIDATION,VALIDATION,CLUST_0.70_00086,LATE
CANONICAL_288d38b8c379,TRAIN,TRAIN,CLUST_0.70_00005,EARLY
CANONICAL_2897ad79f23b,VALIDATION,VALIDATION,CLUST_0.70_00041,EARLY
CANONICAL_2899b3dfdd19,TRAIN,TRAIN,CLUST_0.70_00200,LATE
CANONICAL_289c8a138dc9,TEST,TRAIN,CLUST_0.70_00008,LATE
CANONICAL_289e97dc8def,TEST,TRAIN,CLUST_0.70_00005,EARLY
CANONICAL_289f4daf3384,TRAIN,TRAIN,CLUST_0.70_00005,EARLY
CANONICAL_28a21c7dd08e,VALIDATION,TRAIN,CLUST_0.70_00008,LATE
CANONICAL_28a38905be4d,TEST,TRAIN,CLUST_0.70_00005,EARLY
CANONICAL_28a5b6987acb,TRAIN,VALIDATION,CLUST_0.70_00127,LATE
CANONICAL_28a7cace7074,TRAIN,TRAIN,CLUST_0.70_00005,EARLY
CANONICAL_28a7e0e39f4d,TRAIN,TRAIN,CLUST_0.70_00008,LATE
CANONICAL_28ace9cc4922,TRAIN,TRAIN,CLUST_0.70_00024,LATE
CANONICAL_28ada87c479e,TRAIN,VALIDATION,CLUST_0.70_00086,LATE
CANONICAL_28b215b1a16b,TRAIN,TRAIN,CLUST_0.70_00005,LATE
CANONICAL_28baf24ab869,TRAIN,VALIDATION,CLUST_0.70_00010,EARLY
CANONICAL_28bcd5dbebd5,TRAIN,TRAIN,CLUST_0.70_00005,EARLY
CANONICAL_28be8c15917b,VALIDATION,TRAIN,CLUST_0.70_00005,EARLY
CANONICAL_28c1c7dacce5,TRAIN,TEST,CLUST_0.70_00052,LATE
CANONICAL_28c60948f7de,TRAIN,TRAIN,CLUST_0.70_00007,LATE
CANONICAL_28cd8775aa6e,VALIDATION,TRAIN,CLUST_0.70_00005,EARLY
CANONICAL_28d31e305f80,VALIDATION,TRAIN,CLUST_0.70_00008,LATE
CANONICAL_28de575a04c0,TRAIN,TRAIN,CLUST_0.70_00005,EARLY
CANONICAL_28e2a9523612,TRAIN,VALIDATION,CLUST_0.70_00006,IMMEDIATE_EARLY
CANONICAL_28ed9d014d92,TRAIN,TRAIN,CLUST_0.70_00005,EARLY
CANONICAL_28ede33e847b,VALIDATION,VALIDATION,CLUST_0.70_00065,LATE
CANONICAL_290285e37868,TRAIN,TRAIN,CLUST_0.70_00047,LATE
CANONICAL_290512640f7c,TRAIN,VALIDATION,CLUST_0.70_00055,LATE
CANONICAL_2916ced2b843,TEST,TRAIN,CLUST_0.70_00005,EARLY
CANONICAL_291aa67384cb,TRAIN,TRAIN,CLUST_0.70_00227,LATE
CANONICAL_291d813dd9ce,TRAIN,TRAIN,CLUST_0.70_00005,LATE
CANONICAL_2922be5d1968,TRAIN,TRAIN,CLUST_0.70_00008,LATE
CANONICAL_292c802f7b5b,VALIDATION,TRAIN,CLUST_0.70_00075,LATE
CANONICAL_292df5c96823,TRAIN,VALIDATION,CLUST_0.70_00010,LATE
CANONICAL_2934063de1cb,TRAIN,TRAIN,CLUST_0.70_00005,EARLY
CANONICAL_29348d0833a1,VALIDATION,TEST,CLUST_0.70_00004,IMMEDIATE_EARLY
CANONICAL_29373d6cebff,VALIDATION,TRAIN,CLUST_0.70_00007,LATE
CANONICAL_294067601837,TEST,TEST,CLUST_0.70_00020,LATE
CANONICAL_294946754cb1,TRAIN,TRAIN,CLUST_0.70_00008,LATE
CANONICAL_294f98711b76,TRAIN,TRAIN,CLUST_0.70_00008,LATE
CANONICAL_2950dd547adc,TRAIN,TRAIN,CLUST_0.70_00008,LATE
CANONICAL_2952554d6734,VALIDATION,TRAIN,CLUST_0.70_00008,LATE
CANONICAL_2957c641665e,TRAIN,TEST,CLUST_0.70_00015,LATE
CANONICAL_295a345bdf32,VALIDATION,TRAIN,CLUST_0.70_00008,LATE
CANONICAL_295dbd8909a9,TRAIN,TEST,CLUST_0.70_00080,LATE
CANONICAL_295e357358ab,VALIDATION,VALIDATION,CLUST_0.70_00059,LATE
CANONICAL_295ee7b102ba,VALIDATION,TRAIN,CLUST_0.70_00005,LATE
CANONICAL_295f3c87e760,TRAIN,TRAIN,CLUST_0.70_00047,LATE
CANONICAL_2962d60b3ffd,TEST,TRAIN,CLUST_0.70_00005,LATE
CANONICAL_296764f483be,TRAIN,TRAIN,CLUST_0.70_00005,LATE
CANONICAL_297292f52d02,TRAIN,TRAIN,CLUST_0.70_00007,LATE
CANONICAL_2975fe60f695,TRAIN,VALIDATION,CLUST_0.70_00058,LATE
CANONICAL_29781676cba6,TRAIN,VALIDATION,CLUST_0.70_00006,IMMEDIATE_EARLY
CANONICAL_297e78a4a85b,TRAIN,TRAIN,CLUST_0.70_00005,LATE
CANONICAL_2980ba7e9db5,VALIDATION,VALIDATION,CLUST_0.70_00031,LATE
CANONICAL_298191d5d0a3,TEST,TRAIN,CLUST_0.70_00007,EARLY
CANONICAL_298d5426313c,VALIDATION,TRAIN,CLUST_0.70_00005,LATE
CANONICAL_2991622bbce8,TEST,TRAIN,CLUST_0.70_00005,EARLY
CANONICAL_2994f824eaff,TRAIN,VALIDATION,CLUST_0.70_00026,IMMEDIATE_EARLY
CANONICAL_2997c9d4edc0,TRAIN,TRAIN,CLUST_0.70_00227,LATE
CANONICAL_29988456ead8,TRAIN,TEST,CLUST_0.70_00009,EARLY
CANONICAL_299a5fde4ed9,TRAIN,VALIDATION,CLUST_0.70_00029,LATE
CANONICAL_299a77e4bedc,TEST,VALIDATION,CLUST_0.70_00006,IMMEDIATE_EARLY
CANONICAL_299b766b43a7,TRAIN,TRAIN,CLUST_0.70_00005,LATE
CANONICAL_29a4abcb7518,VALIDATION,TEST,CLUST_0.70_00001,LATE
CANONICAL_29a82ee95a28,TRAIN,TRAIN,CLUST_0.70_00320,EARLY
CANONICAL_29a950a4644e,TRAIN,TRAIN,CLUST_0.70_00008,LATE
CANONICAL_29aa737bbdf4,TRAIN,VALIDATION,CLUST_0.70_00079,LATE
CANONICAL_29acbffefc47,TRAIN,TRAIN,CLUST_0.70_00005,EARLY
CANONICAL_29adda89abfb,TEST,TRAIN,CLUST_0.70_00047,LATE
CANONICAL_29b02615e3b5,TRAIN,VALIDATION,CLUST_0.70_00006,IMMEDIATE_EARLY
CANONICAL_29b7bcf37bc2,TEST,TRAIN,CLUST_0.70_00005,LATE
CANONICAL_29c0b95f38b0,TEST,TRAIN,CLUST_0.70_00005,EARLY
CANONICAL_29c93a1f46dd,TRAIN,TRAIN,CLUST_0.70_00005,LATE
CANONICAL_29ca6b097e09,TRAIN,VALIDATION,CLUST_0.70_00029,LATE
CANONICAL_29cd64d1497c,TRAIN,TRAIN,CLUST_0.70_00060,EARLY
CANONICAL_29cfa7c2f445,VALIDATION,TRAIN,CLUST_0.70_00033,IMMEDIATE_EARLY
CANONICAL_29cfb0e69df9,TRAIN,TEST,CLUST_0.70_00004,IMMEDIATE_EARLY
CANONICAL_29cfdc02f7e6,TRAIN,TRAIN,CLUST_0.70_00005,EARLY
CANONICAL_29d0d11ea59e,VALIDATION,TRAIN,CLUST_0.70_00005,EARLY
CANONICAL_29d17b57a54b,VALIDATION,TRAIN,CLUST_0.70_00005,EARLY
CANONICAL_29d79a1b41ab,TRAIN,VALIDATION,CLUST_0.70_00006,IMMEDIATE_EARLY
CANONICAL_29d812bb7ede,TRAIN,TEST,CLUST_0.70_00052,LATE
CANONICAL_29d9a23173fe,TRAIN,TEST,CLUST_0.70_00004,IMMEDIATE_EARLY
CANONICAL_29e08bb89792,TRAIN,TRAIN,CLUST_0.70_00005,EARLY
CANONICAL_29e177367aae,TRAIN,TRAIN,CLUST_0.70_00005,EARLY
CANONICAL_29e19a4244e6,TEST,VALIDATION,CLUST_0.70_00079,LATE
CANONICAL_29e59e08c370,TRAIN,TRAIN,CLUST_0.70_00007,LATE
CANONICAL_29e900b6e81a,TRAIN,TRAIN,CLUST_0.70_00007,LATE
CANONICAL_29ea6482e36b,TRAIN,TRAIN,CLUST_0.70_00005,EARLY
CANONICAL_29ec8c103997,TRAIN,TEST,CLUST_0.70_00004,IMMEDIATE_EARLY
CANONICAL_29ef88b1b47c,VALIDATION,TEST,CLUST_0.70_00030,EARLY
CANONICAL_29f8bb7fb2cb,TRAIN,TRAIN,CLUST_0.70_00056,LATE
CANONICAL_29fdbbb071e1,TRAIN,TEST,CLUST_0.70_00071,LATE
CANONICAL_2a0115d4107b,TRAIN,VALIDATION,CLUST_0.70_00031,LATE
CANONICAL_2a02b157e901,TRAIN,TRAIN,CLUST_0.70_00230,LATE
CANONICAL_2a0448a65da7,TRAIN,TRAIN,CLUST_0.70_00008,LATE
CANONICAL_2a071dbb6988,TEST,TRAIN,CLUST_0.70_00007,LATE
CANONICAL_2a0c12ce6550,TRAIN,TEST,CLUST_0.70_00051,LATE
CANONICAL_2a0d1392d923,VALIDATION,TRAIN,CLUST_0.70_00008,LATE
CANONICAL_2a130a17c28a,TRAIN,TRAIN,CLUST_0.70_00191,EARLY
CANONICAL_2a13c4e4728c,TEST,TRAIN,CLUST_0.70_00359,LATE
CANONICAL_2a2851807cc3,TRAIN,VALIDATION,CLUST_0.70_00039,LATE
CANONICAL_2a2c3a65d13e,TRAIN,TRAIN,CLUST_0.70_00112,LATE
CANONICAL_2a2ce852ccba,TRAIN,VALIDATION,CLUST_0.70_00025,LATE
CANONICAL_2a2f1642a5a9,TRAIN,TRAIN,CLUST_0.70_00005,LATE
CANONICAL_2a3073415a6a,VALIDATION,TRAIN,CLUST_0.70_00005,EARLY
CANONICAL_2a30bc6cd55b,TRAIN,TRAIN,CLUST_0.70_00007,LATE
CANONICAL_2a3194d76db7,TEST,TRAIN,CLUST_0.70_00008,LATE
CANONICAL_2a38b33050ed,TEST,TEST,CLUST_0.70_00071,LATE
CANONICAL_2a3b10baf08a,TRAIN,TRAIN,CLUST_0.70_00005,EARLY
CANONICAL_2a3b22c51d67,VALIDATION,VALIDATION,CLUST_0.70_00036,EARLY
CANONICAL_2a42cff4a00a,TRAIN,VALIDATION,CLUST_0.70_00064,LATE
CANONICAL_2a4445e7a91a,VALIDATION,TRAIN,CLUST_0.70_00008,LATE
CANONICAL_2a44db33244c,VALIDATION,TRAIN,CLUST_0.70_00005,LATE
CANONICAL_2a47395cce36,VALIDATION,TRAIN,CLUST_0.70_00005,LATE
CANONICAL_2a4a97f513e5,TRAIN,TRAIN,CLUST_0.70_00008,IMMEDIATE_EARLY
CANONICAL_2a4e19baa033,TRAIN,VALIDATION,CLUST_0.70_00026,IMMEDIATE_EARLY
CANONICAL_2a4fd58c9727,TRAIN,TEST,CLUST_0.70_00015,LATE
CANONICAL_2a5dee761803,TRAIN,TRAIN,CLUST_0.70_00011,EARLY
CANONICAL_2a665f71e276,TRAIN,TRAIN,CLUST_0.70_00005,LATE
CANONICAL_2a6c884d912d,TRAIN,TEST,CLUST_0.70_00052,LATE
CANONICAL_2a6e243cd255,TRAIN,TRAIN,CLUST_0.70_00008,LATE
CANONICAL_2a6e24c7496d,TRAIN,TRAIN,CLUST_0.70_00005,EARLY
CANONICAL_2a6ff2345dd6,TRAIN,VALIDATION,CLUST_0.70_00036,EARLY
CANONICAL_2a73aa77f9a8,TRAIN,TRAIN,CLUST_0.70_00005,LATE
CANONICAL_2a79dae4235b,TRAIN,TEST,CLUST_0.70_00009,LATE
CANONICAL_2a7a07bf3644,VALIDATION,TEST,CLUST_0.70_00015,LATE
CANONICAL_2a7db5c44282,TRAIN,TRAIN,CLUST_0.70_00008,LATE
CANONICAL_2a80d1711ab7,TRAIN,TRAIN,CLUST_0.70_00005,LATE
CANONICAL_2a831d23e5e6,TRAIN,TEST,CLUST_0.70_00001,LATE
CANONICAL_2a83d557e620,TRAIN,VALIDATION,CLUST_0.70_00055,LATE
CANONICAL_2a8c180f747d,TRAIN,TRAIN,CLUST_0.70_00005,LATE
CANONICAL_2a8c200dcdc1,TRAIN,VALIDATION,CLUST_0.70_00038,LATE
CANONICAL_2a8df70b3c45,TRAIN,TRAIN,CLUST_0.70_00007,LATE
CANONICAL_2a9dc5ed5d2b,TRAIN,TEST,CLUST_0.70_00018,LATE
CANONICAL_2a9e6defcab0,VALIDATION,TEST,CLUST_0.70_00001,LATE
CANONICAL_2aa098385445,TRAIN,TRAIN,CLUST_0.70_00005,LATE
CANONICAL_2aa36cab41be,TRAIN,TRAIN,CLUST_0.70_00005,LATE
CANONICAL_2aa4edd24ac4,TRAIN,TEST,CLUST_0.70_00001,LATE
CANONICAL_2aa9809f6603,TRAIN,TRAIN,CLUST_0.70_00008,LATE
CANONICAL_2aa9fdb7ad08,TRAIN,TRAIN,CLUST_0.70_00308,EARLY
CANONICAL_2ab2643e09f3,TRAIN,TRAIN,CLUST_0.70_00005,EARLY
CANONICAL_2ab507663c46,TEST,TRAIN,CLUST_0.70_00005,EARLY
CANONICAL_2abb5166d0ff,TRAIN,VALIDATION,CLUST_0.70_00059,LATE
CANONICAL_2ac36ccddbae,TRAIN,TRAIN,CLUST_0.70_00300,LATE
CANONICAL_2ac39310a396,TEST,VALIDATION,CLUST_0.70_00026,IMMEDIATE_EARLY
CANONICAL_2ac40f0d9747,TEST,TRAIN,CLUST_0.70_00007,LATE
CANONICAL_2ac8d5b3bdcb,TRAIN,TEST,CLUST_0.70_00009,LATE
CANONICAL_2acb1f85b138,VALIDATION,VALIDATION,CLUST_0.70_00106,LATE
CANONICAL_2ad15e7532c6,TRAIN,TRAIN,CLUST_0.70_00005,EARLY
CANONICAL_2ad6fed8d8c8,TEST,TRAIN,CLUST_0.70_00021,EARLY
CANONICAL_2ae26bbf65c1,VALIDATION,TRAIN,CLUST_0.70_00005,LATE
CANONICAL_2ae5450c9266,TRAIN,VALIDATION,CLUST_0.70_00026,IMMEDIATE_EARLY
CANONICAL_2ae6e0da1002,TRAIN,VALIDATION,CLUST_0.70_00038,LATE
CANONICAL_2aec2be5776a,TRAIN,TRAIN,CLUST_0.70_00008,LATE
CANONICAL_2af24fb11640,TEST,VALIDATION,CLUST_0.70_00040,EARLY
CANONICAL_2af39d03e85a,TRAIN,TRAIN,CLUST_0.70_00008,LATE
CANONICAL_2af574058f08,TRAIN,TRAIN,CLUST_0.70_00005,EARLY
CANONICAL_2af9fb915494,TRAIN,TRAIN,CLUST_0.70_00005,EARLY
CANONICAL_2afbbcb01296,VALIDATION,VALIDATION,CLUST_0.70_00026,IMMEDIATE_EARLY
CANONICAL_2b02d091e6c3,TRAIN,TEST,CLUST_0.70_00080,LATE
CANONICAL_2b04060427e8,TRAIN,TRAIN,CLUST_0.70_00007,LATE
CANONICAL_2b05cd7b49fd,TRAIN,VALIDATION,CLUST_0.70_00127,LATE
CANONICAL_2b0bd6aecbef,TRAIN,TRAIN,CLUST_0.70_00007,EARLY
CANONICAL_2b130ad9a735,VALIDATION,VALIDATION,CLUST_0.70_00065,LATE
CANONICAL_2b1c91398806,TRAIN,TEST,CLUST_0.70_00071,LATE
CANONICAL_2b1d89561c71,TEST,VALIDATION,CLUST_0.70_00065,LATE
CANONICAL_2b2089c1ae5e,VALIDATION,TEST,CLUST_0.70_00052,LATE
CANONICAL_2b23bb31f110,TEST,TRAIN,CLUST_0.70_00047,LATE
CANONICAL_2b2cff45d79d,VALIDATION,TRAIN,CLUST_0.70_00005,EARLY
CANONICAL_2b3828785d8c,TRAIN,TRAIN,CLUST_0.70_00005,LATE
CANONICAL_2b3a0d00e03f,VALIDATION,TRAIN,CLUST_0.70_00005,EARLY
CANONICAL_2b4316f79050,TRAIN,VALIDATION,CLUST_0.70_00031,LATE
CANONICAL_2b4378063616,TRAIN,TRAIN,CLUST_0.70_00008,LATE
CANONICAL_2b4595f1400a,TRAIN,TRAIN,CLUST_0.70_00008,LATE
CANONICAL_2b47c4509a81,VALIDATION,TRAIN,CLUST_0.70_00005,LATE
CANONICAL_2b4dd4e09ae3,TRAIN,VALIDATION,CLUST_0.70_00026,IMMEDIATE_EARLY
CANONICAL_2b4eed5789b6,TEST,TEST,CLUST_0.70_00071,LATE
CANONICAL_2b5313b2811d,TEST,TEST,CLUST_0.70_00052,LATE
CANONICAL_2b548194b70c,TRAIN,TEST,CLUST_0.70_00001,LATE
CANONICAL_2b58278c6217,TRAIN,TEST,CLUST_0.70_00009,LATE
CANONICAL_2b5af4eddaab,TRAIN,TRAIN,CLUST_0.70_00005,EARLY
CANONICAL_2b5c7326ce9b,TEST,TRAIN,CLUST_0.70_00032,LATE
CANONICAL_2b5eb3371ffc,VALIDATION,TEST,CLUST_0.70_00037,LATE
CANONICAL_2b60b13761be,TEST,TRAIN,CLUST_0.70_00214,LATE
CANONICAL_2b63b968acbd,TRAIN,VALIDATION,CLUST_0.70_00025,LATE
CANONICAL_2b676832b156,VALIDATION,TRAIN,CLUST_0.70_00007,LATE
CANONICAL_2b747d920325,TEST,TRAIN,CLUST_0.70_00007,LATE
CANONICAL_2b77d76c74fd,VALIDATION,TRAIN,CLUST_0.70_00005,LATE
CANONICAL_2b80d84888e4,TRAIN,TRAIN,CLUST_0.70_00008,LATE
CANONICAL_2b837f0fdb13,TRAIN,VALIDATION,CLUST_0.70_00039,LATE
CANONICAL_2b85264e5ef9,TRAIN,TRAIN,CLUST_0.70_00008,EARLY
CANONICAL_2b8fbf05a550,TRAIN,TRAIN,CLUST_0.70_00008,LATE
CANONICAL_2b976668cb47,TEST,VALIDATION,CLUST_0.70_00017,LATE
CANONICAL_2b9a3b7ed874,TRAIN,TRAIN,CLUST_0.70_00007,EARLY
CANONICAL_2ba0cf405bfb,TEST,TRAIN,CLUST_0.70_00005,LATE
CANONICAL_2ba1ed0a1317,TRAIN,TRAIN,CLUST_0.70_00007,EARLY
CANONICAL_2ba2393edf09,TRAIN,TRAIN,CLUST_0.70_00005,LATE
CANONICAL_2ba8b7d13ffd,TRAIN,TRAIN,CLUST_0.70_00005,LATE
CANONICAL_2baeda2f8c80,TRAIN,VALIDATION,CLUST_0.70_00031,LATE
CANONICAL_2baeed9a2f85,VALIDATION,TEST,CLUST_0.70_00004,IMMEDIATE_EARLY
CANONICAL_2baf946b1a48,TRAIN,TRAIN,CLUST_0.70_00008,LATE
CANONICAL_2bb7e5c67a37,TRAIN,TRAIN,CLUST_0.70_00062,LATE
CANONICAL_2bbe2ecd4713,VALIDATION,VALIDATION,CLUST_0.70_00064,LATE
CANONICAL_2bc0133a57b9,TRAIN,TEST,CLUST_0.70_00001,LATE
CANONICAL_2bc13b69265d,TRAIN,TRAIN,CLUST_0.70_00005,EARLY
CANONICAL_2bc2c966e438,TRAIN,TEST,CLUST_0.70_00030,EARLY
CANONICAL_2bc7525c8d62,TRAIN,TRAIN,CLUST_0.70_00007,LATE
CANONICAL_2bd310b956a9,TRAIN,TRAIN,CLUST_0.70_00008,LATE
CANONICAL_2bd500299c5d,TRAIN,TRAIN,CLUST_0.70_00008,LATE
CANONICAL_2bd65bad2cc5,TEST,VALIDATION,CLUST_0.70_00055,LATE
CANONICAL_2bdb658ec43e,TEST,TEST,CLUST_0.70_00018,LATE
CANONICAL_2bdb9da7e3b3,TRAIN,VALIDATION,CLUST_0.70_00064,LATE
CANONICAL_2bdceafb3a05,TRAIN,TRAIN,CLUST_0.70_00024,LATE
CANONICAL_2bdda3f7dd3a,TRAIN,TRAIN,CLUST_0.70_00241,LATE
CANONICAL_2be3e2587db1,TRAIN,TRAIN,CLUST_0.70_00005,LATE
CANONICAL_2be7ad377376,TRAIN,TRAIN,CLUST_0.70_00005,LATE
CANONICAL_2bec8c2236cb,TRAIN,TRAIN,CLUST_0.70_00007,LATE
CANONICAL_2bf596ad48d2,TRAIN,TEST,CLUST_0.70_00015,LATE
CANONICAL_2bf673458938,TRAIN,TRAIN,CLUST_0.70_00008,LATE
CANONICAL_2bf7754e11ba,TRAIN,TEST,CLUST_0.70_00001,LATE
CANONICAL_2bf7d1452456,TRAIN,TRAIN,CLUST_0.70_00007,EARLY
CANONICAL_2bf96804a5cf,TRAIN,TRAIN,CLUST_0.70_00130,EARLY
CANONICAL_2bfa1bbfd5aa,TRAIN,TRAIN,CLUST_0.70_00005,LATE
CANONICAL_2bfbbb71e77d,TRAIN,TRAIN,CLUST_0.70_00008,LATE
CANONICAL_2c0028d02e5d,TRAIN,VALIDATION,CLUST_0.70_00006,IMMEDIATE_EARLY
CANONICAL_2c05b8d76089,VALIDATION,VALIDATION,CLUST_0.70_00058,LATE
CANONICAL_2c06f7fb0220,TEST,TRAIN,CLUST_0.70_00134,LATE
CANONICAL_2c08874ca7e8,TRAIN,TRAIN,CLUST_0.70_00005,LATE
CANONICAL_2c0e57ead818,TEST,TRAIN,CLUST_0.70_00005,LATE
CANONICAL_2c166210fdc7,TEST,TRAIN,CLUST_0.70_00007,LATE
CANONICAL_2c198fbd060d,TEST,TRAIN,CLUST_0.70_00005,EARLY
CANONICAL_2c1c6afe18fe,TRAIN,TRAIN,CLUST_0.70_00007,LATE
CANONICAL_2c1e4e62e8fb,TEST,VALIDATION,CLUST_0.70_00064,LATE
CANONICAL_2c1f6209032f,TRAIN,TRAIN,CLUST_0.70_00008,LATE
CANONICAL_2c1f6ecca297,TRAIN,TRAIN,CLUST_0.70_00159,LATE
CANONICAL_2c1faa0aea0e,TRAIN,TEST,CLUST_0.70_00001,LATE
CANONICAL_2c1fbd107760,TEST,TRAIN,CLUST_0.70_00091,LATE
CANONICAL_2c25546d7329,TEST,VALIDATION,CLUST_0.70_00038,LATE
CANONICAL_2c290f288b5e,TRAIN,TRAIN,CLUST_0.70_00007,IMMEDIATE_EARLY
CANONICAL_2c29a3ace5d3,VALIDATION,TEST,CLUST_0.70_00004,IMMEDIATE_EARLY
CANONICAL_2c2a2a720a84,VALIDATION,VALIDATION,CLUST_0.70_00064,LATE
CANONICAL_2c2ae74d18c4,TRAIN,TEST,CLUST_0.70_00001,LATE
CANONICAL_2c2f6d6b97bd,TEST,TRAIN,CLUST_0.70_00005,EARLY
CANONICAL_2c3c431487e2,TRAIN,TEST,CLUST_0.70_00018,LATE
CANONICAL_2c406e3aea99,TRAIN,TRAIN,CLUST_0.70_00005,EARLY
CANONICAL_2c4287740f5a,TRAIN,TRAIN,CLUST_0.70_00005,LATE
CANONICAL_2c451f84f060,TRAIN,TRAIN,CLUST_0.70_00005,EARLY
CANONICAL_2c4558feccd8,TRAIN,TRAIN,CLUST_0.70_00007,LATE
CANONICAL_2c4c85ca9c98,TRAIN,TRAIN,CLUST_0.70_00008,LATE
CANONICAL_2c515b4c2b0d,TEST,TRAIN,CLUST_0.70_00005,EARLY
CANONICAL_2c56b98ec07b,TRAIN,TRAIN,CLUST_0.70_00007,LATE
CANONICAL_2c5aa3b18d0c,TRAIN,TRAIN,CLUST_0.70_00261,LATE
CANONICAL_2c68367db12b,TEST,VALIDATION,CLUST_0.70_00026,IMMEDIATE_EARLY
CANONICAL_2c69d0233ed5,TEST,TRAIN,CLUST_0.70_00005,EARLY
CANONICAL_2c6d32452ec1,TRAIN,TRAIN,CLUST_0.70_00075,LATE
CANONICAL_2c7320370760,TEST,TEST,CLUST_0.70_00001,LATE
CANONICAL_2c7b4c8d67c2,VALIDATION,VALIDATION,CLUST_0.70_00031,LATE
CANONICAL_2c83a5f2f492,TRAIN,TRAIN,CLUST_0.70_00203,LATE
CANONICAL_2c86891bc6d6,TRAIN,TEST,CLUST_0.70_00071,LATE
CANONICAL_2c87bd191cf4,TRAIN,TRAIN,CLUST_0.70_00007,LATE
CANONICAL_2c8a353c42f4,TRAIN,TEST,CLUST_0.70_00030,EARLY
CANONICAL_2c9b40855cbe,TRAIN,TEST,CLUST_0.70_00004,IMMEDIATE_EARLY
CANONICAL_2c9ccb6aadd6,VALIDATION,TRAIN,CLUST_0.70_00005,LATE
CANONICAL_2ca4a78681af,TRAIN,TEST,CLUST_0.70_00001,LATE
CANONICAL_2caa740da7dd,TRAIN,TRAIN,CLUST_0.70_00008,IMMEDIATE_EARLY
CANONICAL_2cab74fc6602,TRAIN,TRAIN,CLUST_0.70_00307,LATE
CANONICAL_2cae1dae3539,TRAIN,TRAIN,CLUST_0.70_00005,EARLY
CANONICAL_2caf41464a6b,TRAIN,TRAIN,CLUST_0.70_00008,LATE
CANONICAL_2cb50f09645c,TEST,TEST,CLUST_0.70_00001,LATE
CANONICAL_2cb8e4d4b761,TRAIN,TEST,CLUST_0.70_00052,LATE
CANONICAL_2cba7183a013,TRAIN,VALIDATION,CLUST_0.70_00086,LATE
CANONICAL_2cbcd27e97c7,TRAIN,TRAIN,CLUST_0.70_00005,EARLY
CANONICAL_2cc07930c6d7,TRAIN,TRAIN,CLUST_0.70_00005,EARLY
CANONICAL_2cc75411eff1,VALIDATION,TEST,CLUST_0.70_00018,LATE
CANONICAL_2cd5c2c968d9,TEST,TRAIN,CLUST_0.70_00008,LATE
CANONICAL_2cd6eef8d6ba,TRAIN,TEST,CLUST_0.70_00052,LATE
CANONICAL_2cd90daf5709,VALIDATION,TEST,CLUST_0.70_00030,EARLY
CANONICAL_2cdc404a7012,TRAIN,TRAIN,CLUST_0.70_00005,LATE
CANONICAL_2ce6bc897697,TRAIN,VALIDATION,CLUST_0.70_00106,LATE
CANONICAL_2ceae5819235,TRAIN,TRAIN,CLUST_0.70_00056,LATE
CANONICAL_2ced6e4bbae0,TEST,TRAIN,CLUST_0.70_00005,EARLY
CANONICAL_2cf3310b1055,TRAIN,TRAIN,CLUST_0.70_00008,LATE
CANONICAL_2cf7a9ce4584,VALIDATION,TRAIN,CLUST_0.70_00008,LATE
CANONICAL_2d0021a8fac9,TRAIN,TRAIN,CLUST_0.70_00007,IMMEDIATE_EARLY
CANONICAL_2d0144154f8f,VALIDATION,VALIDATION,CLUST_0.70_00026,IMMEDIATE_EARLY
CANONICAL_2d01e202fb13,TRAIN,TEST,CLUST_0.70_00052,LATE
CANONICAL_2d02a3a86be4,TRAIN,TRAIN,CLUST_0.70_00005,LATE
CANONICAL_2d02bbb976e1,TRAIN,TRAIN,CLUST_0.70_00008,LATE
CANONICAL_2d02e2c342eb,TRAIN,TEST,CLUST_0.70_00052,LATE
CANONICAL_2d0bab91cf18,TRAIN,VALIDATION,CLUST_0.70_00010,EARLY
CANONICAL_2d1f912bb173,VALIDATION,TRAIN,CLUST_0.70_00008,LATE
CANONICAL_2d1ffe13768c,TRAIN,TRAIN,CLUST_0.70_00005,LATE
CANONICAL_2d201b4c81c3,TRAIN,TRAIN,CLUST_0.70_00007,LATE
CANONICAL_2d2075240883,TRAIN,TRAIN,CLUST_0.70_00007,LATE
CANONICAL_2d22ad9e7188,TRAIN,TRAIN,CLUST_0.70_00005,EARLY
CANONICAL_2d23238d488c,TRAIN,TRAIN,CLUST_0.70_00008,LATE
CANONICAL_2d294d86609c,TRAIN,TRAIN,CLUST_0.70_00005,LATE
CANONICAL_2d2abb8e075b,TRAIN,TRAIN,CLUST_0.70_00056,LATE
CANONICAL_2d2d228478ab,TRAIN,TRAIN,CLUST_0.70_00005,EARLY
CANONICAL_2d33dea76660,TRAIN,TRAIN,CLUST_0.70_00007,IMMEDIATE_EARLY
CANONICAL_2d36a6a5e44c,VALIDATION,TRAIN,CLUST_0.70_00005,LATE
CANONICAL_2d39051d2009,VALIDATION,TRAIN,CLUST_0.70_00005,EARLY
CANONICAL_2d3eab042775,TRAIN,TEST,CLUST_0.70_00030,EARLY
CANONICAL_2d430af60703,TRAIN,TRAIN,CLUST_0.70_00005,EARLY
CANONICAL_2d44ece2d3b4,TRAIN,TRAIN,CLUST_0.70_00005,LATE
CANONICAL_2d4b388ae6be,TRAIN,VALIDATION,CLUST_0.70_00031,LATE
CANONICAL_2d5716e2ef2f,TRAIN,TEST,CLUST_0.70_00052,LATE
CANONICAL_2d572b47e48a,TRAIN,VALIDATION,CLUST_0.70_00059,LATE
CANONICAL_2d5b527b65e8,VALIDATION,TEST,CLUST_0.70_00001,LATE
CANONICAL_2d656930a3ea,VALIDATION,TRAIN,CLUST_0.70_00005,EARLY
CANONICAL_2d6ae7afcc9c,TRAIN,TRAIN,CLUST_0.70_00231,IMMEDIATE_EARLY
CANONICAL_2d6ed277593c,VALIDATION,TRAIN,CLUST_0.70_00005,EARLY
CANONICAL_2d75a6533c87,TRAIN,TRAIN,CLUST_0.70_00062,LATE
CANONICAL_2d76b9b94dd1,TRAIN,TRAIN,CLUST_0.70_00007,EARLY
CANONICAL_2d78023cdebc,TRAIN,VALIDATION,CLUST_0.70_00006,IMMEDIATE_EARLY
CANONICAL_2d80a2b88334,TRAIN,VALIDATION,CLUST_0.70_00065,LATE
CANONICAL_2d80a516c272,TEST,VALIDATION,CLUST_0.70_00025,LATE
CANONICAL_2d828e4809dc,TRAIN,TRAIN,CLUST_0.70_00005,LATE
CANONICAL_2d83287c0d2f,TRAIN,TRAIN,CLUST_0.70_00105,LATE
CANONICAL_2d858a5bb92d,TRAIN,TRAIN,CLUST_0.70_00005,LATE
CANONICAL_2d8649997644,TRAIN,TEST,CLUST_0.70_00004,IMMEDIATE_EARLY
CANONICAL_2d8a32c5427d,TRAIN,TRAIN,CLUST_0.70_00005,EARLY
CANONICAL_2d8c70fe28d4,TRAIN,TRAIN,CLUST_0.70_00005,EARLY
CANONICAL_2d8e055c33c8,TRAIN,TRAIN,CLUST_0.70_00178,EARLY
CANONICAL_2d93ddc41c86,TRAIN,TEST,CLUST_0.70_00015,LATE
CANONICAL_2d9bb27d2fdc,TRAIN,VALIDATION,CLUST_0.70_00017,LATE
CANONICAL_2d9d46f23415,TRAIN,TRAIN,CLUST_0.70_00005,LATE
CANONICAL_2d9eeb46b917,VALIDATION,TRAIN,CLUST_0.70_00008,LATE
CANONICAL_2d9fa32babc1,TEST,VALIDATION,CLUST_0.70_00006,IMMEDIATE_EARLY
CANONICAL_2da435a3333b,TRAIN,TRAIN,CLUST_0.70_00008,LATE
CANONICAL_2da4cb72e2ca,TRAIN,TEST,CLUST_0.70_00015,LATE
CANONICAL_2daafc5d4197,TRAIN,TRAIN,CLUST_0.70_00008,LATE
CANONICAL_2daca4680811,TRAIN,VALIDATION,CLUST_0.70_00016,EARLY
CANONICAL_2db4109e83f2,VALIDATION,TRAIN,CLUST_0.70_00334,LATE
CANONICAL_2dc1980f03e6,TRAIN,VALIDATION,CLUST_0.70_00017,LATE
CANONICAL_2dcb0f4fdd60,TRAIN,TRAIN,CLUST_0.70_00075,LATE
CANONICAL_2dcd4c324d0d,TRAIN,TRAIN,CLUST_0.70_00109,LATE
CANONICAL_2dcf91af6f03,TRAIN,TRAIN,CLUST_0.70_00008,LATE
CANONICAL_2dd469944c9c,VALIDATION,VALIDATION,CLUST_0.70_00041,EARLY
CANONICAL_2ddf32edd152,VALIDATION,TEST,CLUST_0.70_00001,LATE
CANONICAL_2de349ea4e37,TRAIN,TRAIN,CLUST_0.70_00008,LATE
CANONICAL_2de4ba9319af,TRAIN,TEST,CLUST_0.70_00015,LATE
CANONICAL_2de58ed6e8fd,VALIDATION,TEST,CLUST_0.70_00030,EARLY
CANONICAL_2de6a524bb4f,VALIDATION,TRAIN,CLUST_0.70_00005,EARLY
CANONICAL_2de8c05246bb,TEST,TEST,CLUST_0.70_00018,LATE
CANONICAL_2de8f1a1c7cc,TEST,TRAIN,CLUST_0.70_00097,LATE
CANONICAL_2dec692a6b7f,TEST,TEST,CLUST_0.70_00004,IMMEDIATE_EARLY
CANONICAL_2df77b6246bf,TRAIN,TRAIN,CLUST_0.70_00008,LATE
CANONICAL_2dfa3e3cc3f9,TRAIN,VALIDATION,CLUST_0.70_00086,LATE
CANONICAL_2e03c5beeb59,TRAIN,TRAIN,CLUST_0.70_00008,LATE
CANONICAL_2e050614ae50,TEST,TRAIN,CLUST_0.70_00008,LATE
CANONICAL_2e0ea0a75f64,TRAIN,TRAIN,CLUST_0.70_00005,EARLY
CANONICAL_2e152406d6a5,TRAIN,TEST,CLUST_0.70_00001,LATE
CANONICAL_2e18ef5eed95,VALIDATION,TRAIN,CLUST_0.70_00005,LATE
CANONICAL_2e208c3f9886,TRAIN,TRAIN,CLUST_0.70_00005,EARLY
CANONICAL_2e20ba288e7f,VALIDATION,TRAIN,CLUST_0.70_00005,EARLY
CANONICAL_2e213e17adcb,TRAIN,TRAIN,CLUST_0.70_00008,LATE
CANONICAL_2e23e510b49b,TRAIN,TEST,CLUST_0.70_00004,IMMEDIATE_EARLY
CANONICAL_2e2ace566cd2,TRAIN,TEST,CLUST_0.70_00030,EARLY
CANONICAL_2e2c34df54b0,TRAIN,TRAIN,CLUST_0.70_00431,LATE
CANONICAL_2e2d5d7de20c,TRAIN,VALIDATION,CLUST_0.70_00026,IMMEDIATE_EARLY
CANONICAL_2e2f9654a1e5,TRAIN,TEST,CLUST_0.70_00001,LATE
CANONICAL_2e3125e86eae,TEST,TRAIN,CLUST_0.70_00005,LATE
CANONICAL_2e313aee6394,TEST,TRAIN,CLUST_0.70_00005,LATE
CANONICAL_2e386bde8052,TRAIN,TRAIN,CLUST_0.70_00005,EARLY
CANONICAL_2e3de41720b1,TRAIN,TRAIN,CLUST_0.70_00056,LATE
CANONICAL_2e478ff7b538,TRAIN,TRAIN,CLUST_0.70_00008,LATE
CANONICAL_2e49b30ebd82,VALIDATION,TEST,CLUST_0.70_00071,LATE
CANONICAL_2e49ed631a0c,TRAIN,TRAIN,CLUST_0.70_00005,EARLY
CANONICAL_2e4edb61259e,VALIDATION,TRAIN,CLUST_0.70_00005,EARLY
CANONICAL_2e53d9ebd046,VALIDATION,TRAIN,CLUST_0.70_00005,LATE
CANONICAL_2e56188da13d,TRAIN,VALIDATION,CLUST_0.70_00040,EARLY
CANONICAL_2e568350bba6,TRAIN,TRAIN,CLUST_0.70_00005,LATE
CANONICAL_2e62aebff349,VALIDATION,VALIDATION,CLUST_0.70_00026,IMMEDIATE_EARLY
CANONICAL_2e66773ed6b1,TRAIN,VALIDATION,CLUST_0.70_00010,LATE
CANONICAL_2e694bc0de28,TRAIN,TRAIN,CLUST_0.70_00005,LATE
CANONICAL_2e6d17b25ef6,TRAIN,TRAIN,CLUST_0.70_00008,LATE
CANONICAL_2e7224338a14,VALIDATION,VALIDATION,CLUST_0.70_00169,LATE
CANONICAL_2e7945f7fd8c,TEST,TRAIN,CLUST_0.70_00007,LATE
CANONICAL_2e801c05d5e6,TRAIN,TRAIN,CLUST_0.70_00005,EARLY
CANONICAL_2e8b3aa23adc,TRAIN,VALIDATION,CLUST_0.70_00017,LATE
CANONICAL_2e94d6dec133,TRAIN,TRAIN,CLUST_0.70_00005,EARLY
CANONICAL_2e992f93b195,TRAIN,TRAIN,CLUST_0.70_00393,LATE
CANONICAL_2ea4ea7104f7,TRAIN,TRAIN,CLUST_0.70_00005,LATE
CANONICAL_2ead7dde9245,TRAIN,TRAIN,CLUST_0.70_00008,LATE
CANONICAL_2eae2de84d61,TRAIN,TRAIN,CLUST_0.70_00005,EARLY
CANONICAL_2eafd662ace4,TRAIN,TRAIN,CLUST_0.70_00008,LATE
CANONICAL_2eb1094a164e,VALIDATION,TEST,CLUST_0.70_00018,LATE
CANONICAL_2eb52360c778,TRAIN,VALIDATION,CLUST_0.70_00041,EARLY
CANONICAL_2eba893b2f76,TEST,VALIDATION,CLUST_0.70_00010,LATE
CANONICAL_2ebbe36706e8,TRAIN,TRAIN,CLUST_0.70_00008,LATE
CANONICAL_2ebc83e9f263,TRAIN,TRAIN,CLUST_0.70_00062,LATE
CANONICAL_2ec5a456103c,TRAIN,TEST,CLUST_0.70_00030,EARLY
CANONICAL_2ec871afb397,VALIDATION,VALIDATION,CLUST_0.70_00058,LATE
CANONICAL_2ed27e170a77,VALIDATION,TRAIN,CLUST_0.70_00005,EARLY
CANONICAL_2ed6c9e6fbea,TRAIN,VALIDATION,CLUST_0.70_00017,LATE
CANONICAL_2ed8e714fe3c,TRAIN,TRAIN,CLUST_0.70_00042,LATE
CANONICAL_2edc61d9fdfe,TRAIN,TRAIN,CLUST_0.70_00005,LATE
CANONICAL_2edc79774367,TEST,TRAIN,CLUST_0.70_00035,EARLY
CANONICAL_2edd0459fdf6,TRAIN,TRAIN,CLUST_0.70_00202,EARLY
CANONICAL_2ee1faa553bf,TRAIN,TRAIN,CLUST_0.70_00400,LATE
CANONICAL_2ee3276d8a51,TRAIN,TEST,CLUST_0.70_00051,LATE
CANONICAL_2ee7b9912e49,TRAIN,TRAIN,CLUST_0.70_00008,LATE
CANONICAL_2eeaf89b7fdd,TRAIN,TRAIN,CLUST_0.70_00231,IMMEDIATE_EARLY
CANONICAL_2eecef59bc57,VALIDATION,TRAIN,CLUST_0.70_00008,LATE
CANONICAL_2efa3e95cb9e,TRAIN,TRAIN,CLUST_0.70_00008,LATE
CANONICAL_2efa3ff17daa,VALIDATION,TRAIN,CLUST_0.70_00005,LATE
CANONICAL_2eff5d0cfc12,TRAIN,TRAIN,CLUST_0.70_00005,LATE
CANONICAL_2f029a516dad,TRAIN,TRAIN,CLUST_0.70_00005,LATE
CANONICAL_2f055b603551,TRAIN,TEST,CLUST_0.70_00030,EARLY
CANONICAL_2f0636224d38,TRAIN,VALIDATION,CLUST_0.70_00079,LATE
CANONICAL_2f0e41adaefd,TRAIN,TRAIN,CLUST_0.70_00090,LATE
CANONICAL_2f11edd5962d,TEST,TRAIN,CLUST_0.70_00109,LATE
CANONICAL_2f129d3aafe6,TRAIN,TRAIN,CLUST_0.70_00005,EARLY
CANONICAL_2f1511568b2a,TRAIN,TEST,CLUST_0.70_00030,EARLY
CANONICAL_2f198a31f448,VALIDATION,TEST,CLUST_0.70_00004,IMMEDIATE_EARLY
CANONICAL_2f2330bd45ad,VALIDATION,TRAIN,CLUST_0.70_00008,LATE
CANONICAL_2f28e116b106,TRAIN,TRAIN,CLUST_0.70_00005,LATE
CANONICAL_2f335bafbf2a,TRAIN,TEST,CLUST_0.70_00004,IMMEDIATE_EARLY
CANONICAL_2f3405199a7a,TRAIN,VALIDATION,CLUST_0.70_00059,LATE
CANONICAL_2f3d5353ea3d,TEST,TRAIN,CLUST_0.70_00008,LATE
CANONICAL_2f449873d61f,TRAIN,TRAIN,CLUST_0.70_00008,LATE
CANONICAL_2f45927109ab,TRAIN,TEST,CLUST_0.70_00071,LATE
CANONICAL_2f4741f00e8e,TEST,VALIDATION,CLUST_0.70_00031,LATE
CANONICAL_2f4bc0011e95,TRAIN,TRAIN,CLUST_0.70_00098,LATE
CANONICAL_2f4beed09366,TEST,VALIDATION,CLUST_0.70_00006,IMMEDIATE_EARLY
CANONICAL_2f4d85f9a457,VALIDATION,VALIDATION,CLUST_0.70_00038,LATE
CANONICAL_2f4fd12460f8,TRAIN,TEST,CLUST_0.70_00015,LATE
CANONICAL_2f528c7db764,VALIDATION,TRAIN,CLUST_0.70_00005,LATE
CANONICAL_2f55357bfa01,TRAIN,TRAIN,CLUST_0.70_00005,LATE
CANONICAL_2f55bf33536c,VALIDATION,TRAIN,CLUST_0.70_00008,LATE
CANONICAL_2f576b8fb1cf,TRAIN,TEST,CLUST_0.70_00030,EARLY
CANONICAL_2f5c08579eac,TRAIN,TRAIN,CLUST_0.70_00007,LATE
CANONICAL_2f600468c361,TRAIN,TRAIN,CLUST_0.70_00008,LATE
CANONICAL_2f622b3738bb,TRAIN,TRAIN,CLUST_0.70_00005,EARLY
CANONICAL_2f637e7b8c39,TRAIN,TRAIN,CLUST_0.70_00008,LATE
CANONICAL_2f6b453deeb1,TRAIN,TRAIN,CLUST_0.70_00005,EARLY
CANONICAL_2f76900d729d,TEST,TEST,CLUST_0.70_00080,LATE
CANONICAL_2f7d8416ffce,TRAIN,TRAIN,CLUST_0.70_00005,EARLY
CANONICAL_2f7e9d5f197f,TRAIN,VALIDATION,CLUST_0.70_00038,LATE
CANONICAL_2f7ea8b40b12,TRAIN,TRAIN,CLUST_0.70_00090,LATE
CANONICAL_2f7f95d2172c,TRAIN,TEST,CLUST_0.70_00001,LATE
CANONICAL_2f8228ad5195,TRAIN,VALIDATION,CLUST_0.70_00029,LATE
CANONICAL_2f8b08647682,TRAIN,VALIDATION,CLUST_0.70_00025,LATE
CANONICAL_2f8cfd453fdb,TRAIN,VALIDATION,CLUST_0.70_00031,LATE
CANONICAL_2f8f470303db,TRAIN,TEST,CLUST_0.70_00015,LATE
CANONICAL_2f920e2c42ff,TRAIN,TEST,CLUST_0.70_00080,LATE
CANONICAL_2f94eebf0958,TRAIN,TEST,CLUST_0.70_00030,EARLY
CANONICAL_2f972c480981,TRAIN,TRAIN,CLUST_0.70_00141,LATE
CANONICAL_2f9cbe72151a,VALIDATION,TRAIN,CLUST_0.70_00005,EARLY
CANONICAL_2fa454c9f16d,TRAIN,TEST,CLUST_0.70_00001,LATE
CANONICAL_2fa579468270,VALIDATION,TRAIN,CLUST_0.70_00005,LATE
CANONICAL_2fa6de9fee21,TRAIN,VALIDATION,CLUST_0.70_00026,IMMEDIATE_EARLY
CANONICAL_2faba439e414,TRAIN,TRAIN,CLUST_0.70_00005,EARLY
CANONICAL_2faeefd15e8d,TRAIN,VALIDATION,CLUST_0.70_00041,EARLY
CANONICAL_2fb198ef5153,VALIDATION,TRAIN,CLUST_0.70_00005,EARLY
CANONICAL_2fb2cf8f542b,TRAIN,TEST,CLUST_0.70_00037,LATE
CANONICAL_2fb8d4ffaebc,TRAIN,VALIDATION,CLUST_0.70_00026,IMMEDIATE_EARLY
CANONICAL_2fb9d03efc1b,TRAIN,TRAIN,CLUST_0.70_00005,EARLY
CANONICAL_2fc03e20526a,TRAIN,TRAIN,CLUST_0.70_00005,EARLY
CANONICAL_2fc0b3414c76,TEST,TRAIN,CLUST_0.70_00241,LATE
CANONICAL_2fc2a421af0a,TEST,TRAIN,CLUST_0.70_00134,LATE
CANONICAL_2fc2bc6aaf9e,VALIDATION,TRAIN,CLUST_0.70_00007,LATE
CANONICAL_2fc530736a28,VALIDATION,TRAIN,CLUST_0.70_00005,LATE
CANONICAL_2fc8ddb817aa,TRAIN,TEST,CLUST_0.70_00001,LATE
CANONICAL_2fd5fbe2a01d,TRAIN,VALIDATION,CLUST_0.70_00026,IMMEDIATE_EARLY
CANONICAL_2fd8d4735a0c,TRAIN,TRAIN,CLUST_0.70_00005,LATE
CANONICAL_2fd9e5e81aff,TRAIN,VALIDATION,CLUST_0.70_00127,LATE
CANONICAL_2fded68202bf,TEST,TEST,CLUST_0.70_00001,LATE
CANONICAL_2fe0d868f4d7,TEST,VALIDATION,CLUST_0.70_00006,IMMEDIATE_EARLY
CANONICAL_2fe2666e0a5b,TRAIN,TRAIN,CLUST_0.70_00007,LATE
CANONICAL_2fe42de33674,TRAIN,TRAIN,CLUST_0.70_00007,LATE
CANONICAL_2fe5c9d42e89,TRAIN,TRAIN,CLUST_0.70_00007,LATE
CANONICAL_2fe6994fbc11,TRAIN,TRAIN,CLUST_0.70_00005,EARLY
CANONICAL_2fe995ab85af,VALIDATION,VALIDATION,CLUST_0.70_00055,LATE
CANONICAL_2fecd5d221dc,VALIDATION,VALIDATION,CLUST_0.70_00026,IMMEDIATE_EARLY
CANONICAL_2ff28eab1c0b,VALIDATION,VALIDATION,CLUST_0.70_00029,LATE
CANONICAL_2ff341fbc8da,TRAIN,VALIDATION,CLUST_0.70_00025,LATE
CANONICAL_2ffbe671ccf1,TRAIN,TRAIN,CLUST_0.70_00008,LATE
CANONICAL_3007596fb097,TEST,TEST,CLUST_0.70_00001,LATE
CANONICAL_300d5c675655,TRAIN,TRAIN,CLUST_0.70_00005,EARLY
CANONICAL_30157b7cf554,TEST,TEST,CLUST_0.70_00018,LATE
CANONICAL_3017c870347a,TRAIN,VALIDATION,CLUST_0.70_00025,LATE
CANONICAL_3017d3e0427f,TRAIN,TRAIN,CLUST_0.70_00005,LATE
CANONICAL_3019564940e5,TEST,TRAIN,CLUST_0.70_00240,LATE
CANONICAL_301acf7b119e,VALIDATION,TEST,CLUST_0.70_00030,EARLY
CANONICAL_301d33e787b8,TRAIN,TEST,CLUST_0.70_00018,LATE
CANONICAL_3020ac6ae86f,TRAIN,TEST,CLUST_0.70_00030,EARLY
CANONICAL_3025703530ec,TRAIN,VALIDATION,CLUST_0.70_00079,LATE
CANONICAL_3025b45dc8be,VALIDATION,TRAIN,CLUST_0.70_00323,LATE
CANONICAL_3026f1d70ce3,TRAIN,VALIDATION,CLUST_0.70_00025,LATE
CANONICAL_302ccee49104,VALIDATION,TEST,CLUST_0.70_00030,EARLY
CANONICAL_302ecfc021d5,TRAIN,TRAIN,CLUST_0.70_00112,LATE
CANONICAL_302f79cfaa77,TRAIN,TRAIN,CLUST_0.70_00005,LATE
CANONICAL_3031ab065dcc,TRAIN,TEST,CLUST_0.70_00004,IMMEDIATE_EARLY
CANONICAL_3037c715e88d,TRAIN,TEST,CLUST_0.70_00001,LATE
CANONICAL_303b697c8fab,TRAIN,TRAIN,CLUST_0.70_00005,LATE
CANONICAL_3040a4dd654a,TRAIN,TRAIN,CLUST_0.70_00005,EARLY
CANONICAL_30418131e8dd,TRAIN,TRAIN,CLUST_0.70_00005,LATE
CANONICAL_30445d6f09af,TRAIN,TRAIN,CLUST_0.70_00008,LATE
CANONICAL_3052a4a2aeed,VALIDATION,TRAIN,CLUST_0.70_00271,EARLY
CANONICAL_305568eb3266,TEST,TRAIN,CLUST_0.70_00005,EARLY
CANONICAL_305e283a141e,TRAIN,VALIDATION,CLUST_0.70_00079,LATE
CANONICAL_305e576d349b,TRAIN,TRAIN,CLUST_0.70_00007,EARLY
CANONICAL_30605f5f6f3a,VALIDATION,TRAIN,CLUST_0.70_00008,LATE
CANONICAL_30610e7200a2,TRAIN,TRAIN,CLUST_0.70_00008,LATE
CANONICAL_3066829a78d2,TRAIN,VALIDATION,CLUST_0.70_00055,LATE
CANONICAL_30685b8b5237,TRAIN,TEST,CLUST_0.70_00030,EARLY
CANONICAL_30693a4e0991,TRAIN,VALIDATION,CLUST_0.70_00038,LATE
CANONICAL_306a230fad99,TRAIN,TEST,CLUST_0.70_00004,IMMEDIATE_EARLY
CANONICAL_306a97a8e00a,VALIDATION,TEST,CLUST_0.70_00080,LATE
CANONICAL_3074b0e03ac9,TEST,TRAIN,CLUST_0.70_00007,EARLY
CANONICAL_3078deb96bb5,TRAIN,TEST,CLUST_0.70_00001,LATE
CANONICAL_307d9da22044,TRAIN,VALIDATION,CLUST_0.70_00006,IMMEDIATE_EARLY
CANONICAL_3080c89f8027,VALIDATION,TEST,CLUST_0.70_00071,LATE
CANONICAL_308309348689,TRAIN,TRAIN,CLUST_0.70_00056,LATE
CANONICAL_3086546e58c2,TRAIN,TEST,CLUST_0.70_00037,LATE
CANONICAL_3088c3168e7f,TRAIN,TRAIN,CLUST_0.70_00008,LATE
CANONICAL_308a5bbc550d,TRAIN,TRAIN,CLUST_0.70_00005,LATE
CANONICAL_308d0adc7f38,TRAIN,TRAIN,CLUST_0.70_00005,EARLY
CANONICAL_308d3137a423,TRAIN,VALIDATION,CLUST_0.70_00039,LATE
CANONICAL_3099023da54e,TRAIN,TRAIN,CLUST_0.70_00005,LATE
CANONICAL_309dc6379275,TRAIN,TRAIN,CLUST_0.70_00049,IMMEDIATE_EARLY
CANONICAL_309df9b9788a,VALIDATION,TRAIN,CLUST_0.70_00008,LATE
CANONICAL_30a05fe30674,TRAIN,TRAIN,CLUST_0.70_00005,EARLY
CANONICAL_30a6bdd02398,TRAIN,TRAIN,CLUST_0.70_00098,LATE
CANONICAL_30b01f6bb9ce,TRAIN,TRAIN,CLUST_0.70_00008,LATE
CANONICAL_30b2d8a0489a,TEST,TRAIN,CLUST_0.70_00005,EARLY
CANONICAL_30b72ce0fc23,VALIDATION,TRAIN,CLUST_0.70_00005,EARLY
CANONICAL_30b7dc5b0506,TRAIN,TRAIN,CLUST_0.70_00005,EARLY
CANONICAL_30be4d0b6c29,TRAIN,TRAIN,CLUST_0.70_00005,EARLY
CANONICAL_30c3a056f7c7,TEST,TEST,CLUST_0.70_00030,EARLY
CANONICAL_30c6e9370de1,TRAIN,TEST,CLUST_0.70_00015,LATE
CANONICAL_30c8af40430a,TRAIN,TRAIN,CLUST_0.70_00005,LATE
CANONICAL_30cbec5d557b,TRAIN,TRAIN,CLUST_0.70_00304,LATE
CANONICAL_30cf43d893a4,TRAIN,VALIDATION,CLUST_0.70_00058,LATE
CANONICAL_30d05f588710,TRAIN,VALIDATION,CLUST_0.70_00079,LATE
CANONICAL_30d2a1c9cb3f,TRAIN,TRAIN,CLUST_0.70_00005,EARLY
CANONICAL_30d97584d239,VALIDATION,TEST,CLUST_0.70_00037,LATE
CANONICAL_30d9b3b72c83,TRAIN,TRAIN,CLUST_0.70_00005,LATE
CANONICAL_30db08b6dce4,TEST,VALIDATION,CLUST_0.70_00028,EARLY
CANONICAL_30e278edac76,TRAIN,TEST,CLUST_0.70_00037,LATE
CANONICAL_30e7a8a9c02c,TRAIN,VALIDATION,CLUST_0.70_00010,EARLY
CANONICAL_30ea11463178,TRAIN,TRAIN,CLUST_0.70_00060,EARLY
CANONICAL_30ecf2867b4a,TRAIN,TRAIN,CLUST_0.70_00005,EARLY
CANONICAL_30eea6c44386,TRAIN,TRAIN,CLUST_0.70_00087,LATE
CANONICAL_30f33a7b92a8,TRAIN,TRAIN,CLUST_0.70_00005,LATE
CANONICAL_30f42c660574,TEST,TRAIN,CLUST_0.70_00005,EARLY
CANONICAL_30fb7f30ba17,TEST,VALIDATION,CLUST_0.70_00017,LATE
CANONICAL_30ffa261beaa,TRAIN,TRAIN,CLUST_0.70_00005,LATE
CANONICAL_3101bee38900,TEST,VALIDATION,CLUST_0.70_00039,LATE
CANONICAL_3101c99c6dbb,TRAIN,TRAIN,CLUST_0.70_00005,EARLY
CANONICAL_3107388294ec,TEST,TRAIN,CLUST_0.70_00008,LATE
CANONICAL_31078bcdb71f,TRAIN,VALIDATION,CLUST_0.70_00055,LATE
CANONICAL_3113a51793ca,TRAIN,TRAIN,CLUST_0.70_00008,LATE
CANONICAL_3113bcdaf371,TRAIN,TRAIN,CLUST_0.70_00002,LATE
CANONICAL_3115cb2ac569,TRAIN,TEST,CLUST_0.70_00052,LATE
CANONICAL_311a0dd7f344,TRAIN,TRAIN,CLUST_0.70_00008,LATE
CANONICAL_311d64db70f2,TRAIN,TRAIN,CLUST_0.70_00008,LATE
CANONICAL_3126041dc0c1,TRAIN,TRAIN,CLUST_0.70_00008,LATE
CANONICAL_312810232329,TRAIN,TEST,CLUST_0.70_00015,LATE
CANONICAL_3129cea6dd35,TRAIN,TRAIN,CLUST_0.70_00005,EARLY
CANONICAL_3130c5ea9f01,TRAIN,TRAIN,CLUST_0.70_00005,EARLY
CANONICAL_31320fd7ec82,TRAIN,TEST,CLUST_0.70_00015,LATE
CANONICAL_313213f1b373,TRAIN,TRAIN,CLUST_0.70_00005,EARLY
CANONICAL_313265c78a7a,TEST,TRAIN,CLUST_0.70_00007,EARLY
CANONICAL_3133a09ffc55,TEST,TEST,CLUST_0.70_00071,LATE
CANONICAL_313966e34693,TRAIN,TEST,CLUST_0.70_00030,EARLY
CANONICAL_313a73d27a81,TRAIN,TRAIN,CLUST_0.70_00005,LATE
CANONICAL_313e188c1d6b,TRAIN,TEST,CLUST_0.70_00030,EARLY
CANONICAL_31469e16a87c,TRAIN,TRAIN,CLUST_0.70_00005,EARLY
CANONICAL_31480f4b19c7,TRAIN,TRAIN,CLUST_0.70_00005,LATE
CANONICAL_3149370433a9,TRAIN,TRAIN,CLUST_0.70_00005,LATE
CANONICAL_314950e4f77e,TEST,VALIDATION,CLUST_0.70_00064,LATE
CANONICAL_3149b4953bbb,TRAIN,TRAIN,CLUST_0.70_00005,EARLY
CANONICAL_3149ebee543b,TRAIN,VALIDATION,CLUST_0.70_00031,LATE
CANONICAL_3150ede7f474,TRAIN,TRAIN,CLUST_0.70_00008,LATE
CANONICAL_3155e4d04759,TRAIN,VALIDATION,CLUST_0.70_00058,LATE
CANONICAL_315f6faf1b3d,TRAIN,TRAIN,CLUST_0.70_00008,LATE
CANONICAL_3160d1d2c8ea,TRAIN,VALIDATION,CLUST_0.70_00010,EARLY
CANONICAL_316116760bce,TRAIN,TEST,CLUST_0.70_00015,LATE
CANONICAL_31661fc7ca22,TRAIN,TRAIN,CLUST_0.70_00008,LATE
CANONICAL_31688039e3d5,TRAIN,TRAIN,CLUST_0.70_00007,LATE
CANONICAL_316a76f2ba58,TRAIN,TRAIN,CLUST_0.70_00005,EARLY
CANONICAL_316f0ef275dc,TEST,TRAIN,CLUST_0.70_00008,IMMEDIATE_EARLY
CANONICAL_3171c91fb466,TEST,VALIDATION,CLUST_0.70_00026,IMMEDIATE_EARLY
CANONICAL_3172bfd415fc,TRAIN,TRAIN,CLUST_0.70_00005,LATE
CANONICAL_3173d89147eb,TRAIN,TEST,CLUST_0.70_00004,IMMEDIATE_EARLY
CANONICAL_3174b35d0599,TEST,VALIDATION,CLUST_0.70_00040,EARLY
CANONICAL_317c72f5886b,TRAIN,TRAIN,CLUST_0.70_00005,EARLY
CANONICAL_317db3c37550,TRAIN,VALIDATION,CLUST_0.70_00026,IMMEDIATE_EARLY
CANONICAL_317e43b0aa81,TRAIN,TRAIN,CLUST_0.70_00047,LATE
CANONICAL_31835f502203,TRAIN,TRAIN,CLUST_0.70_00008,LATE
CANONICAL_3187c9f320ca,TRAIN,TRAIN,CLUST_0.70_00005,LATE
CANONICAL_31893fae059e,VALIDATION,TEST,CLUST_0.70_00037,LATE
CANONICAL_318c1ed8f736,TEST,TRAIN,CLUST_0.70_00007,LATE
CANONICAL_3190947759ff,TRAIN,TRAIN,CLUST_0.70_00005,EARLY
CANONICAL_319b4b81f046,VALIDATION,TEST,CLUST_0.70_00018,LATE
CANONICAL_319bf7b6034a,TRAIN,TEST,CLUST_0.70_00018,EARLY
CANONICAL_31a00ed8fc3e,TRAIN,TRAIN,CLUST_0.70_00008,LATE
CANONICAL_31a7102a5206,TRAIN,TEST,CLUST_0.70_00071,LATE
CANONICAL_31bca6fa1ba3,TRAIN,VALIDATION,CLUST_0.70_00006,IMMEDIATE_EARLY
CANONICAL_31bce059400f,TRAIN,TRAIN,CLUST_0.70_00008,LATE
CANONICAL_31c3495c02f8,TEST,TRAIN,CLUST_0.70_00005,EARLY
CANONICAL_31c75d201fa7,TRAIN,TEST,CLUST_0.70_00037,LATE
CANONICAL_31cd3fe2b7f9,TRAIN,TRAIN,CLUST_0.70_00118,LATE
CANONICAL_31cdc735e578,TEST,TRAIN,CLUST_0.70_00005,LATE
CANONICAL_31d52fbba347,TEST,TRAIN,CLUST_0.70_00005,LATE
CANONICAL_31d918ea7b09,TRAIN,TRAIN,CLUST_0.70_00002,LATE
CANONICAL_31dc7fef1a8d,TEST,VALIDATION,CLUST_0.70_00055,LATE
CANONICAL_31dedb945e8a,VALIDATION,TRAIN,CLUST_0.70_00005,EARLY
CANONICAL_31df7aa7bbfb,TEST,TRAIN,CLUST_0.70_00005,EARLY
CANONICAL_31e4ee7cc00d,TEST,TEST,CLUST_0.70_00015,LATE
CANONICAL_31e797d8346b,TRAIN,TRAIN,CLUST_0.70_00024,LATE
CANONICAL_31e7beeb351b,VALIDATION,TRAIN,CLUST_0.70_00008,LATE
CANONICAL_31e86d67f903,TRAIN,VALIDATION,CLUST_0.70_00086,LATE
CANONICAL_31eabedc0564,TRAIN,TEST,CLUST_0.70_00080,LATE
CANONICAL_31ee900cf3d6,VALIDATION,TEST,CLUST_0.70_00015,LATE
CANONICAL_31f61fd85749,TRAIN,TRAIN,CLUST_0.70_00005,EARLY
CANONICAL_31f8346ff539,VALIDATION,TRAIN,CLUST_0.70_00008,LATE
CANONICAL_31fa6f032e0e,TRAIN,TEST,CLUST_0.70_00030,EARLY
CANONICAL_3205b337d482,VALIDATION,TEST,CLUST_0.70_00018,LATE
CANONICAL_320bd20b2d4e,TRAIN,TRAIN,CLUST_0.70_00005,EARLY
CANONICAL_320d25708fd0,TRAIN,TEST,CLUST_0.70_00052,LATE
CANONICAL_320e92d82ad9,TRAIN,TRAIN,CLUST_0.70_00075,LATE
CANONICAL_32108d5cbc4d,TRAIN,VALIDATION,CLUST_0.70_00029,LATE
CANONICAL_32158999ce31,TRAIN,TRAIN,CLUST_0.70_00005,EARLY
CANONICAL_3217b596ffca,TEST,TEST,CLUST_0.70_00052,LATE
CANONICAL_32180534630d,TRAIN,TRAIN,CLUST_0.70_00008,LATE
CANONICAL_321c6aadaafc,TEST,TRAIN,CLUST_0.70_00005,LATE
CANONICAL_321cb3b5af42,TEST,TRAIN,CLUST_0.70_00008,LATE
CANONICAL_32250832865d,TRAIN,TRAIN,CLUST_0.70_00007,LATE
CANONICAL_322706d80e7b,VALIDATION,TRAIN,CLUST_0.70_00005,LATE
CANONICAL_322d68bd6b80,TEST,TRAIN,CLUST_0.70_00007,LATE
CANONICAL_3230ccb188da,TRAIN,TEST,CLUST_0.70_00004,IMMEDIATE_EARLY
CANONICAL_323d04f9e331,TRAIN,TRAIN,CLUST_0.70_00008,LATE
CANONICAL_3241348dbe87,VALIDATION,TEST,CLUST_0.70_00015,LATE
CANONICAL_324182a8a131,TRAIN,VALIDATION,CLUST_0.70_00029,LATE
CANONICAL_3243c2c95fa3,TRAIN,VALIDATION,CLUST_0.70_00029,LATE
CANONICAL_324992e6c1c5,TRAIN,TRAIN,CLUST_0.70_00003,EARLY
CANONICAL_325644801220,TEST,TEST,CLUST_0.70_00052,LATE
CANONICAL_325e2cfd381a,TRAIN,TRAIN,CLUST_0.70_00007,LATE
CANONICAL_325e811fde80,TRAIN,TRAIN,CLUST_0.70_00044,EARLY
CANONICAL_325f08255dfd,TRAIN,TRAIN,CLUST_0.70_00109,LATE
CANONICAL_3261e900dcc7,TRAIN,VALIDATION,CLUST_0.70_00058,LATE
CANONICAL_32698297dbb4,TRAIN,TRAIN,CLUST_0.70_00005,LATE
CANONICAL_326cf0ecec81,TRAIN,TRAIN,CLUST_0.70_00008,LATE
CANONICAL_327056d85db0,TRAIN,TEST,CLUST_0.70_00037,LATE
CANONICAL_3270c0726e38,TEST,TEST,CLUST_0.70_00030,EARLY
CANONICAL_3273d2c52855,VALIDATION,VALIDATION,CLUST_0.70_00010,LATE
CANONICAL_3278d20cd1c1,TRAIN,TRAIN,CLUST_0.70_00005,LATE
CANONICAL_3278dcfc0c19,TRAIN,TRAIN,CLUST_0.70_00008,LATE
CANONICAL_327937cc8b1d,VALIDATION,TEST,CLUST_0.70_00004,IMMEDIATE_EARLY
CANONICAL_327b16ff26e0,TRAIN,TRAIN,CLUST_0.70_00008,EARLY
CANONICAL_32863d7a69be,TRAIN,TRAIN,CLUST_0.70_00005,EARLY
CANONICAL_3287a0b2c67b,TRAIN,TRAIN,CLUST_0.70_00062,LATE
CANONICAL_328ae4c0db89,TRAIN,TRAIN,CLUST_0.70_00008,LATE
CANONICAL_328d1c312d39,TRAIN,TRAIN,CLUST_0.70_00008,LATE
CANONICAL_3291abf9f9a1,TRAIN,TRAIN,CLUST_0.70_00008,LATE
CANONICAL_329761deb71b,TRAIN,TEST,CLUST_0.70_00001,LATE
CANONICAL_3297c7350fa2,TRAIN,TRAIN,CLUST_0.70_00008,LATE
CANONICAL_3299e43a4e68,TRAIN,VALIDATION,CLUST_0.70_00106,LATE
CANONICAL_329c482e82af,VALIDATION,TEST,CLUST_0.70_00004,IMMEDIATE_EARLY
CANONICAL_329dc1f6ea9e,TRAIN,TEST,CLUST_0.70_00052,LATE
CANONICAL_32a0ab1b168a,TRAIN,VALIDATION,CLUST_0.70_00106,LATE
CANONICAL_32a12fd376f2,TRAIN,VALIDATION,CLUST_0.70_00127,LATE
CANONICAL_32a3626e2009,TRAIN,TRAIN,CLUST_0.70_00007,LATE
CANONICAL_32a72a76b248,VALIDATION,VALIDATION,CLUST_0.70_00038,LATE
CANONICAL_32aa0e737560,TRAIN,VALIDATION,CLUST_0.70_00010,EARLY
CANONICAL_32abb2e8a0f9,TRAIN,VALIDATION,CLUST_0.70_00127,LATE
CANONICAL_32b55ba56c95,TRAIN,VALIDATION,CLUST_0.70_00025,LATE
CANONICAL_32ba2e5ced05,TRAIN,VALIDATION,CLUST_0.70_00006,IMMEDIATE_EARLY
CANONICAL_32bdcc8d7d93,TRAIN,TRAIN,CLUST_0.70_00005,EARLY
CANONICAL_32bdd4916b88,TRAIN,VALIDATION,CLUST_0.70_00036,EARLY
CANONICAL_32be1612f405,TRAIN,VALIDATION,CLUST_0.70_00064,LATE
CANONICAL_32c57464ed4a,TRAIN,VALIDATION,CLUST_0.70_00106,LATE
CANONICAL_32c6809ba2e4,TRAIN,VALIDATION,CLUST_0.70_00055,LATE
CANONICAL_32c889aac086,VALIDATION,TRAIN,CLUST_0.70_00008,LATE
CANONICAL_32c9fc539afd,TRAIN,TRAIN,CLUST_0.70_00008,LATE
CANONICAL_32ca01698809,TRAIN,TEST,CLUST_0.70_00018,LATE
CANONICAL_32ca04b72e1a,TRAIN,TRAIN,CLUST_0.70_00005,EARLY
CANONICAL_32ca56dbe640,TRAIN,TEST,CLUST_0.70_00037,LATE
CANONICAL_32cabc5bc640,TEST,TEST,CLUST_0.70_00015,LATE
CANONICAL_32cc579b02de,TRAIN,TRAIN,CLUST_0.70_00008,EARLY
CANONICAL_32d9ceffe46e,TRAIN,TEST,CLUST_0.70_00018,LATE
CANONICAL_32dd174067c6,TRAIN,TRAIN,CLUST_0.70_00056,LATE
CANONICAL_32e3ec2e9220,TRAIN,TRAIN,CLUST_0.70_00005,EARLY
CANONICAL_32ef46c445f3,TRAIN,TRAIN,CLUST_0.70_00005,EARLY
CANONICAL_32f65aecad17,TRAIN,TRAIN,CLUST_0.70_00005,LATE
CANONICAL_32f9aa6ac23b,TRAIN,VALIDATION,CLUST_0.70_00026,IMMEDIATE_EARLY
CANONICAL_32fbb6d07491,VALIDATION,VALIDATION,CLUST_0.70_00006,IMMEDIATE_EARLY
CANONICAL_3301326c20b8,TRAIN,TEST,CLUST_0.70_00018,LATE
CANONICAL_33032cdf407f,VALIDATION,TRAIN,CLUST_0.70_00007,EARLY
CANONICAL_3303d97ff524,TRAIN,VALIDATION,CLUST_0.70_00055,LATE
CANONICAL_330714ff67cd,TRAIN,TRAIN,CLUST_0.70_00008,LATE
CANONICAL_330e3160481e,TRAIN,TRAIN,CLUST_0.70_00005,LATE
CANONICAL_330ebff63740,TEST,VALIDATION,CLUST_0.70_00106,LATE
CANONICAL_3311116fb88c,TRAIN,TRAIN,CLUST_0.70_00005,LATE
CANONICAL_331aad1e5939,TRAIN,TRAIN,CLUST_0.70_00008,LATE
CANONICAL_331df6c9d116,TEST,VALIDATION,CLUST_0.70_00031,LATE
CANONICAL_3323c4a864ea,TRAIN,VALIDATION,CLUST_0.70_00026,IMMEDIATE_EARLY
CANONICAL_3327531a65fe,VALIDATION,TRAIN,CLUST_0.70_00008,LATE
CANONICAL_332f75cd3388,TRAIN,TRAIN,CLUST_0.70_00008,LATE
CANONICAL_3334c69dbcdb,TEST,TEST,CLUST_0.70_00030,EARLY
CANONICAL_333c73d30601,TEST,TRAIN,CLUST_0.70_00008,LATE
CANONICAL_333f65effcc7,TRAIN,TRAIN,CLUST_0.70_00221,LATE
CANONICAL_334058b8c8ef,TRAIN,TRAIN,CLUST_0.70_00005,EARLY
CANONICAL_33464986ea02,VALIDATION,VALIDATION,CLUST_0.70_00025,LATE
CANONICAL_334b6f7b8d2c,TEST,VALIDATION,CLUST_0.70_00058,LATE
CANONICAL_334e57581876,TRAIN,TRAIN,CLUST_0.70_00008,LATE
CANONICAL_3356e05c8e37,TRAIN,TRAIN,CLUST_0.70_00313,LATE
CANONICAL_33598ea299ab,TRAIN,TRAIN,CLUST_0.70_00100,LATE
CANONICAL_335c33badbdf,VALIDATION,TRAIN,CLUST_0.70_00007,LATE
CANONICAL_3366762a3546,TRAIN,TEST,CLUST_0.70_00015,LATE
CANONICAL_337219d65819,TRAIN,TEST,CLUST_0.70_00030,EARLY
CANONICAL_338b39c63ae2,TRAIN,TRAIN,CLUST_0.70_00005,LATE
CANONICAL_338be1025fe5,TRAIN,TRAIN,CLUST_0.70_00005,LATE
CANONICAL_338cf26dbf8e,TRAIN,TRAIN,CLUST_0.70_00005,EARLY
CANONICAL_3391053f08e2,TRAIN,VALIDATION,CLUST_0.70_00041,EARLY
CANONICAL_3399216c35f5,TEST,TRAIN,CLUST_0.70_00005,LATE
CANONICAL_33a93bb4ab49,TRAIN,TRAIN,CLUST_0.70_00047,LATE
CANONICAL_33ad3e303854,TRAIN,TRAIN,CLUST_0.70_00005,EARLY
CANONICAL_33adbf3dc1f7,TRAIN,TRAIN,CLUST_0.70_00008,LATE
CANONICAL_33b26458d1d9,TEST,TRAIN,CLUST_0.70_00005,LATE
CANONICAL_33b6fa0824cf,VALIDATION,TEST,CLUST_0.70_00004,IMMEDIATE_EARLY
CANONICAL_33bb156df562,TRAIN,TRAIN,CLUST_0.70_00005,EARLY
CANONICAL_33c5808fadc6,TRAIN,VALIDATION,CLUST_0.70_00055,IMMEDIATE_EARLY
CANONICAL_33c88624ab4c,TRAIN,TEST,CLUST_0.70_00018,EARLY
CANONICAL_33cc33ac344b,VALIDATION,TRAIN,CLUST_0.70_00005,LATE
CANONICAL_33d08eaae4be,VALIDATION,TRAIN,CLUST_0.70_00005,EARLY
CANONICAL_33d132b6134f,VALIDATION,VALIDATION,CLUST_0.70_00039,LATE
CANONICAL_33d4414a7272,VALIDATION,VALIDATION,CLUST_0.70_00029,LATE
CANONICAL_33d8122f2063,TRAIN,TRAIN,CLUST_0.70_00005,EARLY
CANONICAL_33d820d1a46d,VALIDATION,TEST,CLUST_0.70_00030,EARLY
CANONICAL_33d85b4117cb,TEST,TRAIN,CLUST_0.70_00005,LATE
CANONICAL_33da58341de9,TRAIN,TRAIN,CLUST_0.70_00005,EARLY
CANONICAL_33de1e296527,TRAIN,TEST,CLUST_0.70_00037,LATE
CANONICAL_33de777b8eb7,VALIDATION,VALIDATION,CLUST_0.70_00006,IMMEDIATE_EARLY
CANONICAL_33df0250796b,TRAIN,VALIDATION,CLUST_0.70_00010,EARLY
CANONICAL_33df54ebd2a6,TRAIN,TRAIN,CLUST_0.70_00062,LATE
CANONICAL_33e3c0f8b5d3,TRAIN,TEST,CLUST_0.70_00052,LATE
CANONICAL_33e3cfaa5ba1,VALIDATION,TRAIN,CLUST_0.70_00008,LATE
CANONICAL_33e417d759ff,TRAIN,TRAIN,CLUST_0.70_00222,LATE
CANONICAL_33e6890902bf,TRAIN,TEST,CLUST_0.70_00018,LATE
CANONICAL_33ea83309988,VALIDATION,VALIDATION,CLUST_0.70_00064,LATE
CANONICAL_33ea9a2b577c,TRAIN,VALIDATION,CLUST_0.70_00079,LATE
CANONICAL_33ec4ff6f462,TEST,TEST,CLUST_0.70_00052,LATE
CANONICAL_33ed46ee7824,TRAIN,TEST,CLUST_0.70_00080,LATE
CANONICAL_33f1beb2745b,VALIDATION,TRAIN,CLUST_0.70_00005,EARLY
CANONICAL_340130afee9d,TRAIN,TRAIN,CLUST_0.70_00091,LATE
CANONICAL_3402475ed867,TRAIN,TRAIN,CLUST_0.70_00005,EARLY
CANONICAL_34059ae46e81,TEST,TRAIN,CLUST_0.70_00306,LATE
CANONICAL_341573c17e50,TRAIN,TEST,CLUST_0.70_00018,LATE
CANONICAL_341675c66c43,TRAIN,TEST,CLUST_0.70_00015,LATE
CANONICAL_34169de18876,TRAIN,TRAIN,CLUST_0.70_00008,LATE
CANONICAL_341860d71164,TRAIN,TRAIN,CLUST_0.70_00005,LATE
CANONICAL_341aab4b6626,TEST,VALIDATION,CLUST_0.70_00038,LATE
CANONICAL_341d685d88be,TEST,VALIDATION,CLUST_0.70_00127,LATE
CANONICAL_341f91a348c7,TEST,TRAIN,CLUST_0.70_00007,LATE
CANONICAL_34206685bb71,TRAIN,TRAIN,CLUST_0.70_00224,LATE
CANONICAL_342cf5c2e633,TRAIN,TEST,CLUST_0.70_00004,IMMEDIATE_EARLY
CANONICAL_343401d8c84c,TRAIN,VALIDATION,CLUST_0.70_00055,LATE
CANONICAL_343c4b208c35,TRAIN,TEST,CLUST_0.70_00015,LATE
CANONICAL_343c69ff59c0,TRAIN,TEST,CLUST_0.70_00015,LATE
CANONICAL_343d666ab7a0,VALIDATION,TEST,CLUST_0.70_00071,LATE
CANONICAL_34448452b0c0,VALIDATION,TEST,CLUST_0.70_00001,LATE
CANONICAL_3446ce999827,TRAIN,TRAIN,CLUST_0.70_00005,LATE
CANONICAL_344dc98941cb,TRAIN,VALIDATION,CLUST_0.70_00031,LATE
CANONICAL_345487f6feca,VALIDATION,VALIDATION,CLUST_0.70_00029,LATE
CANONICAL_34595ab4f105,TRAIN,VALIDATION,CLUST_0.70_00006,IMMEDIATE_EARLY
CANONICAL_345a7b756d37,TRAIN,TEST,CLUST_0.70_00001,LATE
CANONICAL_345c669e257b,TEST,VALIDATION,CLUST_0.70_00041,EARLY
CANONICAL_345db172f3e0,TRAIN,TEST,CLUST_0.70_00015,LATE
CANONICAL_346110330925,TRAIN,TRAIN,CLUST_0.70_00007,LATE
CANONICAL_3463b7b2ab06,TRAIN,TEST,CLUST_0.70_00030,EARLY
CANONICAL_3464aa51db19,TRAIN,TRAIN,CLUST_0.70_00005,EARLY
CANONICAL_3464bafb0691,TEST,TRAIN,CLUST_0.70_00005,EARLY
CANONICAL_34689e8a9db7,TRAIN,TEST,CLUST_0.70_00030,EARLY
CANONICAL_3468aaa19342,TEST,TRAIN,CLUST_0.70_00005,EARLY
CANONICAL_346c5e2d35ce,TEST,VALIDATION,CLUST_0.70_00031,LATE
CANONICAL_3484ac390312,VALIDATION,TRAIN,CLUST_0.70_00005,LATE
CANONICAL_348a4f60d185,TRAIN,TRAIN,CLUST_0.70_00227,LATE
CANONICAL_348fdd4fad1f,TRAIN,TRAIN,CLUST_0.70_00241,LATE
CANONICAL_349c042bb4de,TRAIN,TRAIN,CLUST_0.70_00008,LATE
CANONICAL_34a2bb234db7,TRAIN,TRAIN,CLUST_0.70_00134,LATE
CANONICAL_34a4e7d00924,TRAIN,VALIDATION,CLUST_0.70_00028,EARLY
CANONICAL_34a7733be389,TRAIN,TRAIN,CLUST_0.70_00227,LATE
CANONICAL_34abc4c7831c,TEST,TEST,CLUST_0.70_00052,LATE
CANONICAL_34ae04785f42,TRAIN,VALIDATION,CLUST_0.70_00086,LATE
CANONICAL_34aed724a791,TRAIN,VALIDATION,CLUST_0.70_00031,LATE
CANONICAL_34b0b8a21392,TRAIN,VALIDATION,CLUST_0.70_00055,LATE
CANONICAL_34bd472b51a6,TRAIN,TEST,CLUST_0.70_00001,LATE
CANONICAL_34c3e21419e1,TRAIN,TRAIN,CLUST_0.70_00418,LATE
CANONICAL_34c6a883d6d5,VALIDATION,TRAIN,CLUST_0.70_00007,LATE
CANONICAL_34c85d042fe5,TRAIN,VALIDATION,CLUST_0.70_00127,LATE
CANONICAL_34cded4c5726,TRAIN,TEST,CLUST_0.70_00051,LATE
CANONICAL_34d60236d8d8,TRAIN,TRAIN,CLUST_0.70_00008,LATE
CANONICAL_34e040d38372,TRAIN,TRAIN,CLUST_0.70_00062,LATE
CANONICAL_34e41b11a1bf,TRAIN,VALIDATION,CLUST_0.70_00169,LATE
CANONICAL_34e8cc7ec645,TEST,TRAIN,CLUST_0.70_00005,EARLY
CANONICAL_34e9cfac0efd,TRAIN,VALIDATION,CLUST_0.70_00106,LATE
CANONICAL_34ed34db0ad9,TEST,TRAIN,CLUST_0.70_00005,LATE
CANONICAL_34edd27d69dc,TRAIN,TEST,CLUST_0.70_00052,LATE
CANONICAL_34f0b546da02,TRAIN,TRAIN,CLUST_0.70_00008,LATE
CANONICAL_34f7e0b946a5,TRAIN,TRAIN,CLUST_0.70_00005,EARLY
CANONICAL_34f9551a7e5a,TRAIN,TRAIN,CLUST_0.70_00005,EARLY
CANONICAL_34faa82cb59d,TRAIN,TRAIN,CLUST_0.70_00005,EARLY
CANONICAL_34fb03861dc1,TRAIN,TRAIN,CLUST_0.70_00005,EARLY
CANONICAL_34fc201f4aa9,TEST,TEST,CLUST_0.70_00004,IMMEDIATE_EARLY
CANONICAL_35035e8ad5d1,TRAIN,TRAIN,CLUST_0.70_00005,EARLY
CANONICAL_350af5f79994,TRAIN,TRAIN,CLUST_0.70_00007,LATE
CANONICAL_350cd6c70614,TRAIN,TEST,CLUST_0.70_00030,EARLY
CANONICAL_3513d70935f6,TRAIN,VALIDATION,CLUST_0.70_00065,LATE
CANONICAL_35147b0d1f6d,TRAIN,TRAIN,CLUST_0.70_00008,LATE
CANONICAL_351a688be4e0,TRAIN,VALIDATION,CLUST_0.70_00040,EARLY
CANONICAL_351b00f202e4,VALIDATION,TRAIN,CLUST_0.70_00005,LATE
CANONICAL_351f67c94f6b,TRAIN,VALIDATION,CLUST_0.70_00079,LATE
CANONICAL_35222fa6c571,TRAIN,TRAIN,CLUST_0.70_00005,EARLY
CANONICAL_352833c64c06,TRAIN,VALIDATION,CLUST_0.70_00031,LATE
CANONICAL_352f1276beba,TRAIN,TEST,CLUST_0.70_00071,LATE
CANONICAL_3537728de726,TEST,TRAIN,CLUST_0.70_00355,LATE
CANONICAL_353f937e944d,TRAIN,TRAIN,CLUST_0.70_00008,LATE
CANONICAL_3541643c455b,VALIDATION,TRAIN,CLUST_0.70_00005,EARLY
CANONICAL_35427c6e17b9,TRAIN,TRAIN,CLUST_0.70_00005,EARLY
CANONICAL_35482f1285b4,TRAIN,TEST,CLUST_0.70_00051,LATE
CANONICAL_354db086cac9,TRAIN,TRAIN,CLUST_0.70_00215,LATE
CANONICAL_3551041e317e,TRAIN,TRAIN,CLUST_0.70_00005,LATE
CANONICAL_355931264ba7,VALIDATION,TRAIN,CLUST_0.70_00008,LATE
CANONICAL_355c28cd353e,TRAIN,TRAIN,CLUST_0.70_00164,LATE
CANONICAL_355c3de9c9ab,TEST,VALIDATION,CLUST_0.70_00031,LATE
CANONICAL_35609eda60e9,TRAIN,TRAIN,CLUST_0.70_00008,LATE
CANONICAL_35649768e5bc,TRAIN,TRAIN,CLUST_0.70_00005,EARLY
CANONICAL_3565803bcbc8,TRAIN,TRAIN,CLUST_0.70_00008,LATE
CANONICAL_3566c054aed3,TRAIN,VALIDATION,CLUST_0.70_00055,LATE
CANONICAL_356918915b4f,TRAIN,TRAIN,CLUST_0.70_00008,LATE
CANONICAL_356c645ece55,TRAIN,TRAIN,CLUST_0.70_00005,EARLY
CANONICAL_3572404be710,TRAIN,VALIDATION,CLUST_0.70_00026,IMMEDIATE_EARLY
CANONICAL_357c8a9b7164,TRAIN,TEST,CLUST_0.70_00004,IMMEDIATE_EARLY
CANONICAL_35808115ac02,TRAIN,TRAIN,CLUST_0.70_00005,LATE
CANONICAL_3588446b8456,TRAIN,TRAIN,CLUST_0.70_00005,LATE
CANONICAL_358dcc2691d3,TRAIN,TRAIN,CLUST_0.70_00007,LATE
CANONICAL_358ee063e8db,TEST,TRAIN,CLUST_0.70_00005,LATE
CANONICAL_358ef668a0ed,VALIDATION,TRAIN,CLUST_0.70_00091,LATE
CANONICAL_3591f876aa97,VALIDATION,TRAIN,CLUST_0.70_00005,EARLY
CANONICAL_3592e0ded42f,TRAIN,TRAIN,CLUST_0.70_00042,LATE
CANONICAL_35981220cd0e,TRAIN,TRAIN,CLUST_0.70_00008,LATE
CANONICAL_3599ee6d448c,TRAIN,VALIDATION,CLUST_0.70_00055,LATE
CANONICAL_35a6458ce104,TRAIN,TRAIN,CLUST_0.70_00005,LATE
CANONICAL_35a916f49be8,VALIDATION,TRAIN,CLUST_0.70_00008,LATE
CANONICAL_35ac84299c57,TRAIN,TRAIN,CLUST_0.70_00005,LATE
CANONICAL_35ac92544c31,TRAIN,TEST,CLUST_0.70_00004,IMMEDIATE_EARLY
CANONICAL_35af249925c0,TRAIN,TRAIN,CLUST_0.70_00090,LATE
CANONICAL_35b0ec306262,TEST,TRAIN,CLUST_0.70_00007,LATE
CANONICAL_35b5b65b9091,TRAIN,TRAIN,CLUST_0.70_00008,LATE
CANONICAL_35b5c41bd6b5,TEST,TEST,CLUST_0.70_00004,IMMEDIATE_EARLY
CANONICAL_35b5df027370,VALIDATION,VALIDATION,CLUST_0.70_00010,EARLY
CANONICAL_35b80b877a8f,TRAIN,TRAIN,CLUST_0.70_00005,LATE
CANONICAL_35b88e146778,TRAIN,TEST,CLUST_0.70_00001,LATE
CANONICAL_35bc438df6a5,VALIDATION,TRAIN,CLUST_0.70_00005,EARLY
CANONICAL_35be6948b0e7,TRAIN,TRAIN,CLUST_0.70_00005,LATE
CANONICAL_35c7ba13b41e,TEST,VALIDATION,CLUST_0.70_00010,EARLY
CANONICAL_35c8b23bdafc,TEST,TRAIN,CLUST_0.70_00005,EARLY
CANONICAL_35cb326e7308,TRAIN,TRAIN,CLUST_0.70_00005,LATE
CANONICAL_35cdab68d5d7,TRAIN,TRAIN,CLUST_0.70_00005,EARLY
CANONICAL_35d26d5eec57,TRAIN,TRAIN,CLUST_0.70_00005,EARLY
CANONICAL_35d51dcb7ec1,TRAIN,VALIDATION,CLUST_0.70_00026,IMMEDIATE_EARLY
CANONICAL_35d661b3d11e,TRAIN,TRAIN,CLUST_0.70_00134,LATE
CANONICAL_35de020aa1d9,TRAIN,VALIDATION,CLUST_0.70_00040,EARLY
CANONICAL_35dffb6627d2,TRAIN,VALIDATION,CLUST_0.70_00028,EARLY
CANONICAL_35e4f039de52,TRAIN,VALIDATION,CLUST_0.70_00025,LATE
CANONICAL_35ee7c678290,TRAIN,VALIDATION,CLUST_0.70_00055,LATE
CANONICAL_35f6b6b21099,TRAIN,TEST,CLUST_0.70_00018,EARLY
CANONICAL_35fbf6f3002f,TEST,TRAIN,CLUST_0.70_00008,LATE
CANONICAL_35fddcd53f2f,TRAIN,VALIDATION,CLUST_0.70_00059,LATE
CANONICAL_360059db8622,TRAIN,TRAIN,CLUST_0.70_00005,LATE
CANONICAL_360251c478fc,TRAIN,VALIDATION,CLUST_0.70_00064,LATE
CANONICAL_360435939ce6,TEST,TRAIN,CLUST_0.70_00005,EARLY
CANONICAL_3609dd7b0e63,TRAIN,TEST,CLUST_0.70_00018,LATE
CANONICAL_3612daa92945,TRAIN,TEST,CLUST_0.70_00015,LATE
CANONICAL_36136977b5d9,TRAIN,VALIDATION,CLUST_0.70_00028,EARLY
CANONICAL_3618d113d158,TRAIN,TRAIN,CLUST_0.70_00005,EARLY
CANONICAL_3619f1548d22,TRAIN,TEST,CLUST_0.70_00051,LATE
CANONICAL_361a9d1c22fd,VALIDATION,TEST,CLUST_0.70_00004,IMMEDIATE_EARLY
CANONICAL_361f2073e0ae,TRAIN,TEST,CLUST_0.70_00015,LATE
CANONICAL_362455ec4341,TRAIN,TRAIN,CLUST_0.70_00005,LATE
CANONICAL_3625258a4245,TRAIN,VALIDATION,CLUST_0.70_00086,LATE
CANONICAL_362c99dbfc71,TEST,TRAIN,CLUST_0.70_00005,LATE
CANONICAL_363265d65d32,TEST,TEST,CLUST_0.70_00018,LATE
CANONICAL_3633c5a18c41,TRAIN,TRAIN,CLUST_0.70_00253,LATE
CANONICAL_3633d33dc636,TRAIN,TRAIN,CLUST_0.70_00008,LATE
CANONICAL_363dbba9e3a9,TEST,TRAIN,CLUST_0.70_00005,EARLY
CANONICAL_363ecdc8d47b,TRAIN,TEST,CLUST_0.70_00051,LATE
CANONICAL_363ee3815668,TRAIN,TRAIN,CLUST_0.70_00005,EARLY
CANONICAL_3641cb1d24fd,TRAIN,TRAIN,CLUST_0.70_00005,EARLY
CANONICAL_364c04efc3a9,TEST,TEST,CLUST_0.70_00004,IMMEDIATE_EARLY
CANONICAL_364fdf2f09d3,TRAIN,TRAIN,CLUST_0.70_00005,EARLY
CANONICAL_365980f858c5,TRAIN,TRAIN,CLUST_0.70_00008,LATE
CANONICAL_365ef8de6640,VALIDATION,TEST,CLUST_0.70_00018,LATE
CANONICAL_3661ad9640bd,TRAIN,TRAIN,CLUST_0.70_00008,LATE
CANONICAL_3661e3b91142,TRAIN,TRAIN,CLUST_0.70_00008,LATE
CANONICAL_366348b907b9,TRAIN,VALIDATION,CLUST_0.70_00055,LATE
CANONICAL_36645753a76c,TRAIN,TRAIN,CLUST_0.70_00005,LATE
CANONICAL_3668934ef294,TRAIN,TRAIN,CLUST_0.70_00005,EARLY
CANONICAL_366bbc1008c8,TRAIN,TRAIN,CLUST_0.70_00005,LATE
CANONICAL_366bf5806883,TRAIN,TRAIN,CLUST_0.70_00008,LATE
CANONICAL_366ea1efb428,VALIDATION,TEST,CLUST_0.70_00015,LATE
CANONICAL_3671e2a294ae,TEST,TEST,CLUST_0.70_00018,LATE
CANONICAL_367a7534f296,VALIDATION,VALIDATION,CLUST_0.70_00026,IMMEDIATE_EARLY
CANONICAL_367c89bb83ec,VALIDATION,TRAIN,CLUST_0.70_00005,EARLY
CANONICAL_3680ffb1fc2d,TEST,TEST,CLUST_0.70_00001,LATE
CANONICAL_3681aa48e62f,TEST,TEST,CLUST_0.70_00015,LATE
CANONICAL_3681c91622e3,TRAIN,TRAIN,CLUST_0.70_00008,LATE
CANONICAL_3685d755b157,TRAIN,TEST,CLUST_0.70_00001,LATE
CANONICAL_368ce375efbd,TRAIN,TRAIN,CLUST_0.70_00008,LATE
CANONICAL_368e624c3f5c,TRAIN,TEST,CLUST_0.70_00052,LATE
CANONICAL_3692beb00a42,VALIDATION,VALIDATION,CLUST_0.70_00059,LATE
CANONICAL_36966853a2da,TEST,TRAIN,CLUST_0.70_00007,LATE
CANONICAL_369f635ca721,TRAIN,TRAIN,CLUST_0.70_00008,LATE
CANONICAL_36a84e85c0eb,TRAIN,TRAIN,CLUST_0.70_00007,LATE
CANONICAL_36a8e8213fb3,VALIDATION,TEST,CLUST_0.70_00071,LATE
CANONICAL_36a940b00c61,TRAIN,TEST,CLUST_0.70_00030,EARLY
CANONICAL_36aafdf387a4,TEST,TRAIN,CLUST_0.70_00005,EARLY
CANONICAL_36ad75c26e50,TRAIN,VALIDATION,CLUST_0.70_00058,LATE
CANONICAL_36ae3ad3f61b,VALIDATION,TEST,CLUST_0.70_00015,LATE
CANONICAL_36b0f601039e,TRAIN,TEST,CLUST_0.70_00015,LATE
CANONICAL_36b12821efa0,TRAIN,TRAIN,CLUST_0.70_00005,EARLY
CANONICAL_36b19c47b89c,TRAIN,TRAIN,CLUST_0.70_00005,LATE
CANONICAL_36b84a0a7c3b,VALIDATION,TRAIN,CLUST_0.70_00008,LATE
CANONICAL_36c5ac089f72,TRAIN,VALIDATION,CLUST_0.70_00029,LATE
CANONICAL_36cb19b3fc61,VALIDATION,VALIDATION,CLUST_0.70_00036,EARLY
CANONICAL_36dc4d952d43,TEST,TRAIN,CLUST_0.70_00008,LATE
CANONICAL_36e03b12a229,TRAIN,VALIDATION,CLUST_0.70_00059,LATE
CANONICAL_36e1497006f0,TRAIN,TRAIN,CLUST_0.70_00005,LATE
CANONICAL_36e305b65291,TRAIN,TRAIN,CLUST_0.70_00128,IMMEDIATE_EARLY
CANONICAL_36e35ff5ce6d,VALIDATION,TRAIN,CLUST_0.70_00243,LATE
CANONICAL_36e3e4b4191b,TRAIN,TRAIN,CLUST_0.70_00008,LATE
CANONICAL_36ea2fa2d44c,TRAIN,TRAIN,CLUST_0.70_00091,LATE
CANONICAL_36ead2b83481,TEST,TRAIN,CLUST_0.70_00005,LATE
CANONICAL_36f1fd32b42a,TRAIN,VALIDATION,CLUST_0.70_00029,LATE
CANONICAL_36f361fa921e,TRAIN,TEST,CLUST_0.70_00015,LATE
CANONICAL_36f3d0bb0492,TRAIN,TRAIN,CLUST_0.70_00008,LATE
CANONICAL_36f97a738d1a,TRAIN,TRAIN,CLUST_0.70_00008,LATE
CANONICAL_36fabfd708b5,TRAIN,TRAIN,CLUST_0.70_00005,LATE
CANONICAL_37032a556a0b,TRAIN,TEST,CLUST_0.70_00004,IMMEDIATE_EARLY
CANONICAL_3704e266ebda,TRAIN,TRAIN,CLUST_0.70_00005,EARLY
CANONICAL_37066ad2fd91,TRAIN,TRAIN,CLUST_0.70_00008,LATE
CANONICAL_370790e7290e,TRAIN,TEST,CLUST_0.70_00030,EARLY
CANONICAL_37080236210a,TRAIN,TRAIN,CLUST_0.70_00005,EARLY
CANONICAL_370a76af3468,TRAIN,TEST,CLUST_0.70_00018,LATE
CANONICAL_370bd0ee7092,TEST,TRAIN,CLUST_0.70_00008,LATE
CANONICAL_370d4d0ad435,TRAIN,TEST,CLUST_0.70_00020,LATE
CANONICAL_371194a36947,TRAIN,TRAIN,CLUST_0.70_00008,LATE
CANONICAL_371436e42ce6,TRAIN,TEST,CLUST_0.70_00009,LATE
CANONICAL_371811950719,TRAIN,TEST,CLUST_0.70_00015,LATE
CANONICAL_3729d7639f4e,TEST,TRAIN,CLUST_0.70_00005,EARLY
CANONICAL_372b40370910,TRAIN,TEST,CLUST_0.70_00004,IMMEDIATE_EARLY
CANONICAL_372d57f2a373,TEST,TRAIN,CLUST_0.70_00021,EARLY
CANONICAL_373ed92f5835,TRAIN,TRAIN,CLUST_0.70_00091,LATE
CANONICAL_3740210ffb03,TRAIN,TEST,CLUST_0.70_00001,LATE
CANONICAL_37419203361e,TRAIN,TRAIN,CLUST_0.70_00222,LATE
CANONICAL_374b8220ef7c,TEST,TRAIN,CLUST_0.70_00005,EARLY
CANONICAL_374ba8b340cc,TRAIN,VALIDATION,CLUST_0.70_00010,LATE
CANONICAL_374c09479a3a,TRAIN,TRAIN,CLUST_0.70_00294,EARLY
CANONICAL_374cf39b7f04,TRAIN,TRAIN,CLUST_0.70_00008,LATE
CANONICAL_374e711a707f,TEST,TRAIN,CLUST_0.70_00005,EARLY
CANONICAL_374ee7b435c7,TRAIN,TRAIN,CLUST_0.70_00005,EARLY
CANONICAL_375186b3663e,TRAIN,TRAIN,CLUST_0.70_00008,LATE
CANONICAL_3751e164bfef,TRAIN,TRAIN,CLUST_0.70_00005,LATE
CANONICAL_37551784bedd,VALIDATION,VALIDATION,CLUST_0.70_00041,EARLY
CANONICAL_375bda250836,TRAIN,TEST,CLUST_0.70_00030,EARLY
CANONICAL_375c8c020d34,TRAIN,TEST,CLUST_0.70_00080,LATE
CANONICAL_37627ede6766,VALIDATION,VALIDATION,CLUST_0.70_00010,EARLY
CANONICAL_3764c03cc650,TRAIN,TRAIN,CLUST_0.70_00007,LATE
CANONICAL_3765452ad75a,TRAIN,TEST,CLUST_0.70_00015,LATE
CANONICAL_37661b1af9c4,TEST,VALIDATION,CLUST_0.70_00055,LATE
CANONICAL_376769362de0,TRAIN,TRAIN,CLUST_0.70_00008,EARLY
CANONICAL_376c1df7c6b0,TRAIN,TRAIN,CLUST_0.70_00008,LATE
CANONICAL_377340584faa,TRAIN,TRAIN,CLUST_0.70_00008,LATE
CANONICAL_377a709b30e5,VALIDATION,TRAIN,CLUST_0.70_00008,LATE
CANONICAL_377b4f1fa8ca,TRAIN,VALIDATION,CLUST_0.70_00006,IMMEDIATE_EARLY
CANONICAL_377bc83e59dd,TRAIN,TEST,CLUST_0.70_00071,LATE
CANONICAL_377fe68e2fa0,TEST,TRAIN,CLUST_0.70_00090,LATE
CANONICAL_37836f9d58c7,TRAIN,TRAIN,CLUST_0.70_00011,EARLY
CANONICAL_3784a41f8235,VALIDATION,TRAIN,CLUST_0.70_00014,IMMEDIATE_EARLY
CANONICAL_378bf548362c,TRAIN,TRAIN,CLUST_0.70_00005,EARLY
CANONICAL_378ee0c2121a,TRAIN,TRAIN,CLUST_0.70_00005,EARLY
CANONICAL_379f7dcf6fce,TRAIN,VALIDATION,CLUST_0.70_00059,LATE
CANONICAL_37ac49f5fb7d,TRAIN,TEST,CLUST_0.70_00015,LATE
CANONICAL_37ac5d639bb8,VALIDATION,TRAIN,CLUST_0.70_00008,LATE
CANONICAL_37af8e35ed74,VALIDATION,TRAIN,CLUST_0.70_00008,LATE
CANONICAL_37b978aee5cd,TRAIN,TRAIN,CLUST_0.70_00008,LATE
CANONICAL_37bb17c97cb6,TRAIN,TRAIN,CLUST_0.70_00008,LATE
CANONICAL_37bb778fa1dc,TRAIN,TRAIN,CLUST_0.70_00008,LATE
CANONICAL_37c4f7057a94,VALIDATION,VALIDATION,CLUST_0.70_00106,LATE
CANONICAL_37c8e5e57c71,TRAIN,TRAIN,CLUST_0.70_00122,LATE
CANONICAL_37ce1a7ace50,TRAIN,TRAIN,CLUST_0.70_00005,EARLY
CANONICAL_37ceeb1301e0,TRAIN,TEST,CLUST_0.70_00052,LATE
CANONICAL_37d20cd7761b,TRAIN,TRAIN,CLUST_0.70_00008,LATE
CANONICAL_37d4800f36dc,TRAIN,TRAIN,CLUST_0.70_00008,LATE
CANONICAL_37d5a724390c,VALIDATION,TRAIN,CLUST_0.70_00007,LATE
CANONICAL_37d9bed7ddfe,TEST,TRAIN,CLUST_0.70_00008,LATE
CANONICAL_37dcc2c3f338,TRAIN,TEST,CLUST_0.70_00004,IMMEDIATE_EARLY
CANONICAL_37e2752c4b0f,TRAIN,TRAIN,CLUST_0.70_00005,LATE
CANONICAL_37ea5fe5d6c6,VALIDATION,TRAIN,CLUST_0.70_00005,LATE
CANONICAL_37f403c44630,TRAIN,TRAIN,CLUST_0.70_00005,LATE
CANONICAL_37fb9c1f52e5,VALIDATION,TEST,CLUST_0.70_00001,LATE
CANONICAL_37fbb16b4a53,TRAIN,TRAIN,CLUST_0.70_00255,EARLY
CANONICAL_37fdf7313143,VALIDATION,TRAIN,CLUST_0.70_00007,LATE
CANONICAL_3801e46de554,TRAIN,TEST,CLUST_0.70_00004,IMMEDIATE_EARLY
CANONICAL_38062a88a9a5,TRAIN,TEST,CLUST_0.70_00030,EARLY
CANONICAL_38074d24cc82,TRAIN,TRAIN,CLUST_0.70_00008,LATE
CANONICAL_3808eb71f2c0,VALIDATION,TRAIN,CLUST_0.70_00047,LATE
CANONICAL_38098ecddf82,VALIDATION,TRAIN,CLUST_0.70_00005,LATE
CANONICAL_380f81584b92,TEST,VALIDATION,CLUST_0.70_00006,IMMEDIATE_EARLY
CANONICAL_3812dcdbaa98,TRAIN,TEST,CLUST_0.70_00001,LATE
CANONICAL_3818d70c1fce,TRAIN,TRAIN,CLUST_0.70_00005,LATE
CANONICAL_381f9e099cdd,VALIDATION,VALIDATION,CLUST_0.70_00079,LATE
CANONICAL_3821f93ab1d5,VALIDATION,VALIDATION,CLUST_0.70_00029,LATE
CANONICAL_38244342dc21,TRAIN,TRAIN,CLUST_0.70_00005,LATE
CANONICAL_382840c08ab2,VALIDATION,TRAIN,CLUST_0.70_00005,LATE
CANONICAL_3829f03c23a9,TRAIN,TRAIN,CLUST_0.70_00024,LATE
CANONICAL_382ce6198f8a,TRAIN,TRAIN,CLUST_0.70_00007,LATE
CANONICAL_382dc625ea31,TEST,TEST,CLUST_0.70_00037,LATE
CANONICAL_382dee94a237,TRAIN,TEST,CLUST_0.70_00001,LATE
CANONICAL_382e77b63560,TRAIN,TRAIN,CLUST_0.70_00005,LATE
CANONICAL_382e8c45a3d8,TRAIN,TRAIN,CLUST_0.70_00008,LATE
CANONICAL_38314341189e,TRAIN,TRAIN,CLUST_0.70_00007,LATE
CANONICAL_383258cac279,TRAIN,TRAIN,CLUST_0.70_00005,EARLY
CANONICAL_38335806e0ac,TRAIN,TEST,CLUST_0.70_00004,IMMEDIATE_EARLY
CANONICAL_3837fee5d840,TRAIN,TRAIN,CLUST_0.70_00091,LATE
CANONICAL_383924b1480b,TRAIN,TRAIN,CLUST_0.70_00008,LATE
CANONICAL_383ae1dcbcf4,TRAIN,VALIDATION,CLUST_0.70_00026,IMMEDIATE_EARLY
CANONICAL_383b6ceb2214,TRAIN,TEST,CLUST_0.70_00015,LATE
CANONICAL_383e9759763a,TRAIN,TEST,CLUST_0.70_00018,LATE
CANONICAL_38429a5519b1,TRAIN,TRAIN,CLUST_0.70_00008,LATE
CANONICAL_38493d745038,TRAIN,TEST,CLUST_0.70_00030,EARLY
CANONICAL_384a8081f03e,VALIDATION,TRAIN,CLUST_0.70_00005,EARLY
CANONICAL_384c7c6ad80b,TRAIN,VALIDATION,CLUST_0.70_00017,LATE
CANONICAL_38512cc006c0,VALIDATION,TRAIN,CLUST_0.70_00007,EARLY
CANONICAL_38582c579952,TEST,TRAIN,CLUST_0.70_00005,EARLY
CANONICAL_3859f0a492fc,TRAIN,TRAIN,CLUST_0.70_00005,LATE
CANONICAL_385a9212a0a5,TRAIN,TRAIN,CLUST_0.70_00008,LATE
CANONICAL_385c73d7d2a1,TRAIN,TRAIN,CLUST_0.70_00005,LATE
CANONICAL_385d1c22f4b4,TEST,TRAIN,CLUST_0.70_00124,LATE
CANONICAL_385d4ab876a1,TRAIN,VALIDATION,CLUST_0.70_00169,LATE
CANONICAL_3863dd7b8ec7,TRAIN,VALIDATION,CLUST_0.70_00026,IMMEDIATE_EARLY
CANONICAL_38692ae553b5,TEST,TRAIN,CLUST_0.70_00007,LATE
CANONICAL_386d3153fbb7,TRAIN,VALIDATION,CLUST_0.70_00059,LATE
CANONICAL_3875de25eddd,TRAIN,VALIDATION,CLUST_0.70_00026,IMMEDIATE_EARLY
CANONICAL_38782a915d2c,TRAIN,TEST,CLUST_0.70_00001,LATE
CANONICAL_387ddf2a7140,TRAIN,VALIDATION,CLUST_0.70_00026,IMMEDIATE_EARLY
CANONICAL_388592fc702d,TRAIN,TRAIN,CLUST_0.70_00008,LATE
CANONICAL_38875550fe48,TRAIN,TEST,CLUST_0.70_00001,LATE
CANONICAL_3888f681fdb3,TRAIN,TRAIN,CLUST_0.70_00008,LATE
CANONICAL_388c6592093d,TRAIN,TRAIN,CLUST_0.70_00191,EARLY
CANONICAL_388f25395f77,TRAIN,TRAIN,CLUST_0.70_00222,LATE
CANONICAL_38909b1ccfca,TRAIN,TRAIN,CLUST_0.70_00008,LATE
CANONICAL_3898991438d8,TRAIN,TRAIN,CLUST_0.70_00007,LATE
CANONICAL_389a4d42e1c4,TRAIN,TEST,CLUST_0.70_00004,IMMEDIATE_EARLY
CANONICAL_389bcc9a9aab,TRAIN,VALIDATION,CLUST_0.70_00086,LATE
CANONICAL_389c6ebf7a52,TRAIN,TRAIN,CLUST_0.70_00090,LATE
CANONICAL_389e298942e0,TRAIN,TRAIN,CLUST_0.70_00005,EARLY
CANONICAL_38a032d5932c,TRAIN,TRAIN,CLUST_0.70_00008,LATE
CANONICAL_38a06ef2cdc7,TRAIN,VALIDATION,CLUST_0.70_00079,LATE
CANONICAL_38a103677046,TRAIN,TRAIN,CLUST_0.70_00005,LATE
CANONICAL_38a4c993de68,TEST,TRAIN,CLUST_0.70_00090,LATE
CANONICAL_38a5260f1909,TRAIN,TRAIN,CLUST_0.70_00008,IMMEDIATE_EARLY
CANONICAL_38a658f567e7,TRAIN,TRAIN,CLUST_0.70_00236,IMMEDIATE_EARLY
CANONICAL_38ab3d2f4c32,TRAIN,TRAIN,CLUST_0.70_00005,LATE
CANONICAL_38b08876b0a5,TRAIN,TRAIN,CLUST_0.70_00007,LATE
CANONICAL_38b4b5014940,TEST,TEST,CLUST_0.70_00004,IMMEDIATE_EARLY
CANONICAL_38b7526ab9cf,TRAIN,VALIDATION,CLUST_0.70_00026,IMMEDIATE_EARLY
CANONICAL_38b8f16c1ea7,VALIDATION,TRAIN,CLUST_0.70_00005,EARLY
CANONICAL_38baf28d9c7f,TRAIN,TRAIN,CLUST_0.70_00008,LATE
CANONICAL_38bb4f5ce21f,TRAIN,TRAIN,CLUST_0.70_00008,LATE
CANONICAL_38c39c827b3d,TRAIN,TRAIN,CLUST_0.70_00005,LATE
CANONICAL_38d271385ec2,TRAIN,VALIDATION,CLUST_0.70_00055,LATE
CANONICAL_38d2e0fe627e,TRAIN,VALIDATION,CLUST_0.70_00038,LATE
CANONICAL_38d8dbff426e,TRAIN,TEST,CLUST_0.70_00080,LATE
CANONICAL_38e03819d9b3,TRAIN,VALIDATION,CLUST_0.70_00031,LATE
CANONICAL_38e57449ae0b,VALIDATION,TRAIN,CLUST_0.70_00005,LATE
CANONICAL_38fa12892921,TRAIN,TEST,CLUST_0.70_00018,LATE
CANONICAL_38fead69d8fb,VALIDATION,TEST,CLUST_0.70_00001,LATE
CANONICAL_39000e10d16f,TRAIN,TRAIN,CLUST_0.70_00008,LATE
CANONICAL_39026580c36f,TRAIN,VALIDATION,CLUST_0.70_00026,IMMEDIATE_EARLY
CANONICAL_39042203a27a,TRAIN,TRAIN,CLUST_0.70_00008,LATE
CANONICAL_39078e48ba21,TRAIN,VALIDATION,CLUST_0.70_00006,IMMEDIATE_EARLY
CANONICAL_3908a08dd70a,TRAIN,TEST,CLUST_0.70_00018,LATE
CANONICAL_390d74cd3629,TRAIN,TRAIN,CLUST_0.70_00008,LATE
CANONICAL_39100f037cca,TRAIN,TRAIN,CLUST_0.70_00008,LATE
CANONICAL_39110d8aa068,TRAIN,TRAIN,CLUST_0.70_00008,LATE
CANONICAL_39114cdb89cb,TRAIN,TRAIN,CLUST_0.70_00005,EARLY
CANONICAL_3914b529bac5,VALIDATION,VALIDATION,CLUST_0.70_00040,EARLY
CANONICAL_3915a86f90cd,TRAIN,VALIDATION,CLUST_0.70_00029,LATE
CANONICAL_3916a93a7fc2,TRAIN,VALIDATION,CLUST_0.70_00106,LATE
CANONICAL_3918699869fe,TRAIN,TEST,CLUST_0.70_00004,IMMEDIATE_EARLY
CANONICAL_391a85c45cc4,TRAIN,TEST,CLUST_0.70_00015,LATE
CANONICAL_391c8661e895,TRAIN,TRAIN,CLUST_0.70_00005,EARLY
CANONICAL_39212eafd94b,TRAIN,VALIDATION,CLUST_0.70_00059,LATE
CANONICAL_392617ecea56,TRAIN,VALIDATION,CLUST_0.70_00028,EARLY
CANONICAL_39290dbec9f5,TRAIN,TRAIN,CLUST_0.70_00005,LATE
CANONICAL_392ddfd64e1f,VALIDATION,TRAIN,CLUST_0.70_00008,LATE
CANONICAL_3933eaecc58d,TRAIN,TRAIN,CLUST_0.70_00062,LATE
CANONICAL_3934076fd471,VALIDATION,TRAIN,CLUST_0.70_00008,LATE
CANONICAL_3936a8103ade,TRAIN,TRAIN,CLUST_0.70_00005,LATE
CANONICAL_393c50a56648,TRAIN,VALIDATION,CLUST_0.70_00006,IMMEDIATE_EARLY
CANONICAL_393da5ce3dae,TRAIN,TEST,CLUST_0.70_00001,LATE
CANONICAL_3941d7ae3965,TRAIN,TRAIN,CLUST_0.70_00008,LATE
CANONICAL_3944fb3d19b4,TEST,VALIDATION,CLUST_0.70_00017,LATE
CANONICAL_394593884ec7,TRAIN,TRAIN,CLUST_0.70_00007,LATE
CANONICAL_394a63dc9f8c,TEST,TRAIN,CLUST_0.70_00008,LATE
CANONICAL_394ef6c95401,VALIDATION,TEST,CLUST_0.70_00001,LATE
CANONICAL_3955650df045,VALIDATION,TRAIN,CLUST_0.70_00008,LATE
CANONICAL_395836dde2a0,TEST,TRAIN,CLUST_0.70_00005,LATE
CANONICAL_395e7c08b22c,TRAIN,VALIDATION,CLUST_0.70_00055,LATE
CANONICAL_39641e369714,VALIDATION,TRAIN,CLUST_0.70_00042,LATE
CANONICAL_3968691c0590,TRAIN,TEST,CLUST_0.70_00001,LATE
CANONICAL_396dcff9eef8,TRAIN,TEST,CLUST_0.70_00071,LATE
CANONICAL_396f95b6bf37,TRAIN,VALIDATION,CLUST_0.70_00079,LATE
CANONICAL_397a1db9caf8,TRAIN,TRAIN,CLUST_0.70_00005,LATE
CANONICAL_397f45bfabca,TRAIN,TRAIN,CLUST_0.70_00007,LATE
CANONICAL_398759dbbfca,TRAIN,VALIDATION,CLUST_0.70_00026,IMMEDIATE_EARLY
CANONICAL_39884c068a25,TRAIN,TRAIN,CLUST_0.70_00008,LATE
CANONICAL_398a36150b31,TRAIN,VALIDATION,CLUST_0.70_00086,LATE
CANONICAL_3992f2b2dd4b,TRAIN,TRAIN,CLUST_0.70_00005,EARLY
CANONICAL_3996e336d3c7,TEST,VALIDATION,CLUST_0.70_00086,LATE
CANONICAL_39972d3978d2,TRAIN,TEST,CLUST_0.70_00015,LATE
CANONICAL_3997ede7c2f1,VALIDATION,TRAIN,CLUST_0.70_00047,LATE
CANONICAL_3998f2d38544,TRAIN,TRAIN,CLUST_0.70_00005,EARLY
CANONICAL_39a5b8995b32,TRAIN,TRAIN,CLUST_0.70_00384,LATE
CANONICAL_39af98711499,TRAIN,TRAIN,CLUST_0.70_00007,LATE
CANONICAL_39b1ed7ff6b5,TEST,VALIDATION,CLUST_0.70_00055,LATE
CANONICAL_39b35e325e8e,TRAIN,TRAIN,CLUST_0.70_00008,LATE
CANONICAL_39b780529cf2,TRAIN,TRAIN,CLUST_0.70_00005,EARLY
CANONICAL_39c086d2787d,TRAIN,TRAIN,CLUST_0.70_00350,LATE
CANONICAL_39c472b39ff1,TRAIN,VALIDATION,CLUST_0.70_00064,LATE
CANONICAL_39c854cf73c3,TRAIN,TEST,CLUST_0.70_00071,LATE
CANONICAL_39cf9bf563d0,TEST,TEST,CLUST_0.70_00004,IMMEDIATE_EARLY
CANONICAL_39e2f26767df,TRAIN,VALIDATION,CLUST_0.70_00065,LATE
CANONICAL_39e326037c21,TRAIN,TRAIN,CLUST_0.70_00005,EARLY
CANONICAL_39e6c22e235c,TRAIN,VALIDATION,CLUST_0.70_00031,LATE
CANONICAL_39ee18c9e4d1,TRAIN,VALIDATION,CLUST_0.70_00040,EARLY
CANONICAL_39f5b4e5162e,TRAIN,TRAIN,CLUST_0.70_00021,EARLY
CANONICAL_39f7962d5d0c,TRAIN,TRAIN,CLUST_0.70_00005,EARLY
CANONICAL_39f9db54d1a6,TRAIN,TRAIN,CLUST_0.70_00008,LATE
CANONICAL_39ff00bd8824,TRAIN,TRAIN,CLUST_0.70_00008,LATE
CANONICAL_3a04d846179c,TRAIN,VALIDATION,CLUST_0.70_00010,EARLY
CANONICAL_3a0517961d2a,TRAIN,TEST,CLUST_0.70_00052,LATE
CANONICAL_3a0a380ca31f,TRAIN,TRAIN,CLUST_0.70_00008,LATE
CANONICAL_3a111e9e70b0,TEST,TRAIN,CLUST_0.70_00008,LATE
CANONICAL_3a1481932a1d,TRAIN,VALIDATION,CLUST_0.70_00025,LATE
CANONICAL_3a19b40440ea,TRAIN,TRAIN,CLUST_0.70_00007,LATE
CANONICAL_3a2220983d43,TRAIN,TRAIN,CLUST_0.70_00008,LATE
CANONICAL_3a24a0024828,TRAIN,TRAIN,CLUST_0.70_00008,LATE
CANONICAL_3a270af992f6,VALIDATION,TRAIN,CLUST_0.70_00008,LATE
CANONICAL_3a32c823bf8d,TRAIN,TRAIN,CLUST_0.70_00008,LATE
CANONICAL_3a35dcd3eb6c,TRAIN,TRAIN,CLUST_0.70_00005,EARLY
CANONICAL_3a496aff8d9f,VALIDATION,VALIDATION,CLUST_0.70_00106,LATE
CANONICAL_3a51aed6825c,TRAIN,TRAIN,CLUST_0.70_00005,LATE
CANONICAL_3a55554b09cb,TRAIN,TEST,CLUST_0.70_00030,EARLY
CANONICAL_3a557fdf53df,TRAIN,TEST,CLUST_0.70_00080,LATE
CANONICAL_3a5735fe056f,TEST,VALIDATION,CLUST_0.70_00029,LATE
CANONICAL_3a5f07142185,TRAIN,TEST,CLUST_0.70_00080,LATE
CANONICAL_3a692cbea9c6,TRAIN,TRAIN,CLUST_0.70_00005,LATE
CANONICAL_3a6cae09e1d3,TEST,TRAIN,CLUST_0.70_00007,IMMEDIATE_EARLY
CANONICAL_3a6de206d0c8,TEST,VALIDATION,CLUST_0.70_00065,LATE
CANONICAL_3a709a530f2d,TRAIN,TRAIN,CLUST_0.70_00008,LATE
CANONICAL_3a73b7972036,TRAIN,TEST,CLUST_0.70_00015,LATE
CANONICAL_3a74bd23a22d,VALIDATION,TRAIN,CLUST_0.70_00007,LATE
CANONICAL_3a74ec512b3f,TRAIN,TEST,CLUST_0.70_00030,EARLY
CANONICAL_3a75f3af5a99,TRAIN,TEST,CLUST_0.70_00071,LATE
CANONICAL_3a7c283142f2,VALIDATION,TRAIN,CLUST_0.70_00210,LATE
CANONICAL_3a80e7a9ab4d,TRAIN,VALIDATION,CLUST_0.70_00055,LATE
CANONICAL_3a8122456fb8,TRAIN,TRAIN,CLUST_0.70_00008,LATE
CANONICAL_3a86388361c1,TRAIN,TRAIN,CLUST_0.70_00005,EARLY
CANONICAL_3a89ba2989ac,TRAIN,TRAIN,CLUST_0.70_00261,LATE
CANONICAL_3a8e22d3b40c,TRAIN,VALIDATION,CLUST_0.70_00055,LATE
CANONICAL_3a8fdb7ea40b,TRAIN,VALIDATION,CLUST_0.70_00028,EARLY
CANONICAL_3a96adbf72b3,TEST,TRAIN,CLUST_0.70_00008,LATE
CANONICAL_3a97b6360058,TRAIN,VALIDATION,CLUST_0.70_00055,LATE
CANONICAL_3aa089b2fc56,TRAIN,TRAIN,CLUST_0.70_00005,EARLY
CANONICAL_3aa270c71156,TRAIN,TRAIN,CLUST_0.70_00005,LATE
CANONICAL_3aa651611971,TRAIN,TRAIN,CLUST_0.70_00007,LATE
CANONICAL_3aaa2db36a93,TRAIN,TRAIN,CLUST_0.70_00005,LATE
CANONICAL_3aac72e7164a,VALIDATION,TRAIN,CLUST_0.70_00005,EARLY
CANONICAL_3aaca467f1b1,TEST,TRAIN,CLUST_0.70_00164,LATE
CANONICAL_3aba4e18b137,VALIDATION,TRAIN,CLUST_0.70_00005,EARLY
CANONICAL_3abdd4c6fbd1,TEST,TEST,CLUST_0.70_00030,EARLY
CANONICAL_3ac020bcdd00,TRAIN,TRAIN,CLUST_0.70_00241,LATE
CANONICAL_3ac4404d65f7,TEST,TEST,CLUST_0.70_00015,LATE
CANONICAL_3ac965d524ad,TEST,TRAIN,CLUST_0.70_00005,LATE
CANONICAL_3aca138b5a2d,TRAIN,VALIDATION,CLUST_0.70_00026,IMMEDIATE_EARLY
CANONICAL_3aca36a33451,TEST,TRAIN,CLUST_0.70_00008,LATE
CANONICAL_3acb126fdb1f,TRAIN,TRAIN,CLUST_0.70_00005,LATE
CANONICAL_3acbc1ed606b,TRAIN,TRAIN,CLUST_0.70_00008,LATE
CANONICAL_3ad0f0f85415,TEST,TRAIN,CLUST_0.70_00007,LATE
CANONICAL_3ad2db0bf709,TRAIN,TRAIN,CLUST_0.70_00268,LATE
CANONICAL_3ad310fc1fdf,VALIDATION,TRAIN,CLUST_0.70_00005,LATE
CANONICAL_3ae56a4f611f,TEST,TEST,CLUST_0.70_00037,LATE
CANONICAL_3af328e9e037,TRAIN,TEST,CLUST_0.70_00004,IMMEDIATE_EARLY
CANONICAL_3af624ddc8ae,TRAIN,VALIDATION,CLUST_0.70_00010,EARLY
CANONICAL_3af9da475eb6,TRAIN,TRAIN,CLUST_0.70_00005,LATE
CANONICAL_3b0d6df07161,TEST,TRAIN,CLUST_0.70_00008,IMMEDIATE_EARLY
CANONICAL_3b0e8bff871a,VALIDATION,VALIDATION,CLUST_0.70_00039,LATE
CANONICAL_3b0fb2234693,TRAIN,VALIDATION,CLUST_0.70_00058,LATE
CANONICAL_3b11917bdf9d,TRAIN,VALIDATION,CLUST_0.70_00038,LATE
CANONICAL_3b1235e2e170,TRAIN,TRAIN,CLUST_0.70_00007,EARLY
CANONICAL_3b172af1ca8e,TRAIN,TRAIN,CLUST_0.70_00005,EARLY
CANONICAL_3b1af4cae9d1,TEST,TRAIN,CLUST_0.70_00005,LATE
CANONICAL_3b2ace96884d,TEST,TEST,CLUST_0.70_00071,LATE
CANONICAL_3b2c84ca6dda,TRAIN,TEST,CLUST_0.70_00020,LATE
CANONICAL_3b2fc9cedb57,TRAIN,TRAIN,CLUST_0.70_00062,LATE
CANONICAL_3b36d8e8213e,VALIDATION,TRAIN,CLUST_0.70_00005,EARLY
CANONICAL_3b3ba60c8bfc,TRAIN,TRAIN,CLUST_0.70_00062,LATE
CANONICAL_3b3df63e7ea0,TRAIN,VALIDATION,CLUST_0.70_00055,LATE
CANONICAL_3b4a2c2aadf3,TRAIN,TRAIN,CLUST_0.70_00008,LATE
CANONICAL_3b53005f5116,TRAIN,VALIDATION,CLUST_0.70_00038,LATE
CANONICAL_3b5722d61a09,TRAIN,VALIDATION,CLUST_0.70_00038,LATE
CANONICAL_3b580c2cedf9,TRAIN,TRAIN,CLUST_0.70_00005,EARLY
CANONICAL_3b58e02087a3,TRAIN,TRAIN,CLUST_0.70_00008,LATE
CANONICAL_3b594fc25824,VALIDATION,TRAIN,CLUST_0.70_00005,LATE
CANONICAL_3b5b0ee8c6a2,TRAIN,TRAIN,CLUST_0.70_00005,LATE
CANONICAL_3b5b6e88b487,TRAIN,TRAIN,CLUST_0.70_00008,LATE
CANONICAL_3b5bb3766e51,TRAIN,TRAIN,CLUST_0.70_00236,IMMEDIATE_EARLY
CANONICAL_3b6e0f52724a,TRAIN,TRAIN,CLUST_0.70_00008,IMMEDIATE_EARLY
CANONICAL_3b773cae7a7e,TRAIN,VALIDATION,CLUST_0.70_00106,LATE
CANONICAL_3b7c306c706c,TRAIN,TRAIN,CLUST_0.70_00005,EARLY
CANONICAL_3b7d19205247,TRAIN,VALIDATION,CLUST_0.70_00016,EARLY
CANONICAL_3b8588ea0ef1,VALIDATION,TEST,CLUST_0.70_00071,LATE
CANONICAL_3b87a8d3119c,VALIDATION,TRAIN,CLUST_0.70_00005,EARLY
CANONICAL_3b8cf29398ce,TRAIN,TRAIN,CLUST_0.70_00008,LATE
CANONICAL_3b8e4ecab04b,TRAIN,TRAIN,CLUST_0.70_00231,IMMEDIATE_EARLY
CANONICAL_3b91d67249be,TRAIN,TRAIN,CLUST_0.70_00008,LATE
CANONICAL_3b9e18c1e334,TEST,VALIDATION,CLUST_0.70_00017,LATE
CANONICAL_3b9ff71b19ea,TRAIN,VALIDATION,CLUST_0.70_00006,IMMEDIATE_EARLY
CANONICAL_3ba004d07006,TEST,TRAIN,CLUST_0.70_00008,LATE
CANONICAL_3ba6e907f984,TRAIN,TRAIN,CLUST_0.70_00236,IMMEDIATE_EARLY
CANONICAL_3ba7769f98fa,TRAIN,TRAIN,CLUST_0.70_00005,EARLY
CANONICAL_3ba9e2493f68,TRAIN,TRAIN,CLUST_0.70_00005,EARLY
CANONICAL_3bab02887407,TRAIN,VALIDATION,CLUST_0.70_00041,EARLY
CANONICAL_3bb375136f82,TRAIN,TEST,CLUST_0.70_00030,EARLY
CANONICAL_3bb545c627b5,TRAIN,VALIDATION,CLUST_0.70_00029,LATE
CANONICAL_3bb9568a2b72,TRAIN,VALIDATION,CLUST_0.70_00006,IMMEDIATE_EARLY
CANONICAL_3bbae62e2f6d,TEST,TRAIN,CLUST_0.70_00005,LATE
CANONICAL_3bbc735a92ae,VALIDATION,VALIDATION,CLUST_0.70_00040,EARLY
CANONICAL_3bc3c7bac142,TEST,TRAIN,CLUST_0.70_00005,LATE
CANONICAL_3bc5a6cd38ce,TRAIN,TRAIN,CLUST_0.70_00236,IMMEDIATE_EARLY
CANONICAL_3bcbfe94fa67,VALIDATION,TRAIN,CLUST_0.70_00008,LATE
CANONICAL_3bcc4cc75c06,TEST,TRAIN,CLUST_0.70_00002,LATE
CANONICAL_3bcdad5399dd,TRAIN,TEST,CLUST_0.70_00015,LATE
CANONICAL_3bd8f414ee68,VALIDATION,TRAIN,CLUST_0.70_00007,LATE
CANONICAL_3bdc34783832,TRAIN,VALIDATION,CLUST_0.70_00038,LATE
CANONICAL_3bddb98112ef,TEST,TEST,CLUST_0.70_00037,LATE
CANONICAL_3bdf483a4244,TRAIN,VALIDATION,CLUST_0.70_00086,LATE
CANONICAL_3be6bbee497f,TRAIN,TEST,CLUST_0.70_00051,LATE
CANONICAL_3be795cfc45f,TRAIN,TRAIN,CLUST_0.70_00008,LATE
CANONICAL_3be922f33974,TRAIN,VALIDATION,CLUST_0.70_00017,LATE
CANONICAL_3bee743418c1,TRAIN,VALIDATION,CLUST_0.70_00026,IMMEDIATE_EARLY
CANONICAL_3bf246e22f99,TRAIN,TEST,CLUST_0.70_00009,LATE
CANONICAL_3bf3de97a5ab,TRAIN,TEST,CLUST_0.70_00030,EARLY
CANONICAL_3bf4aeaacacc,TRAIN,VALIDATION,CLUST_0.70_00127,LATE
CANONICAL_3bf978fab2c5,TRAIN,TRAIN,CLUST_0.70_00007,IMMEDIATE_EARLY
CANONICAL_3bfe9b1a08d7,TRAIN,TRAIN,CLUST_0.70_00008,LATE
CANONICAL_3c073bc06af4,TRAIN,TRAIN,CLUST_0.70_00008,LATE
CANONICAL_3c18319474b5,TRAIN,TEST,CLUST_0.70_00004,IMMEDIATE_EARLY
CANONICAL_3c185d7aa4fb,TRAIN,TRAIN,CLUST_0.70_00007,EARLY
CANONICAL_3c18b05e1e6b,TRAIN,TEST,CLUST_0.70_00004,IMMEDIATE_EARLY
CANONICAL_3c1aa7b24490,TRAIN,TRAIN,CLUST_0.70_00007,LATE
CANONICAL_3c1d514df777,TRAIN,TRAIN,CLUST_0.70_00005,LATE
CANONICAL_3c1ddcde808c,TRAIN,TEST,CLUST_0.70_00015,LATE
CANONICAL_3c1f3b5e4df3,TRAIN,TRAIN,CLUST_0.70_00008,LATE
CANONICAL_3c20085c151b,TRAIN,VALIDATION,CLUST_0.70_00079,LATE
CANONICAL_3c2453d2c64a,TRAIN,TRAIN,CLUST_0.70_00008,IMMEDIATE_EARLY
CANONICAL_3c25b3b12bd4,TRAIN,TRAIN,CLUST_0.70_00005,EARLY
CANONICAL_3c29196ef8f7,TRAIN,TRAIN,CLUST_0.70_00413,LATE
CANONICAL_3c2ba5a15c04,TRAIN,TEST,CLUST_0.70_00030,EARLY
CANONICAL_3c2c51a581c8,TRAIN,VALIDATION,CLUST_0.70_00055,LATE
CANONICAL_3c320e288d13,TEST,VALIDATION,CLUST_0.70_00058,LATE
CANONICAL_3c36ebdb0336,TRAIN,TRAIN,CLUST_0.70_00091,LATE
CANONICAL_3c398817be96,TRAIN,TRAIN,CLUST_0.70_00007,EARLY
CANONICAL_3c3dd7067e31,TRAIN,VALIDATION,CLUST_0.70_00059,LATE
CANONICAL_3c3e4bb63df5,TRAIN,TRAIN,CLUST_0.70_00008,LATE
CANONICAL_3c432dfe35ac,TRAIN,TRAIN,CLUST_0.70_00008,LATE
CANONICAL_3c4419642214,TRAIN,TRAIN,CLUST_0.70_00005,EARLY
CANONICAL_3c4796c62c3c,TRAIN,VALIDATION,CLUST_0.70_00041,EARLY
CANONICAL_3c4df6da1576,TRAIN,TEST,CLUST_0.70_00001,LATE
CANONICAL_3c5594b50de3,TRAIN,TEST,CLUST_0.70_00015,LATE
CANONICAL_3c5f2146b6e1,TEST,TRAIN,CLUST_0.70_00008,LATE
CANONICAL_3c621c757299,TRAIN,VALIDATION,CLUST_0.70_00006,IMMEDIATE_EARLY
CANONICAL_3c65ee615690,TRAIN,VALIDATION,CLUST_0.70_00064,LATE
CANONICAL_3c666906899e,TRAIN,TRAIN,CLUST_0.70_00005,EARLY
CANONICAL_3c67043e4340,TRAIN,TEST,CLUST_0.70_00080,LATE
CANONICAL_3c6e26fc9d0e,TRAIN,TEST,CLUST_0.70_00052,LATE
CANONICAL_3c72dc44a3f8,TRAIN,VALIDATION,CLUST_0.70_00010,EARLY
CANONICAL_3c73143f1187,TRAIN,TRAIN,CLUST_0.70_00005,LATE
CANONICAL_3c7394d77981,TRAIN,VALIDATION,CLUST_0.70_00006,IMMEDIATE_EARLY
CANONICAL_3c73afa657d3,TRAIN,TRAIN,CLUST_0.70_00005,EARLY
CANONICAL_3c76326a63a1,TRAIN,TEST,CLUST_0.70_00001,LATE
CANONICAL_3c7f3a96ff48,TRAIN,TRAIN,CLUST_0.70_00008,LATE
CANONICAL_3c820db50680,TEST,TRAIN,CLUST_0.70_00237,LATE
CANONICAL_3c83ec1af1dc,TRAIN,TRAIN,CLUST_0.70_00005,EARLY
CANONICAL_3c844a10b677,TRAIN,TEST,CLUST_0.70_00004,IMMEDIATE_EARLY
CANONICAL_3c855ffeb8bf,TRAIN,TRAIN,CLUST_0.70_00007,LATE
CANONICAL_3c8de496a8ab,TEST,VALIDATION,CLUST_0.70_00079,LATE
CANONICAL_3c8ec9d7c889,TRAIN,VALIDATION,CLUST_0.70_00065,LATE
CANONICAL_3c922d3eaaf5,VALIDATION,TRAIN,CLUST_0.70_00005,LATE
CANONICAL_3c92e2fe9777,VALIDATION,TEST,CLUST_0.70_00052,LATE
CANONICAL_3c95e328fa8c,TRAIN,TRAIN,CLUST_0.70_00005,LATE
CANONICAL_3c9dd247c781,TEST,TRAIN,CLUST_0.70_00087,LATE
CANONICAL_3c9f217be8d3,TEST,VALIDATION,CLUST_0.70_00106,LATE
CANONICAL_3ca29cfe3c81,TEST,TEST,CLUST_0.70_00080,LATE
CANONICAL_3ca8b2c92e48,TRAIN,TRAIN,CLUST_0.70_00008,LATE
CANONICAL_3caece75c71e,TRAIN,VALIDATION,CLUST_0.70_00059,LATE
CANONICAL_3cb1dc99137f,TRAIN,TRAIN,CLUST_0.70_00007,LATE
CANONICAL_3cb8c1caa8ac,TRAIN,TRAIN,CLUST_0.70_00005,EARLY
CANONICAL_3cbb37c5c0a6,VALIDATION,TRAIN,CLUST_0.70_00005,EARLY
CANONICAL_3cbcdce828c5,VALIDATION,TRAIN,CLUST_0.70_00008,LATE
CANONICAL_3cc59697af5b,TRAIN,TRAIN,CLUST_0.70_00008,LATE
CANONICAL_3cc8e277bd02,VALIDATION,TEST,CLUST_0.70_00015,LATE
CANONICAL_3ccf341c8d52,TRAIN,TRAIN,CLUST_0.70_00005,EARLY
CANONICAL_3cd3853397f2,TEST,TEST,CLUST_0.70_00037,LATE
CANONICAL_3cd418f72a0b,TEST,VALIDATION,CLUST_0.70_00086,LATE
CANONICAL_3cd5e4728f96,TRAIN,TRAIN,CLUST_0.70_00008,LATE
CANONICAL_3cd9292b941e,TRAIN,TRAIN,CLUST_0.70_00008,LATE
CANONICAL_3cdd52993f02,TEST,TRAIN,CLUST_0.70_00008,LATE
CANONICAL_3ce28570c559,VALIDATION,TRAIN,CLUST_0.70_00008,LATE
CANONICAL_3ce341ce056e,TEST,VALIDATION,CLUST_0.70_00017,LATE
CANONICAL_3ce3eb53f960,TRAIN,TEST,CLUST_0.70_00080,LATE
CANONICAL_3ce6b982434f,TRAIN,TRAIN,CLUST_0.70_00008,LATE
CANONICAL_3ceaf8f02516,TRAIN,TEST,CLUST_0.70_00052,LATE
CANONICAL_3ceb84756f63,TEST,TEST,CLUST_0.70_00001,LATE
CANONICAL_3cf16ebe9d3f,TRAIN,TRAIN,CLUST_0.70_00005,LATE
CANONICAL_3cf7e7de1adb,TRAIN,TEST,CLUST_0.70_00030,EARLY
CANONICAL_3cf9c0ea298b,TEST,VALIDATION,CLUST_0.70_00106,LATE
CANONICAL_3cfda544a6f8,TRAIN,TEST,CLUST_0.70_00052,LATE
CANONICAL_3d01ee2c82b4,TRAIN,VALIDATION,CLUST_0.70_00127,LATE
CANONICAL_3d0c32a5f24e,TRAIN,TEST,CLUST_0.70_00004,IMMEDIATE_EARLY
CANONICAL_3d0d5d15582d,TRAIN,TRAIN,CLUST_0.70_00005,EARLY
CANONICAL_3d0f0129557e,TRAIN,TRAIN,CLUST_0.70_00343,IMMEDIATE_EARLY
CANONICAL_3d0fa1815522,TRAIN,VALIDATION,CLUST_0.70_00038,LATE
CANONICAL_3d14db405289,TEST,VALIDATION,CLUST_0.70_00038,LATE
CANONICAL_3d162ff39460,TEST,TEST,CLUST_0.70_00018,LATE
CANONICAL_3d1907dcb232,TRAIN,TRAIN,CLUST_0.70_00005,EARLY
CANONICAL_3d266a754cd7,TRAIN,VALIDATION,CLUST_0.70_00038,LATE
CANONICAL_3d29908a900b,TRAIN,VALIDATION,CLUST_0.70_00006,IMMEDIATE_EARLY
CANONICAL_3d2ebaad0411,TRAIN,TRAIN,CLUST_0.70_00008,LATE
CANONICAL_3d2f907fd444,TRAIN,TRAIN,CLUST_0.70_00005,EARLY
CANONICAL_3d32e603c5a4,TRAIN,TEST,CLUST_0.70_00001,LATE
CANONICAL_3d367d593f20,TRAIN,VALIDATION,CLUST_0.70_00041,EARLY
CANONICAL_3d36b7a1f20a,VALIDATION,TEST,CLUST_0.70_00020,LATE
CANONICAL_3d3a295a0ecc,VALIDATION,TRAIN,CLUST_0.70_00005,EARLY
CANONICAL_3d42ff6ebe4c,TRAIN,TRAIN,CLUST_0.70_00007,LATE
CANONICAL_3d44cebaf305,TRAIN,TEST,CLUST_0.70_00052,LATE
CANONICAL_3d46ad4a2ea2,TRAIN,TRAIN,CLUST_0.70_00008,LATE
CANONICAL_3d474ee49e1a,TEST,TRAIN,CLUST_0.70_00236,IMMEDIATE_EARLY
CANONICAL_3d4a40a5e360,TEST,TEST,CLUST_0.70_00018,EARLY
CANONICAL_3d502bfbd7d4,TRAIN,TEST,CLUST_0.70_00018,LATE
CANONICAL_3d50f5ff628f,TRAIN,TRAIN,CLUST_0.70_00005,EARLY
CANONICAL_3d56b2c54ea4,TRAIN,TRAIN,CLUST_0.70_00007,LATE
CANONICAL_3d657056f5ad,TRAIN,TRAIN,CLUST_0.70_00338,LATE
CANONICAL_3d66208a3bb5,TEST,VALIDATION,CLUST_0.70_00079,LATE
CANONICAL_3d6ab8aacd51,TEST,TRAIN,CLUST_0.70_00005,LATE
CANONICAL_3d6ccdba6087,TRAIN,VALIDATION,CLUST_0.70_00079,LATE
CANONICAL_3d70a225281e,TRAIN,TRAIN,CLUST_0.70_00062,LATE
CANONICAL_3d73f53826fa,TRAIN,VALIDATION,CLUST_0.70_00006,IMMEDIATE_EARLY
CANONICAL_3d745bef60f4,TRAIN,VALIDATION,CLUST_0.70_00065,LATE
CANONICAL_3d7b4f64db7e,VALIDATION,TEST,CLUST_0.70_00015,LATE
CANONICAL_3d7f01daa249,TEST,TRAIN,CLUST_0.70_00005,EARLY
CANONICAL_3d7f8b1a4fbb,TRAIN,TRAIN,CLUST_0.70_00008,LATE
CANONICAL_3d89954be6a6,TEST,VALIDATION,CLUST_0.70_00028,EARLY
CANONICAL_3d91e54a3a89,TRAIN,TRAIN,CLUST_0.70_00005,LATE
CANONICAL_3d92998361b2,TRAIN,TRAIN,CLUST_0.70_00005,EARLY
CANONICAL_3d932c796c02,TEST,TRAIN,CLUST_0.70_00005,EARLY
CANONICAL_3d93b4cb3053,VALIDATION,TRAIN,CLUST_0.70_00005,LATE
CANONICAL_3d9c5fccad51,TRAIN,TEST,CLUST_0.70_00020,LATE
CANONICAL_3da1ea86268a,TRAIN,TRAIN,CLUST_0.70_00007,LATE
CANONICAL_3da74492568a,TEST,TRAIN,CLUST_0.70_00007,EARLY
CANONICAL_3dab02b980b5,TRAIN,TRAIN,CLUST_0.70_00008,LATE
CANONICAL_3db7013affe6,TEST,VALIDATION,CLUST_0.70_00031,LATE
CANONICAL_3dba6b96ea78,TRAIN,VALIDATION,CLUST_0.70_00041,EARLY
CANONICAL_3dc2a2673a73,TRAIN,TRAIN,CLUST_0.70_00007,LATE
CANONICAL_3dc4e782c19e,TRAIN,TRAIN,CLUST_0.70_00005,LATE
CANONICAL_3dc966c4ab4c,TRAIN,TRAIN,CLUST_0.70_00056,LATE
CANONICAL_3dcd770709b9,TRAIN,TEST,CLUST_0.70_00030,EARLY
CANONICAL_3dd271de7577,TRAIN,TRAIN,CLUST_0.70_00007,LATE
CANONICAL_3dd7fc4b3366,VALIDATION,VALIDATION,CLUST_0.70_00006,IMMEDIATE_EARLY
CANONICAL_3de6ab30e3a9,TRAIN,TEST,CLUST_0.70_00071,LATE
CANONICAL_3deba599f711,TRAIN,TRAIN,CLUST_0.70_00005,LATE
CANONICAL_3dec64f3ec47,VALIDATION,VALIDATION,CLUST_0.70_00029,LATE
CANONICAL_3dee6de46451,TRAIN,TEST,CLUST_0.70_00001,LATE
CANONICAL_3df0ea77aff3,TRAIN,TRAIN,CLUST_0.70_00005,EARLY
CANONICAL_3df5fc1579e8,TRAIN,VALIDATION,CLUST_0.70_00086,LATE
CANONICAL_3df6cd12d867,TRAIN,VALIDATION,CLUST_0.70_00026,IMMEDIATE_EARLY
CANONICAL_3df6f417e14e,TRAIN,TRAIN,CLUST_0.70_00008,LATE
CANONICAL_3df9a95912b7,TRAIN,TRAIN,CLUST_0.70_00033,IMMEDIATE_EARLY
CANONICAL_3dfab3a4208d,TRAIN,TRAIN,CLUST_0.70_00063,LATE
CANONICAL_3e0153ab5a3b,VALIDATION,TEST,CLUST_0.70_00001,LATE
CANONICAL_3e015934dc33,TEST,TRAIN,CLUST_0.70_00005,LATE
CANONICAL_3e043936982f,TRAIN,TRAIN,CLUST_0.70_00005,EARLY
CANONICAL_3e049b144cc0,TRAIN,TRAIN,CLUST_0.70_00005,EARLY
CANONICAL_3e091ae63ed6,VALIDATION,TRAIN,CLUST_0.70_00008,LATE
CANONICAL_3e0ae4328c91,TEST,TEST,CLUST_0.70_00001,LATE
CANONICAL_3e14d4c27b68,TRAIN,TEST,CLUST_0.70_00001,LATE
CANONICAL_3e17050f7b4b,TRAIN,TEST,CLUST_0.70_00030,EARLY
CANONICAL_3e1b7185f79f,TRAIN,TRAIN,CLUST_0.70_00335,LATE
CANONICAL_3e1e1dfec644,VALIDATION,TRAIN,CLUST_0.70_00005,LATE
CANONICAL_3e1eb16dd90d,TRAIN,TRAIN,CLUST_0.70_00008,LATE
CANONICAL_3e20abd9985f,VALIDATION,TRAIN,CLUST_0.70_00005,EARLY
CANONICAL_3e225c819d92,TEST,TRAIN,CLUST_0.70_00098,LATE
CANONICAL_3e256377a292,TRAIN,TRAIN,CLUST_0.70_00007,EARLY
CANONICAL_3e281015bac1,TRAIN,TRAIN,CLUST_0.70_00005,EARLY
CANONICAL_3e3069b800c3,TRAIN,TRAIN,CLUST_0.70_00220,LATE
CANONICAL_3e30ed9b3062,TRAIN,TRAIN,CLUST_0.70_00069,IMMEDIATE_EARLY
CANONICAL_3e33d67cf633,VALIDATION,VALIDATION,CLUST_0.70_00006,IMMEDIATE_EARLY
CANONICAL_3e33e672f786,TRAIN,VALIDATION,CLUST_0.70_00058,LATE
CANONICAL_3e363f12eb48,TEST,TEST,CLUST_0.70_00051,LATE
CANONICAL_3e37c1a946c9,TRAIN,VALIDATION,CLUST_0.70_00026,IMMEDIATE_EARLY
CANONICAL_3e39a9d7ef5b,TRAIN,TEST,CLUST_0.70_00009,LATE
CANONICAL_3e4ba732ee96,TRAIN,TRAIN,CLUST_0.70_00008,LATE
CANONICAL_3e4dd19268cd,TRAIN,VALIDATION,CLUST_0.70_00058,LATE
CANONICAL_3e53e528a7ea,TRAIN,VALIDATION,CLUST_0.70_00064,LATE
CANONICAL_3e54166890c4,TEST,TRAIN,CLUST_0.70_00008,LATE
CANONICAL_3e5604d368fc,TEST,TEST,CLUST_0.70_00004,IMMEDIATE_EARLY
CANONICAL_3e5632c2e29c,VALIDATION,VALIDATION,CLUST_0.70_00127,LATE
CANONICAL_3e57a1d7430f,VALIDATION,TEST,CLUST_0.70_00004,IMMEDIATE_EARLY
CANONICAL_3e58cc419cd4,TRAIN,TRAIN,CLUST_0.70_00102,LATE
CANONICAL_3e5a284c755a,TRAIN,TRAIN,CLUST_0.70_00007,LATE
CANONICAL_3e5bddc4fa0c,TRAIN,TEST,CLUST_0.70_00052,LATE
CANONICAL_3e5e689629e5,TRAIN,TRAIN,CLUST_0.70_00007,LATE
CANONICAL_3e5f2781994a,TRAIN,TRAIN,CLUST_0.70_00008,LATE
CANONICAL_3e62a4cc5f7e,TEST,VALIDATION,CLUST_0.70_00017,LATE
CANONICAL_3e62c2de0930,TRAIN,VALIDATION,CLUST_0.70_00059,LATE
CANONICAL_3e64334f8c29,TRAIN,TRAIN,CLUST_0.70_00005,EARLY
CANONICAL_3e64f0a7dc0e,VALIDATION,TRAIN,CLUST_0.70_00008,LATE
CANONICAL_3e65d03c94a1,TEST,VALIDATION,CLUST_0.70_00040,EARLY
CANONICAL_3e6cf70ba33b,TEST,TRAIN,CLUST_0.70_00005,EARLY
CANONICAL_3e6f760b9b40,TRAIN,TRAIN,CLUST_0.70_00005,EARLY
CANONICAL_3e717495e943,TRAIN,TRAIN,CLUST_0.70_00008,LATE
CANONICAL_3e7f715e28d0,TRAIN,TRAIN,CLUST_0.70_00008,EARLY
CANONICAL_3e80fabdd91f,TRAIN,TEST,CLUST_0.70_00015,LATE
CANONICAL_3e8331e9e9ba,TRAIN,TRAIN,CLUST_0.70_00008,LATE
CANONICAL_3e8583741316,TRAIN,VALIDATION,CLUST_0.70_00190,LATE
CANONICAL_3e8b26857a5a,TEST,TRAIN,CLUST_0.70_00110,EARLY
CANONICAL_3e8f6f18671d,VALIDATION,TRAIN,CLUST_0.70_00005,LATE
CANONICAL_3e9013939f11,TRAIN,TRAIN,CLUST_0.70_00296,EARLY
CANONICAL_3e951d439e2e,TRAIN,TEST,CLUST_0.70_00004,IMMEDIATE_EARLY
CANONICAL_3e9bac6154ee,TRAIN,VALIDATION,CLUST_0.70_00017,LATE
CANONICAL_3e9d6a8df6cb,TRAIN,TEST,CLUST_0.70_00004,IMMEDIATE_EARLY
CANONICAL_3e9ee04d99c6,TRAIN,VALIDATION,CLUST_0.70_00064,LATE
CANONICAL_3ea1ba37f520,TEST,VALIDATION,CLUST_0.70_00025,LATE
CANONICAL_3ea7327cef3e,VALIDATION,TRAIN,CLUST_0.70_00005,EARLY
CANONICAL_3eaeed322ba1,VALIDATION,TRAIN,CLUST_0.70_00235,LATE
CANONICAL_3eafd1ce3551,TRAIN,TRAIN,CLUST_0.70_00008,LATE
CANONICAL_3eb133c3052e,TEST,TRAIN,CLUST_0.70_00008,LATE
CANONICAL_3ebbeed66845,TRAIN,VALIDATION,CLUST_0.70_00079,LATE
CANONICAL_3ec057377c8e,TRAIN,TRAIN,CLUST_0.70_00235,LATE
CANONICAL_3ec113512bec,VALIDATION,TRAIN,CLUST_0.70_00008,LATE
CANONICAL_3ecebdc7f428,TRAIN,TRAIN,CLUST_0.70_00007,LATE
CANONICAL_3ecee984527a,TRAIN,TEST,CLUST_0.70_00030,EARLY
CANONICAL_3ed210e3ea39,TRAIN,TRAIN,CLUST_0.70_00008,LATE
CANONICAL_3ed4f3a46d15,TRAIN,TRAIN,CLUST_0.70_00007,LATE
CANONICAL_3ed6945f675e,TRAIN,TEST,CLUST_0.70_00004,IMMEDIATE_EARLY
CANONICAL_3ed70a0f4e71,VALIDATION,VALIDATION,CLUST_0.70_00059,LATE
CANONICAL_3ed7b5bd1653,TRAIN,TEST,CLUST_0.70_00030,EARLY
CANONICAL_3edfbd382dc1,TEST,TRAIN,CLUST_0.70_00005,EARLY
CANONICAL_3ee30fee5e99,TRAIN,TRAIN,CLUST_0.70_00005,LATE
CANONICAL_3ee4f8cf13fb,TRAIN,TRAIN,CLUST_0.70_00005,LATE
CANONICAL_3ee66c73495b,TRAIN,TEST,CLUST_0.70_00030,EARLY
CANONICAL_3eeb969f1820,TRAIN,TRAIN,CLUST_0.70_00005,EARLY
CANONICAL_3eefe84ef498,TRAIN,TEST,CLUST_0.70_00018,LATE
CANONICAL_3eeff82e54df,TRAIN,VALIDATION,CLUST_0.70_00086,LATE
CANONICAL_3ef80935c5bf,TRAIN,TEST,CLUST_0.70_00001,LATE
CANONICAL_3effff231298,TRAIN,TRAIN,CLUST_0.70_00090,LATE
CANONICAL_3f01695188f9,TRAIN,TRAIN,CLUST_0.70_00005,LATE
CANONICAL_3f026531778e,TRAIN,TRAIN,CLUST_0.70_00005,EARLY
CANONICAL_3f0ae779c25d,TRAIN,TRAIN,CLUST_0.70_00116,LATE
CANONICAL_3f120dd1326c,TRAIN,TRAIN,CLUST_0.70_00007,EARLY
CANONICAL_3f12570c0a18,TRAIN,TRAIN,CLUST_0.70_00007,EARLY
CANONICAL_3f17fc764bcf,TEST,TRAIN,CLUST_0.70_00008,LATE
CANONICAL_3f182ea1e411,TRAIN,TEST,CLUST_0.70_00037,LATE
CANONICAL_3f184c806fa7,TRAIN,TRAIN,CLUST_0.70_00005,LATE
CANONICAL_3f1e7ee36166,TRAIN,VALIDATION,CLUST_0.70_00055,LATE
CANONICAL_3f1f6e62f463,TRAIN,TRAIN,CLUST_0.70_00005,EARLY
CANONICAL_3f236c6a87e9,TRAIN,TRAIN,CLUST_0.70_00136,LATE
CANONICAL_3f2b394cb511,VALIDATION,TRAIN,CLUST_0.70_00164,LATE
CANONICAL_3f2b895e72f9,TRAIN,TEST,CLUST_0.70_00004,IMMEDIATE_EARLY
CANONICAL_3f31427310e8,VALIDATION,TEST,CLUST_0.70_00080,LATE
CANONICAL_3f36c74c178d,TRAIN,VALIDATION,CLUST_0.70_00028,EARLY
CANONICAL_3f373be0c844,TEST,TEST,CLUST_0.70_00004,IMMEDIATE_EARLY
CANONICAL_3f389e3c9477,TRAIN,TRAIN,CLUST_0.70_00056,LATE
CANONICAL_3f39ee16450c,TRAIN,TRAIN,CLUST_0.70_00007,IMMEDIATE_EARLY
CANONICAL_3f3fbfed0d28,VALIDATION,TEST,CLUST_0.70_00015,LATE
CANONICAL_3f46398d38e1,TRAIN,VALIDATION,CLUST_0.70_00031,LATE
CANONICAL_3f56573f23d4,TRAIN,VALIDATION,CLUST_0.70_00038,LATE
CANONICAL_3f58a5975f86,TRAIN,VALIDATION,CLUST_0.70_00017,LATE
CANONICAL_3f5a9b8fbb46,VALIDATION,TEST,CLUST_0.70_00004,IMMEDIATE_EARLY
CANONICAL_3f5ddae5b693,TRAIN,TRAIN,CLUST_0.70_00005,LATE
CANONICAL_3f60bc942c42,TRAIN,TEST,CLUST_0.70_00015,LATE
CANONICAL_3f61cfd2fe64,TRAIN,TRAIN,CLUST_0.70_00008,LATE
CANONICAL_3f692178bb2e,TRAIN,TRAIN,CLUST_0.70_00005,EARLY
CANONICAL_3f721f14dccb,VALIDATION,VALIDATION,CLUST_0.70_00025,LATE
CANONICAL_3f78f7eb8ce8,VALIDATION,TRAIN,CLUST_0.70_00005,LATE
CANONICAL_3f83c3ce843f,TEST,VALIDATION,CLUST_0.70_00055,LATE
CANONICAL_3f8b97015df7,VALIDATION,TEST,CLUST_0.70_00001,LATE
CANONICAL_3f97079d4ff0,TRAIN,TEST,CLUST_0.70_00030,EARLY
CANONICAL_3f9e075cd9c3,TEST,TRAIN,CLUST_0.70_00237,LATE
CANONICAL_3fa1d0fa005d,TRAIN,TRAIN,CLUST_0.70_00005,EARLY
CANONICAL_3fa8c73a14bc,TEST,TEST,CLUST_0.70_00030,EARLY
CANONICAL_3fb0aa3cecf8,TEST,TEST,CLUST_0.70_00030,EARLY
CANONICAL_3fba2a02b13d,TRAIN,TRAIN,CLUST_0.70_00007,LATE
CANONICAL_3fbf87bc3278,TRAIN,TRAIN,CLUST_0.70_00005,EARLY
CANONICAL_3fc03fada4b8,TEST,TRAIN,CLUST_0.70_00005,LATE
CANONICAL_3fc3365f4db7,TRAIN,TRAIN,CLUST_0.70_00005,EARLY
CANONICAL_3fc7d5569aff,TEST,TEST,CLUST_0.70_00001,LATE
CANONICAL_3fc87e084811,TRAIN,TRAIN,CLUST_0.70_00223,LATE
CANONICAL_3fda3939a4a8,TRAIN,TEST,CLUST_0.70_00018,LATE
CANONICAL_3fdaaec76a3f,TEST,TRAIN,CLUST_0.70_00005,EARLY
CANONICAL_3fdbad98ed64,TRAIN,TEST,CLUST_0.70_00001,LATE
CANONICAL_3fdc6363d553,TRAIN,VALIDATION,CLUST_0.70_00017,LATE
CANONICAL_3fdd371cf97e,TRAIN,VALIDATION,CLUST_0.70_00127,LATE
CANONICAL_3fddb2ee13a0,VALIDATION,TRAIN,CLUST_0.70_00005,LATE
CANONICAL_3fe3c4fe9a29,VALIDATION,TEST,CLUST_0.70_00071,LATE
CANONICAL_3fe779a98520,TRAIN,TRAIN,CLUST_0.70_00008,LATE
CANONICAL_3fe9e9eebbf1,TRAIN,TRAIN,CLUST_0.70_00008,LATE
CANONICAL_3fed49e56f6e,TEST,TRAIN,CLUST_0.70_00005,EARLY
CANONICAL_3fef3c3390c7,TRAIN,TEST,CLUST_0.70_00030,EARLY
CANONICAL_3ff31f1018ce,TRAIN,TRAIN,CLUST_0.70_00005,LATE
CANONICAL_3ff66f924328,VALIDATION,TEST,CLUST_0.70_00001,LATE
CANONICAL_3ff8779a20f9,TRAIN,VALIDATION,CLUST_0.70_00028,EARLY
CANONICAL_400aa904e0ed,TRAIN,TRAIN,CLUST_0.70_00102,LATE
CANONICAL_400b186904af,TRAIN,TRAIN,CLUST_0.70_00005,LATE
CANONICAL_400eb04c198a,TRAIN,TRAIN,CLUST_0.70_00005,EARLY
CANONICAL_400fb5d73cba,TEST,VALIDATION,CLUST_0.70_00029,LATE
CANONICAL_4010417e1434,TRAIN,TRAIN,CLUST_0.70_00005,LATE
CANONICAL_4013f3e1161c,TEST,VALIDATION,CLUST_0.70_00064,LATE
CANONICAL_401720489f10,TRAIN,TRAIN,CLUST_0.70_00005,LATE
CANONICAL_4018510b52d4,TRAIN,TRAIN,CLUST_0.70_00008,LATE
CANONICAL_4019a18f167f,TRAIN,TRAIN,CLUST_0.70_00005,LATE
CANONICAL_401ac84e3f22,TEST,VALIDATION,CLUST_0.70_00006,LATE
CANONICAL_401cf9bada68,VALIDATION,TRAIN,CLUST_0.70_00008,LATE
CANONICAL_4024f1c546f9,TRAIN,VALIDATION,CLUST_0.70_00059,LATE
CANONICAL_4026ce469f2c,TRAIN,TRAIN,CLUST_0.70_00007,LATE
CANONICAL_402779b8de50,TEST,TRAIN,CLUST_0.70_00090,LATE
CANONICAL_4027bfe738d0,TRAIN,TRAIN,CLUST_0.70_00005,EARLY
CANONICAL_402b76922d74,TRAIN,TRAIN,CLUST_0.70_00008,LATE
CANONICAL_402ee4d839a5,TRAIN,TEST,CLUST_0.70_00030,EARLY
CANONICAL_40319838fc77,TRAIN,TRAIN,CLUST_0.70_00005,LATE
CANONICAL_403d241d5e8f,TRAIN,TEST,CLUST_0.70_00004,IMMEDIATE_EARLY
CANONICAL_403f99abc3b6,TRAIN,TEST,CLUST_0.70_00001,LATE
CANONICAL_4040dd4f1944,VALIDATION,VALIDATION,CLUST_0.70_00026,IMMEDIATE_EARLY
CANONICAL_40433e164572,TRAIN,VALIDATION,CLUST_0.70_00028,EARLY
CANONICAL_404f312349c7,TRAIN,TRAIN,CLUST_0.70_00047,LATE
CANONICAL_40525da95a6d,TRAIN,TEST,CLUST_0.70_00001,LATE
CANONICAL_4058e92b4410,TRAIN,TRAIN,CLUST_0.70_00005,EARLY
CANONICAL_4061f40c3369,TEST,TRAIN,CLUST_0.70_00008,LATE
CANONICAL_4063c782b22d,VALIDATION,TRAIN,CLUST_0.70_00008,LATE
CANONICAL_406708139ec3,TRAIN,TEST,CLUST_0.70_00004,IMMEDIATE_EARLY
CANONICAL_406bf118d0f3,TRAIN,TEST,CLUST_0.70_00071,LATE
CANONICAL_40712613d05f,TRAIN,VALIDATION,CLUST_0.70_00079,LATE
CANONICAL_4073fe575333,TRAIN,VALIDATION,CLUST_0.70_00079,LATE
CANONICAL_4076344c302f,TRAIN,TRAIN,CLUST_0.70_00005,EARLY
CANONICAL_4076edf23483,TRAIN,VALIDATION,CLUST_0.70_00025,LATE
CANONICAL_407d96bce6c5,TRAIN,VALIDATION,CLUST_0.70_00079,LATE
CANONICAL_408e7289a104,TRAIN,TRAIN,CLUST_0.70_00008,LATE
CANONICAL_40908c38344e,VALIDATION,TRAIN,CLUST_0.70_00005,LATE
CANONICAL_4091c10deb4e,TRAIN,TRAIN,CLUST_0.70_00008,LATE
CANONICAL_409894d87d35,TRAIN,VALIDATION,CLUST_0.70_00026,IMMEDIATE_EARLY
CANONICAL_409ed471d658,TRAIN,TRAIN,CLUST_0.70_00098,LATE
CANONICAL_409fad3681bb,TRAIN,TRAIN,CLUST_0.70_00005,LATE
CANONICAL_40ae91d778af,TRAIN,TRAIN,CLUST_0.70_00007,LATE
CANONICAL_40b027e94dbb,TRAIN,TRAIN,CLUST_0.70_00005,EARLY
CANONICAL_40b3086aecf8,TRAIN,TRAIN,CLUST_0.70_00008,LATE
CANONICAL_40b92c8afb19,VALIDATION,TRAIN,CLUST_0.70_00005,LATE
CANONICAL_40b9cfe54ade,TRAIN,VALIDATION,CLUST_0.70_00026,IMMEDIATE_EARLY
CANONICAL_40bbeb69c5e1,TRAIN,TEST,CLUST_0.70_00004,IMMEDIATE_EARLY
CANONICAL_40bc017b285a,VALIDATION,TRAIN,CLUST_0.70_00008,LATE
CANONICAL_40bc913f6292,TRAIN,TRAIN,CLUST_0.70_00005,EARLY
CANONICAL_40c403dbaa8f,TEST,TEST,CLUST_0.70_00004,IMMEDIATE_EARLY
CANONICAL_40c6bce9b3e9,TRAIN,TEST,CLUST_0.70_00004,IMMEDIATE_EARLY
CANONICAL_40cb36f087e2,TRAIN,TRAIN,CLUST_0.70_00008,LATE
CANONICAL_40d11487af71,TRAIN,TRAIN,CLUST_0.70_00110,EARLY
CANONICAL_40d12779c1bb,TRAIN,TRAIN,CLUST_0.70_00005,LATE
CANONICAL_40d2e78cc609,TRAIN,TRAIN,CLUST_0.70_00235,LATE
CANONICAL_40d35fc9c523,TEST,VALIDATION,CLUST_0.70_00010,EARLY
CANONICAL_40d4785830d5,TRAIN,TRAIN,CLUST_0.70_00054,LATE
CANONICAL_40d6b8d22ed3,TRAIN,TRAIN,CLUST_0.70_00005,EARLY
CANONICAL_40d99f310231,TRAIN,TEST,CLUST_0.70_00020,LATE
CANONICAL_40dd30c0e1cc,TRAIN,TRAIN,CLUST_0.70_00008,IMMEDIATE_EARLY
CANONICAL_40e01db50d96,TRAIN,TEST,CLUST_0.70_00018,LATE
CANONICAL_40e1b2448a9c,TEST,TRAIN,CLUST_0.70_00164,LATE
CANONICAL_40f73f511cc0,TRAIN,TEST,CLUST_0.70_00001,LATE
CANONICAL_40f8138ce7fe,VALIDATION,TRAIN,CLUST_0.70_00007,LATE
CANONICAL_40fa622e2994,TRAIN,TEST,CLUST_0.70_00030,EARLY
CANONICAL_40fed603a050,TRAIN,TRAIN,CLUST_0.70_00056,LATE
CANONICAL_40ffbfca0a8c,VALIDATION,TRAIN,CLUST_0.70_00222,LATE
CANONICAL_41014c66cee3,VALIDATION,VALIDATION,CLUST_0.70_00031,LATE
CANONICAL_4101d8e8c1c1,TRAIN,TEST,CLUST_0.70_00051,LATE
CANONICAL_4103c64cc367,TEST,TEST,CLUST_0.70_00052,LATE
CANONICAL_410703583c16,TRAIN,VALIDATION,CLUST_0.70_00065,LATE
CANONICAL_4109553dbff0,TRAIN,TRAIN,CLUST_0.70_00076,LATE
CANONICAL_410ba89e606f,TRAIN,TRAIN,CLUST_0.70_00191,EARLY
CANONICAL_410f8d262ae7,TEST,TEST,CLUST_0.70_00001,LATE
CANONICAL_411359d1a90d,TEST,TEST,CLUST_0.70_00030,EARLY
CANONICAL_4116a392cc40,TEST,TRAIN,CLUST_0.70_00007,LATE
CANONICAL_4119cd1049f7,TRAIN,TRAIN,CLUST_0.70_00083,LATE
CANONICAL_411e65bb6892,TRAIN,TEST,CLUST_0.70_00020,LATE
CANONICAL_411f61477583,TRAIN,TRAIN,CLUST_0.70_00098,LATE
CANONICAL_412767fec4ab,TRAIN,TRAIN,CLUST_0.70_00005,EARLY
CANONICAL_4128b7e582af,TRAIN,VALIDATION,CLUST_0.70_00169,LATE
CANONICAL_412cdb30a510,TRAIN,TRAIN,CLUST_0.70_00008,LATE
CANONICAL_41313d283f42,TRAIN,TEST,CLUST_0.70_00018,LATE
CANONICAL_41314791f961,TRAIN,TEST,CLUST_0.70_00001,LATE
CANONICAL_4133453963b1,VALIDATION,VALIDATION,CLUST_0.70_00006,IMMEDIATE_EARLY
CANONICAL_4138a846c1e7,VALIDATION,TRAIN,CLUST_0.70_00008,LATE
CANONICAL_4141cadc5c00,TRAIN,TRAIN,CLUST_0.70_00008,LATE
CANONICAL_41463e084d16,TRAIN,TRAIN,CLUST_0.70_00280,EARLY
CANONICAL_414647d9abcc,TRAIN,TEST,CLUST_0.70_00001,LATE
CANONICAL_41483effb9d8,TRAIN,TEST,CLUST_0.70_00018,LATE
CANONICAL_414a57abfabc,TRAIN,VALIDATION,CLUST_0.70_00031,LATE
CANONICAL_414d2914a35d,TEST,TRAIN,CLUST_0.70_00007,EARLY
CANONICAL_41508f597658,VALIDATION,TEST,CLUST_0.70_00052,LATE
CANONICAL_41530f156ed3,TRAIN,VALIDATION,CLUST_0.70_00059,LATE
CANONICAL_415ee96cebf7,TRAIN,TEST,CLUST_0.70_00004,IMMEDIATE_EARLY
CANONICAL_416391ec6078,TRAIN,TRAIN,CLUST_0.70_00008,LATE
CANONICAL_4163d3f9e41b,TRAIN,TRAIN,CLUST_0.70_00008,LATE
CANONICAL_41686ab1b024,TEST,TRAIN,CLUST_0.70_00005,EARLY
CANONICAL_416e85002c39,TRAIN,TRAIN,CLUST_0.70_00005,LATE
CANONICAL_4170041717ca,VALIDATION,TRAIN,CLUST_0.70_00007,LATE
CANONICAL_4171287ca539,TRAIN,TEST,CLUST_0.70_00030,EARLY
CANONICAL_41748cf9664e,TRAIN,TRAIN,CLUST_0.70_00045,IMMEDIATE_EARLY
CANONICAL_41768e1c3c6b,TRAIN,TRAIN,CLUST_0.70_00008,LATE
CANONICAL_4194a74a6167,TRAIN,TRAIN,CLUST_0.70_00005,LATE
CANONICAL_419d37d0929c,TRAIN,VALIDATION,CLUST_0.70_00065,LATE
CANONICAL_419f59ed5811,TRAIN,TRAIN,CLUST_0.70_00005,LATE
CANONICAL_41a0ee2fe813,TEST,TRAIN,CLUST_0.70_00008,IMMEDIATE_EARLY
CANONICAL_41a954f5c91b,TRAIN,TEST,CLUST_0.70_00052,LATE
CANONICAL_41ab1651dbba,TRAIN,TRAIN,CLUST_0.70_00008,LATE
CANONICAL_41ad40790f10,TRAIN,VALIDATION,CLUST_0.70_00064,LATE
CANONICAL_41aebb9aa1d7,TEST,VALIDATION,CLUST_0.70_00006,IMMEDIATE_EARLY
CANONICAL_41b794a8c476,TRAIN,TRAIN,CLUST_0.70_00005,EARLY
CANONICAL_41bbbf43575a,VALIDATION,TRAIN,CLUST_0.70_00005,LATE
CANONICAL_41bca88410d1,VALIDATION,TEST,CLUST_0.70_00037,LATE
CANONICAL_41bd983fd130,VALIDATION,TRAIN,CLUST_0.70_00005,EARLY
CANONICAL_41be4dd7ae5f,TEST,TRAIN,CLUST_0.70_00005,EARLY
CANONICAL_41c11e734037,VALIDATION,TEST,CLUST_0.70_00001,LATE
CANONICAL_41c3704314f0,TRAIN,VALIDATION,CLUST_0.70_00017,LATE
CANONICAL_41c38d7836ef,TEST,TRAIN,CLUST_0.70_00005,EARLY
CANONICAL_41c7674f52cd,TRAIN,TRAIN,CLUST_0.70_00005,LATE
CANONICAL_41ce0399a743,TRAIN,TRAIN,CLUST_0.70_00008,LATE
CANONICAL_41ceae03d55e,TRAIN,TRAIN,CLUST_0.70_00005,LATE
CANONICAL_41d1926ab55e,TRAIN,TRAIN,CLUST_0.70_00007,LATE
CANONICAL_41d411944337,TRAIN,TRAIN,CLUST_0.70_00005,LATE
CANONICAL_41d5fbb5fd81,TRAIN,TEST,CLUST_0.70_00015,LATE
CANONICAL_41d7a87b826c,TRAIN,TRAIN,CLUST_0.70_00005,EARLY
CANONICAL_41e115767a12,VALIDATION,TRAIN,CLUST_0.70_00005,LATE
CANONICAL_41e13d1429cd,TRAIN,TRAIN,CLUST_0.70_00005,LATE
CANONICAL_41e5fc886a2d,TRAIN,VALIDATION,CLUST_0.70_00026,IMMEDIATE_EARLY
CANONICAL_41e6187c40f2,TRAIN,TRAIN,CLUST_0.70_00005,EARLY
CANONICAL_41ea8340ec37,TRAIN,TRAIN,CLUST_0.70_00005,EARLY
CANONICAL_41ed1f160f51,TEST,TEST,CLUST_0.70_00001,LATE
CANONICAL_41f516e8c8c5,TEST,VALIDATION,CLUST_0.70_00029,LATE
CANONICAL_41ff174d8b67,TRAIN,TEST,CLUST_0.70_00004,IMMEDIATE_EARLY
CANONICAL_420ce4f85639,TRAIN,TRAIN,CLUST_0.70_00007,LATE
CANONICAL_4215222aff7e,TEST,TEST,CLUST_0.70_00001,LATE
CANONICAL_421b89dce3bf,TRAIN,TRAIN,CLUST_0.70_00033,IMMEDIATE_EARLY
CANONICAL_421e1f660c1f,TRAIN,TEST,CLUST_0.70_00080,LATE
CANONICAL_422104cfc808,TRAIN,VALIDATION,CLUST_0.70_00006,IMMEDIATE_EARLY
CANONICAL_4222049915bb,TRAIN,VALIDATION,CLUST_0.70_00055,LATE
CANONICAL_422bed89a0b0,TRAIN,TRAIN,CLUST_0.70_00005,EARLY
CANONICAL_422d20a9f74a,VALIDATION,VALIDATION,CLUST_0.70_00025,LATE
CANONICAL_423160b1e998,VALIDATION,TRAIN,CLUST_0.70_00005,EARLY
CANONICAL_4235185f3bf0,TEST,TEST,CLUST_0.70_00001,LATE
CANONICAL_4237e855f1c0,TRAIN,TEST,CLUST_0.70_00015,LATE
CANONICAL_423fa5cc26bf,TRAIN,TEST,CLUST_0.70_00020,LATE
CANONICAL_424a05051b2b,TRAIN,TRAIN,CLUST_0.70_00007,LATE
CANONICAL_424aacff5d35,TRAIN,TRAIN,CLUST_0.70_00008,LATE
CANONICAL_424ac1e91004,TEST,TRAIN,CLUST_0.70_00008,LATE
CANONICAL_42542d916d8f,TRAIN,TRAIN,CLUST_0.70_00007,LATE
CANONICAL_4255005e7d38,TRAIN,TRAIN,CLUST_0.70_00005,EARLY
CANONICAL_4258f7ec2f46,TRAIN,TEST,CLUST_0.70_00001,LATE
CANONICAL_425f390e0677,TEST,TEST,CLUST_0.70_00020,LATE
CANONICAL_4262db4275cc,TRAIN,TEST,CLUST_0.70_00001,LATE
CANONICAL_426567bd43bf,TEST,VALIDATION,CLUST_0.70_00038,LATE
CANONICAL_42670b55c063,TRAIN,TRAIN,CLUST_0.70_00164,LATE
CANONICAL_4269bde55da2,TEST,TRAIN,CLUST_0.70_00183,EARLY
CANONICAL_427c8563e109,TRAIN,TRAIN,CLUST_0.70_00005,LATE
CANONICAL_42825790469f,TRAIN,TEST,CLUST_0.70_00030,EARLY
CANONICAL_4283424f57b1,TRAIN,TRAIN,CLUST_0.70_00008,LATE
CANONICAL_4284c35d0090,TRAIN,TRAIN,CLUST_0.70_00008,LATE
CANONICAL_42887f4f81e3,VALIDATION,VALIDATION,CLUST_0.70_00127,LATE
CANONICAL_4291b59f9ddf,VALIDATION,TRAIN,CLUST_0.70_00005,EARLY
CANONICAL_429403e30522,TRAIN,TEST,CLUST_0.70_00052,LATE
CANONICAL_429643d6de28,TRAIN,TEST,CLUST_0.70_00080,LATE
CANONICAL_42966f34bfec,TEST,TEST,CLUST_0.70_00001,LATE
CANONICAL_42995d595db2,TRAIN,TEST,CLUST_0.70_00001,LATE
CANONICAL_429b1b204e35,VALIDATION,TRAIN,CLUST_0.70_00005,EARLY
CANONICAL_42a241f0721a,TRAIN,VALIDATION,CLUST_0.70_00006,IMMEDIATE_EARLY
CANONICAL_42a279a70aca,TRAIN,TEST,CLUST_0.70_00004,IMMEDIATE_EARLY
CANONICAL_42a3570969cc,TRAIN,TRAIN,CLUST_0.70_00005,EARLY
CANONICAL_42a4739e9f87,TRAIN,TRAIN,CLUST_0.70_00005,EARLY
CANONICAL_42a9dd02e7fb,VALIDATION,TEST,CLUST_0.70_00030,LATE
CANONICAL_42aedb83ce95,TRAIN,TRAIN,CLUST_0.70_00005,EARLY
CANONICAL_42b8e8af9cd9,TRAIN,VALIDATION,CLUST_0.70_00026,IMMEDIATE_EARLY
CANONICAL_42bb91770a5f,VALIDATION,TRAIN,CLUST_0.70_00062,LATE
CANONICAL_42bdb26cf295,TRAIN,TRAIN,CLUST_0.70_00007,IMMEDIATE_EARLY
CANONICAL_42be3a110fcc,VALIDATION,VALIDATION,CLUST_0.70_00040,EARLY
CANONICAL_42c00ecd0e2e,TRAIN,TRAIN,CLUST_0.70_00005,LATE
CANONICAL_42c48ee1e39f,TRAIN,TRAIN,CLUST_0.70_00005,LATE
CANONICAL_42c4b85a2a41,TRAIN,VALIDATION,CLUST_0.70_00040,EARLY
CANONICAL_42c4d9928768,TEST,TRAIN,CLUST_0.70_00005,LATE
CANONICAL_42c5b206470a,TRAIN,TRAIN,CLUST_0.70_00007,LATE
CANONICAL_42c5db29a6bc,TRAIN,TRAIN,CLUST_0.70_00007,EARLY
CANONICAL_42cb3e21f427,TRAIN,TRAIN,CLUST_0.70_00005,LATE
CANONICAL_42cb42097bd2,VALIDATION,TRAIN,CLUST_0.70_00005,LATE
CANONICAL_42ce9121a50c,TRAIN,VALIDATION,CLUST_0.70_00038,LATE
CANONICAL_42d5a3ad5565,VALIDATION,VALIDATION,CLUST_0.70_00055,LATE
CANONICAL_42dbca5c61fa,TRAIN,VALIDATION,CLUST_0.70_00026,IMMEDIATE_EARLY
CANONICAL_42e1be988430,TEST,TRAIN,CLUST_0.70_00005,EARLY
CANONICAL_42e2e7d18696,TEST,TRAIN,CLUST_0.70_00227,LATE
CANONICAL_42e4362a5253,TRAIN,TRAIN,CLUST_0.70_00109,LATE
CANONICAL_42e53d714651,TRAIN,TRAIN,CLUST_0.70_00062,LATE
CANONICAL_42ea05ca5fbf,TRAIN,TEST,CLUST_0.70_00001,LATE
CANONICAL_42f07de6acc2,TRAIN,TRAIN,CLUST_0.70_00066,IMMEDIATE_EARLY
CANONICAL_42f26555d747,TRAIN,TEST,CLUST_0.70_00030,EARLY
CANONICAL_42f9e1ec780c,TRAIN,VALIDATION,CLUST_0.70_00127,LATE
CANONICAL_43084050e8a0,TRAIN,TEST,CLUST_0.70_00052,LATE
CANONICAL_4310fcc575ef,VALIDATION,TRAIN,CLUST_0.70_00007,LATE
CANONICAL_43138a624b73,TRAIN,TRAIN,CLUST_0.70_00005,EARLY
CANONICAL_4314e9b7a404,TRAIN,TRAIN,CLUST_0.70_00007,EARLY
CANONICAL_4317c3368172,TRAIN,TRAIN,CLUST_0.70_00098,LATE
CANONICAL_431c06aa758a,TRAIN,TRAIN,CLUST_0.70_00005,EARLY
CANONICAL_431c1d91b21c,TEST,VALIDATION,CLUST_0.70_00031,LATE
CANONICAL_4322ed97bf79,VALIDATION,TRAIN,CLUST_0.70_00008,LATE
CANONICAL_4328a798b08d,TRAIN,TEST,CLUST_0.70_00051,LATE
CANONICAL_4331c5b8b7cc,TRAIN,VALIDATION,CLUST_0.70_00064,LATE
CANONICAL_433349a2d468,TRAIN,TEST,CLUST_0.70_00030,EARLY
CANONICAL_433647ead789,TRAIN,TRAIN,CLUST_0.70_00005,LATE
CANONICAL_4336c7f70ccd,TRAIN,TRAIN,CLUST_0.70_00005,EARLY
CANONICAL_4338b0f58f9f,TEST,TRAIN,CLUST_0.70_00005,EARLY
CANONICAL_433ab494ca5a,TRAIN,TRAIN,CLUST_0.70_00007,EARLY
CANONICAL_433dbbf602df,TRAIN,VALIDATION,CLUST_0.70_00079,LATE
CANONICAL_433ee3186ee1,TRAIN,TRAIN,CLUST_0.70_00005,LATE
CANONICAL_43438fb108ca,TRAIN,TRAIN,CLUST_0.70_00005,LATE
CANONICAL_43462090e6a0,TRAIN,TRAIN,CLUST_0.70_00005,EARLY
CANONICAL_434704591370,TEST,VALIDATION,CLUST_0.70_00059,LATE
CANONICAL_4347921cfe27,VALIDATION,TRAIN,CLUST_0.70_00008,LATE
CANONICAL_4355fd578c76,TRAIN,TRAIN,CLUST_0.70_00005,EARLY
CANONICAL_4356ac68e44f,TRAIN,TRAIN,CLUST_0.70_00005,LATE
CANONICAL_435cd9e310a2,TEST,VALIDATION,CLUST_0.70_00025,LATE
CANONICAL_435de64b5b64,VALIDATION,TEST,CLUST_0.70_00030,EARLY
CANONICAL_4361d43862b1,TRAIN,VALIDATION,CLUST_0.70_00029,LATE
CANONICAL_436446364858,TEST,TRAIN,CLUST_0.70_00007,LATE
CANONICAL_436697329618,TRAIN,TRAIN,CLUST_0.70_00005,EARLY
CANONICAL_436a2b692f8d,TEST,TEST,CLUST_0.70_00015,LATE
CANONICAL_4372a70f1c0e,TEST,TRAIN,CLUST_0.70_00007,LATE
CANONICAL_4372f5437891,TEST,TEST,CLUST_0.70_00071,LATE
CANONICAL_4376b7fb8b91,TRAIN,TRAIN,CLUST_0.70_00007,LATE
CANONICAL_4378808de406,TRAIN,TRAIN,CLUST_0.70_00008,LATE
CANONICAL_437a32b43b8a,VALIDATION,TRAIN,CLUST_0.70_00005,LATE
CANONICAL_437ae447dace,TEST,TEST,CLUST_0.70_00030,EARLY
CANONICAL_437bccb694f8,TRAIN,VALIDATION,CLUST_0.70_00065,LATE
CANONICAL_437c807c5a8c,TRAIN,TRAIN,CLUST_0.70_00109,LATE
CANONICAL_437f452ad3f6,TRAIN,TRAIN,CLUST_0.70_00008,LATE
CANONICAL_438892e093b3,TRAIN,TRAIN,CLUST_0.70_00005,LATE
CANONICAL_438e6fca483e,TEST,TRAIN,CLUST_0.70_00062,LATE
CANONICAL_4391d62574f8,TRAIN,VALIDATION,CLUST_0.70_00064,LATE
CANONICAL_43935a940602,TRAIN,TRAIN,CLUST_0.70_00008,LATE
CANONICAL_439566f56c7d,TRAIN,TEST,CLUST_0.70_00001,LATE
CANONICAL_4396b523aedf,TRAIN,TRAIN,CLUST_0.70_00005,LATE
CANONICAL_439cbd336b1a,TRAIN,TRAIN,CLUST_0.70_00008,LATE
CANONICAL_43a93882be03,TRAIN,TRAIN,CLUST_0.70_00008,LATE
CANONICAL_43ab00add80b,VALIDATION,TEST,CLUST_0.70_00001,LATE
CANONICAL_43b4893190fd,TRAIN,TEST,CLUST_0.70_00004,IMMEDIATE_EARLY
CANONICAL_43bae5bb688f,TRAIN,TRAIN,CLUST_0.70_00007,LATE
CANONICAL_43bd0c6211d0,VALIDATION,TRAIN,CLUST_0.70_00147,IMMEDIATE_EARLY
CANONICAL_43bde3c848d4,TRAIN,TRAIN,CLUST_0.70_00008,LATE
CANONICAL_43c02b86a34f,TRAIN,TRAIN,CLUST_0.70_00042,LATE
CANONICAL_43c156a4c54e,TRAIN,VALIDATION,CLUST_0.70_00040,EARLY
CANONICAL_43c19659e405,TRAIN,VALIDATION,CLUST_0.70_00038,LATE
CANONICAL_43c6ab75caac,TRAIN,TRAIN,CLUST_0.70_00007,EARLY
CANONICAL_43c7056f83ee,TRAIN,TRAIN,CLUST_0.70_00005,EARLY
CANONICAL_43c78e430cd6,TRAIN,TRAIN,CLUST_0.70_00005,EARLY
CANONICAL_43d428ae60aa,TRAIN,TRAIN,CLUST_0.70_00005,EARLY
CANONICAL_43d6540aa214,TEST,VALIDATION,CLUST_0.70_00006,IMMEDIATE_EARLY
CANONICAL_43d9df522421,TRAIN,TRAIN,CLUST_0.70_00005,EARLY
CANONICAL_43e068068713,TRAIN,TRAIN,CLUST_0.70_00047,LATE
CANONICAL_43e6e3bc194a,TEST,TRAIN,CLUST_0.70_00005,LATE
CANONICAL_43efb462736b,TRAIN,TEST,CLUST_0.70_00080,LATE
CANONICAL_43f267c8843a,TEST,TRAIN,CLUST_0.70_00005,LATE
CANONICAL_43feade9e252,TRAIN,TRAIN,CLUST_0.70_00007,EARLY
CANONICAL_4401bd976089,TRAIN,VALIDATION,CLUST_0.70_00086,LATE
CANONICAL_4404d1c9a271,TRAIN,TEST,CLUST_0.70_00001,LATE
CANONICAL_44056cabc9dd,TRAIN,TRAIN,CLUST_0.70_00005,LATE
CANONICAL_440cb8a6ccf0,TEST,TRAIN,CLUST_0.70_00005,EARLY
CANONICAL_440da0ede337,TEST,VALIDATION,CLUST_0.70_00040,EARLY
CANONICAL_440dd52506bc,TRAIN,TRAIN,CLUST_0.70_00090,LATE
CANONICAL_440e162bed95,TRAIN,TRAIN,CLUST_0.70_00042,LATE
CANONICAL_440e54e98fb4,TRAIN,TRAIN,CLUST_0.70_00182,EARLY
CANONICAL_441253316b31,VALIDATION,TEST,CLUST_0.70_00020,LATE
CANONICAL_441a931f3ef9,VALIDATION,TRAIN,CLUST_0.70_00007,EARLY
CANONICAL_4420f9166d1f,VALIDATION,TRAIN,CLUST_0.70_00007,LATE
CANONICAL_44223f3583d0,TRAIN,VALIDATION,CLUST_0.70_00026,IMMEDIATE_EARLY
CANONICAL_4425fd119d59,VALIDATION,TRAIN,CLUST_0.70_00005,EARLY
CANONICAL_4426898b2b51,VALIDATION,TRAIN,CLUST_0.70_00008,LATE
CANONICAL_4428d7bb43b5,TRAIN,TEST,CLUST_0.70_00015,LATE
CANONICAL_442a8c0c9183,TRAIN,TRAIN,CLUST_0.70_00005,EARLY
CANONICAL_44313654e327,TRAIN,TEST,CLUST_0.70_00080,LATE
CANONICAL_443246156f2c,VALIDATION,TEST,CLUST_0.70_00030,EARLY
CANONICAL_4435a0a2aec1,VALIDATION,TRAIN,CLUST_0.70_00005,LATE
CANONICAL_4435cac7079c,TRAIN,TRAIN,CLUST_0.70_00008,IMMEDIATE_EARLY
CANONICAL_443ba468c319,TEST,TRAIN,CLUST_0.70_00147,IMMEDIATE_EARLY
CANONICAL_443c9b23da86,VALIDATION,TRAIN,CLUST_0.70_00007,EARLY
CANONICAL_443ed000ede1,VALIDATION,TRAIN,CLUST_0.70_00008,LATE
CANONICAL_4442f16852db,TRAIN,TEST,CLUST_0.70_00052,LATE
CANONICAL_4447dcb197eb,TRAIN,TRAIN,CLUST_0.70_00005,EARLY
CANONICAL_444f81082266,TRAIN,VALIDATION,CLUST_0.70_00029,LATE
CANONICAL_445a74f6c51f,VALIDATION,TRAIN,CLUST_0.70_00008,LATE
CANONICAL_445c90e8083b,TRAIN,VALIDATION,CLUST_0.70_00006,LATE
CANONICAL_445e202c3593,TRAIN,TRAIN,CLUST_0.70_00005,LATE
CANONICAL_445e75810528,TRAIN,TEST,CLUST_0.70_00037,LATE
CANONICAL_446071b2ddd8,TRAIN,TRAIN,CLUST_0.70_00005,EARLY
CANONICAL_446cae6134ad,TRAIN,TEST,CLUST_0.70_00004,IMMEDIATE_EARLY
CANONICAL_446f46d5ca0d,TEST,TRAIN,CLUST_0.70_00005,EARLY
CANONICAL_4472ea9ef783,VALIDATION,TRAIN,CLUST_0.70_00047,LATE
CANONICAL_4479604a6101,TRAIN,TEST,CLUST_0.70_00071,LATE
CANONICAL_447c43c1fd06,TRAIN,TRAIN,CLUST_0.70_00005,LATE
CANONICAL_44824754d07a,VALIDATION,TRAIN,CLUST_0.70_00008,LATE
CANONICAL_4483a10b293c,TEST,TRAIN,CLUST_0.70_00005,LATE
CANONICAL_4483e23c5ca2,TRAIN,TRAIN,CLUST_0.70_00147,IMMEDIATE_EARLY
CANONICAL_4486613800e9,TRAIN,VALIDATION,CLUST_0.70_00026,IMMEDIATE_EARLY
CANONICAL_448d94dfa871,TRAIN,TEST,CLUST_0.70_00015,LATE
CANONICAL_44915464b69c,VALIDATION,TRAIN,CLUST_0.70_00131,LATE
CANONICAL_4493db8ac7a9,TRAIN,TRAIN,CLUST_0.70_00008,LATE
CANONICAL_449a0b180614,TRAIN,TRAIN,CLUST_0.70_00109,LATE
CANONICAL_449f8604e267,TRAIN,VALIDATION,CLUST_0.70_00064,LATE
CANONICAL_44a2fdaf19a4,TRAIN,VALIDATION,CLUST_0.70_00031,LATE
CANONICAL_44a3e808ed0a,TEST,TRAIN,CLUST_0.70_00005,LATE
CANONICAL_44ac66e76c1f,TRAIN,TRAIN,CLUST_0.70_00007,EARLY
CANONICAL_44b3f3061339,TRAIN,VALIDATION,CLUST_0.70_00169,LATE
CANONICAL_44bab0df04bc,TRAIN,VALIDATION,CLUST_0.70_00038,LATE
CANONICAL_44bb730dc7e5,TRAIN,TRAIN,CLUST_0.70_00032,LATE
CANONICAL_44bc85da58f7,TRAIN,TEST,CLUST_0.70_00020,LATE
CANONICAL_44c3b24894a0,TEST,TRAIN,CLUST_0.70_00008,LATE
CANONICAL_44c44afded03,TRAIN,VALIDATION,CLUST_0.70_00025,LATE
CANONICAL_44c812e325e9,TEST,TRAIN,CLUST_0.70_00007,LATE
CANONICAL_44cea83e6cde,TRAIN,TRAIN,CLUST_0.70_00005,EARLY
CANONICAL_44d072f3fa25,TRAIN,TRAIN,CLUST_0.70_00005,LATE
CANONICAL_44d4376c3be5,TRAIN,TEST,CLUST_0.70_00018,LATE
CANONICAL_44dd018c77af,TRAIN,TRAIN,CLUST_0.70_00005,EARLY
CANONICAL_44dd1b22c113,TRAIN,TEST,CLUST_0.70_00030,EARLY
CANONICAL_44ded096d52a,TRAIN,TRAIN,CLUST_0.70_00008,EARLY
CANONICAL_44e1daea840c,TRAIN,TRAIN,CLUST_0.70_00005,LATE
CANONICAL_44e53d255039,TRAIN,TEST,CLUST_0.70_00018,LATE
CANONICAL_44e85120cb75,TRAIN,VALIDATION,CLUST_0.70_00038,LATE
CANONICAL_44ecb0da818c,VALIDATION,TRAIN,CLUST_0.70_00005,LATE
CANONICAL_44f0de60e7eb,TRAIN,VALIDATION,CLUST_0.70_00028,EARLY
CANONICAL_44fa2de1091a,TRAIN,TRAIN,CLUST_0.70_00005,LATE
CANONICAL_44fb80093dbf,TEST,TEST,CLUST_0.70_00020,LATE
CANONICAL_44fba9bcdfc0,TEST,TRAIN,CLUST_0.70_00005,LATE
CANONICAL_44fcb05f35b8,TRAIN,TRAIN,CLUST_0.70_00134,LATE
CANONICAL_44fce2e24601,TRAIN,TRAIN,CLUST_0.70_00008,LATE
CANONICAL_45051ed56983,TRAIN,TRAIN,CLUST_0.70_00008,LATE
CANONICAL_450aa7d0d87d,TRAIN,TRAIN,CLUST_0.70_00008,LATE
CANONICAL_4511a69670d2,TRAIN,TRAIN,CLUST_0.70_00008,LATE
CANONICAL_45129d066a16,TRAIN,VALIDATION,CLUST_0.70_00029,LATE
CANONICAL_451d8b2a17fb,TRAIN,TEST,CLUST_0.70_00001,LATE
CANONICAL_4520f6aceb38,TRAIN,TRAIN,CLUST_0.70_00008,LATE
CANONICAL_452e4823e65a,TEST,TEST,CLUST_0.70_00018,LATE
CANONICAL_4531b8147191,TEST,VALIDATION,CLUST_0.70_00040,EARLY
CANONICAL_453457edf9e0,TEST,TRAIN,CLUST_0.70_00005,EARLY
CANONICAL_453b227e0f06,TEST,TEST,CLUST_0.70_00080,LATE
CANONICAL_453b4a3fba92,TRAIN,TEST,CLUST_0.70_00001,LATE
CANONICAL_453d534aad93,TRAIN,TEST,CLUST_0.70_00030,EARLY
CANONICAL_4540333b9788,VALIDATION,TRAIN,CLUST_0.70_00091,LATE
CANONICAL_4542091adf67,TRAIN,TEST,CLUST_0.70_00052,LATE
CANONICAL_4542e2aac939,TRAIN,TRAIN,CLUST_0.70_00062,LATE
CANONICAL_4547a0ff0f3c,VALIDATION,TRAIN,CLUST_0.70_00005,EARLY
CANONICAL_45492e339790,TRAIN,TEST,CLUST_0.70_00030,EARLY
CANONICAL_45493abb65e0,TEST,TRAIN,CLUST_0.70_00005,EARLY
CANONICAL_45513b36336d,TEST,VALIDATION,CLUST_0.70_00036,EARLY
CANONICAL_45514b5f07de,TRAIN,TEST,CLUST_0.70_00001,LATE
CANONICAL_45549b1d8ea3,TRAIN,TRAIN,CLUST_0.70_00005,EARLY
CANONICAL_45595b0f6b3d,TRAIN,TRAIN,CLUST_0.70_00091,LATE
CANONICAL_455d4907541d,TRAIN,VALIDATION,CLUST_0.70_00026,IMMEDIATE_EARLY
CANONICAL_45614cccc13b,TRAIN,TEST,CLUST_0.70_00052,LATE
CANONICAL_4561d8205b42,TRAIN,TRAIN,CLUST_0.70_00005,EARLY
CANONICAL_456592796f60,TRAIN,TRAIN,CLUST_0.70_00008,LATE
CANONICAL_45687d38e500,TRAIN,TRAIN,CLUST_0.70_00279,LATE
CANONICAL_45775ed0d01c,TRAIN,TEST,CLUST_0.70_00037,LATE
CANONICAL_4577832b4f36,TRAIN,TRAIN,CLUST_0.70_00008,LATE
CANONICAL_457e0fa8f24f,TRAIN,TRAIN,CLUST_0.70_00007,LATE
CANONICAL_458a5590b17d,TRAIN,TRAIN,CLUST_0.70_00008,LATE
CANONICAL_458be084f74f,TRAIN,VALIDATION,CLUST_0.70_00055,LATE
CANONICAL_45906262ea93,TRAIN,TEST,CLUST_0.70_00001,LATE
CANONICAL_4595ff324121,TRAIN,TEST,CLUST_0.70_00020,LATE
CANONICAL_45975911bf1b,TRAIN,TEST,CLUST_0.70_00018,LATE
CANONICAL_45a1da75a53c,TRAIN,TRAIN,CLUST_0.70_00005,LATE
CANONICAL_45a1e88d8351,TRAIN,TRAIN,CLUST_0.70_00005,EARLY
CANONICAL_45a45598f812,TEST,VALIDATION,CLUST_0.70_00038,LATE
CANONICAL_45a5c4cbb5f9,TRAIN,TRAIN,CLUST_0.70_00005,EARLY
CANONICAL_45a5e06d7346,TRAIN,VALIDATION,CLUST_0.70_00006,IMMEDIATE_EARLY
CANONICAL_45a7c0485b5e,TRAIN,TEST,CLUST_0.70_00080,LATE
CANONICAL_45a7f03c44cf,TRAIN,TRAIN,CLUST_0.70_00005,LATE
CANONICAL_45a9597f4f62,TRAIN,TRAIN,CLUST_0.70_00005,EARLY
CANONICAL_45aa874ce2bc,TRAIN,TRAIN,CLUST_0.70_00005,EARLY
CANONICAL_45aa97460e40,TRAIN,TRAIN,CLUST_0.70_00007,EARLY
CANONICAL_45bd04f70198,TRAIN,TRAIN,CLUST_0.70_00005,EARLY
CANONICAL_45be3f7a8186,TRAIN,TEST,CLUST_0.70_00018,LATE
CANONICAL_45c2dcb2385d,TRAIN,TEST,CLUST_0.70_00020,LATE
CANONICAL_45d09e896bb3,VALIDATION,VALIDATION,CLUST_0.70_00026,IMMEDIATE_EARLY
CANONICAL_45d2bb177057,TEST,TEST,CLUST_0.70_00018,LATE
CANONICAL_45d42ece8e30,TRAIN,VALIDATION,CLUST_0.70_00059,LATE
CANONICAL_45d7ebab7caa,TRAIN,TRAIN,CLUST_0.70_00008,LATE
CANONICAL_45d9095d11d6,TRAIN,TEST,CLUST_0.70_00030,EARLY
CANONICAL_45d9618bcab8,TEST,TRAIN,CLUST_0.70_00021,EARLY
CANONICAL_45db642e9c8e,TRAIN,TRAIN,CLUST_0.70_00008,LATE
CANONICAL_45e0583e09eb,TRAIN,VALIDATION,CLUST_0.70_00010,LATE
CANONICAL_45e0af20b664,TRAIN,TRAIN,CLUST_0.70_00005,LATE
CANONICAL_45e25cb04ae2,VALIDATION,VALIDATION,CLUST_0.70_00006,IMMEDIATE_EARLY
CANONICAL_45e4a44d8327,TRAIN,TRAIN,CLUST_0.70_00397,IMMEDIATE_EARLY
CANONICAL_45f1f7bc2a8a,TRAIN,VALIDATION,CLUST_0.70_00058,LATE
CANONICAL_45f431724be3,TRAIN,TRAIN,CLUST_0.70_00008,LATE
CANONICAL_45f72bbe4b3f,VALIDATION,TRAIN,CLUST_0.70_00005,LATE
CANONICAL_45fc9e105ae3,TRAIN,VALIDATION,CLUST_0.70_00040,EARLY
CANONICAL_45ffa623c7f0,TRAIN,TRAIN,CLUST_0.70_00056,LATE
CANONICAL_460ac2da3edc,TRAIN,TEST,CLUST_0.70_00015,LATE
CANONICAL_460c058f1108,VALIDATION,TRAIN,CLUST_0.70_00007,LATE
CANONICAL_46119776bdc8,TRAIN,TRAIN,CLUST_0.70_00005,LATE
CANONICAL_461b916a3052,TRAIN,TRAIN,CLUST_0.70_00007,EARLY
CANONICAL_461c3af885b6,TEST,TRAIN,CLUST_0.70_00238,LATE
CANONICAL_461d146d1614,TRAIN,TRAIN,CLUST_0.70_00005,EARLY
CANONICAL_461d53377986,TRAIN,TRAIN,CLUST_0.70_00005,LATE
CANONICAL_461e92340d89,TRAIN,TRAIN,CLUST_0.70_00008,LATE
CANONICAL_461f130ef30f,TRAIN,TEST,CLUST_0.70_00015,LATE
CANONICAL_46209c53d454,VALIDATION,TRAIN,CLUST_0.70_00005,LATE
CANONICAL_4622a7e7d1c3,TRAIN,TRAIN,CLUST_0.70_00005,LATE
CANONICAL_462424c70ac2,TRAIN,TEST,CLUST_0.70_00030,EARLY
CANONICAL_4625f09620f6,TRAIN,TRAIN,CLUST_0.70_00024,LATE
CANONICAL_4626c62a571b,TRAIN,TRAIN,CLUST_0.70_00005,LATE
CANONICAL_46301aeeef9d,TRAIN,TRAIN,CLUST_0.70_00008,LATE
CANONICAL_4632dfbb35e7,VALIDATION,TRAIN,CLUST_0.70_00197,IMMEDIATE_EARLY
CANONICAL_4633648d3760,VALIDATION,TRAIN,CLUST_0.70_00102,LATE
CANONICAL_463bb03ce1ca,TRAIN,TRAIN,CLUST_0.70_00005,EARLY
CANONICAL_46425e8ed22f,TRAIN,TEST,CLUST_0.70_00018,LATE
CANONICAL_46487babb33e,TRAIN,TRAIN,CLUST_0.70_00002,LATE
CANONICAL_464bbd20d750,TRAIN,TRAIN,CLUST_0.70_00008,LATE
CANONICAL_465113967e9d,TRAIN,TRAIN,CLUST_0.70_00007,LATE
CANONICAL_465707cee4cb,TRAIN,TEST,CLUST_0.70_00004,IMMEDIATE_EARLY
CANONICAL_465963062ec2,VALIDATION,VALIDATION,CLUST_0.70_00079,LATE
CANONICAL_465b12aeab57,VALIDATION,VALIDATION,CLUST_0.70_00127,LATE
CANONICAL_465c2ab1888b,TRAIN,TRAIN,CLUST_0.70_00005,EARLY
CANONICAL_465cea80ce60,TRAIN,TEST,CLUST_0.70_00018,LATE
CANONICAL_465d8150e119,TRAIN,TRAIN,CLUST_0.70_00008,LATE
CANONICAL_465e50bfe254,TRAIN,TRAIN,CLUST_0.70_00005,LATE
CANONICAL_466fd006463d,TRAIN,TRAIN,CLUST_0.70_00005,LATE
CANONICAL_4673eca2db49,TRAIN,VALIDATION,CLUST_0.70_00041,EARLY
CANONICAL_467b6d492096,TRAIN,TEST,CLUST_0.70_00020,LATE
CANONICAL_467cca9d1d2a,VALIDATION,TRAIN,CLUST_0.70_00005,LATE
CANONICAL_467e9eec25e3,TRAIN,VALIDATION,CLUST_0.70_00059,LATE
CANONICAL_46826a65edbb,TRAIN,TRAIN,CLUST_0.70_00007,LATE
CANONICAL_46838e2ad662,TEST,TRAIN,CLUST_0.70_00007,LATE
CANONICAL_46845fbe8c38,TRAIN,TRAIN,CLUST_0.70_00213,LATE
CANONICAL_4687a2cc1344,TEST,TRAIN,CLUST_0.70_00005,LATE
CANONICAL_468db9f3ff42,TEST,TRAIN,CLUST_0.70_00164,LATE
CANONICAL_468f625ec7f0,TEST,VALIDATION,CLUST_0.70_00031,LATE
CANONICAL_4690e0acf8de,TRAIN,TRAIN,CLUST_0.70_00109,LATE
CANONICAL_469b240a01f8,TRAIN,TRAIN,CLUST_0.70_00005,LATE
CANONICAL_469b6f8febf8,TRAIN,TRAIN,CLUST_0.70_00047,LATE
CANONICAL_46a59a74bcd3,TEST,TEST,CLUST_0.70_00051,LATE
CANONICAL_46a976684ec8,TRAIN,TRAIN,CLUST_0.70_00008,LATE
CANONICAL_46aa432b13b0,TRAIN,TRAIN,CLUST_0.70_00005,EARLY
CANONICAL_46abc8903f57,TRAIN,TRAIN,CLUST_0.70_00075,LATE
CANONICAL_46af5454e611,TRAIN,TRAIN,CLUST_0.70_00008,LATE
CANONICAL_46af6063b305,TRAIN,TRAIN,CLUST_0.70_00007,LATE
CANONICAL_46afb9786224,TRAIN,VALIDATION,CLUST_0.70_00058,LATE
CANONICAL_46b211988086,TRAIN,VALIDATION,CLUST_0.70_00026,IMMEDIATE_EARLY
CANONICAL_46b52041c7ac,VALIDATION,TEST,CLUST_0.70_00030,EARLY
CANONICAL_46b70fe61545,VALIDATION,VALIDATION,CLUST_0.70_00169,LATE
CANONICAL_46b71a31d3df,TEST,VALIDATION,CLUST_0.70_00025,LATE
CANONICAL_46b8dc338d42,TRAIN,TRAIN,CLUST_0.70_00005,EARLY
CANONICAL_46bc9f2e1634,TRAIN,TRAIN,CLUST_0.70_00231,IMMEDIATE_EARLY
CANONICAL_46be7a4eb2fb,TRAIN,TRAIN,CLUST_0.70_00005,EARLY
CANONICAL_46c165cd4da9,TRAIN,TRAIN,CLUST_0.70_00007,LATE
CANONICAL_46c9c0229d58,TRAIN,TRAIN,CLUST_0.70_00008,LATE
CANONICAL_46d416261161,TRAIN,TRAIN,CLUST_0.70_00005,LATE
CANONICAL_46de5f3a9b8c,TRAIN,VALIDATION,CLUST_0.70_00086,LATE
CANONICAL_46dffe5b74f1,TRAIN,TRAIN,CLUST_0.70_00008,LATE
CANONICAL_46e11cba3da4,TRAIN,TRAIN,CLUST_0.70_00047,LATE
CANONICAL_46e541984a00,TEST,TEST,CLUST_0.70_00004,IMMEDIATE_EARLY
CANONICAL_46ea55d250f2,TRAIN,TEST,CLUST_0.70_00080,LATE
CANONICAL_46f344b6a1a1,TRAIN,TRAIN,CLUST_0.70_00227,LATE
CANONICAL_46f4119e1f30,TRAIN,TRAIN,CLUST_0.70_00230,LATE
CANONICAL_46f508f58048,TRAIN,TRAIN,CLUST_0.70_00005,LATE
CANONICAL_46f5cc91b12a,TEST,VALIDATION,CLUST_0.70_00026,IMMEDIATE_EARLY
CANONICAL_46f8b7328b16,TRAIN,TEST,CLUST_0.70_00052,LATE
CANONICAL_46fbd477e714,TRAIN,TRAIN,CLUST_0.70_00005,EARLY
CANONICAL_4702a62a607c,TRAIN,TEST,CLUST_0.70_00004,IMMEDIATE_EARLY
CANONICAL_470303b3917f,TRAIN,TRAIN,CLUST_0.70_00007,LATE
CANONICAL_470911387693,TRAIN,VALIDATION,CLUST_0.70_00029,LATE
CANONICAL_471146eb0a1d,TRAIN,VALIDATION,CLUST_0.70_00036,EARLY
CANONICAL_471d42d2f9e4,VALIDATION,VALIDATION,CLUST_0.70_00038,LATE
CANONICAL_47201848c88f,TRAIN,TRAIN,CLUST_0.70_00007,LATE
CANONICAL_4727df479717,TRAIN,TRAIN,CLUST_0.70_00008,LATE
CANONICAL_472903a179a8,TRAIN,TEST,CLUST_0.70_00018,EARLY
CANONICAL_472d5a35fe53,TRAIN,TRAIN,CLUST_0.70_00263,EARLY
CANONICAL_473541edfc9a,TRAIN,TRAIN,CLUST_0.70_00136,LATE
CANONICAL_47354f471329,TRAIN,TEST,CLUST_0.70_00030,EARLY
CANONICAL_4740d3fc0a14,TEST,TRAIN,CLUST_0.70_00007,LATE
CANONICAL_47417eb1eef7,TRAIN,TEST,CLUST_0.70_00004,IMMEDIATE_EARLY
CANONICAL_4745df93bbcf,TRAIN,VALIDATION,CLUST_0.70_00031,LATE
CANONICAL_4746b2ba3f6a,TRAIN,TRAIN,CLUST_0.70_00007,LATE
CANONICAL_47478bc3535c,TRAIN,TRAIN,CLUST_0.70_00005,EARLY
CANONICAL_4755f9719d95,VALIDATION,TRAIN,CLUST_0.70_00008,LATE
CANONICAL_475831306463,TRAIN,VALIDATION,CLUST_0.70_00017,LATE
CANONICAL_47599dc08e02,TRAIN,TRAIN,CLUST_0.70_00007,LATE
CANONICAL_475b3bbd3859,TRAIN,TRAIN,CLUST_0.70_00005,LATE
CANONICAL_476305cba822,TEST,TRAIN,CLUST_0.70_00105,LATE
CANONICAL_476489dcfddb,TRAIN,TRAIN,CLUST_0.70_00005,EARLY
CANONICAL_4769c25dd66e,TRAIN,TRAIN,CLUST_0.70_00005,EARLY
CANONICAL_47717fdc9194,TEST,TRAIN,CLUST_0.70_00005,LATE
CANONICAL_477951fb45d5,TRAIN,TRAIN,CLUST_0.70_00005,EARLY
CANONICAL_477b7edfdd59,VALIDATION,TRAIN,CLUST_0.70_00005,LATE
CANONICAL_478182ebc143,TRAIN,VALIDATION,CLUST_0.70_00026,IMMEDIATE_EARLY
CANONICAL_478924df3cd7,VALIDATION,TRAIN,CLUST_0.70_00147,IMMEDIATE_EARLY
CANONICAL_478dab0a44e0,TEST,TRAIN,CLUST_0.70_00399,LATE
CANONICAL_478dcc541353,VALIDATION,TEST,CLUST_0.70_00018,LATE
CANONICAL_479075b3631c,TRAIN,TRAIN,CLUST_0.70_00008,LATE
CANONICAL_4792150ff140,VALIDATION,VALIDATION,CLUST_0.70_00106,LATE
CANONICAL_47959e161260,TRAIN,TEST,CLUST_0.70_00030,EARLY
CANONICAL_4795fc84569f,TRAIN,TRAIN,CLUST_0.70_00005,EARLY
CANONICAL_4798e4b97585,TRAIN,TEST,CLUST_0.70_00001,LATE
CANONICAL_479a472be7f8,TEST,TRAIN,CLUST_0.70_00005,LATE
CANONICAL_479e79165bc3,TRAIN,TRAIN,CLUST_0.70_00008,LATE
CANONICAL_479f996c2841,TRAIN,TRAIN,CLUST_0.70_00008,LATE
CANONICAL_47a20f74efbe,TRAIN,VALIDATION,CLUST_0.70_00086,LATE
CANONICAL_47a8515f1b48,TRAIN,TRAIN,CLUST_0.70_00008,LATE
CANONICAL_47ad27aa01bb,TRAIN,VALIDATION,CLUST_0.70_00026,IMMEDIATE_EARLY
CANONICAL_47b1934e3440,TRAIN,TRAIN,CLUST_0.70_00007,LATE
CANONICAL_47bb350819da,TRAIN,TEST,CLUST_0.70_00015,LATE
CANONICAL_47bc8a83c682,TEST,VALIDATION,CLUST_0.70_00028,EARLY
CANONICAL_47bd813bba72,TRAIN,TRAIN,CLUST_0.70_00005,LATE
CANONICAL_47bdf97d488a,TRAIN,TEST,CLUST_0.70_00052,LATE
CANONICAL_47c732006fd6,TRAIN,TRAIN,CLUST_0.70_00005,EARLY
CANONICAL_47cccfa8822e,TRAIN,TRAIN,CLUST_0.70_00007,EARLY
CANONICAL_47cfffc38dac,TEST,VALIDATION,CLUST_0.70_00025,LATE
CANONICAL_47d6d3aa4906,TRAIN,TRAIN,CLUST_0.70_00005,LATE
CANONICAL_47d70fdce4be,VALIDATION,TRAIN,CLUST_0.70_00005,EARLY
CANONICAL_47d7e16f74a7,TEST,VALIDATION,CLUST_0.70_00127,LATE
CANONICAL_47d944cd2680,TRAIN,TRAIN,CLUST_0.70_00223,LATE
CANONICAL_47dddf041f0d,TRAIN,TRAIN,CLUST_0.70_00005,LATE
CANONICAL_47de18af2c0e,TEST,TRAIN,CLUST_0.70_00005,EARLY
CANONICAL_47dfaab03397,TRAIN,TEST,CLUST_0.70_00004,IMMEDIATE_EARLY
CANONICAL_47e32dd9f00d,TRAIN,TRAIN,CLUST_0.70_00005,EARLY
CANONICAL_47f7f71ed047,TRAIN,TRAIN,CLUST_0.70_00005,LATE
CANONICAL_47f926d89a87,TRAIN,TRAIN,CLUST_0.70_00007,EARLY
CANONICAL_47fbffd9c205,TEST,TEST,CLUST_0.70_00001,LATE
CANONICAL_48004be4501f,VALIDATION,TRAIN,CLUST_0.70_00005,EARLY
CANONICAL_48009dd45045,VALIDATION,TEST,CLUST_0.70_00080,LATE
CANONICAL_48054817736b,TRAIN,VALIDATION,CLUST_0.70_00017,LATE
CANONICAL_480957ae3955,TRAIN,TEST,CLUST_0.70_00030,EARLY
CANONICAL_480c56a14220,TRAIN,TRAIN,CLUST_0.70_00007,LATE
CANONICAL_48180434d1f6,TRAIN,VALIDATION,CLUST_0.70_00058,LATE
CANONICAL_481e2433a496,TEST,TRAIN,CLUST_0.70_00002,LATE
CANONICAL_48262ffc2939,TRAIN,TRAIN,CLUST_0.70_00007,EARLY
CANONICAL_4827f588ae62,TEST,VALIDATION,CLUST_0.70_00006,IMMEDIATE_EARLY
CANONICAL_4828ff1a39d9,TEST,TRAIN,CLUST_0.70_00008,LATE
CANONICAL_482d215e8522,TEST,TRAIN,CLUST_0.70_00008,LATE
CANONICAL_483092cbfdc0,TRAIN,TRAIN,CLUST_0.70_00008,LATE
CANONICAL_483677697672,TEST,TRAIN,CLUST_0.70_00008,LATE
CANONICAL_4837ca86f95d,TRAIN,TEST,CLUST_0.70_00018,LATE
CANONICAL_483a12c2846a,TRAIN,VALIDATION,CLUST_0.70_00006,IMMEDIATE_EARLY
CANONICAL_483d0479cdcc,TRAIN,TEST,CLUST_0.70_00018,LATE
CANONICAL_4840bfc75c90,TRAIN,TRAIN,CLUST_0.70_00005,EARLY
CANONICAL_4841ffeeb3c9,TRAIN,TEST,CLUST_0.70_00004,IMMEDIATE_EARLY
CANONICAL_48448522a73a,TEST,TRAIN,CLUST_0.70_00035,EARLY
CANONICAL_48449ebc2ddb,TRAIN,TRAIN,CLUST_0.70_00090,LATE
CANONICAL_4845d6c9a89e,TRAIN,TRAIN,CLUST_0.70_00005,LATE
CANONICAL_484963beeab2,TEST,TEST,CLUST_0.70_00001,LATE
CANONICAL_48515bf402a5,TEST,TRAIN,CLUST_0.70_00008,LATE
CANONICAL_48565d827ae0,TRAIN,VALIDATION,CLUST_0.70_00025,LATE
CANONICAL_4856bfe46753,TEST,VALIDATION,CLUST_0.70_00025,LATE
CANONICAL_485a2605fe32,TRAIN,VALIDATION,CLUST_0.70_00041,EARLY
CANONICAL_4863b8264719,TRAIN,VALIDATION,CLUST_0.70_00029,LATE
CANONICAL_486967c8340a,TRAIN,VALIDATION,CLUST_0.70_00055,LATE
CANONICAL_486bb5323b82,TRAIN,VALIDATION,CLUST_0.70_00010,EARLY
CANONICAL_486d5788400c,TEST,TRAIN,CLUST_0.70_00062,LATE
CANONICAL_48738e0cdefb,TRAIN,TRAIN,CLUST_0.70_00097,LATE
CANONICAL_48765da7ee4d,TEST,TRAIN,CLUST_0.70_00005,EARLY
CANONICAL_487e73025db6,TRAIN,TRAIN,CLUST_0.70_00224,LATE
CANONICAL_488200c375d2,TRAIN,TRAIN,CLUST_0.70_00024,LATE
CANONICAL_488549462f97,TRAIN,TRAIN,CLUST_0.70_00005,EARLY
CANONICAL_488bb502937f,TRAIN,TRAIN,CLUST_0.70_00008,LATE
CANONICAL_488f17228025,TRAIN,TEST,CLUST_0.70_00030,EARLY
CANONICAL_4890a3521267,TRAIN,TRAIN,CLUST_0.70_00005,EARLY
CANONICAL_489741c64510,TRAIN,VALIDATION,CLUST_0.70_00040,EARLY
CANONICAL_48989b47a071,TRAIN,TEST,CLUST_0.70_00071,LATE
CANONICAL_48a26ec69988,TRAIN,TRAIN,CLUST_0.70_00008,IMMEDIATE_EARLY
CANONICAL_48a6b0703c0f,VALIDATION,TRAIN,CLUST_0.70_00005,LATE
CANONICAL_48b9aa36fedb,TRAIN,TEST,CLUST_0.70_00015,LATE
CANONICAL_48b9f79040a9,TRAIN,TRAIN,CLUST_0.70_00005,EARLY
CANONICAL_48bb157014d7,TEST,VALIDATION,CLUST_0.70_00025,LATE
CANONICAL_48bb706062b3,TRAIN,TEST,CLUST_0.70_00015,LATE
CANONICAL_48c11682ad21,TEST,TRAIN,CLUST_0.70_00098,LATE
CANONICAL_48c7d7cb877b,TRAIN,TRAIN,CLUST_0.70_00008,LATE
CANONICAL_48cb0729b712,TRAIN,TRAIN,CLUST_0.70_00005,EARLY
CANONICAL_48cbbeb4cc9c,TEST,TRAIN,CLUST_0.70_00005,EARLY
CANONICAL_48cc50dfc66b,TRAIN,TRAIN,CLUST_0.70_00005,EARLY
CANONICAL_48d548e10eaa,TRAIN,TRAIN,CLUST_0.70_00008,LATE
CANONICAL_48e4e1c4dd0a,TRAIN,TEST,CLUST_0.70_00001,LATE
CANONICAL_48ed3a3161fe,TEST,VALIDATION,CLUST_0.70_00025,LATE
CANONICAL_48f0ef1afc58,VALIDATION,TEST,CLUST_0.70_00001,LATE
CANONICAL_48f36168cfd8,TRAIN,TRAIN,CLUST_0.70_00007,LATE
CANONICAL_48f9c32593be,TRAIN,VALIDATION,CLUST_0.70_00040,EARLY
CANONICAL_48fa49022aea,TEST,TRAIN,CLUST_0.70_00005,EARLY
CANONICAL_48fd54ff2905,TRAIN,TRAIN,CLUST_0.70_00056,LATE
CANONICAL_490066ff6d5d,TRAIN,TRAIN,CLUST_0.70_00077,LATE
CANONICAL_4900e0b295cd,TEST,VALIDATION,CLUST_0.70_00065,LATE
CANONICAL_490191e6f0de,TRAIN,VALIDATION,CLUST_0.70_00025,LATE
CANONICAL_4901af00ff1e,VALIDATION,TRAIN,CLUST_0.70_00005,LATE
CANONICAL_490316ba2176,TRAIN,TEST,CLUST_0.70_00001,LATE
CANONICAL_49081c59548e,VALIDATION,TEST,CLUST_0.70_00030,EARLY
CANONICAL_490e874bb718,TRAIN,VALIDATION,CLUST_0.70_00064,LATE
CANONICAL_491176cbaece,TEST,TRAIN,CLUST_0.70_00008,LATE
CANONICAL_491479b83562,VALIDATION,TRAIN,CLUST_0.70_00005,LATE
CANONICAL_49164c4cdee7,VALIDATION,TRAIN,CLUST_0.70_00008,LATE
CANONICAL_491945c8d72a,TRAIN,TEST,CLUST_0.70_00004,IMMEDIATE_EARLY
CANONICAL_491a7b2e902c,TEST,TRAIN,CLUST_0.70_00007,EARLY
CANONICAL_491d9c9630aa,TRAIN,TRAIN,CLUST_0.70_00005,LATE
CANONICAL_491f34e78665,TEST,TEST,CLUST_0.70_00052,LATE
CANONICAL_49203d4589ad,TRAIN,TEST,CLUST_0.70_00020,LATE
CANONICAL_4924d0a01b9d,TRAIN,VALIDATION,CLUST_0.70_00059,LATE
CANONICAL_4929bbb412a9,TRAIN,TRAIN,CLUST_0.70_00005,EARLY
CANONICAL_492d9485dc38,TRAIN,TRAIN,CLUST_0.70_00008,LATE
CANONICAL_493595f3e694,TRAIN,TRAIN,CLUST_0.70_00005,EARLY
CANONICAL_493c05212dc7,VALIDATION,TRAIN,CLUST_0.70_00007,EARLY
CANONICAL_493dcf8a5cc8,VALIDATION,TRAIN,CLUST_0.70_00005,EARLY
CANONICAL_4940354ed8e2,TRAIN,TRAIN,CLUST_0.70_00005,LATE
CANONICAL_494af2af979c,TEST,TRAIN,CLUST_0.70_00005,LATE
CANONICAL_494e4c07d97a,TRAIN,TRAIN,CLUST_0.70_00005,EARLY
CANONICAL_494e8ba7281f,TRAIN,TEST,CLUST_0.70_00018,LATE
CANONICAL_494eb5b767c0,TEST,TRAIN,CLUST_0.70_00062,LATE
CANONICAL_494ef944a535,TEST,VALIDATION,CLUST_0.70_00006,IMMEDIATE_EARLY
CANONICAL_495036ab0b46,VALIDATION,TEST,CLUST_0.70_00020,LATE
CANONICAL_495237cae5bb,TEST,TEST,CLUST_0.70_00030,EARLY
CANONICAL_4955a667e8dc,TEST,TRAIN,CLUST_0.70_00005,EARLY
CANONICAL_4956498be7fa,TEST,TRAIN,CLUST_0.70_00008,LATE
CANONICAL_49572f42fb88,TRAIN,TRAIN,CLUST_0.70_00005,EARLY
CANONICAL_4959a8e3f2d4,TEST,TRAIN,CLUST_0.70_00005,EARLY
CANONICAL_4964d2b1a9f2,TRAIN,TRAIN,CLUST_0.70_00005,LATE
CANONICAL_49677c48e610,TRAIN,TRAIN,CLUST_0.70_00147,IMMEDIATE_EARLY
CANONICAL_4968a7a197fc,TRAIN,TRAIN,CLUST_0.70_00007,EARLY
CANONICAL_4969dceabeee,TEST,VALIDATION,CLUST_0.70_00086,LATE
CANONICAL_496b0bd1bbb6,TRAIN,TEST,CLUST_0.70_00004,IMMEDIATE_EARLY
CANONICAL_496fcd3ba135,TEST,TRAIN,CLUST_0.70_00005,EARLY
CANONICAL_497281d43628,TRAIN,TRAIN,CLUST_0.70_00008,LATE
CANONICAL_497a88f19a9b,TEST,TRAIN,CLUST_0.70_00007,IMMEDIATE_EARLY
CANONICAL_497fdf7f7bcc,TEST,TRAIN,CLUST_0.70_00005,EARLY
CANONICAL_498c51eb93c7,TRAIN,TRAIN,CLUST_0.70_00008,LATE
CANONICAL_498f667a57e7,TRAIN,TRAIN,CLUST_0.70_00008,LATE
CANONICAL_499168247995,TRAIN,TEST,CLUST_0.70_00018,LATE
CANONICAL_49918ad63ce4,TRAIN,VALIDATION,CLUST_0.70_00127,LATE
CANONICAL_49943e3a2fbf,VALIDATION,TRAIN,CLUST_0.70_00007,LATE
CANONICAL_499c69c47a76,TRAIN,TEST,CLUST_0.70_00071,LATE
CANONICAL_499d468b9570,TRAIN,TRAIN,CLUST_0.70_00005,LATE
CANONICAL_499dc81225d8,TRAIN,TRAIN,CLUST_0.70_00007,LATE
CANONICAL_49a0598925c8,TRAIN,TRAIN,CLUST_0.70_00008,LATE
CANONICAL_49aca461ccef,TEST,TRAIN,CLUST_0.70_00005,EARLY
CANONICAL_49ad564d20b3,TRAIN,VALIDATION,CLUST_0.70_00059,LATE
CANONICAL_49af56fe5495,VALIDATION,TEST,CLUST_0.70_00030,EARLY
CANONICAL_49b30be0f8a8,VALIDATION,VALIDATION,CLUST_0.70_00029,LATE
CANONICAL_49b3e561f95f,TRAIN,TRAIN,CLUST_0.70_00008,LATE
CANONICAL_49befbecf9c9,VALIDATION,TRAIN,CLUST_0.70_00068,LATE
CANONICAL_49c28a9a75d5,TRAIN,TRAIN,CLUST_0.70_00008,LATE
CANONICAL_49c4fc9c6de2,TRAIN,TRAIN,CLUST_0.70_00005,LATE
CANONICAL_49cd2927a8c0,TRAIN,TRAIN,CLUST_0.70_00005,LATE
CANONICAL_49d1692426d6,VALIDATION,VALIDATION,CLUST_0.70_00040,EARLY
CANONICAL_49d3a40ff903,TRAIN,TRAIN,CLUST_0.70_00087,LATE
CANONICAL_49d93daf8900,TRAIN,TRAIN,CLUST_0.70_00008,LATE
CANONICAL_49d94c4df98a,TRAIN,TRAIN,CLUST_0.70_00024,LATE
CANONICAL_49ddd41bf939,TRAIN,TEST,CLUST_0.70_00001,LATE
CANONICAL_49defbd99a35,TEST,VALIDATION,CLUST_0.70_00031,LATE
CANONICAL_49e0864df712,TRAIN,VALIDATION,CLUST_0.70_00028,EARLY
CANONICAL_49e3e40dc7c4,TRAIN,VALIDATION,CLUST_0.70_00038,LATE
CANONICAL_49e6536d7ab7,TRAIN,VALIDATION,CLUST_0.70_00029,LATE
CANONICAL_49ea814fac57,TEST,TEST,CLUST_0.70_00052,LATE
CANONICAL_49f90d3eae93,VALIDATION,TRAIN,CLUST_0.70_00008,LATE
CANONICAL_49fb0f9247f0,TRAIN,TRAIN,CLUST_0.70_00007,LATE
CANONICAL_4a0b82df12c3,TEST,TEST,CLUST_0.70_00030,EARLY
CANONICAL_4a0d63af134c,TRAIN,TRAIN,CLUST_0.70_00005,EARLY
CANONICAL_4a0db7c91d6c,TRAIN,TRAIN,CLUST_0.70_00005,LATE
CANONICAL_4a1232c09747,VALIDATION,TRAIN,CLUST_0.70_00062,LATE
CANONICAL_4a164f2eda58,TRAIN,VALIDATION,CLUST_0.70_00029,LATE
CANONICAL_4a196bff7523,VALIDATION,VALIDATION,CLUST_0.70_00038,LATE
CANONICAL_4a1ca74011ed,VALIDATION,TRAIN,CLUST_0.70_00005,EARLY
CANONICAL_4a24ac3bd7c4,TEST,TRAIN,CLUST_0.70_00005,LATE
CANONICAL_4a26799ea7a5,TRAIN,TRAIN,CLUST_0.70_00007,LATE
CANONICAL_4a3305fb0d02,TRAIN,TRAIN,CLUST_0.70_00005,EARLY
CANONICAL_4a34684c5302,TEST,TRAIN,CLUST_0.70_00008,LATE
CANONICAL_4a3e41975b37,TRAIN,VALIDATION,CLUST_0.70_00006,IMMEDIATE_EARLY
CANONICAL_4a43a37731fe,TEST,TRAIN,CLUST_0.70_00005,EARLY
CANONICAL_4a44082ef58e,TRAIN,TRAIN,CLUST_0.70_00008,LATE
CANONICAL_4a457cd30b77,TRAIN,VALIDATION,CLUST_0.70_00006,IMMEDIATE_EARLY
CANONICAL_4a4ce0326f39,TRAIN,TEST,CLUST_0.70_00030,EARLY
CANONICAL_4a4fef542462,TRAIN,TRAIN,CLUST_0.70_00007,LATE
CANONICAL_4a5232e5d29a,TRAIN,VALIDATION,CLUST_0.70_00006,IMMEDIATE_EARLY
CANONICAL_4a52a7ce3e55,TEST,TRAIN,CLUST_0.70_00008,LATE
CANONICAL_4a62245ae1ac,VALIDATION,TRAIN,CLUST_0.70_00109,LATE
CANONICAL_4a6a0afaaf23,TRAIN,TRAIN,CLUST_0.70_00005,EARLY
CANONICAL_4a6c06d08ff8,TRAIN,TRAIN,CLUST_0.70_00005,EARLY
CANONICAL_4a7413005a85,TRAIN,TRAIN,CLUST_0.70_00005,LATE
CANONICAL_4a7430171d99,TRAIN,TEST,CLUST_0.70_00004,IMMEDIATE_EARLY
CANONICAL_4a7768508223,TRAIN,TRAIN,CLUST_0.70_00147,IMMEDIATE_EARLY
CANONICAL_4a7c62555a93,TEST,TEST,CLUST_0.70_00001,LATE
CANONICAL_4a7e5f936b8f,TEST,TRAIN,CLUST_0.70_00005,EARLY
CANONICAL_4a88ef69e8c7,VALIDATION,TEST,CLUST_0.70_00030,EARLY
CANONICAL_4a8b7d22e2cb,TRAIN,TRAIN,CLUST_0.70_00005,LATE
CANONICAL_4a909a06dab3,TRAIN,TRAIN,CLUST_0.70_00008,LATE
CANONICAL_4a931e45d6f1,TRAIN,TRAIN,CLUST_0.70_00005,LATE
CANONICAL_4a946aadd9ed,TRAIN,TRAIN,CLUST_0.70_00047,LATE
CANONICAL_4a94cf6a2bab,TRAIN,VALIDATION,CLUST_0.70_00065,LATE
CANONICAL_4a987932fa91,TRAIN,TRAIN,CLUST_0.70_00008,LATE
CANONICAL_4a9998899092,VALIDATION,TRAIN,CLUST_0.70_00005,EARLY
CANONICAL_4a9b1890ad25,VALIDATION,TRAIN,CLUST_0.70_00005,LATE
CANONICAL_4a9d92095767,VALIDATION,TRAIN,CLUST_0.70_00005,EARLY
CANONICAL_4a9e73fddf65,TRAIN,TRAIN,CLUST_0.70_00005,EARLY
CANONICAL_4a9f56328852,TRAIN,TEST,CLUST_0.70_00004,IMMEDIATE_EARLY
CANONICAL_4aa738e59bb9,TRAIN,TRAIN,CLUST_0.70_00005,EARLY
CANONICAL_4aaa6ca530a5,TRAIN,VALIDATION,CLUST_0.70_00055,LATE
CANONICAL_4aab9d244dc1,TRAIN,TRAIN,CLUST_0.70_00133,LATE
CANONICAL_4ab468a7c340,VALIDATION,TEST,CLUST_0.70_00052,LATE
CANONICAL_4abad469b179,VALIDATION,TRAIN,CLUST_0.70_00005,EARLY
CANONICAL_4abc6eee621a,TRAIN,VALIDATION,CLUST_0.70_00038,LATE
CANONICAL_4abeb500560a,TRAIN,TRAIN,CLUST_0.70_00005,EARLY
CANONICAL_4abf53f95179,TRAIN,TRAIN,CLUST_0.70_00062,LATE
CANONICAL_4ac0107bb20f,TRAIN,TRAIN,CLUST_0.70_00005,EARLY
CANONICAL_4ac0a57baade,TRAIN,TRAIN,CLUST_0.70_00005,LATE
CANONICAL_4ac2569402fb,TEST,VALIDATION,CLUST_0.70_00058,LATE
CANONICAL_4ac472a158f1,TRAIN,TRAIN,CLUST_0.70_00005,EARLY
CANONICAL_4ac9c5286580,TEST,TRAIN,CLUST_0.70_00218,IMMEDIATE_EARLY
CANONICAL_4ac9e949ed22,TRAIN,VALIDATION,CLUST_0.70_00041,EARLY
CANONICAL_4ad2736db414,VALIDATION,TRAIN,CLUST_0.70_00008,LATE
CANONICAL_4ad2a151cebd,TRAIN,TEST,CLUST_0.70_00030,EARLY
CANONICAL_4ad3f05266dc,VALIDATION,TRAIN,CLUST_0.70_00008,LATE
CANONICAL_4adcdc02d93c,TRAIN,TEST,CLUST_0.70_00030,EARLY
CANONICAL_4aec57059d2d,TRAIN,TRAIN,CLUST_0.70_00008,LATE
CANONICAL_4af846955a63,TRAIN,VALIDATION,CLUST_0.70_00006,IMMEDIATE_EARLY
CANONICAL_4b0041626fda,TEST,TEST,CLUST_0.70_00071,LATE
CANONICAL_4b0129156c63,TRAIN,TEST,CLUST_0.70_00051,LATE
CANONICAL_4b070aedc3d9,VALIDATION,TRAIN,CLUST_0.70_00005,LATE
CANONICAL_4b0af71e5e68,TRAIN,TRAIN,CLUST_0.70_00005,EARLY
CANONICAL_4b0cc582e6d6,TEST,TRAIN,CLUST_0.70_00005,EARLY
CANONICAL_4b0f45bcbe3f,TRAIN,TRAIN,CLUST_0.70_00005,EARLY
CANONICAL_4b133a3a0939,VALIDATION,VALIDATION,CLUST_0.70_00017,LATE
CANONICAL_4b1f6464c4cf,TRAIN,TRAIN,CLUST_0.70_00007,LATE
CANONICAL_4b1f675e4e8f,TRAIN,TEST,CLUST_0.70_00030,EARLY
CANONICAL_4b215fb5b213,TEST,TEST,CLUST_0.70_00030,EARLY
CANONICAL_4b23dc2e97db,TEST,TRAIN,CLUST_0.70_00007,EARLY
CANONICAL_4b25d53c50eb,TRAIN,TRAIN,CLUST_0.70_00005,LATE
CANONICAL_4b26de182eb0,TRAIN,TRAIN,CLUST_0.70_00125,LATE
CANONICAL_4b2df51321f3,TRAIN,VALIDATION,CLUST_0.70_00058,LATE
CANONICAL_4b2e1e1ac782,TRAIN,VALIDATION,CLUST_0.70_00039,LATE
CANONICAL_4b358ea3a114,TRAIN,TEST,CLUST_0.70_00030,EARLY
CANONICAL_4b3822781425,TRAIN,TEST,CLUST_0.70_00018,LATE
CANONICAL_4b393572ce9a,TRAIN,TRAIN,CLUST_0.70_00008,LATE
CANONICAL_4b40f7d26b41,TRAIN,VALIDATION,CLUST_0.70_00055,LATE
CANONICAL_4b455876fd71,TRAIN,TRAIN,CLUST_0.70_00005,EARLY
CANONICAL_4b45f8e9947e,TRAIN,TRAIN,CLUST_0.70_00386,EARLY
CANONICAL_4b46cb028404,VALIDATION,VALIDATION,CLUST_0.70_00026,IMMEDIATE_EARLY
CANONICAL_4b4b2f130ed3,TRAIN,TRAIN,CLUST_0.70_00005,EARLY
CANONICAL_4b4ffb9faae3,VALIDATION,TRAIN,CLUST_0.70_00014,LATE
CANONICAL_4b553389cea4,TRAIN,VALIDATION,CLUST_0.70_00079,LATE
CANONICAL_4b55d4b8396c,TRAIN,TRAIN,CLUST_0.70_00007,LATE
CANONICAL_4b61938d3ce5,TEST,TRAIN,CLUST_0.70_00008,LATE
CANONICAL_4b6423792389,TRAIN,TEST,CLUST_0.70_00030,EARLY
CANONICAL_4b643f9e2365,TRAIN,TRAIN,CLUST_0.70_00005,EARLY
CANONICAL_4b6494c4dbde,TRAIN,TRAIN,CLUST_0.70_00005,LATE
CANONICAL_4b64ee6da1d1,TRAIN,VALIDATION,CLUST_0.70_00079,LATE
CANONICAL_4b6724a29d8a,TRAIN,TRAIN,CLUST_0.70_00005,LATE
CANONICAL_4b691027dcbf,VALIDATION,TRAIN,CLUST_0.70_00005,EARLY
CANONICAL_4b6a253f6c0a,TRAIN,VALIDATION,CLUST_0.70_00025,LATE
CANONICAL_4b71cdebc9c3,TRAIN,VALIDATION,CLUST_0.70_00026,IMMEDIATE_EARLY
CANONICAL_4b7ad4c86e96,VALIDATION,VALIDATION,CLUST_0.70_00127,LATE
CANONICAL_4b809be131a0,TRAIN,TEST,CLUST_0.70_00015,LATE
CANONICAL_4b8c481bf379,TRAIN,VALIDATION,CLUST_0.70_00026,IMMEDIATE_EARLY
CANONICAL_4b8cbc6ca5c3,TRAIN,TEST,CLUST_0.70_00001,LATE
CANONICAL_4b93cdb2dfaa,TRAIN,TRAIN,CLUST_0.70_00008,LATE
CANONICAL_4b95b44ea7e2,VALIDATION,TRAIN,CLUST_0.70_00164,LATE
CANONICAL_4b9822ef4151,TRAIN,TRAIN,CLUST_0.70_00005,EARLY
CANONICAL_4b98ccfcc3fd,TRAIN,TEST,CLUST_0.70_00030,EARLY
CANONICAL_4b99eb5d64da,TRAIN,VALIDATION,CLUST_0.70_00055,LATE
CANONICAL_4b9d55b8f297,TRAIN,TRAIN,CLUST_0.70_00235,LATE
CANONICAL_4b9dcb024734,TRAIN,VALIDATION,CLUST_0.70_00055,LATE
CANONICAL_4ba491d7cc0c,TRAIN,VALIDATION,CLUST_0.70_00025,LATE
CANONICAL_4bac19f81290,TRAIN,VALIDATION,CLUST_0.70_00036,EARLY
CANONICAL_4bad3cb88295,TRAIN,TEST,CLUST_0.70_00080,LATE
CANONICAL_4baf44b68a14,VALIDATION,VALIDATION,CLUST_0.70_00055,LATE
CANONICAL_4bb6448117e0,TRAIN,TRAIN,CLUST_0.70_00024,LATE
CANONICAL_4bbedbeef72e,VALIDATION,TRAIN,CLUST_0.70_00047,LATE
CANONICAL_4bc164b70227,TRAIN,TEST,CLUST_0.70_00004,IMMEDIATE_EARLY
CANONICAL_4bc173ead18c,TRAIN,VALIDATION,CLUST_0.70_00010,EARLY
CANONICAL_4bc2f1216f6f,TRAIN,TRAIN,CLUST_0.70_00008,EARLY
CANONICAL_4bc833ed8cad,TRAIN,VALIDATION,CLUST_0.70_00038,LATE
CANONICAL_4bcb7254f7d2,VALIDATION,VALIDATION,CLUST_0.70_00041,EARLY
CANONICAL_4bcf0bbbe910,TRAIN,TEST,CLUST_0.70_00015,LATE
CANONICAL_4bd3d53a4549,TRAIN,TEST,CLUST_0.70_00004,IMMEDIATE_EARLY
CANONICAL_4bd41be8f121,TRAIN,TEST,CLUST_0.70_00030,EARLY
CANONICAL_4bd765b04943,TRAIN,TRAIN,CLUST_0.70_00005,EARLY
CANONICAL_4bd8b1605a2d,TEST,VALIDATION,CLUST_0.70_00127,LATE
CANONICAL_4bdc93a2d240,TRAIN,TEST,CLUST_0.70_00052,LATE
CANONICAL_4be1fb780d1d,TRAIN,VALIDATION,CLUST_0.70_00106,LATE
CANONICAL_4be66e99a808,TRAIN,TRAIN,CLUST_0.70_00005,EARLY
CANONICAL_4bec803bfa46,TRAIN,TRAIN,CLUST_0.70_00005,LATE
CANONICAL_4bf2ae8f813e,TRAIN,TRAIN,CLUST_0.70_00300,LATE
CANONICAL_4bf7a0d94479,VALIDATION,TRAIN,CLUST_0.70_00005,LATE
CANONICAL_4c00cf57acc3,TRAIN,VALIDATION,CLUST_0.70_00059,LATE
CANONICAL_4c0326b1dd40,TRAIN,TRAIN,CLUST_0.70_00136,LATE
CANONICAL_4c04648e37fd,VALIDATION,TEST,CLUST_0.70_00004,IMMEDIATE_EARLY
CANONICAL_4c08ea919906,TRAIN,VALIDATION,CLUST_0.70_00038,LATE
CANONICAL_4c0de46b0cc9,TRAIN,VALIDATION,CLUST_0.70_00055,LATE
CANONICAL_4c15de4efd80,TRAIN,TRAIN,CLUST_0.70_00005,EARLY
CANONICAL_4c192ac7998a,TEST,TEST,CLUST_0.70_00004,IMMEDIATE_EARLY
CANONICAL_4c2156e42994,TRAIN,TRAIN,CLUST_0.70_00005,EARLY
CANONICAL_4c231bf7c31c,VALIDATION,TRAIN,CLUST_0.70_00008,LATE
CANONICAL_4c25ccce9f66,TRAIN,TEST,CLUST_0.70_00071,LATE
CANONICAL_4c2713769d68,VALIDATION,TRAIN,CLUST_0.70_00008,LATE
CANONICAL_4c2d7d5ad517,TEST,TRAIN,CLUST_0.70_00005,LATE
CANONICAL_4c2fade12284,TRAIN,TEST,CLUST_0.70_00071,LATE
CANONICAL_4c2fae1329fe,TRAIN,TRAIN,CLUST_0.70_00005,EARLY
CANONICAL_4c3540523033,TRAIN,TRAIN,CLUST_0.70_00364,LATE
CANONICAL_4c366b40c484,TRAIN,TRAIN,CLUST_0.70_00011,LATE
CANONICAL_4c3726ce0666,TRAIN,TRAIN,CLUST_0.70_00008,LATE
CANONICAL_4c5043b8c32a,TEST,TRAIN,CLUST_0.70_00066,IMMEDIATE_EARLY
CANONICAL_4c574b99407f,TRAIN,TRAIN,CLUST_0.70_00005,EARLY
CANONICAL_4c5b0220766a,TRAIN,TRAIN,CLUST_0.70_00007,IMMEDIATE_EARLY
CANONICAL_4c5cb3726861,TRAIN,TEST,CLUST_0.70_00001,LATE
CANONICAL_4c5e05534ccb,VALIDATION,TRAIN,CLUST_0.70_00007,EARLY
CANONICAL_4c5eb7ad7113,TRAIN,TRAIN,CLUST_0.70_00007,LATE
CANONICAL_4c647b9ec51b,TRAIN,TRAIN,CLUST_0.70_00005,EARLY
CANONICAL_4c6c10e9523c,TRAIN,VALIDATION,CLUST_0.70_00006,IMMEDIATE_EARLY
CANONICAL_4c704a67f7f3,TRAIN,TRAIN,CLUST_0.70_00008,LATE
CANONICAL_4c7427554839,TEST,TRAIN,CLUST_0.70_00008,LATE
CANONICAL_4c7604ae7e15,TRAIN,TRAIN,CLUST_0.70_00005,LATE
CANONICAL_4c76658cfda4,VALIDATION,TRAIN,CLUST_0.70_00069,IMMEDIATE_EARLY
CANONICAL_4c7b73df20df,TRAIN,TRAIN,CLUST_0.70_00008,LATE
CANONICAL_4c824a5582ca,VALIDATION,TRAIN,CLUST_0.70_00062,LATE
CANONICAL_4c87eea4bf57,TRAIN,TEST,CLUST_0.70_00018,LATE
CANONICAL_4c8eeb5d15a0,TRAIN,TRAIN,CLUST_0.70_00008,LATE
CANONICAL_4c8f4a05bb91,TRAIN,TEST,CLUST_0.70_00001,LATE
CANONICAL_4c997ca4e798,TRAIN,TRAIN,CLUST_0.70_00090,LATE
CANONICAL_4c9b3d2d9042,TRAIN,TRAIN,CLUST_0.70_00005,LATE
CANONICAL_4c9d6a8a5411,TEST,TEST,CLUST_0.70_00071,LATE
CANONICAL_4ca5fb0873ee,TRAIN,TRAIN,CLUST_0.70_00090,LATE
CANONICAL_4ca9036333a2,TRAIN,VALIDATION,CLUST_0.70_00041,EARLY
CANONICAL_4ca97c0008ea,TRAIN,TRAIN,CLUST_0.70_00005,EARLY
CANONICAL_4ca9e9c33574,TRAIN,TRAIN,CLUST_0.70_00005,LATE
CANONICAL_4caace689ca0,VALIDATION,VALIDATION,CLUST_0.70_00041,EARLY
CANONICAL_4caf5511ae6a,VALIDATION,TRAIN,CLUST_0.70_00008,LATE
CANONICAL_4cb71b51807d,TRAIN,TRAIN,CLUST_0.70_00024,LATE
CANONICAL_4cbc0851c005,TRAIN,TEST,CLUST_0.70_00015,LATE
CANONICAL_4cbd1fefff1e,TEST,TRAIN,CLUST_0.70_00007,LATE
CANONICAL_4cccc772169a,TRAIN,TRAIN,CLUST_0.70_00005,LATE
CANONICAL_4ccfffa96e40,TRAIN,VALIDATION,CLUST_0.70_00028,EARLY
CANONICAL_4cd49826422e,TRAIN,TRAIN,CLUST_0.70_00008,LATE
CANONICAL_4cd4c1e1d987,TRAIN,TRAIN,CLUST_0.70_00005,LATE
CANONICAL_4cdb6661456d,TRAIN,VALIDATION,CLUST_0.70_00026,IMMEDIATE_EARLY
CANONICAL_4cdda4bbf4e7,TRAIN,TRAIN,CLUST_0.70_00005,LATE
CANONICAL_4cde77738cb5,TRAIN,VALIDATION,CLUST_0.70_00058,LATE
CANONICAL_4ce4893191ba,VALIDATION,VALIDATION,CLUST_0.70_00026,IMMEDIATE_EARLY
CANONICAL_4ce8064b8bdb,TRAIN,TRAIN,CLUST_0.70_00105,LATE
CANONICAL_4cf1d29ff38c,TEST,TRAIN,CLUST_0.70_00056,LATE
CANONICAL_4cf7124c85f0,TEST,VALIDATION,CLUST_0.70_00017,LATE
CANONICAL_4cfe55763305,TRAIN,TRAIN,CLUST_0.70_00008,LATE
CANONICAL_4d0aab1e902d,TEST,VALIDATION,CLUST_0.70_00055,LATE
CANONICAL_4d102fc7d8ee,TRAIN,TRAIN,CLUST_0.70_00002,LATE
CANONICAL_4d108815fbcd,TRAIN,TRAIN,CLUST_0.70_00007,LATE
CANONICAL_4d1b58651160,VALIDATION,VALIDATION,CLUST_0.70_00031,LATE
CANONICAL_4d1bf4efeaf6,TEST,TRAIN,CLUST_0.70_00008,LATE
CANONICAL_4d227914d5b4,TRAIN,TEST,CLUST_0.70_00004,IMMEDIATE_EARLY
CANONICAL_4d245b75c9f2,TRAIN,TEST,CLUST_0.70_00030,EARLY
CANONICAL_4d305d810d6c,TRAIN,TRAIN,CLUST_0.70_00008,LATE
CANONICAL_4d327d81a5d8,TRAIN,TRAIN,CLUST_0.70_00005,LATE
CANONICAL_4d33468b3f59,TEST,TRAIN,CLUST_0.70_00191,EARLY
CANONICAL_4d36688dffa0,TRAIN,TRAIN,CLUST_0.70_00008,LATE
CANONICAL_4d37c6d28578,TRAIN,VALIDATION,CLUST_0.70_00006,IMMEDIATE_EARLY
CANONICAL_4d3a564be13f,TRAIN,TEST,CLUST_0.70_00018,EARLY
CANONICAL_4d3d38411589,TRAIN,TRAIN,CLUST_0.70_00008,LATE
CANONICAL_4d3f78828a65,VALIDATION,TRAIN,CLUST_0.70_00005,EARLY
CANONICAL_4d3fea9afabf,TRAIN,TRAIN,CLUST_0.70_00005,LATE
CANONICAL_4d422fe55518,TRAIN,TRAIN,CLUST_0.70_00005,LATE
CANONICAL_4d48057e136b,TRAIN,TRAIN,CLUST_0.70_00005,LATE
CANONICAL_4d4ae5c605ae,TRAIN,VALIDATION,CLUST_0.70_00064,LATE
CANONICAL_4d4d24751f1b,TEST,TRAIN,CLUST_0.70_00005,EARLY
CANONICAL_4d50b6176fea,TRAIN,TRAIN,CLUST_0.70_00241,LATE
CANONICAL_4d5602783903,TRAIN,TRAIN,CLUST_0.70_00021,EARLY
CANONICAL_4d573c4c8a26,TRAIN,TEST,CLUST_0.70_00001,LATE
CANONICAL_4d5bde6738a1,TRAIN,TRAIN,CLUST_0.70_00005,LATE
CANONICAL_4d5f6b8f1fb5,TRAIN,VALIDATION,CLUST_0.70_00017,LATE
CANONICAL_4d5f6d7bb26c,TRAIN,TRAIN,CLUST_0.70_00005,LATE
CANONICAL_4d6544d33d85,TRAIN,TEST,CLUST_0.70_00001,LATE
CANONICAL_4d6692a88f5f,VALIDATION,VALIDATION,CLUST_0.70_00058,LATE
CANONICAL_4d66b54bd48e,TRAIN,TRAIN,CLUST_0.70_00007,LATE
CANONICAL_4d69ba66248b,TRAIN,TEST,CLUST_0.70_00004,IMMEDIATE_EARLY
CANONICAL_4d753209e1ea,TRAIN,VALIDATION,CLUST_0.70_00079,LATE
CANONICAL_4d7baf4c8e49,TEST,TRAIN,CLUST_0.70_00008,LATE
CANONICAL_4d7f60ed03ba,TEST,TEST,CLUST_0.70_00037,LATE
CANONICAL_4d887d1ceed8,TRAIN,TRAIN,CLUST_0.70_00008,LATE
CANONICAL_4d927d61a83e,TEST,VALIDATION,CLUST_0.70_00055,LATE
CANONICAL_4d951f96b783,VALIDATION,TRAIN,CLUST_0.70_00005,LATE
CANONICAL_4d97df99007c,VALIDATION,VALIDATION,CLUST_0.70_00010,EARLY
CANONICAL_4d9bb7ca7268,TRAIN,TRAIN,CLUST_0.70_00008,LATE
CANONICAL_4d9bf6cf4741,TEST,TRAIN,CLUST_0.70_00005,EARLY
CANONICAL_4d9eadb68217,TEST,VALIDATION,CLUST_0.70_00016,EARLY
CANONICAL_4da44ef21400,TRAIN,VALIDATION,CLUST_0.70_00026,IMMEDIATE_EARLY
CANONICAL_4da6e1fd8887,TRAIN,TRAIN,CLUST_0.70_00191,EARLY
CANONICAL_4dab3ebcddfb,TRAIN,TRAIN,CLUST_0.70_00005,EARLY
CANONICAL_4db04c5540c5,VALIDATION,TRAIN,CLUST_0.70_00008,LATE
CANONICAL_4db5a5f11247,TRAIN,TRAIN,CLUST_0.70_00008,LATE
CANONICAL_4db633bee3c2,TRAIN,TRAIN,CLUST_0.70_00008,LATE
CANONICAL_4db6bf548de1,TRAIN,TRAIN,CLUST_0.70_00007,LATE
CANONICAL_4db9da04a302,TRAIN,VALIDATION,CLUST_0.70_00079,LATE
CANONICAL_4dbe16e16521,TRAIN,TRAIN,CLUST_0.70_00005,EARLY
CANONICAL_4dc2dcfccda0,TRAIN,TRAIN,CLUST_0.70_00007,EARLY
CANONICAL_4dc4b0067f43,VALIDATION,VALIDATION,CLUST_0.70_00028,EARLY
CANONICAL_4dc5d9de0422,TRAIN,TRAIN,CLUST_0.70_00008,LATE
CANONICAL_4dca5b706c62,TRAIN,TRAIN,CLUST_0.70_00008,LATE
CANONICAL_4dcb711418a0,TEST,TEST,CLUST_0.70_00004,IMMEDIATE_EARLY
CANONICAL_4dd4e5c9d72b,TRAIN,VALIDATION,CLUST_0.70_00006,IMMEDIATE_EARLY
CANONICAL_4dde31f092c1,TRAIN,TRAIN,CLUST_0.70_00075,LATE
CANONICAL_4de18efdfc26,TRAIN,TRAIN,CLUST_0.70_00008,LATE
CANONICAL_4de2e771faa5,TRAIN,TRAIN,CLUST_0.70_00007,LATE
CANONICAL_4de849413e1c,TRAIN,VALIDATION,CLUST_0.70_00055,LATE
CANONICAL_4de9dbe15dd2,TEST,VALIDATION,CLUST_0.70_00025,LATE
CANONICAL_4debc324f075,VALIDATION,TRAIN,CLUST_0.70_00007,LATE
CANONICAL_4debd4a91e1a,TRAIN,TRAIN,CLUST_0.70_00222,LATE
CANONICAL_4ded92f2f3f9,VALIDATION,TRAIN,CLUST_0.70_00053,LATE
CANONICAL_4def0aa2baa0,VALIDATION,VALIDATION,CLUST_0.70_00055,LATE
CANONICAL_4df1addbbd93,TRAIN,VALIDATION,CLUST_0.70_00038,LATE
CANONICAL_4df57e9854da,TEST,VALIDATION,CLUST_0.70_00026,IMMEDIATE_EARLY
CANONICAL_4df742c2efb6,VALIDATION,VALIDATION,CLUST_0.70_00026,IMMEDIATE_EARLY
CANONICAL_4df7fb6ad94e,TRAIN,TRAIN,CLUST_0.70_00098,LATE
CANONICAL_4df97e853560,TRAIN,VALIDATION,CLUST_0.70_00058,LATE
CANONICAL_4dfbefd02a8f,TEST,TRAIN,CLUST_0.70_00005,LATE
CANONICAL_4e01ca0397f0,VALIDATION,TEST,CLUST_0.70_00001,LATE
CANONICAL_4e036ffa4df6,VALIDATION,TEST,CLUST_0.70_00071,LATE
CANONICAL_4e051088f5b7,VALIDATION,TRAIN,CLUST_0.70_00252,LATE
CANONICAL_4e07dce851fb,TRAIN,TRAIN,CLUST_0.70_00102,LATE
CANONICAL_4e090a8ba8a9,VALIDATION,TRAIN,CLUST_0.70_00008,LATE
CANONICAL_4e0b5d96e8ce,VALIDATION,TRAIN,CLUST_0.70_00062,LATE
CANONICAL_4e0d3d2c2a9c,TRAIN,TRAIN,CLUST_0.70_00007,LATE
CANONICAL_4e16e925af9b,TRAIN,TRAIN,CLUST_0.70_00008,LATE
CANONICAL_4e23e865bfc9,TEST,VALIDATION,CLUST_0.70_00059,LATE
CANONICAL_4e249e63cffd,TRAIN,TRAIN,CLUST_0.70_00231,IMMEDIATE_EARLY
CANONICAL_4e2b72fbc5d8,TRAIN,VALIDATION,CLUST_0.70_00040,EARLY
CANONICAL_4e2bc70a7f13,TRAIN,TRAIN,CLUST_0.70_00090,LATE
CANONICAL_4e2e411844f3,TRAIN,TRAIN,CLUST_0.70_00005,EARLY
CANONICAL_4e2e667fe427,VALIDATION,TRAIN,CLUST_0.70_00005,LATE
CANONICAL_4e30118a7f4a,TRAIN,VALIDATION,CLUST_0.70_00006,IMMEDIATE_EARLY
CANONICAL_4e38b299821e,VALIDATION,VALIDATION,CLUST_0.70_00127,LATE
CANONICAL_4e3fd930c69d,TRAIN,TRAIN,CLUST_0.70_00007,LATE
CANONICAL_4e423ce3209e,VALIDATION,VALIDATION,CLUST_0.70_00058,LATE
CANONICAL_4e4482f746f3,TRAIN,VALIDATION,CLUST_0.70_00006,IMMEDIATE_EARLY
CANONICAL_4e4c610f82de,TRAIN,TRAIN,CLUST_0.70_00005,LATE
CANONICAL_4e526c7d8ebe,TEST,TRAIN,CLUST_0.70_00005,EARLY
CANONICAL_4e52cf0ee767,TRAIN,VALIDATION,CLUST_0.70_00029,LATE
CANONICAL_4e542dcb4166,TEST,TEST,CLUST_0.70_00001,LATE
CANONICAL_4e5a142f059a,TRAIN,TRAIN,CLUST_0.70_00005,EARLY
CANONICAL_4e65f86198af,TRAIN,TEST,CLUST_0.70_00004,IMMEDIATE_EARLY
CANONICAL_4e6e032bb9ee,TRAIN,TRAIN,CLUST_0.70_00005,EARLY
CANONICAL_4e711bc132e7,TRAIN,VALIDATION,CLUST_0.70_00041,EARLY
CANONICAL_4e78c828f10d,TEST,TRAIN,CLUST_0.70_00014,LATE
CANONICAL_4e84bd26e4cc,TRAIN,VALIDATION,CLUST_0.70_00026,IMMEDIATE_EARLY
CANONICAL_4e87d9a24681,TRAIN,TRAIN,CLUST_0.70_00005,LATE
CANONICAL_4e8f4ac924bd,TRAIN,TRAIN,CLUST_0.70_00005,EARLY
CANONICAL_4e8f77b04dbd,TRAIN,VALIDATION,CLUST_0.70_00041,EARLY
CANONICAL_4e9270b383c5,TRAIN,TEST,CLUST_0.70_00001,LATE
CANONICAL_4e956e9686f9,TRAIN,VALIDATION,CLUST_0.70_00017,LATE
CANONICAL_4e9c8e9b649b,TRAIN,TRAIN,CLUST_0.70_00005,EARLY
CANONICAL_4e9def33311f,TRAIN,TRAIN,CLUST_0.70_00005,EARLY
CANONICAL_4ea1aaca8f0f,TRAIN,TRAIN,CLUST_0.70_00101,EARLY
CANONICAL_4eab5e90dd67,TRAIN,TRAIN,CLUST_0.70_00091,LATE
CANONICAL_4eac047e8932,TEST,TEST,CLUST_0.70_00004,IMMEDIATE_EARLY
CANONICAL_4eb28a358bdb,TRAIN,VALIDATION,CLUST_0.70_00006,IMMEDIATE_EARLY
CANONICAL_4ec150aa764e,VALIDATION,VALIDATION,CLUST_0.70_00059,LATE
CANONICAL_4ec41ad6a6a8,TRAIN,VALIDATION,CLUST_0.70_00028,EARLY
CANONICAL_4ec5f0fe65ed,TRAIN,TRAIN,CLUST_0.70_00098,LATE
CANONICAL_4ec86a72e161,TRAIN,TRAIN,CLUST_0.70_00008,LATE
CANONICAL_4ecdd7444ef0,TRAIN,TRAIN,CLUST_0.70_00005,LATE
CANONICAL_4ecefcdf0c4a,TRAIN,TRAIN,CLUST_0.70_00005,EARLY
CANONICAL_4ed0b54b0083,VALIDATION,TEST,CLUST_0.70_00030,EARLY
CANONICAL_4ed0b6058454,TRAIN,TRAIN,CLUST_0.70_00005,LATE
CANONICAL_4ed709303048,TRAIN,VALIDATION,CLUST_0.70_00006,IMMEDIATE_EARLY
CANONICAL_4ed9da57517e,TRAIN,TRAIN,CLUST_0.70_00005,EARLY
CANONICAL_4eec1a1506c3,TRAIN,TRAIN,CLUST_0.70_00005,LATE
CANONICAL_4eef7344c813,TRAIN,TRAIN,CLUST_0.70_00091,LATE
CANONICAL_4ef5853e7453,TRAIN,TRAIN,CLUST_0.70_00033,IMMEDIATE_EARLY
CANONICAL_4ef69b5c3abf,TRAIN,TEST,CLUST_0.70_00071,LATE
CANONICAL_4ef93a5d0b9e,VALIDATION,TRAIN,CLUST_0.70_00005,EARLY
CANONICAL_4ef9ae191e90,TRAIN,TRAIN,CLUST_0.70_00008,LATE
CANONICAL_4efda5627c8c,TRAIN,TRAIN,CLUST_0.70_00007,LATE
CANONICAL_4efda80df6e2,TRAIN,TEST,CLUST_0.70_00052,LATE
CANONICAL_4f00bce9c0de,TRAIN,TRAIN,CLUST_0.70_00102,LATE
CANONICAL_4f06375929db,TRAIN,VALIDATION,CLUST_0.70_00106,LATE
CANONICAL_4f0b82a3b423,TRAIN,TRAIN,CLUST_0.70_00005,EARLY
CANONICAL_4f0ccecfeb71,TRAIN,TRAIN,CLUST_0.70_00005,EARLY
CANONICAL_4f11336b8101,TRAIN,VALIDATION,CLUST_0.70_00106,LATE
CANONICAL_4f15742f4c5a,TEST,VALIDATION,CLUST_0.70_00086,LATE
CANONICAL_4f1721858580,TRAIN,VALIDATION,CLUST_0.70_00025,LATE
CANONICAL_4f182436ca2a,TRAIN,TRAIN,CLUST_0.70_00098,LATE
CANONICAL_4f1e11aa6be4,TEST,TEST,CLUST_0.70_00004,IMMEDIATE_EARLY
CANONICAL_4f1f3dc00665,TRAIN,TEST,CLUST_0.70_00052,LATE
CANONICAL_4f23762595fc,TRAIN,TRAIN,CLUST_0.70_00008,LATE
CANONICAL_4f29c8f8ab98,VALIDATION,TRAIN,CLUST_0.70_00005,LATE
CANONICAL_4f2aaf786d19,TRAIN,TRAIN,CLUST_0.70_00192,IMMEDIATE_EARLY
CANONICAL_4f2d4ed8a4b6,TEST,TRAIN,CLUST_0.70_00008,LATE
CANONICAL_4f2fecb283cb,TRAIN,TRAIN,CLUST_0.70_00005,LATE
CANONICAL_4f340052ef55,TEST,TRAIN,CLUST_0.70_00005,EARLY
CANONICAL_4f37d54d4668,TRAIN,TRAIN,CLUST_0.70_00005,LATE
CANONICAL_4f3ba11a91df,VALIDATION,TRAIN,CLUST_0.70_00007,LATE
CANONICAL_4f470e2f4674,TRAIN,VALIDATION,CLUST_0.70_00064,LATE
CANONICAL_4f476267e9fc,TRAIN,TEST,CLUST_0.70_00071,LATE
CANONICAL_4f4ff1b757cd,TRAIN,TRAIN,CLUST_0.70_00102,LATE
CANONICAL_4f59bbe48f6e,TRAIN,TRAIN,CLUST_0.70_00008,LATE
CANONICAL_4f655801e79e,TRAIN,TRAIN,CLUST_0.70_00005,EARLY
CANONICAL_4f679153ed2b,TEST,TRAIN,CLUST_0.70_00357,LATE
CANONICAL_4f6856aed867,TRAIN,TRAIN,CLUST_0.70_00008,LATE
CANONICAL_4f693edf8954,TRAIN,TEST,CLUST_0.70_00052,LATE
CANONICAL_4f77486d2fed,VALIDATION,TRAIN,CLUST_0.70_00007,LATE
CANONICAL_4f821020bd3d,TRAIN,TRAIN,CLUST_0.70_00005,EARLY
CANONICAL_4f89b2dbbc53,TRAIN,TRAIN,CLUST_0.70_00091,LATE
CANONICAL_4f89c6b4b02c,VALIDATION,VALIDATION,CLUST_0.70_00028,EARLY
CANONICAL_4f8dabb7c4a2,TRAIN,TRAIN,CLUST_0.70_00056,LATE
CANONICAL_4f8eaee99bae,VALIDATION,VALIDATION,CLUST_0.70_00029,LATE
CANONICAL_4f92e32189ef,TRAIN,TRAIN,CLUST_0.70_00007,LATE
CANONICAL_4f974a38ca6e,TRAIN,TRAIN,CLUST_0.70_00005,EARLY
CANONICAL_4f9c9d4e11ae,TRAIN,TEST,CLUST_0.70_00051,LATE
CANONICAL_4f9e60570e28,TRAIN,VALIDATION,CLUST_0.70_00010,EARLY
CANONICAL_4fa4988dcb74,TRAIN,TRAIN,CLUST_0.70_00008,LATE
CANONICAL_4fad354d256d,TRAIN,TEST,CLUST_0.70_00015,LATE
CANONICAL_4fb0f51cda14,TRAIN,TRAIN,CLUST_0.70_00007,LATE
CANONICAL_4fb7c1a8d49d,TRAIN,TRAIN,CLUST_0.70_00068,LATE
CANONICAL_4fbbc8618e9e,TRAIN,TRAIN,CLUST_0.70_00005,EARLY
CANONICAL_4fbd31c92e05,TRAIN,TRAIN,CLUST_0.70_00008,LATE
CANONICAL_4fbe884836a1,VALIDATION,TRAIN,CLUST_0.70_00005,LATE
CANONICAL_4fc03446ce4d,TRAIN,TRAIN,CLUST_0.70_00172,LATE
CANONICAL_4fc1a8717d47,VALIDATION,TEST,CLUST_0.70_00030,EARLY
CANONICAL_4fc23ffcfe52,TRAIN,TRAIN,CLUST_0.70_00005,EARLY
CANONICAL_4fc73547a832,TEST,VALIDATION,CLUST_0.70_00026,IMMEDIATE_EARLY
CANONICAL_4fcc98009a84,TRAIN,TRAIN,CLUST_0.70_00005,LATE
CANONICAL_4fd60a1cfc8d,VALIDATION,TRAIN,CLUST_0.70_00008,LATE
CANONICAL_4fd6f94bfc5b,TRAIN,TRAIN,CLUST_0.70_00007,LATE
CANONICAL_4fe1176fc7c0,VALIDATION,TEST,CLUST_0.70_00080,LATE
CANONICAL_4fe38db07bed,TRAIN,TEST,CLUST_0.70_00009,LATE
CANONICAL_4fe896a69326,TRAIN,TRAIN,CLUST_0.70_00005,LATE
CANONICAL_4fe9636d92f6,VALIDATION,TRAIN,CLUST_0.70_00005,EARLY
CANONICAL_4ff1f5b1c8ae,TEST,TRAIN,CLUST_0.70_00005,LATE
CANONICAL_4ff84d075d57,TRAIN,VALIDATION,CLUST_0.70_00010,LATE
CANONICAL_4ff8942050d9,TRAIN,TRAIN,CLUST_0.70_00005,LATE
CANONICAL_4ffa8afb5572,TRAIN,TRAIN,CLUST_0.70_00007,EARLY
CANONICAL_4ffb4c37334c,TRAIN,VALIDATION,CLUST_0.70_00006,IMMEDIATE_EARLY
CANONICAL_50037c679d9f,TRAIN,TRAIN,CLUST_0.70_00005,LATE
CANONICAL_500cc2acef3d,TRAIN,TRAIN,CLUST_0.70_00007,LATE
CANONICAL_5010baa0a636,TRAIN,TRAIN,CLUST_0.70_00008,LATE
CANONICAL_50132a1eaa96,TRAIN,VALIDATION,CLUST_0.70_00127,LATE
CANONICAL_501646b9f49d,TRAIN,TRAIN,CLUST_0.70_00049,IMMEDIATE_EARLY
CANONICAL_5019517df178,TRAIN,TRAIN,CLUST_0.70_00008,LATE
CANONICAL_5024da354f0c,TRAIN,TRAIN,CLUST_0.70_00008,LATE
CANONICAL_502a8c2ddd82,VALIDATION,VALIDATION,CLUST_0.70_00040,EARLY
CANONICAL_5033cacb8250,TRAIN,VALIDATION,CLUST_0.70_00038,LATE
CANONICAL_5035db12b173,TRAIN,TRAIN,CLUST_0.70_00008,LATE
CANONICAL_50361c632590,TRAIN,TRAIN,CLUST_0.70_00005,LATE
CANONICAL_503980043e3b,TRAIN,TRAIN,CLUST_0.70_00005,EARLY
CANONICAL_503a25c32f7a,VALIDATION,TRAIN,CLUST_0.70_00005,EARLY
CANONICAL_503f0af9e408,TEST,TRAIN,CLUST_0.70_00005,EARLY
CANONICAL_504338b43a47,TRAIN,VALIDATION,CLUST_0.70_00055,LATE
CANONICAL_504394da9f5d,TRAIN,VALIDATION,CLUST_0.70_00028,EARLY
CANONICAL_504c6cfd5c51,TRAIN,TRAIN,CLUST_0.70_00005,LATE
CANONICAL_504c75849a7c,TRAIN,TRAIN,CLUST_0.70_00005,LATE
CANONICAL_504c926b0bcf,TRAIN,TRAIN,CLUST_0.70_00102,LATE
CANONICAL_504d1a6e47f3,TRAIN,TRAIN,CLUST_0.70_00091,LATE
CANONICAL_505292836309,TRAIN,VALIDATION,CLUST_0.70_00040,EARLY
CANONICAL_50561c7c6844,TRAIN,TRAIN,CLUST_0.70_00008,LATE
CANONICAL_505859ce2a28,TRAIN,TRAIN,CLUST_0.70_00008,LATE
CANONICAL_505a739fec9a,TRAIN,TRAIN,CLUST_0.70_00008,LATE
CANONICAL_505a8c5292d3,TRAIN,TEST,CLUST_0.70_00001,LATE
CANONICAL_50603103914d,VALIDATION,VALIDATION,CLUST_0.70_00086,LATE
CANONICAL_50698211def1,TRAIN,VALIDATION,CLUST_0.70_00016,EARLY
CANONICAL_506ca5115a4e,TRAIN,TRAIN,CLUST_0.70_00007,LATE
CANONICAL_506cd497087f,TRAIN,TRAIN,CLUST_0.70_00005,LATE
CANONICAL_506f09deb537,TRAIN,VALIDATION,CLUST_0.70_00038,LATE
CANONICAL_50826c01b76a,TRAIN,TEST,CLUST_0.70_00001,LATE
CANONICAL_508daf26de0a,TRAIN,TEST,CLUST_0.70_00004,IMMEDIATE_EARLY
CANONICAL_5094daa2eedf,TRAIN,TEST,CLUST_0.70_00015,LATE
CANONICAL_5096c3664bed,TRAIN,TEST,CLUST_0.70_00037,LATE
CANONICAL_509a08d2557d,TRAIN,TRAIN,CLUST_0.70_00007,LATE
CANONICAL_50a270183738,TEST,TEST,CLUST_0.70_00080,LATE
CANONICAL_50a36d09ea4b,TRAIN,TRAIN,CLUST_0.70_00239,LATE
CANONICAL_50a4204d2a67,VALIDATION,TRAIN,CLUST_0.70_00197,IMMEDIATE_EARLY
CANONICAL_50a5c7373db6,TRAIN,TRAIN,CLUST_0.70_00005,LATE
CANONICAL_50b1f79d36da,TEST,TRAIN,CLUST_0.70_00005,LATE
CANONICAL_50b4f913e893,TRAIN,VALIDATION,CLUST_0.70_00026,IMMEDIATE_EARLY
CANONICAL_50ba8bb2cc57,TRAIN,TRAIN,CLUST_0.70_00008,IMMEDIATE_EARLY
CANONICAL_50bb475246cc,TRAIN,TRAIN,CLUST_0.70_00005,LATE
CANONICAL_50bbc4a70f23,TEST,TRAIN,CLUST_0.70_00077,LATE
CANONICAL_50bbd4713607,VALIDATION,TRAIN,CLUST_0.70_00008,LATE
CANONICAL_50c037287f18,VALIDATION,VALIDATION,CLUST_0.70_00029,LATE
CANONICAL_50c8555679b4,TRAIN,VALIDATION,CLUST_0.70_00028,EARLY
CANONICAL_50c866b0130e,TRAIN,TRAIN,CLUST_0.70_00008,LATE
CANONICAL_50cc578cb034,TRAIN,TEST,CLUST_0.70_00018,LATE
CANONICAL_50cd88e8bf55,TRAIN,VALIDATION,CLUST_0.70_00086,LATE
CANONICAL_50d31b4b7051,TRAIN,TEST,CLUST_0.70_00018,LATE
CANONICAL_50d61ceb4c8c,TRAIN,TEST,CLUST_0.70_00004,IMMEDIATE_EARLY
CANONICAL_50d6b3720b69,TRAIN,TRAIN,CLUST_0.70_00109,LATE
CANONICAL_50d7a337a970,TEST,TEST,CLUST_0.70_00037,LATE
CANONICAL_50da2e7301c7,TRAIN,VALIDATION,CLUST_0.70_00079,LATE
CANONICAL_50df2ba7740c,TRAIN,VALIDATION,CLUST_0.70_00106,LATE
CANONICAL_50e7e9d507d4,TRAIN,VALIDATION,CLUST_0.70_00079,LATE
CANONICAL_50e9d120e2ab,TRAIN,VALIDATION,CLUST_0.70_00127,LATE
CANONICAL_50ec9a1e9674,TRAIN,TRAIN,CLUST_0.70_00008,LATE
CANONICAL_50f0462b155c,TEST,TRAIN,CLUST_0.70_00005,LATE
CANONICAL_50f0d48199e1,VALIDATION,TEST,CLUST_0.70_00004,IMMEDIATE_EARLY
CANONICAL_50f58ca69b99,TRAIN,TRAIN,CLUST_0.70_00008,LATE
CANONICAL_50f6a1d519ab,TRAIN,VALIDATION,CLUST_0.70_00026,IMMEDIATE_EARLY
CANONICAL_50fb0a3011af,TEST,TRAIN,CLUST_0.70_00005,LATE
CANONICAL_50fdd1db947a,VALIDATION,TRAIN,CLUST_0.70_00008,LATE
CANONICAL_50fe0842cd13,TRAIN,TEST,CLUST_0.70_00071,LATE
CANONICAL_510261b2d986,VALIDATION,TRAIN,CLUST_0.70_00224,LATE
CANONICAL_510b10dcd820,VALIDATION,TRAIN,CLUST_0.70_00005,EARLY
CANONICAL_510cd6e0cad7,TEST,TRAIN,CLUST_0.70_00007,LATE
CANONICAL_510e24e0eda7,TRAIN,TRAIN,CLUST_0.70_00007,LATE
CANONICAL_510e27fd7946,TEST,TEST,CLUST_0.70_00018,LATE
CANONICAL_51113b707a31,TRAIN,TRAIN,CLUST_0.70_00021,EARLY
CANONICAL_511436a913e5,TRAIN,TRAIN,CLUST_0.70_00429,LATE
CANONICAL_511745816179,TRAIN,TEST,CLUST_0.70_00018,LATE
CANONICAL_5119ec773488,TRAIN,TRAIN,CLUST_0.70_00008,LATE
CANONICAL_5119fa4c08d3,TRAIN,TRAIN,CLUST_0.70_00005,LATE
CANONICAL_511a0c606075,VALIDATION,VALIDATION,CLUST_0.70_00127,LATE
CANONICAL_511c7aa8493e,TRAIN,VALIDATION,CLUST_0.70_00127,LATE
CANONICAL_511d42323a67,TRAIN,TRAIN,CLUST_0.70_00005,LATE
CANONICAL_51239c4d7a10,TRAIN,TRAIN,CLUST_0.70_00008,LATE
CANONICAL_51244e71388e,TRAIN,TEST,CLUST_0.70_00030,EARLY
CANONICAL_5128c58b28f9,TRAIN,VALIDATION,CLUST_0.70_00040,EARLY
CANONICAL_5130556b00af,TRAIN,TEST,CLUST_0.70_00030,EARLY
CANONICAL_5133b0a8cc0f,TEST,TRAIN,CLUST_0.70_00005,EARLY
CANONICAL_5134740a5659,TRAIN,VALIDATION,CLUST_0.70_00040,EARLY
CANONICAL_5134de35b0b3,TRAIN,TEST,CLUST_0.70_00030,EARLY
CANONICAL_51374f8786e0,TRAIN,TRAIN,CLUST_0.70_00005,LATE
CANONICAL_5138d4996844,TRAIN,TEST,CLUST_0.70_00030,EARLY
CANONICAL_5141caf3a667,TRAIN,VALIDATION,CLUST_0.70_00169,LATE
CANONICAL_514b752c0788,TRAIN,TRAIN,CLUST_0.70_00005,EARLY
CANONICAL_514ffe48eb81,TRAIN,TRAIN,CLUST_0.70_00191,EARLY
CANONICAL_515379a93a36,TRAIN,TRAIN,CLUST_0.70_00005,LATE
CANONICAL_51564787b92b,TRAIN,TRAIN,CLUST_0.70_00008,IMMEDIATE_EARLY
CANONICAL_5157a0fb24c1,TRAIN,TRAIN,CLUST_0.70_00062,LATE
CANONICAL_515be42b8666,TRAIN,TRAIN,CLUST_0.70_00005,LATE
CANONICAL_5160f0e78a89,TEST,VALIDATION,CLUST_0.70_00026,IMMEDIATE_EARLY
CANONICAL_5162430046ec,TRAIN,VALIDATION,CLUST_0.70_00064,LATE
CANONICAL_5163f0d662c7,TRAIN,TRAIN,CLUST_0.70_00008,LATE
CANONICAL_5164d7d5215a,TEST,VALIDATION,CLUST_0.70_00055,LATE
CANONICAL_5165257e5d28,VALIDATION,VALIDATION,CLUST_0.70_00106,LATE
CANONICAL_5169088984eb,TEST,TEST,CLUST_0.70_00004,IMMEDIATE_EARLY
CANONICAL_516b9527e661,TRAIN,VALIDATION,CLUST_0.70_00064,LATE
CANONICAL_5175a8a5f880,TRAIN,TRAIN,CLUST_0.70_00008,LATE
CANONICAL_517e7186588e,TRAIN,VALIDATION,CLUST_0.70_00029,LATE
CANONICAL_5180c2fc915a,VALIDATION,TRAIN,CLUST_0.70_00008,LATE
CANONICAL_5187a9cf015c,VALIDATION,TEST,CLUST_0.70_00004,IMMEDIATE_EARLY
CANONICAL_518cf20a0e90,TRAIN,TRAIN,CLUST_0.70_00222,LATE
CANONICAL_51937ed114f5,TRAIN,TRAIN,CLUST_0.70_00164,LATE
CANONICAL_519601971dda,TRAIN,TRAIN,CLUST_0.70_00008,LATE
CANONICAL_519c4b6791eb,VALIDATION,TRAIN,CLUST_0.70_00223,LATE
CANONICAL_519ea7c50f56,VALIDATION,VALIDATION,CLUST_0.70_00064,LATE
CANONICAL_519eec8ddd6c,TRAIN,VALIDATION,CLUST_0.70_00010,EARLY
CANONICAL_51a0930b3409,TRAIN,TRAIN,CLUST_0.70_00008,LATE
CANONICAL_51a1c881c7fa,TRAIN,TRAIN,CLUST_0.70_00008,LATE
CANONICAL_51a33ab6ba8e,TRAIN,TRAIN,CLUST_0.70_00005,EARLY
CANONICAL_51a36d210967,TRAIN,TRAIN,CLUST_0.70_00024,LATE
CANONICAL_51a9ac1ad6eb,VALIDATION,TRAIN,CLUST_0.70_00005,LATE
CANONICAL_51b3144831b2,VALIDATION,VALIDATION,CLUST_0.70_00055,LATE
CANONICAL_51b323fed218,TRAIN,TRAIN,CLUST_0.70_00005,LATE
CANONICAL_51b427d732f7,VALIDATION,TRAIN,CLUST_0.70_00098,LATE
CANONICAL_51b7b3d0607f,TEST,TEST,CLUST_0.70_00030,EARLY
CANONICAL_51bc6eacefd5,VALIDATION,TRAIN,CLUST_0.70_00005,EARLY
CANONICAL_51c098b2c63c,TRAIN,TRAIN,CLUST_0.70_00005,LATE
CANONICAL_51c0c14c7dca,TEST,TRAIN,CLUST_0.70_00005,LATE
CANONICAL_51cca0f734a0,VALIDATION,TEST,CLUST_0.70_00080,LATE
CANONICAL_51dac3a068fe,TRAIN,TEST,CLUST_0.70_00030,EARLY
CANONICAL_51dc5e4ab35c,TEST,TRAIN,CLUST_0.70_00341,LATE
CANONICAL_51e9c9b962a0,TRAIN,VALIDATION,CLUST_0.70_00036,EARLY
CANONICAL_51e9dff7753b,TRAIN,TRAIN,CLUST_0.70_00008,LATE
CANONICAL_51ed326f19eb,TRAIN,VALIDATION,CLUST_0.70_00026,IMMEDIATE_EARLY
CANONICAL_51f680c49575,TRAIN,TEST,CLUST_0.70_00004,IMMEDIATE_EARLY
CANONICAL_51f94b4cf7ee,VALIDATION,TRAIN,CLUST_0.70_00005,LATE
CANONICAL_51fe939bf3c7,TRAIN,TEST,CLUST_0.70_00052,LATE
CANONICAL_5202670cb1c6,TRAIN,VALIDATION,CLUST_0.70_00055,LATE
CANONICAL_5202f9e1855b,TEST,TRAIN,CLUST_0.70_00008,LATE
CANONICAL_5207339818b3,TRAIN,TRAIN,CLUST_0.70_00062,LATE
CANONICAL_520980cb3281,TRAIN,TRAIN,CLUST_0.70_00005,EARLY
CANONICAL_5209ef700995,TRAIN,TEST,CLUST_0.70_00004,IMMEDIATE_EARLY
CANONICAL_520e1798a308,TRAIN,TRAIN,CLUST_0.70_00008,LATE
CANONICAL_52152d47ad99,TRAIN,TRAIN,CLUST_0.70_00008,LATE
CANONICAL_5216911673f3,VALIDATION,TRAIN,CLUST_0.70_00008,IMMEDIATE_EARLY
CANONICAL_521cf84204a4,TRAIN,TRAIN,CLUST_0.70_00005,LATE
CANONICAL_521f1541c48b,TEST,VALIDATION,CLUST_0.70_00079,LATE
CANONICAL_5225c5d4fd8a,VALIDATION,TRAIN,CLUST_0.70_00008,LATE
CANONICAL_522b026a1a2c,TEST,TEST,CLUST_0.70_00018,LATE
CANONICAL_52306fd552e0,TRAIN,TRAIN,CLUST_0.70_00005,LATE
CANONICAL_52342a316c20,TEST,VALIDATION,CLUST_0.70_00079,LATE
CANONICAL_5234a33255f7,VALIDATION,TRAIN,CLUST_0.70_00014,IMMEDIATE_EARLY
CANONICAL_5237afc128c1,VALIDATION,TRAIN,CLUST_0.70_00007,EARLY
CANONICAL_523807dc2d0f,TRAIN,TEST,CLUST_0.70_00030,EARLY
CANONICAL_5239877bf8bb,TEST,TEST,CLUST_0.70_00004,IMMEDIATE_EARLY
CANONICAL_523a5aab5b47,TEST,TRAIN,CLUST_0.70_00005,EARLY
CANONICAL_5240f32a6f3c,TRAIN,VALIDATION,CLUST_0.70_00029,LATE
CANONICAL_524263fa5c58,TRAIN,TRAIN,CLUST_0.70_00047,LATE
CANONICAL_524456a75ca4,TRAIN,TRAIN,CLUST_0.70_00008,LATE
CANONICAL_525050a8c1b9,TRAIN,VALIDATION,CLUST_0.70_00025,LATE
CANONICAL_5260f2abb0b5,TRAIN,TEST,CLUST_0.70_00001,LATE
CANONICAL_5261c280d06f,TRAIN,VALIDATION,CLUST_0.70_00041,EARLY
CANONICAL_5267736facc4,VALIDATION,TRAIN,CLUST_0.70_00005,LATE
CANONICAL_5269ddc7ea31,TRAIN,TRAIN,CLUST_0.70_00005,LATE
CANONICAL_527053277ea8,TRAIN,TRAIN,CLUST_0.70_00005,EARLY
CANONICAL_52736ad09022,TRAIN,TRAIN,CLUST_0.70_00005,EARLY
CANONICAL_527db698fe7f,TRAIN,TRAIN,CLUST_0.70_00008,LATE
CANONICAL_52869c7b265d,TRAIN,TRAIN,CLUST_0.70_00005,LATE
CANONICAL_528e08a4b548,TRAIN,TEST,CLUST_0.70_00004,IMMEDIATE_EARLY
CANONICAL_528e6591f19c,TRAIN,TEST,CLUST_0.70_00030,EARLY
CANONICAL_52948fd8cc17,TRAIN,TEST,CLUST_0.70_00071,LATE
CANONICAL_529c44270890,TRAIN,TRAIN,CLUST_0.70_00024,LATE
CANONICAL_529f97d697ba,VALIDATION,TRAIN,CLUST_0.70_00008,LATE
CANONICAL_52a254b564b4,TRAIN,VALIDATION,CLUST_0.70_00064,LATE
CANONICAL_52a2ededd571,TRAIN,TRAIN,CLUST_0.70_00102,LATE
CANONICAL_52a89943cedf,TRAIN,TEST,CLUST_0.70_00071,LATE
CANONICAL_52ae8c34b55a,TRAIN,VALIDATION,CLUST_0.70_00031,LATE
CANONICAL_52b7bf2e843b,TRAIN,TRAIN,CLUST_0.70_00005,LATE
CANONICAL_52c6ff322811,VALIDATION,TRAIN,CLUST_0.70_00008,LATE
CANONICAL_52cdb27fe885,TRAIN,TEST,CLUST_0.70_00018,LATE
CANONICAL_52ce8adee99b,TRAIN,VALIDATION,CLUST_0.70_00064,LATE
CANONICAL_52d163e0c4cf,TEST,TRAIN,CLUST_0.70_00005,LATE
CANONICAL_52d275e84656,TRAIN,TEST,CLUST_0.70_00004,IMMEDIATE_EARLY
CANONICAL_52d52efc30f9,TRAIN,TRAIN,CLUST_0.70_00005,EARLY
CANONICAL_52dc20fccd29,TRAIN,TRAIN,CLUST_0.70_00007,LATE
CANONICAL_52dfddf23fed,TRAIN,VALIDATION,CLUST_0.70_00028,EARLY
CANONICAL_52e9e747de91,TRAIN,TRAIN,CLUST_0.70_00129,LATE
CANONICAL_52f04d213923,TRAIN,TRAIN,CLUST_0.70_00005,EARLY
CANONICAL_52f19f246c71,TRAIN,TRAIN,CLUST_0.70_00008,LATE
CANONICAL_52f9de54ab75,TRAIN,VALIDATION,CLUST_0.70_00190,LATE
CANONICAL_52fef558e322,TRAIN,TRAIN,CLUST_0.70_00047,LATE
CANONICAL_53032bf14268,VALIDATION,TRAIN,CLUST_0.70_00197,IMMEDIATE_EARLY
CANONICAL_530946c09a4c,TRAIN,TRAIN,CLUST_0.70_00008,LATE
CANONICAL_530b349f2603,TRAIN,TEST,CLUST_0.70_00001,LATE
CANONICAL_5311da013e78,TRAIN,TRAIN,CLUST_0.70_00008,LATE
CANONICAL_5317f7d4b752,TRAIN,TRAIN,CLUST_0.70_00007,LATE
CANONICAL_5321d4791a00,TRAIN,TEST,CLUST_0.70_00001,LATE
CANONICAL_53268e4db207,TEST,VALIDATION,CLUST_0.70_00026,IMMEDIATE_EARLY
CANONICAL_5327dc644766,TRAIN,TEST,CLUST_0.70_00052,LATE
CANONICAL_532a680771a9,TRAIN,TRAIN,CLUST_0.70_00005,EARLY
CANONICAL_533147daf74e,VALIDATION,TEST,CLUST_0.70_00071,LATE
CANONICAL_53323fed51c8,TRAIN,VALIDATION,CLUST_0.70_00017,LATE
CANONICAL_5332f6d44929,TEST,TRAIN,CLUST_0.70_00005,EARLY
CANONICAL_5338d4b4354d,TRAIN,TEST,CLUST_0.70_00004,IMMEDIATE_EARLY
CANONICAL_533e3cd4f3de,TRAIN,TRAIN,CLUST_0.70_00007,EARLY
CANONICAL_5340d3388762,TRAIN,TRAIN,CLUST_0.70_00007,LATE
CANONICAL_5343c9a9cbbe,TEST,TRAIN,CLUST_0.70_00008,LATE
CANONICAL_534659da5698,TRAIN,VALIDATION,CLUST_0.70_00127,LATE
CANONICAL_53490fe29a7c,TRAIN,VALIDATION,CLUST_0.70_00127,LATE
CANONICAL_534e3781e84c,TRAIN,TRAIN,CLUST_0.70_00008,LATE
CANONICAL_535a86ad9f5e,TRAIN,TEST,CLUST_0.70_00071,LATE
CANONICAL_535d078a15ec,TRAIN,TRAIN,CLUST_0.70_00008,IMMEDIATE_EARLY
CANONICAL_5360dc5b97fb,TRAIN,TEST,CLUST_0.70_00004,IMMEDIATE_EARLY
CANONICAL_536bd362d973,TEST,TEST,CLUST_0.70_00004,IMMEDIATE_EARLY
CANONICAL_53701310f780,TRAIN,TRAIN,CLUST_0.70_00005,LATE
CANONICAL_53758897855d,TRAIN,TRAIN,CLUST_0.70_00005,EARLY
CANONICAL_53778e3f6a04,TEST,TRAIN,CLUST_0.70_00007,IMMEDIATE_EARLY
CANONICAL_53791fa92c2d,TRAIN,VALIDATION,CLUST_0.70_00026,IMMEDIATE_EARLY
CANONICAL_537c19492745,TRAIN,TRAIN,CLUST_0.70_00005,EARLY
CANONICAL_537f1c2aaafe,TRAIN,TEST,CLUST_0.70_00004,IMMEDIATE_EARLY
CANONICAL_5380bce6f98e,TRAIN,TRAIN,CLUST_0.70_00005,EARLY
CANONICAL_53847c8985d9,TRAIN,TRAIN,CLUST_0.70_00090,LATE
CANONICAL_538c9f54d33d,VALIDATION,TRAIN,CLUST_0.70_00005,EARLY
CANONICAL_538cf20d3d66,TRAIN,TRAIN,CLUST_0.70_00007,LATE
CANONICAL_53925266bb5b,TRAIN,TRAIN,CLUST_0.70_00132,LATE
CANONICAL_53933c455a93,TRAIN,TRAIN,CLUST_0.70_00008,LATE
CANONICAL_539df269c2cd,TRAIN,TRAIN,CLUST_0.70_00181,LATE
CANONICAL_53a844ea4764,TRAIN,TRAIN,CLUST_0.70_00005,LATE
CANONICAL_53b5a42df9e6,VALIDATION,TEST,CLUST_0.70_00004,IMMEDIATE_EARLY
CANONICAL_53b7f9532fe6,TRAIN,TEST,CLUST_0.70_00052,LATE
CANONICAL_53ba8b7083b8,TEST,VALIDATION,CLUST_0.70_00025,LATE
CANONICAL_53baf41904e8,TRAIN,TRAIN,CLUST_0.70_00005,EARLY
CANONICAL_53bcaf6cb5f4,TRAIN,TRAIN,CLUST_0.70_00005,EARLY
CANONICAL_53bcf0a1da83,TRAIN,TEST,CLUST_0.70_00030,EARLY
CANONICAL_53be2f989bc3,TRAIN,TEST,CLUST_0.70_00052,LATE
CANONICAL_53bf26093e6d,VALIDATION,TRAIN,CLUST_0.70_00008,LATE
CANONICAL_53c2a7499c2f,TRAIN,TRAIN,CLUST_0.70_00008,LATE
CANONICAL_53d4ef5e079a,TEST,VALIDATION,CLUST_0.70_00064,LATE
CANONICAL_53d734381b7f,TEST,TRAIN,CLUST_0.70_00007,EARLY
CANONICAL_53dbc2561994,TRAIN,TRAIN,CLUST_0.70_00008,LATE
CANONICAL_53e4ecd726b4,TEST,TRAIN,CLUST_0.70_00008,LATE
CANONICAL_53e5a4a2f4ec,VALIDATION,VALIDATION,CLUST_0.70_00017,LATE
CANONICAL_53e6a60d1c9b,TEST,TRAIN,CLUST_0.70_00008,LATE
CANONICAL_53e6b4af8425,TRAIN,TRAIN,CLUST_0.70_00005,LATE
CANONICAL_53eff60ba110,TRAIN,TRAIN,CLUST_0.70_00005,EARLY
CANONICAL_53f6ef15705b,TRAIN,TRAIN,CLUST_0.70_00008,LATE
CANONICAL_53fd65760337,TEST,TEST,CLUST_0.70_00071,LATE
CANONICAL_53fef177eaa3,TEST,TEST,CLUST_0.70_00004,IMMEDIATE_EARLY
CANONICAL_54048904e063,TRAIN,TRAIN,CLUST_0.70_00227,LATE
CANONICAL_5404d0a165a8,TRAIN,VALIDATION,CLUST_0.70_00031,LATE
CANONICAL_5404f8aeb3fd,TRAIN,VALIDATION,CLUST_0.70_00029,LATE
CANONICAL_54060bbb0c02,TRAIN,TRAIN,CLUST_0.70_00005,LATE
CANONICAL_54107d716e71,TRAIN,TEST,CLUST_0.70_00018,EARLY
CANONICAL_541386d3e9fe,TRAIN,TEST,CLUST_0.70_00071,LATE
CANONICAL_5413e4fcb764,TRAIN,VALIDATION,CLUST_0.70_00038,LATE
CANONICAL_541cf18268a7,TRAIN,VALIDATION,CLUST_0.70_00026,IMMEDIATE_EARLY
CANONICAL_542213e82757,VALIDATION,TRAIN,CLUST_0.70_00005,LATE
CANONICAL_5422fc4007a0,TEST,TEST,CLUST_0.70_00001,LATE
CANONICAL_542306c412f9,TRAIN,TEST,CLUST_0.70_00030,EARLY
CANONICAL_54239b0a5b40,TRAIN,VALIDATION,CLUST_0.70_00026,IMMEDIATE_EARLY
CANONICAL_54254a60adb9,TRAIN,TRAIN,CLUST_0.70_00007,LATE
CANONICAL_54270426b597,TRAIN,TEST,CLUST_0.70_00001,LATE
CANONICAL_5428dcbee771,TRAIN,TEST,CLUST_0.70_00018,LATE
CANONICAL_5429329bd351,VALIDATION,TEST,CLUST_0.70_00052,LATE
CANONICAL_542aa89bff60,VALIDATION,TRAIN,CLUST_0.70_00007,LATE
CANONICAL_5432a73fbdbd,TRAIN,VALIDATION,CLUST_0.70_00055,LATE
CANONICAL_543503fea6a6,TEST,TRAIN,CLUST_0.70_00008,LATE
CANONICAL_543991277196,TEST,TEST,CLUST_0.70_00001,LATE
CANONICAL_5439d1cea23e,TRAIN,TEST,CLUST_0.70_00030,EARLY
CANONICAL_543c65f8658f,TRAIN,TEST,CLUST_0.70_00071,LATE
CANONICAL_543cbdd16335,TRAIN,TRAIN,CLUST_0.70_00062,LATE
CANONICAL_5441cc52b127,TRAIN,TRAIN,CLUST_0.70_00075,LATE
CANONICAL_5441e96407c7,VALIDATION,TRAIN,CLUST_0.70_00005,EARLY
CANONICAL_5444fd05c8d9,TEST,TEST,CLUST_0.70_00030,EARLY
CANONICAL_54463dad9506,TRAIN,TEST,CLUST_0.70_00030,EARLY
CANONICAL_5447ce0613ad,TRAIN,TRAIN,CLUST_0.70_00005,EARLY
CANONICAL_544bfcc0ce35,TRAIN,VALIDATION,CLUST_0.70_00031,LATE
CANONICAL_544c97294197,TRAIN,TEST,CLUST_0.70_00030,EARLY
CANONICAL_544e150106d1,VALIDATION,VALIDATION,CLUST_0.70_00038,LATE
CANONICAL_545896ea0790,TRAIN,TRAIN,CLUST_0.70_00005,EARLY
CANONICAL_545da8ba022c,TRAIN,TRAIN,CLUST_0.70_00007,EARLY
CANONICAL_54622be4c6cf,TRAIN,TRAIN,CLUST_0.70_00008,LATE
CANONICAL_546902cb9bd7,TEST,TRAIN,CLUST_0.70_00005,EARLY
CANONICAL_546a1c9a86b1,TRAIN,VALIDATION,CLUST_0.70_00028,EARLY
CANONICAL_546d415609e2,TRAIN,TRAIN,CLUST_0.70_00008,LATE
CANONICAL_546f0168b767,VALIDATION,TEST,CLUST_0.70_00004,IMMEDIATE_EARLY
CANONICAL_546f296ecfa9,TRAIN,VALIDATION,CLUST_0.70_00065,LATE
CANONICAL_5470561fd0c0,TRAIN,TEST,CLUST_0.70_00004,IMMEDIATE_EARLY
CANONICAL_54706d061f51,VALIDATION,TRAIN,CLUST_0.70_00005,EARLY
CANONICAL_547258eaf74f,TRAIN,TRAIN,CLUST_0.70_00008,LATE
CANONICAL_547c2d802095,TEST,VALIDATION,CLUST_0.70_00029,LATE
CANONICAL_547cff580773,TRAIN,TEST,CLUST_0.70_00015,LATE
CANONICAL_54808eceddf9,TRAIN,TRAIN,CLUST_0.70_00024,LATE
CANONICAL_5484ae467147,TRAIN,TRAIN,CLUST_0.70_00075,LATE
CANONICAL_549b62fa205d,TEST,TRAIN,CLUST_0.70_00005,LATE
CANONICAL_549b9cdd5c44,TRAIN,VALIDATION,CLUST_0.70_00106,LATE
CANONICAL_549ca2a6e10a,TRAIN,TEST,CLUST_0.70_00004,IMMEDIATE_EARLY
CANONICAL_549e24b7bf72,TEST,TEST,CLUST_0.70_00052,LATE
CANONICAL_549f64080cbd,TEST,TRAIN,CLUST_0.70_00008,LATE
CANONICAL_549fc78e0729,TRAIN,TEST,CLUST_0.70_00030,EARLY
CANONICAL_54a08d5b9ba7,TRAIN,VALIDATION,CLUST_0.70_00079,LATE
CANONICAL_54a175cd46c5,VALIDATION,TRAIN,CLUST_0.70_00008,LATE
CANONICAL_54abbc8fff6e,TRAIN,TEST,CLUST_0.70_00004,IMMEDIATE_EARLY
CANONICAL_54b068faea71,TRAIN,VALIDATION,CLUST_0.70_00065,LATE
CANONICAL_54b0ec06a022,TRAIN,TRAIN,CLUST_0.70_00005,EARLY
CANONICAL_54b6efb58b32,TRAIN,VALIDATION,CLUST_0.70_00028,EARLY
CANONICAL_54b93c1e26f4,TRAIN,TRAIN,CLUST_0.70_00007,EARLY
CANONICAL_54ba9b9e1741,TEST,TRAIN,CLUST_0.70_00222,LATE
CANONICAL_54c0bceba9ba,TRAIN,TRAIN,CLUST_0.70_00008,LATE
CANONICAL_54c4874e3de9,TRAIN,VALIDATION,CLUST_0.70_00031,LATE
CANONICAL_54c516a32a77,TRAIN,TRAIN,CLUST_0.70_00005,LATE
CANONICAL_54c6fcf086a2,VALIDATION,TEST,CLUST_0.70_00009,LATE
CANONICAL_54c987fd555e,VALIDATION,TEST,CLUST_0.70_00020,LATE
CANONICAL_54e11a6fdc28,TEST,VALIDATION,CLUST_0.70_00064,LATE
CANONICAL_54e170e3cf37,VALIDATION,VALIDATION,CLUST_0.70_00017,LATE
CANONICAL_54ea54741241,TRAIN,TRAIN,CLUST_0.70_00008,LATE
CANONICAL_54f2ee667ccf,VALIDATION,TRAIN,CLUST_0.70_00008,LATE
CANONICAL_54f4c292c182,TEST,TRAIN,CLUST_0.70_00005,LATE
CANONICAL_54f5e07f572e,VALIDATION,VALIDATION,CLUST_0.70_00079,LATE
CANONICAL_54f60942b597,TRAIN,TRAIN,CLUST_0.70_00005,LATE
CANONICAL_54f6536c5643,TRAIN,TEST,CLUST_0.70_00001,LATE
CANONICAL_54fa2856e324,TRAIN,TRAIN,CLUST_0.70_00033,IMMEDIATE_EARLY
CANONICAL_55002471f42a,VALIDATION,TRAIN,CLUST_0.70_00005,EARLY
CANONICAL_550251d2eb3d,TRAIN,VALIDATION,CLUST_0.70_00025,LATE
CANONICAL_5505134b39ed,TRAIN,VALIDATION,CLUST_0.70_00041,EARLY
CANONICAL_550af1bbcee5,TRAIN,TEST,CLUST_0.70_00030,EARLY
CANONICAL_550bfa8fb932,TRAIN,TRAIN,CLUST_0.70_00005,EARLY
CANONICAL_5510c6d15845,TEST,VALIDATION,CLUST_0.70_00026,IMMEDIATE_EARLY
CANONICAL_55142362dd78,TRAIN,VALIDATION,CLUST_0.70_00010,EARLY
CANONICAL_55196cf18f26,TEST,TEST,CLUST_0.70_00018,LATE
CANONICAL_551c2be4d64c,TRAIN,TRAIN,CLUST_0.70_00007,LATE
CANONICAL_55222bd6d0f3,TEST,TRAIN,CLUST_0.70_00147,IMMEDIATE_EARLY
CANONICAL_5522b00389ac,TRAIN,TRAIN,CLUST_0.70_00053,LATE
CANONICAL_5527a620f025,TRAIN,VALIDATION,CLUST_0.70_00086,LATE
CANONICAL_55287f8aed78,VALIDATION,TRAIN,CLUST_0.70_00005,LATE
CANONICAL_552e3a2cdd17,TRAIN,VALIDATION,CLUST_0.70_00025,LATE
CANONICAL_553092054f9b,TRAIN,TRAIN,CLUST_0.70_00007,LATE
CANONICAL_5533873e2cd2,VALIDATION,TEST,CLUST_0.70_00052,LATE
CANONICAL_55369e4a2eae,TEST,VALIDATION,CLUST_0.70_00026,IMMEDIATE_EARLY
CANONICAL_553a9f4f843a,TRAIN,TRAIN,CLUST_0.70_00007,LATE
CANONICAL_553cf5f05eec,VALIDATION,TEST,CLUST_0.70_00030,EARLY
CANONICAL_553dc65b0ef4,VALIDATION,TRAIN,CLUST_0.70_00008,LATE
CANONICAL_554237bb416c,TRAIN,TRAIN,CLUST_0.70_00008,LATE
CANONICAL_55473010cde9,TRAIN,TRAIN,CLUST_0.70_00005,EARLY
CANONICAL_5549fe40ebeb,TRAIN,TEST,CLUST_0.70_00052,LATE
CANONICAL_554c582d9dbe,TRAIN,TEST,CLUST_0.70_00018,EARLY
CANONICAL_5550e1afc3f1,TEST,TRAIN,CLUST_0.70_00005,EARLY
CANONICAL_5551a2351aec,TRAIN,TRAIN,CLUST_0.70_00005,LATE
CANONICAL_55545990cc91,TRAIN,TEST,CLUST_0.70_00001,LATE
CANONICAL_55551e1bd183,TRAIN,VALIDATION,CLUST_0.70_00029,LATE
CANONICAL_5555e48d2a36,VALIDATION,TEST,CLUST_0.70_00001,LATE
CANONICAL_5558869dae5c,TRAIN,TRAIN,CLUST_0.70_00005,EARLY
CANONICAL_5559d8f65055,VALIDATION,TRAIN,CLUST_0.70_00133,LATE
CANONICAL_555a6163f4e5,TRAIN,TRAIN,CLUST_0.70_00005,LATE
CANONICAL_555b192ce60b,TRAIN,TRAIN,CLUST_0.70_00091,LATE
CANONICAL_555d7add6fc7,TRAIN,TEST,CLUST_0.70_00052,LATE
CANONICAL_5565f2470e7f,VALIDATION,TRAIN,CLUST_0.70_00005,EARLY
CANONICAL_5565f9434ab5,TEST,TRAIN,CLUST_0.70_00005,LATE
CANONICAL_5566ae291027,TRAIN,TRAIN,CLUST_0.70_00005,LATE
CANONICAL_5568f434fc15,TRAIN,TEST,CLUST_0.70_00018,LATE
CANONICAL_556923b001a5,TRAIN,TRAIN,CLUST_0.70_00005,EARLY
CANONICAL_556b432fd7f4,VALIDATION,TRAIN,CLUST_0.70_00005,EARLY
CANONICAL_556e934843d0,TRAIN,TEST,CLUST_0.70_00030,EARLY
CANONICAL_557e84ac450e,TRAIN,VALIDATION,CLUST_0.70_00010,EARLY
CANONICAL_5580194e78de,TRAIN,VALIDATION,CLUST_0.70_00017,LATE
CANONICAL_5582c533e3af,TRAIN,TRAIN,CLUST_0.70_00005,EARLY
CANONICAL_55834e05b0e9,TRAIN,TEST,CLUST_0.70_00071,LATE
CANONICAL_5586aa255283,TRAIN,TRAIN,CLUST_0.70_00005,LATE
CANONICAL_5590573df3e0,TRAIN,TRAIN,CLUST_0.70_00175,LATE
CANONICAL_559536a614f6,VALIDATION,TRAIN,CLUST_0.70_00005,EARLY
CANONICAL_55997f5030ef,TRAIN,VALIDATION,CLUST_0.70_00029,LATE
CANONICAL_55a0e602d82d,TRAIN,TEST,CLUST_0.70_00080,LATE
CANONICAL_55a8cc871b01,TRAIN,VALIDATION,CLUST_0.70_00038,LATE
CANONICAL_55af797b0245,TRAIN,TEST,CLUST_0.70_00018,LATE
CANONICAL_55b05cfd6390,TRAIN,TRAIN,CLUST_0.70_00008,LATE
CANONICAL_55b81fad920e,TRAIN,TRAIN,CLUST_0.70_00005,EARLY
CANONICAL_55b882458b4a,TRAIN,TRAIN,CLUST_0.70_00005,EARLY
CANONICAL_55ba8d80a076,TRAIN,TRAIN,CLUST_0.70_00005,EARLY
CANONICAL_55bcab3ac2be,TRAIN,TRAIN,CLUST_0.70_00057,LATE
CANONICAL_55c2c17ec5a9,TRAIN,TEST,CLUST_0.70_00004,IMMEDIATE_EARLY
CANONICAL_55c3061b0375,TRAIN,TRAIN,CLUST_0.70_00007,EARLY
CANONICAL_55ce72441cc5,TRAIN,TRAIN,CLUST_0.70_00005,LATE
CANONICAL_55d318bbf14a,TEST,TRAIN,CLUST_0.70_00218,IMMEDIATE_EARLY
CANONICAL_55d81b86aa12,TEST,TRAIN,CLUST_0.70_00008,LATE
CANONICAL_55d830067284,TRAIN,TEST,CLUST_0.70_00004,IMMEDIATE_EARLY
CANONICAL_55dfd31d7bb3,TRAIN,TRAIN,CLUST_0.70_00367,LATE
CANONICAL_55e5555c998b,TRAIN,VALIDATION,CLUST_0.70_00010,LATE
CANONICAL_55e5deaed0e5,VALIDATION,TRAIN,CLUST_0.70_00007,LATE
CANONICAL_55e783c154a2,TRAIN,TRAIN,CLUST_0.70_00048,LATE
CANONICAL_55e94bc78c23,TEST,TRAIN,CLUST_0.70_00008,LATE
CANONICAL_55f397f41b65,TRAIN,TEST,CLUST_0.70_00015,LATE
CANONICAL_55f5faa4f92e,TRAIN,VALIDATION,CLUST_0.70_00006,IMMEDIATE_EARLY
CANONICAL_55fa4a4650c8,TRAIN,TRAIN,CLUST_0.70_00005,EARLY
CANONICAL_56093d93be3e,TRAIN,TRAIN,CLUST_0.70_00008,LATE
CANONICAL_56098f61fb3e,TEST,TRAIN,CLUST_0.70_00008,LATE
CANONICAL_56106c59e86e,TRAIN,TRAIN,CLUST_0.70_00005,LATE
CANONICAL_561188eba6dd,TRAIN,TRAIN,CLUST_0.70_00110,EARLY
CANONICAL_561744752da2,TRAIN,TEST,CLUST_0.70_00052,LATE
CANONICAL_56175da1677d,VALIDATION,VALIDATION,CLUST_0.70_00028,EARLY
CANONICAL_5619e7ceeb7c,TRAIN,TRAIN,CLUST_0.70_00164,LATE
CANONICAL_56212c71e8be,VALIDATION,TRAIN,CLUST_0.70_00005,LATE
CANONICAL_562970fd9509,TRAIN,TRAIN,CLUST_0.70_00005,EARLY
CANONICAL_5629ad219235,TRAIN,TRAIN,CLUST_0.70_00005,EARLY
CANONICAL_562aec07f1f7,TRAIN,TRAIN,CLUST_0.70_00005,EARLY
CANONICAL_562b0b9920c0,TEST,TRAIN,CLUST_0.70_00005,EARLY
CANONICAL_562bfcb95c01,TRAIN,TRAIN,CLUST_0.70_00008,LATE
CANONICAL_562c3f05bb88,TEST,TRAIN,CLUST_0.70_00062,LATE
CANONICAL_5631f5b20609,TRAIN,TRAIN,CLUST_0.70_00007,LATE
CANONICAL_5632d79db35e,TRAIN,VALIDATION,CLUST_0.70_00169,LATE
CANONICAL_56364519f5db,TEST,TRAIN,CLUST_0.70_00005,LATE
CANONICAL_563bb5dd1fe2,TRAIN,TRAIN,CLUST_0.70_00005,EARLY
CANONICAL_563d5cbf9294,TRAIN,TRAIN,CLUST_0.70_00008,IMMEDIATE_EARLY
CANONICAL_563eba3fc2e1,TRAIN,TRAIN,CLUST_0.70_00047,LATE
CANONICAL_564738f81660,TEST,TRAIN,CLUST_0.70_00005,LATE
CANONICAL_565fdc49abcc,VALIDATION,TEST,CLUST_0.70_00001,LATE
CANONICAL_566357ac825b,TEST,TRAIN,CLUST_0.70_00045,IMMEDIATE_EARLY
CANONICAL_566bdb859b57,VALIDATION,TRAIN,CLUST_0.70_00008,LATE
CANONICAL_566c92f59f83,VALIDATION,TEST,CLUST_0.70_00001,LATE
CANONICAL_566f9c33b8b1,VALIDATION,VALIDATION,CLUST_0.70_00029,LATE
CANONICAL_56702a839cf3,TRAIN,TRAIN,CLUST_0.70_00008,LATE
CANONICAL_5670581014c5,VALIDATION,TRAIN,CLUST_0.70_00091,LATE
CANONICAL_56767de3ca2c,TRAIN,TEST,CLUST_0.70_00018,LATE
CANONICAL_56784e588158,TEST,TRAIN,CLUST_0.70_00156,EARLY
CANONICAL_56837b4b81a0,VALIDATION,TRAIN,CLUST_0.70_00102,LATE
CANONICAL_56926f0c627d,TRAIN,TRAIN,CLUST_0.70_00008,LATE
CANONICAL_5694a85fd8b4,TRAIN,TRAIN,CLUST_0.70_00005,EARLY
CANONICAL_569598f5506a,TEST,TEST,CLUST_0.70_00037,LATE
CANONICAL_569774b28044,TRAIN,TRAIN,CLUST_0.70_00005,LATE
CANONICAL_569a8208661f,TRAIN,TRAIN,CLUST_0.70_00056,LATE
CANONICAL_569c8bae4b57,VALIDATION,VALIDATION,CLUST_0.70_00017,LATE
CANONICAL_569fe7db7f13,TRAIN,TEST,CLUST_0.70_00030,EARLY
CANONICAL_56a67d2d5ffd,TRAIN,TRAIN,CLUST_0.70_00005,EARLY
CANONICAL_56a7129a1c0b,TEST,TRAIN,CLUST_0.70_00005,LATE
CANONICAL_56a951b04d8a,VALIDATION,TRAIN,CLUST_0.70_00008,LATE
CANONICAL_56aa4ada5179,TRAIN,TEST,CLUST_0.70_00071,LATE
CANONICAL_56ae04466f59,TRAIN,TRAIN,CLUST_0.70_00005,LATE
CANONICAL_56ae1f484410,TRAIN,TEST,CLUST_0.70_00071,LATE
CANONICAL_56b064e48384,TRAIN,TRAIN,CLUST_0.70_00008,LATE
CANONICAL_56b0929207fd,TRAIN,TRAIN,CLUST_0.70_00008,LATE
CANONICAL_56b4d708526c,TRAIN,TRAIN,CLUST_0.70_00008,LATE
CANONICAL_56b6fd094664,TRAIN,TRAIN,CLUST_0.70_00091,LATE
CANONICAL_56b808f68862,TRAIN,VALIDATION,CLUST_0.70_00059,LATE
CANONICAL_56c704f55ded,VALIDATION,TRAIN,CLUST_0.70_00005,LATE
CANONICAL_56c9bb8dbbf3,TRAIN,TRAIN,CLUST_0.70_00007,EARLY
CANONICAL_56cea0e7a98c,TRAIN,TRAIN,CLUST_0.70_00005,LATE
CANONICAL_56d09f7ff947,TRAIN,TRAIN,CLUST_0.70_00008,LATE
CANONICAL_56d1a3f201e9,TRAIN,TRAIN,CLUST_0.70_00008,LATE
CANONICAL_56d1d247efc4,TRAIN,TRAIN,CLUST_0.70_00008,LATE
CANONICAL_56d808caff7f,TRAIN,VALIDATION,CLUST_0.70_00064,LATE
CANONICAL_56da1bdbb819,VALIDATION,TEST,CLUST_0.70_00004,EARLY
CANONICAL_56e2d93fd9d0,TRAIN,TRAIN,CLUST_0.70_00008,LATE
CANONICAL_56e2e23fa561,TRAIN,TRAIN,CLUST_0.70_00005,LATE
CANONICAL_56f24e2af9b7,VALIDATION,TRAIN,CLUST_0.70_00005,LATE
CANONICAL_570447f47c04,TEST,TRAIN,CLUST_0.70_00075,LATE
CANONICAL_5704fbe3efc2,TEST,TRAIN,CLUST_0.70_00005,LATE
CANONICAL_57109ce9d0ae,TRAIN,TRAIN,CLUST_0.70_00220,LATE
CANONICAL_5713ae4ce732,TRAIN,TEST,CLUST_0.70_00004,IMMEDIATE_EARLY
CANONICAL_571698eb38d3,VALIDATION,TEST,CLUST_0.70_00018,LATE
CANONICAL_571b76f4f1b5,VALIDATION,TRAIN,CLUST_0.70_00008,LATE
CANONICAL_571d3f3815a7,TRAIN,TRAIN,CLUST_0.70_00005,LATE
CANONICAL_572265ff21e8,TEST,TEST,CLUST_0.70_00030,EARLY
CANONICAL_572375122541,TRAIN,TRAIN,CLUST_0.70_00007,LATE
CANONICAL_5729fac59370,TRAIN,TRAIN,CLUST_0.70_00008,LATE
CANONICAL_572c42b813e5,TEST,VALIDATION,CLUST_0.70_00038,LATE
CANONICAL_573099d96985,TRAIN,TRAIN,CLUST_0.70_00005,EARLY
CANONICAL_573e966eec4c,TRAIN,TRAIN,CLUST_0.70_00091,LATE
CANONICAL_57431f503579,TRAIN,TEST,CLUST_0.70_00004,IMMEDIATE_EARLY
CANONICAL_5746d716509d,VALIDATION,TRAIN,CLUST_0.70_00008,LATE
CANONICAL_57476df20dbb,TRAIN,VALIDATION,CLUST_0.70_00025,LATE
CANONICAL_575164ff2764,TRAIN,TEST,CLUST_0.70_00030,EARLY
CANONICAL_5755b60b17fe,TRAIN,TEST,CLUST_0.70_00030,EARLY
CANONICAL_575df1bf8fa0,TEST,TRAIN,CLUST_0.70_00008,LATE
CANONICAL_5760befd01c1,VALIDATION,TRAIN,CLUST_0.70_00005,EARLY
CANONICAL_57631f3d7109,TRAIN,TEST,CLUST_0.70_00001,LATE
CANONICAL_576880b70d59,TRAIN,TRAIN,CLUST_0.70_00008,LATE
CANONICAL_576994ed222e,TRAIN,VALIDATION,CLUST_0.70_00040,EARLY
CANONICAL_57712cdaa546,VALIDATION,VALIDATION,CLUST_0.70_00065,LATE
CANONICAL_57718be8c1b9,TEST,TRAIN,CLUST_0.70_00047,LATE
CANONICAL_5771bd228fa9,TRAIN,TRAIN,CLUST_0.70_00008,LATE
CANONICAL_57796cda953d,TRAIN,VALIDATION,CLUST_0.70_00086,LATE
CANONICAL_57848e5c9bd5,TRAIN,TEST,CLUST_0.70_00004,IMMEDIATE_EARLY
CANONICAL_57866625a6dd,TEST,TEST,CLUST_0.70_00001,LATE
CANONICAL_5786e4fb89dd,VALIDATION,VALIDATION,CLUST_0.70_00038,LATE
CANONICAL_578bfee48981,TRAIN,TRAIN,CLUST_0.70_00005,LATE
CANONICAL_578cd6d4820c,TRAIN,TRAIN,CLUST_0.70_00005,EARLY
CANONICAL_578ecd25745b,TEST,TRAIN,CLUST_0.70_00008,LATE
CANONICAL_579070716039,TRAIN,TRAIN,CLUST_0.70_00007,EARLY
CANONICAL_579250a2dc85,TRAIN,VALIDATION,CLUST_0.70_00058,LATE
CANONICAL_5794787269fa,TEST,TRAIN,CLUST_0.70_00008,LATE
CANONICAL_57a9e00ac007,TRAIN,VALIDATION,CLUST_0.70_00031,LATE
CANONICAL_57ac0a8c9d5f,TRAIN,TRAIN,CLUST_0.70_00005,EARLY
CANONICAL_57ae6dab59b0,TEST,TEST,CLUST_0.70_00080,LATE
CANONICAL_57b61c9afbb6,TRAIN,TEST,CLUST_0.70_00001,LATE
CANONICAL_57b7e9910e03,TEST,TRAIN,CLUST_0.70_00005,EARLY
CANONICAL_57b8fc8e6714,TRAIN,TRAIN,CLUST_0.70_00005,LATE
CANONICAL_57bde28bfb10,TRAIN,TRAIN,CLUST_0.70_00008,LATE
CANONICAL_57bfba10a630,TEST,TEST,CLUST_0.70_00001,LATE
CANONICAL_57bfe7f02dfc,TRAIN,TRAIN,CLUST_0.70_00007,LATE
CANONICAL_57c53808e737,TRAIN,VALIDATION,CLUST_0.70_00041,EARLY
CANONICAL_57c6d72d726c,VALIDATION,TRAIN,CLUST_0.70_00005,EARLY
CANONICAL_57cd72174994,VALIDATION,TEST,CLUST_0.70_00052,LATE
CANONICAL_57cfd24f1fcd,TRAIN,TRAIN,CLUST_0.70_00091,LATE
CANONICAL_57d2d1188833,TRAIN,TEST,CLUST_0.70_00030,EARLY
CANONICAL_57d462b45e88,TRAIN,TEST,CLUST_0.70_00071,LATE
CANONICAL_57da87fe2fd1,TRAIN,TRAIN,CLUST_0.70_00062,LATE
CANONICAL_57dafcc0dc04,VALIDATION,TRAIN,CLUST_0.70_00005,LATE
CANONICAL_57ec1afb02d1,TRAIN,TRAIN,CLUST_0.70_00005,LATE
CANONICAL_57edd1f0f8d0,TEST,TEST,CLUST_0.70_00030,EARLY
CANONICAL_57f32a76c9cc,TRAIN,TEST,CLUST_0.70_00015,LATE
CANONICAL_57fa083d7ede,TRAIN,TEST,CLUST_0.70_00001,LATE
CANONICAL_57fbcc14c6a6,TRAIN,TRAIN,CLUST_0.70_00008,LATE
CANONICAL_57fe3670e71d,TRAIN,VALIDATION,CLUST_0.70_00026,IMMEDIATE_EARLY
CANONICAL_5809a4d49168,TRAIN,TRAIN,CLUST_0.70_00008,EARLY
CANONICAL_580d979ff244,TRAIN,VALIDATION,CLUST_0.70_00026,IMMEDIATE_EARLY
CANONICAL_58117ca60416,VALIDATION,VALIDATION,CLUST_0.70_00025,LATE
CANONICAL_5817d9f5e1d3,TEST,TRAIN,CLUST_0.70_00007,EARLY
CANONICAL_5817de36a406,TRAIN,TEST,CLUST_0.70_00004,IMMEDIATE_EARLY
CANONICAL_581d4e70e3ad,TRAIN,TEST,CLUST_0.70_00030,EARLY
CANONICAL_581dcdd362bf,TEST,TEST,CLUST_0.70_00037,LATE
CANONICAL_58228bb98872,TRAIN,TRAIN,CLUST_0.70_00008,LATE
CANONICAL_5827df1e79cb,TRAIN,TEST,CLUST_0.70_00001,LATE
CANONICAL_5828eaa6a7a9,TRAIN,TRAIN,CLUST_0.70_00008,LATE
CANONICAL_582c194aa019,TRAIN,VALIDATION,CLUST_0.70_00026,IMMEDIATE_EARLY
CANONICAL_58323ee937ee,TRAIN,VALIDATION,CLUST_0.70_00064,LATE
CANONICAL_583bf8dafb8f,TRAIN,VALIDATION,CLUST_0.70_00006,IMMEDIATE_EARLY
CANONICAL_5842d7b3e090,TRAIN,TRAIN,CLUST_0.70_00005,LATE
CANONICAL_5843bb145b1a,TEST,TRAIN,CLUST_0.70_00008,LATE
CANONICAL_5844e383732b,TRAIN,TRAIN,CLUST_0.70_00109,LATE
CANONICAL_585112a01ff7,TRAIN,TRAIN,CLUST_0.70_00136,LATE
CANONICAL_5853063a7672,TRAIN,VALIDATION,CLUST_0.70_00190,LATE
CANONICAL_5854aa96cae0,TRAIN,TRAIN,CLUST_0.70_00136,LATE
CANONICAL_58558eef97e5,TRAIN,TRAIN,CLUST_0.70_00005,LATE
CANONICAL_58592894df8c,VALIDATION,TRAIN,CLUST_0.70_00005,EARLY
CANONICAL_585a7ae38dfe,TRAIN,VALIDATION,CLUST_0.70_00026,IMMEDIATE_EARLY
CANONICAL_585ab8477a0c,VALIDATION,TRAIN,CLUST_0.70_00005,EARLY
CANONICAL_585f40c6cf9a,TRAIN,TEST,CLUST_0.70_00030,EARLY
CANONICAL_586481e57277,TRAIN,VALIDATION,CLUST_0.70_00029,LATE
CANONICAL_586644048ae9,TRAIN,TRAIN,CLUST_0.70_00005,LATE
CANONICAL_5866663fcb98,TRAIN,TRAIN,CLUST_0.70_00005,EARLY
CANONICAL_58677f245251,TRAIN,TEST,CLUST_0.70_00004,IMMEDIATE_EARLY
CANONICAL_586eed39c24e,TEST,TRAIN,CLUST_0.70_00007,LATE
CANONICAL_5871b6f2e70e,TRAIN,TRAIN,CLUST_0.70_00005,LATE
CANONICAL_5879251d7601,TEST,VALIDATION,CLUST_0.70_00026,IMMEDIATE_EARLY
CANONICAL_587bd230d24b,TRAIN,TRAIN,CLUST_0.70_00005,EARLY
CANONICAL_587d415eef46,TRAIN,TRAIN,CLUST_0.70_00007,LATE
CANONICAL_587de7bb97aa,TRAIN,TRAIN,CLUST_0.70_00008,LATE
CANONICAL_587e39452881,TRAIN,VALIDATION,CLUST_0.70_00006,LATE
CANONICAL_587f5388092f,TRAIN,VALIDATION,CLUST_0.70_00086,LATE
CANONICAL_5883df841ec1,TEST,VALIDATION,CLUST_0.70_00026,IMMEDIATE_EARLY
CANONICAL_588c539d9cfa,TRAIN,TRAIN,CLUST_0.70_00005,EARLY
CANONICAL_588d043703d0,TEST,TRAIN,CLUST_0.70_00005,LATE
CANONICAL_588d8ee072c7,TEST,TRAIN,CLUST_0.70_00008,LATE
CANONICAL_5890094039a9,TRAIN,TRAIN,CLUST_0.70_00078,LATE
CANONICAL_58925479aaaf,TRAIN,TRAIN,CLUST_0.70_00005,EARLY
CANONICAL_5899d6044143,TRAIN,VALIDATION,CLUST_0.70_00006,IMMEDIATE_EARLY
CANONICAL_58a1440a4776,VALIDATION,VALIDATION,CLUST_0.70_00169,LATE
CANONICAL_58a8c9e36fc3,TRAIN,VALIDATION,CLUST_0.70_00079,LATE
CANONICAL_58aa8f25b697,TRAIN,VALIDATION,CLUST_0.70_00065,LATE
CANONICAL_58ac02172a56,TRAIN,VALIDATION,CLUST_0.70_00079,LATE
CANONICAL_58ac4e7fdbf4,TRAIN,TRAIN,CLUST_0.70_00005,LATE
CANONICAL_58b61cf99e04,TRAIN,TEST,CLUST_0.70_00030,EARLY
CANONICAL_58bb34c92917,TRAIN,TRAIN,CLUST_0.70_00005,LATE
CANONICAL_58be50904439,TRAIN,TRAIN,CLUST_0.70_00005,LATE
CANONICAL_58c56e349af1,TRAIN,VALIDATION,CLUST_0.70_00065,LATE
CANONICAL_58ca75ba21db,TEST,TEST,CLUST_0.70_00015,LATE
CANONICAL_58cbd96f6dd4,TEST,VALIDATION,CLUST_0.70_00086,LATE
CANONICAL_58cd573b6a60,TRAIN,VALIDATION,CLUST_0.70_00055,LATE
CANONICAL_58d1a863641f,VALIDATION,TEST,CLUST_0.70_00080,LATE
CANONICAL_58d3274a5d16,TRAIN,VALIDATION,CLUST_0.70_00058,LATE
CANONICAL_58d3ae662a78,VALIDATION,TEST,CLUST_0.70_00080,LATE
CANONICAL_58dcde5500eb,TRAIN,VALIDATION,CLUST_0.70_00055,LATE
CANONICAL_58de6c34624f,TRAIN,VALIDATION,CLUST_0.70_00025,LATE
CANONICAL_58e2aa1b232e,TRAIN,VALIDATION,CLUST_0.70_00031,LATE
CANONICAL_58e38d1cc994,VALIDATION,TRAIN,CLUST_0.70_00024,LATE
CANONICAL_58e39d4f4b00,TRAIN,TRAIN,CLUST_0.70_00005,IMMEDIATE_EARLY
CANONICAL_58e43fef495c,TRAIN,TRAIN,CLUST_0.70_00011,EARLY
CANONICAL_58ebc49119e9,TRAIN,TRAIN,CLUST_0.70_00005,EARLY
CANONICAL_58f23b69f692,TRAIN,TEST,CLUST_0.70_00030,EARLY
CANONICAL_58f307b157dc,TRAIN,VALIDATION,CLUST_0.70_00036,EARLY
CANONICAL_58f6e548238c,TRAIN,TEST,CLUST_0.70_00080,LATE
CANONICAL_58fa8f46f980,TRAIN,TRAIN,CLUST_0.70_00008,LATE
CANONICAL_590a14ed897f,TRAIN,TEST,CLUST_0.70_00030,EARLY
CANONICAL_590a5d8b48e1,TRAIN,TEST,CLUST_0.70_00080,LATE
CANONICAL_590ee5081709,VALIDATION,TEST,CLUST_0.70_00018,EARLY
CANONICAL_59150e2972a7,TRAIN,TRAIN,CLUST_0.70_00005,EARLY
CANONICAL_591c265f863c,TRAIN,TEST,CLUST_0.70_00018,LATE
CANONICAL_591c67829466,TRAIN,TEST,CLUST_0.70_00004,IMMEDIATE_EARLY
CANONICAL_591e8008f41d,TEST,TRAIN,CLUST_0.70_00024,LATE
CANONICAL_59238303ca2c,TRAIN,TEST,CLUST_0.70_00051,LATE
CANONICAL_59255f746c25,VALIDATION,TRAIN,CLUST_0.70_00008,LATE
CANONICAL_5928c82cc786,TRAIN,VALIDATION,CLUST_0.70_00065,LATE
CANONICAL_592b578b20c9,TRAIN,VALIDATION,CLUST_0.70_00079,LATE
CANONICAL_592c2b4b798c,TRAIN,TEST,CLUST_0.70_00030,EARLY
CANONICAL_592d60081591,TRAIN,TRAIN,CLUST_0.70_00116,LATE
CANONICAL_5938b96d4ece,TRAIN,TRAIN,CLUST_0.70_00008,LATE
CANONICAL_593964fab494,TRAIN,TEST,CLUST_0.70_00004,IMMEDIATE_EARLY
CANONICAL_594109d2bf88,TEST,VALIDATION,CLUST_0.70_00055,LATE
CANONICAL_5944575fe72b,TRAIN,VALIDATION,CLUST_0.70_00040,EARLY
CANONICAL_594625969d24,VALIDATION,TEST,CLUST_0.70_00030,EARLY
CANONICAL_59464d56b95e,TEST,TRAIN,CLUST_0.70_00062,LATE
CANONICAL_594b85327675,VALIDATION,TRAIN,CLUST_0.70_00047,LATE
CANONICAL_594c30a7b8a6,TRAIN,TRAIN,CLUST_0.70_00005,LATE
CANONICAL_5951c25dc450,TRAIN,VALIDATION,CLUST_0.70_00040,EARLY
CANONICAL_595a79db9537,VALIDATION,TRAIN,CLUST_0.70_00005,EARLY
CANONICAL_595beade0e2b,TRAIN,TRAIN,CLUST_0.70_00007,LATE
CANONICAL_595ee5995938,TEST,TEST,CLUST_0.70_00051,LATE
CANONICAL_596531074f03,TEST,TRAIN,CLUST_0.70_00213,LATE
CANONICAL_596bf5ab2c12,TRAIN,TRAIN,CLUST_0.70_00005,EARLY
CANONICAL_59700a991cd8,TRAIN,TEST,CLUST_0.70_00004,IMMEDIATE_EARLY
CANONICAL_59704c1b2b38,TRAIN,TRAIN,CLUST_0.70_00047,LATE
CANONICAL_597099ef8787,TRAIN,TEST,CLUST_0.70_00015,LATE
CANONICAL_5974f0c56da3,VALIDATION,TEST,CLUST_0.70_00052,LATE
CANONICAL_59760edbac04,TRAIN,TRAIN,CLUST_0.70_00008,LATE
CANONICAL_5976a902734f,TRAIN,TRAIN,CLUST_0.70_00007,EARLY
CANONICAL_59795296bf57,TRAIN,TEST,CLUST_0.70_00015,LATE
CANONICAL_597d0a2d2b33,TRAIN,TRAIN,CLUST_0.70_00008,LATE
CANONICAL_598091ad3b38,TEST,VALIDATION,CLUST_0.70_00079,LATE
CANONICAL_598ac7c505aa,TEST,VALIDATION,CLUST_0.70_00169,LATE
CANONICAL_598c998ac7a1,VALIDATION,TEST,CLUST_0.70_00015,LATE
CANONICAL_59941ce7b870,TRAIN,TEST,CLUST_0.70_00020,LATE
CANONICAL_59983a618aa6,TRAIN,TRAIN,CLUST_0.70_00005,LATE
CANONICAL_59991de55b5a,TRAIN,TEST,CLUST_0.70_00030,EARLY
CANONICAL_599c0641de0e,TRAIN,TEST,CLUST_0.70_00030,EARLY
CANONICAL_59a18ceb8805,TRAIN,TRAIN,CLUST_0.70_00008,LATE
CANONICAL_59a4cf6e620d,TRAIN,TRAIN,CLUST_0.70_00007,EARLY
CANONICAL_59a9e1b515a0,VALIDATION,TRAIN,CLUST_0.70_00007,LATE
CANONICAL_59ac4664f18c,TRAIN,TRAIN,CLUST_0.70_00007,LATE
CANONICAL_59ad52c261f2,TRAIN,TRAIN,CLUST_0.70_00008,LATE
CANONICAL_59b0bdf700d1,VALIDATION,TRAIN,CLUST_0.70_00005,LATE
CANONICAL_59b2f1345990,TRAIN,TRAIN,CLUST_0.70_00239,LATE
CANONICAL_59b38a980c98,TRAIN,VALIDATION,CLUST_0.70_00026,IMMEDIATE_EARLY
CANONICAL_59b574c5db56,VALIDATION,TRAIN,CLUST_0.70_00005,EARLY
CANONICAL_59b7b5ce0449,VALIDATION,TRAIN,CLUST_0.70_00008,LATE
CANONICAL_59b7d79ead1a,TRAIN,TRAIN,CLUST_0.70_00213,LATE
CANONICAL_59bf85dab63c,TRAIN,TRAIN,CLUST_0.70_00005,LATE
CANONICAL_59c98e3fe3e2,TRAIN,TEST,CLUST_0.70_00001,LATE
CANONICAL_59cad2096474,TRAIN,TEST,CLUST_0.70_00001,LATE
CANONICAL_59ce307c1a5b,TRAIN,TRAIN,CLUST_0.70_00005,LATE
CANONICAL_59db0bac8e4d,TRAIN,TEST,CLUST_0.70_00001,LATE
CANONICAL_59e1f4210af4,TEST,TEST,CLUST_0.70_00080,LATE
CANONICAL_59ecf87c8e13,TRAIN,VALIDATION,CLUST_0.70_00010,LATE
CANONICAL_59f645b91443,TRAIN,TEST,CLUST_0.70_00037,LATE
CANONICAL_59fac0b948f4,VALIDATION,TEST,CLUST_0.70_00001,LATE
CANONICAL_59fba32311d7,VALIDATION,TEST,CLUST_0.70_00004,IMMEDIATE_EARLY
CANONICAL_59fc30085178,TRAIN,VALIDATION,CLUST_0.70_00041,EARLY
CANONICAL_5a026d42855b,TRAIN,TRAIN,CLUST_0.70_00005,EARLY
CANONICAL_5a029c1e336c,VALIDATION,TRAIN,CLUST_0.70_00008,LATE
CANONICAL_5a0b807ddf50,TRAIN,TRAIN,CLUST_0.70_00005,EARLY
CANONICAL_5a0c9a693432,TRAIN,TRAIN,CLUST_0.70_00008,LATE
CANONICAL_5a0d715b8c3b,TEST,TRAIN,CLUST_0.70_00005,EARLY
CANONICAL_5a14c6a4666e,TRAIN,TEST,CLUST_0.70_00052,LATE
CANONICAL_5a15a71691b7,TEST,VALIDATION,CLUST_0.70_00029,LATE
CANONICAL_5a1853eb91d8,TRAIN,TRAIN,CLUST_0.70_00197,IMMEDIATE_EARLY
CANONICAL_5a1b038c36d0,TRAIN,TEST,CLUST_0.70_00001,LATE
CANONICAL_5a1f10e3947c,TRAIN,TRAIN,CLUST_0.70_00005,EARLY
CANONICAL_5a2340131d77,VALIDATION,TRAIN,CLUST_0.70_00005,LATE
CANONICAL_5a28f0a7be69,TRAIN,TRAIN,CLUST_0.70_00007,LATE
CANONICAL_5a2e6e55516f,TRAIN,TRAIN,CLUST_0.70_00008,LATE
CANONICAL_5a305ac9c3f8,TRAIN,VALIDATION,CLUST_0.70_00028,EARLY
CANONICAL_5a3ab21cb769,TRAIN,VALIDATION,CLUST_0.70_00038,LATE
CANONICAL_5a40427a6723,TRAIN,VALIDATION,CLUST_0.70_00079,LATE
CANONICAL_5a43a986cc00,TRAIN,TRAIN,CLUST_0.70_00289,EARLY
CANONICAL_5a46eed66b02,VALIDATION,TEST,CLUST_0.70_00071,LATE
CANONICAL_5a49bfb8a7be,TRAIN,TRAIN,CLUST_0.70_00005,EARLY
CANONICAL_5a4aecba8b0d,TRAIN,TRAIN,CLUST_0.70_00005,EARLY
CANONICAL_5a5af1bbeeb8,TRAIN,TRAIN,CLUST_0.70_00402,LATE
CANONICAL_5a5bbdef417b,TRAIN,TRAIN,CLUST_0.70_00236,IMMEDIATE_EARLY
CANONICAL_5a630dfad756,TEST,TRAIN,CLUST_0.70_00042,LATE
CANONICAL_5a6aadfba3b1,TRAIN,TRAIN,CLUST_0.70_00005,EARLY
CANONICAL_5a6d0ac57bed,TRAIN,TRAIN,CLUST_0.70_00005,EARLY
CANONICAL_5a70be0e9b9c,TRAIN,VALIDATION,CLUST_0.70_00055,LATE
CANONICAL_5a71b1640503,TRAIN,TEST,CLUST_0.70_00001,LATE
CANONICAL_5a7652a808e2,VALIDATION,TRAIN,CLUST_0.70_00008,IMMEDIATE_EARLY
CANONICAL_5a766e30077b,TRAIN,TRAIN,CLUST_0.70_00008,LATE
CANONICAL_5a782771cd25,TRAIN,TRAIN,CLUST_0.70_00008,LATE
CANONICAL_5a7e59fcca44,TEST,TRAIN,CLUST_0.70_00005,EARLY
CANONICAL_5a80bdcf5c24,TRAIN,TEST,CLUST_0.70_00015,LATE
CANONICAL_5a813ac74d59,VALIDATION,VALIDATION,CLUST_0.70_00055,LATE
CANONICAL_5a81cf462a37,TRAIN,VALIDATION,CLUST_0.70_00038,LATE
CANONICAL_5a8a0bb4d960,TRAIN,TRAIN,CLUST_0.70_00008,LATE
CANONICAL_5a8b75d67f03,TEST,TRAIN,CLUST_0.70_00008,LATE
CANONICAL_5a8d25e702cd,TEST,TRAIN,CLUST_0.70_00005,EARLY
CANONICAL_5a93ae646ae7,TEST,TEST,CLUST_0.70_00001,LATE
CANONICAL_5a93c96389d4,TRAIN,TEST,CLUST_0.70_00030,EARLY
CANONICAL_5a9499e9cc35,TRAIN,TRAIN,CLUST_0.70_00062,LATE
CANONICAL_5a95d9351c0e,TRAIN,TEST,CLUST_0.70_00030,EARLY
CANONICAL_5a9cb8d59249,TRAIN,TRAIN,CLUST_0.70_00008,LATE
CANONICAL_5a9e04f6ddc6,TRAIN,TEST,CLUST_0.70_00037,LATE
CANONICAL_5a9e5ac0a222,TRAIN,TRAIN,CLUST_0.70_00008,LATE
CANONICAL_5aa1c3755825,TRAIN,TRAIN,CLUST_0.70_00008,LATE
CANONICAL_5aa46d55a63c,TEST,TEST,CLUST_0.70_00020,LATE
CANONICAL_5aaa4f1d3642,TRAIN,TRAIN,CLUST_0.70_00098,LATE
CANONICAL_5aad34e6544b,TRAIN,TRAIN,CLUST_0.70_00005,LATE
CANONICAL_5ab3687447da,TRAIN,TEST,CLUST_0.70_00015,LATE
CANONICAL_5ab8cb98fc5a,VALIDATION,TEST,CLUST_0.70_00001,LATE
CANONICAL_5abc46668d4f,TRAIN,TEST,CLUST_0.70_00004,IMMEDIATE_EARLY
CANONICAL_5ac1ec9a9cf8,TRAIN,TRAIN,CLUST_0.70_00005,EARLY
CANONICAL_5ac4896bcef0,TRAIN,TEST,CLUST_0.70_00001,LATE
CANONICAL_5ac56e864295,TRAIN,VALIDATION,CLUST_0.70_00065,LATE
CANONICAL_5ac8fb3c6278,TRAIN,TRAIN,CLUST_0.70_00008,LATE
CANONICAL_5acb782fe1a4,VALIDATION,VALIDATION,CLUST_0.70_00064,LATE
CANONICAL_5ace50b66aa5,VALIDATION,TRAIN,CLUST_0.70_00102,LATE
CANONICAL_5ad0cefcf425,TRAIN,VALIDATION,CLUST_0.70_00016,EARLY
CANONICAL_5ad76d064bdd,TRAIN,TRAIN,CLUST_0.70_00008,LATE
CANONICAL_5adad6ed2a42,VALIDATION,TRAIN,CLUST_0.70_00047,LATE
CANONICAL_5adc18d33642,VALIDATION,TEST,CLUST_0.70_00080,LATE
CANONICAL_5adc7315ce3a,TRAIN,TEST,CLUST_0.70_00015,LATE
CANONICAL_5ae00f24acca,TRAIN,TRAIN,CLUST_0.70_00005,EARLY
CANONICAL_5ae2916e6c2a,TRAIN,TRAIN,CLUST_0.70_00008,LATE
CANONICAL_5ae86f7cf388,TEST,TEST,CLUST_0.70_00030,EARLY
CANONICAL_5ae9c760dd3d,TRAIN,TRAIN,CLUST_0.70_00056,LATE
CANONICAL_5aedd72d823b,VALIDATION,TRAIN,CLUST_0.70_00005,EARLY
CANONICAL_5af2eaa19c9f,TRAIN,TRAIN,CLUST_0.70_00005,LATE
CANONICAL_5afe5679ece7,TRAIN,TEST,CLUST_0.70_00001,LATE
CANONICAL_5b05dbd1ff3b,TRAIN,TRAIN,CLUST_0.70_00134,LATE
CANONICAL_5b06eda724d6,VALIDATION,TEST,CLUST_0.70_00004,IMMEDIATE_EARLY
CANONICAL_5b08ba435105,TRAIN,TEST,CLUST_0.70_00015,LATE
CANONICAL_5b0974bcb60c,TRAIN,VALIDATION,CLUST_0.70_00058,LATE
CANONICAL_5b0ce3fa16bb,TRAIN,VALIDATION,CLUST_0.70_00006,IMMEDIATE_EARLY
CANONICAL_5b0e2729f26b,TRAIN,VALIDATION,CLUST_0.70_00028,EARLY
CANONICAL_5b156062c7c0,VALIDATION,TRAIN,CLUST_0.70_00008,LATE
CANONICAL_5b15fa83be8e,TRAIN,TRAIN,CLUST_0.70_00005,LATE
CANONICAL_5b174f1fd0a8,TRAIN,TRAIN,CLUST_0.70_00008,LATE
CANONICAL_5b1d91370374,TRAIN,TRAIN,CLUST_0.70_00005,EARLY
CANONICAL_5b1eb773de9c,TRAIN,TEST,CLUST_0.70_00037,LATE
CANONICAL_5b21772699e1,TRAIN,TRAIN,CLUST_0.70_00005,EARLY
CANONICAL_5b256bec6193,VALIDATION,TRAIN,CLUST_0.70_00241,LATE
CANONICAL_5b26cfdac0e0,TRAIN,VALIDATION,CLUST_0.70_00006,IMMEDIATE_EARLY
CANONICAL_5b2a0db4fb90,TRAIN,TEST,CLUST_0.70_00030,EARLY
CANONICAL_5b2e4af67389,TRAIN,TRAIN,CLUST_0.70_00005,LATE
CANONICAL_5b311c8a57fb,TRAIN,TEST,CLUST_0.70_00018,LATE
CANONICAL_5b37acf040c3,TRAIN,VALIDATION,CLUST_0.70_00006,IMMEDIATE_EARLY
CANONICAL_5b398013bab7,TRAIN,TEST,CLUST_0.70_00020,LATE
CANONICAL_5b3aae8ef01e,TRAIN,TRAIN,CLUST_0.70_00261,LATE
CANONICAL_5b407b152da7,TRAIN,TRAIN,CLUST_0.70_00005,EARLY
CANONICAL_5b45284bf0c8,TRAIN,VALIDATION,CLUST_0.70_00086,LATE
CANONICAL_5b455520eaf1,TEST,TEST,CLUST_0.70_00004,IMMEDIATE_EARLY
CANONICAL_5b462f92ccdc,TRAIN,TRAIN,CLUST_0.70_00007,EARLY
CANONICAL_5b469090a8cc,TRAIN,TRAIN,CLUST_0.70_00005,LATE
CANONICAL_5b46c53d9282,TEST,TRAIN,CLUST_0.70_00008,LATE
CANONICAL_5b57902d1066,TEST,TRAIN,CLUST_0.70_00008,LATE
CANONICAL_5b617e4e0c2f,TRAIN,TRAIN,CLUST_0.70_00005,LATE
CANONICAL_5b62f8988157,VALIDATION,TEST,CLUST_0.70_00001,LATE
CANONICAL_5b632420b77e,TRAIN,TEST,CLUST_0.70_00004,IMMEDIATE_EARLY
CANONICAL_5b63df0fd515,TRAIN,TRAIN,CLUST_0.70_00005,EARLY
CANONICAL_5b67dc87902b,TRAIN,VALIDATION,CLUST_0.70_00026,IMMEDIATE_EARLY
CANONICAL_5b68cae61333,TRAIN,VALIDATION,CLUST_0.70_00079,LATE
CANONICAL_5b6f3df6ccfd,TRAIN,TRAIN,CLUST_0.70_00005,LATE
CANONICAL_5b759cc7cb7c,TRAIN,TEST,CLUST_0.70_00001,LATE
CANONICAL_5b77abec8695,TRAIN,TRAIN,CLUST_0.70_00008,LATE
CANONICAL_5b792264ce5d,TRAIN,TEST,CLUST_0.70_00004,IMMEDIATE_EARLY
CANONICAL_5b87104894ba,TRAIN,TRAIN,CLUST_0.70_00005,EARLY
CANONICAL_5b8fefa70a9e,TRAIN,TRAIN,CLUST_0.70_00005,EARLY
CANONICAL_5b91755f0f67,TRAIN,TRAIN,CLUST_0.70_00294,EARLY
CANONICAL_5b946738d2b4,TRAIN,VALIDATION,CLUST_0.70_00029,LATE
CANONICAL_5b99089ec479,TRAIN,TRAIN,CLUST_0.70_00007,LATE
CANONICAL_5b9ad2cb1207,TRAIN,TRAIN,CLUST_0.70_00005,EARLY
CANONICAL_5b9b03c41204,TEST,TRAIN,CLUST_0.70_00005,LATE
CANONICAL_5b9bbf65b12f,TRAIN,TEST,CLUST_0.70_00001,LATE
CANONICAL_5b9f9d8c5dca,TEST,TRAIN,CLUST_0.70_00005,LATE
CANONICAL_5ba0160bc215,TRAIN,TRAIN,CLUST_0.70_00008,LATE
CANONICAL_5ba063f58683,TRAIN,TRAIN,CLUST_0.70_00022,LATE
CANONICAL_5ba2af19f850,VALIDATION,TRAIN,CLUST_0.70_00005,EARLY
CANONICAL_5ba577da229a,TRAIN,TRAIN,CLUST_0.70_00083,LATE
CANONICAL_5ba5b6f9ec33,VALIDATION,VALIDATION,CLUST_0.70_00065,LATE
CANONICAL_5bad796c628a,TRAIN,VALIDATION,CLUST_0.70_00025,LATE
CANONICAL_5bbdf6c5899e,TRAIN,TRAIN,CLUST_0.70_00134,LATE
CANONICAL_5bbea75e6caf,TRAIN,TRAIN,CLUST_0.70_00008,LATE
CANONICAL_5bc0f626061c,TRAIN,TRAIN,CLUST_0.70_00008,LATE
CANONICAL_5bc19e2fac4b,TEST,TEST,CLUST_0.70_00015,LATE
CANONICAL_5bca177adc15,TRAIN,TRAIN,CLUST_0.70_00005,EARLY
CANONICAL_5bcec11abad0,TRAIN,TRAIN,CLUST_0.70_00005,EARLY
CANONICAL_5bd56547e1e8,TRAIN,TEST,CLUST_0.70_00030,EARLY
CANONICAL_5bd8d7244cbc,TRAIN,VALIDATION,CLUST_0.70_00055,LATE
CANONICAL_5bd9c331dca2,TRAIN,VALIDATION,CLUST_0.70_00006,IMMEDIATE_EARLY
CANONICAL_5be0a41b0c12,TRAIN,VALIDATION,CLUST_0.70_00010,EARLY
CANONICAL_5be4317c42c3,TRAIN,TEST,CLUST_0.70_00004,IMMEDIATE_EARLY
CANONICAL_5be461b41b29,TRAIN,TRAIN,CLUST_0.70_00187,LATE
CANONICAL_5be482836857,VALIDATION,VALIDATION,CLUST_0.70_00041,EARLY
CANONICAL_5be5524f19ec,TRAIN,VALIDATION,CLUST_0.70_00065,LATE
CANONICAL_5be7ef54c89b,TEST,VALIDATION,CLUST_0.70_00016,EARLY
CANONICAL_5be9ec28bd7e,TEST,TRAIN,CLUST_0.70_00102,LATE
CANONICAL_5bf0e5174672,TRAIN,TRAIN,CLUST_0.70_00005,EARLY
CANONICAL_5bf15266af0a,TRAIN,TRAIN,CLUST_0.70_00007,LATE
CANONICAL_5bf37f75c698,TRAIN,TRAIN,CLUST_0.70_00109,LATE
CANONICAL_5bf395304bcf,TRAIN,VALIDATION,CLUST_0.70_00064,LATE
CANONICAL_5bfb1932b688,TEST,TEST,CLUST_0.70_00015,LATE
CANONICAL_5bfb261fb2b4,TRAIN,TRAIN,CLUST_0.70_00005,LATE
CANONICAL_5bfe814c2061,TRAIN,VALIDATION,CLUST_0.70_00040,EARLY
CANONICAL_5c01f61a265b,TRAIN,TRAIN,CLUST_0.70_00008,LATE
CANONICAL_5c11989b18e4,TRAIN,TRAIN,CLUST_0.70_00164,LATE
CANONICAL_5c1294b71518,TRAIN,TEST,CLUST_0.70_00015,LATE
CANONICAL_5c17f03255f5,VALIDATION,TRAIN,CLUST_0.70_00005,LATE
CANONICAL_5c1869999c9d,TRAIN,TEST,CLUST_0.70_00037,LATE
CANONICAL_5c1ae26204d4,TEST,VALIDATION,CLUST_0.70_00017,LATE
CANONICAL_5c23f0c801cf,TRAIN,TEST,CLUST_0.70_00052,LATE
CANONICAL_5c262581430d,VALIDATION,VALIDATION,CLUST_0.70_00079,LATE
CANONICAL_5c289010d219,TRAIN,TRAIN,CLUST_0.70_00091,LATE
CANONICAL_5c2c69b49dde,TRAIN,VALIDATION,CLUST_0.70_00065,LATE
CANONICAL_5c317c21e24a,TRAIN,TRAIN,CLUST_0.70_00005,LATE
CANONICAL_5c324afd278d,TEST,TEST,CLUST_0.70_00018,LATE
CANONICAL_5c33ad8b3047,TRAIN,TRAIN,CLUST_0.70_00007,EARLY
CANONICAL_5c3c77514ac6,TEST,TEST,CLUST_0.70_00004,IMMEDIATE_EARLY
CANONICAL_5c41b508f724,TRAIN,TRAIN,CLUST_0.70_00091,LATE
CANONICAL_5c4459e41274,TRAIN,TEST,CLUST_0.70_00071,LATE
CANONICAL_5c461cc13b77,TRAIN,TRAIN,CLUST_0.70_00007,LATE
CANONICAL_5c464c0aa78c,VALIDATION,VALIDATION,CLUST_0.70_00017,IMMEDIATE_EARLY
CANONICAL_5c4c59d7a625,TEST,TRAIN,CLUST_0.70_00005,EARLY
CANONICAL_5c4cd4a0aec4,TEST,VALIDATION,CLUST_0.70_00017,LATE
CANONICAL_5c4e3862b4fb,TRAIN,VALIDATION,CLUST_0.70_00086,LATE
CANONICAL_5c5c5a05e819,TRAIN,TRAIN,CLUST_0.70_00092,LATE
CANONICAL_5c5e1f0eb3c6,TEST,VALIDATION,CLUST_0.70_00041,EARLY
CANONICAL_5c5ec5d612e0,VALIDATION,VALIDATION,CLUST_0.70_00106,LATE
CANONICAL_5c5f1cb8c5f5,VALIDATION,TRAIN,CLUST_0.70_00005,LATE
CANONICAL_5c6845cce356,TRAIN,TEST,CLUST_0.70_00001,LATE
CANONICAL_5c6b4394cf1b,VALIDATION,TRAIN,CLUST_0.70_00005,EARLY
CANONICAL_5c6c5997b5b2,TEST,VALIDATION,CLUST_0.70_00006,IMMEDIATE_EARLY
CANONICAL_5c734f224a3b,TRAIN,TRAIN,CLUST_0.70_00005,LATE
CANONICAL_5c739b0767ee,VALIDATION,TRAIN,CLUST_0.70_00008,LATE
CANONICAL_5c7ebc2204c2,TRAIN,VALIDATION,CLUST_0.70_00106,LATE
CANONICAL_5c7eea6fac15,TRAIN,TRAIN,CLUST_0.70_00005,EARLY
CANONICAL_5c826afed283,TEST,TEST,CLUST_0.70_00001,LATE
CANONICAL_5c8311f0bafe,TRAIN,TRAIN,CLUST_0.70_00005,EARLY
CANONICAL_5c88b54e9f2d,TEST,VALIDATION,CLUST_0.70_00016,EARLY
CANONICAL_5c9474683fcd,TRAIN,TRAIN,CLUST_0.70_00042,LATE
CANONICAL_5c9839fe47db,TRAIN,TRAIN,CLUST_0.70_00005,LATE
CANONICAL_5c9fa48adfec,TRAIN,TEST,CLUST_0.70_00030,EARLY
CANONICAL_5ca6ae695629,TRAIN,TRAIN,CLUST_0.70_00005,LATE
CANONICAL_5ca7275d0fdc,TRAIN,TRAIN,CLUST_0.70_00062,LATE
CANONICAL_5cad4b3d4517,TEST,VALIDATION,CLUST_0.70_00055,LATE
CANONICAL_5cae38793592,TEST,TRAIN,CLUST_0.70_00005,EARLY
CANONICAL_5cb2ba70a7ba,TRAIN,TRAIN,CLUST_0.70_00005,EARLY
CANONICAL_5cb80059869b,TRAIN,TEST,CLUST_0.70_00052,LATE
CANONICAL_5cb8e2ddff7f,TRAIN,TRAIN,CLUST_0.70_00005,EARLY
CANONICAL_5cc21782c648,TRAIN,TRAIN,CLUST_0.70_00008,LATE
CANONICAL_5cc7eabd5a8c,TRAIN,VALIDATION,CLUST_0.70_00028,EARLY
CANONICAL_5cc97af1efc1,TRAIN,TRAIN,CLUST_0.70_00112,LATE
CANONICAL_5cce30d2bc4a,TRAIN,TRAIN,CLUST_0.70_00008,LATE
CANONICAL_5ce9384af4a4,TRAIN,TRAIN,CLUST_0.70_00005,LATE
CANONICAL_5cf213b746f1,TEST,VALIDATION,CLUST_0.70_00039,LATE
CANONICAL_5cf4c82fe125,TRAIN,TRAIN,CLUST_0.70_00005,IMMEDIATE_EARLY
CANONICAL_5cf97ada8ef6,TRAIN,TRAIN,CLUST_0.70_00008,LATE
CANONICAL_5d083bc50118,TRAIN,VALIDATION,CLUST_0.70_00040,EARLY
CANONICAL_5d086745871b,TRAIN,TRAIN,CLUST_0.70_00008,LATE
CANONICAL_5d0e0db7b4c7,TEST,TEST,CLUST_0.70_00051,LATE
CANONICAL_5d12509c34f9,TRAIN,TRAIN,CLUST_0.70_00005,EARLY
CANONICAL_5d12bda1dcad,TRAIN,VALIDATION,CLUST_0.70_00031,LATE
CANONICAL_5d19135f908f,TRAIN,TRAIN,CLUST_0.70_00005,EARLY
CANONICAL_5d1ae3a42ba3,TRAIN,TRAIN,CLUST_0.70_00005,LATE
CANONICAL_5d1c403be36f,TRAIN,TRAIN,CLUST_0.70_00008,LATE
CANONICAL_5d2750ebc815,TRAIN,TEST,CLUST_0.70_00030,EARLY
CANONICAL_5d28223924f2,TRAIN,TRAIN,CLUST_0.70_00005,EARLY
CANONICAL_5d2bbf421894,TRAIN,TEST,CLUST_0.70_00001,LATE
CANONICAL_5d2f99f3fd24,TRAIN,TRAIN,CLUST_0.70_00008,LATE
CANONICAL_5d35dc681e9d,TRAIN,VALIDATION,CLUST_0.70_00190,LATE
CANONICAL_5d37177e8c3e,TRAIN,TRAIN,CLUST_0.70_00008,LATE
CANONICAL_5d3b10a6919c,TRAIN,VALIDATION,CLUST_0.70_00025,LATE
CANONICAL_5d3c08e089e5,TRAIN,TRAIN,CLUST_0.70_00005,EARLY
CANONICAL_5d3c96979c47,TRAIN,TRAIN,CLUST_0.70_00005,LATE
CANONICAL_5d41a31c59ea,TRAIN,TRAIN,CLUST_0.70_00007,EARLY
CANONICAL_5d4360a81ea8,TRAIN,TRAIN,CLUST_0.70_00164,LATE
CANONICAL_5d4662fc6024,VALIDATION,VALIDATION,CLUST_0.70_00064,LATE
CANONICAL_5d4d84628ba2,TRAIN,TEST,CLUST_0.70_00030,EARLY
CANONICAL_5d4da0ae960e,VALIDATION,TRAIN,CLUST_0.70_00087,LATE
CANONICAL_5d53a028d1da,TRAIN,VALIDATION,CLUST_0.70_00079,LATE
CANONICAL_5d55e1a35450,TEST,VALIDATION,CLUST_0.70_00127,LATE
CANONICAL_5d588dd7f0f1,TRAIN,TEST,CLUST_0.70_00001,LATE
CANONICAL_5d5bde11db81,TEST,TRAIN,CLUST_0.70_00008,LATE
CANONICAL_5d5d8606b528,TEST,TRAIN,CLUST_0.70_00098,LATE
CANONICAL_5d63b3bf7c4c,TRAIN,TEST,CLUST_0.70_00018,LATE
CANONICAL_5d642d970caf,TRAIN,TEST,CLUST_0.70_00001,LATE
CANONICAL_5d6b311e7231,TEST,TEST,CLUST_0.70_00004,IMMEDIATE_EARLY
CANONICAL_5d6c97388faf,TRAIN,VALIDATION,CLUST_0.70_00006,IMMEDIATE_EARLY
CANONICAL_5d6e5342db67,TRAIN,TRAIN,CLUST_0.70_00056,LATE
CANONICAL_5d7168dd290f,TRAIN,TRAIN,CLUST_0.70_00090,LATE
CANONICAL_5d72fc4f2a17,TRAIN,TRAIN,CLUST_0.70_00005,LATE
CANONICAL_5d75ed7b47c1,TRAIN,TRAIN,CLUST_0.70_00008,LATE
CANONICAL_5d7de13fa8e2,VALIDATION,TRAIN,CLUST_0.70_00008,LATE
CANONICAL_5d7e059dd0ba,TRAIN,TRAIN,CLUST_0.70_00005,EARLY
CANONICAL_5d826fc4441d,VALIDATION,TRAIN,CLUST_0.70_00005,LATE
CANONICAL_5d82e7ab812f,TRAIN,TRAIN,CLUST_0.70_00008,LATE
CANONICAL_5d956dd842c7,VALIDATION,VALIDATION,CLUST_0.70_00106,LATE
CANONICAL_5d95e28e8176,TRAIN,TEST,CLUST_0.70_00052,LATE
CANONICAL_5d9a856e8f84,TEST,TRAIN,CLUST_0.70_00005,LATE
CANONICAL_5d9da905592a,VALIDATION,TEST,CLUST_0.70_00001,LATE
CANONICAL_5da7e55833fa,TEST,TRAIN,CLUST_0.70_00008,LATE
CANONICAL_5dad1f382364,TRAIN,TRAIN,CLUST_0.70_00062,LATE
CANONICAL_5dae25e42ce6,VALIDATION,TRAIN,CLUST_0.70_00005,EARLY
CANONICAL_5daffb90c05f,TRAIN,TRAIN,CLUST_0.70_00008,LATE
CANONICAL_5db44c744a88,TRAIN,TRAIN,CLUST_0.70_00008,LATE
CANONICAL_5db7bfc28587,TRAIN,TEST,CLUST_0.70_00004,IMMEDIATE_EARLY
CANONICAL_5dc10e6e078b,VALIDATION,TRAIN,CLUST_0.70_00246,LATE
CANONICAL_5dc6442ae043,TRAIN,VALIDATION,CLUST_0.70_00028,EARLY
CANONICAL_5dc7cd500531,TRAIN,TEST,CLUST_0.70_00009,LATE
CANONICAL_5dcf988ec58d,VALIDATION,TRAIN,CLUST_0.70_00005,EARLY
CANONICAL_5dd55647a9fc,TRAIN,TRAIN,CLUST_0.70_00008,LATE
CANONICAL_5dd5d23fd4ae,TRAIN,TEST,CLUST_0.70_00015,LATE
CANONICAL_5ddc6396e282,TRAIN,TRAIN,CLUST_0.70_00005,LATE
CANONICAL_5ddd7501094b,TRAIN,TEST,CLUST_0.70_00030,EARLY
CANONICAL_5de6ac00e9bc,VALIDATION,TEST,CLUST_0.70_00037,LATE
CANONICAL_5df1d0ad313a,TRAIN,TRAIN,CLUST_0.70_00005,LATE
CANONICAL_5df2927c5304,TRAIN,TRAIN,CLUST_0.70_00005,EARLY
CANONICAL_5dfaf673e6e6,VALIDATION,TRAIN,CLUST_0.70_00008,LATE
CANONICAL_5dfb387da879,TRAIN,TEST,CLUST_0.70_00052,LATE
CANONICAL_5dfc19de3237,TRAIN,TRAIN,CLUST_0.70_00075,LATE
CANONICAL_5dfd9f02d6c0,TRAIN,TRAIN,CLUST_0.70_00005,EARLY
CANONICAL_5dfe60a8e182,VALIDATION,TEST,CLUST_0.70_00052,LATE
CANONICAL_5e092a73fbc8,VALIDATION,VALIDATION,CLUST_0.70_00031,LATE
CANONICAL_5e0a4a61214d,VALIDATION,TRAIN,CLUST_0.70_00005,EARLY
CANONICAL_5e10414c4cf3,VALIDATION,VALIDATION,CLUST_0.70_00055,LATE
CANONICAL_5e11f2cee731,TRAIN,VALIDATION,CLUST_0.70_00010,EARLY
CANONICAL_5e15ec44d80a,TRAIN,TRAIN,CLUST_0.70_00109,LATE
CANONICAL_5e1ac13fa5ca,TRAIN,TRAIN,CLUST_0.70_00005,EARLY
CANONICAL_5e1f1f1a6b9a,TRAIN,TRAIN,CLUST_0.70_00008,LATE
CANONICAL_5e20085d46a9,TEST,TRAIN,CLUST_0.70_00008,IMMEDIATE_EARLY
CANONICAL_5e2247c0d795,TRAIN,VALIDATION,CLUST_0.70_00031,LATE
CANONICAL_5e2bb72e330b,VALIDATION,VALIDATION,CLUST_0.70_00086,LATE
CANONICAL_5e2e9b205876,VALIDATION,VALIDATION,CLUST_0.70_00006,IMMEDIATE_EARLY
CANONICAL_5e2eb37e8b54,TRAIN,TRAIN,CLUST_0.70_00008,LATE
CANONICAL_5e300609e7ae,TEST,TRAIN,CLUST_0.70_00265,LATE
CANONICAL_5e314129d156,TRAIN,TRAIN,CLUST_0.70_00005,EARLY
CANONICAL_5e3495af60c1,TRAIN,TRAIN,CLUST_0.70_00008,LATE
CANONICAL_5e39522664d0,TRAIN,VALIDATION,CLUST_0.70_00079,LATE
CANONICAL_5e3d5f6e251c,VALIDATION,VALIDATION,CLUST_0.70_00026,IMMEDIATE_EARLY
CANONICAL_5e4119e3f876,TEST,TRAIN,CLUST_0.70_00231,IMMEDIATE_EARLY
CANONICAL_5e4714a83f1d,TRAIN,TRAIN,CLUST_0.70_00008,LATE
CANONICAL_5e541cd59857,TRAIN,TRAIN,CLUST_0.70_00005,LATE
CANONICAL_5e57c73f8525,TRAIN,TRAIN,CLUST_0.70_00008,LATE
CANONICAL_5e5ab6316456,TRAIN,TRAIN,CLUST_0.70_00314,LATE
CANONICAL_5e5bafa9ea10,TEST,TRAIN,CLUST_0.70_00005,LATE
CANONICAL_5e5bccb9e8ab,TEST,TRAIN,CLUST_0.70_00358,LATE
CANONICAL_5e5dc32d0b95,TRAIN,TRAIN,CLUST_0.70_00005,EARLY
CANONICAL_5e64de667f5b,TRAIN,TRAIN,CLUST_0.70_00008,LATE
CANONICAL_5e6a239761a1,VALIDATION,TEST,CLUST_0.70_00071,LATE
CANONICAL_5e6c251763c0,TRAIN,TRAIN,CLUST_0.70_00253,LATE
CANONICAL_5e757ed6c4ee,TRAIN,TRAIN,CLUST_0.70_00008,LATE
CANONICAL_5e7591e99267,TRAIN,TRAIN,CLUST_0.70_00008,LATE
CANONICAL_5e785901f2e7,TRAIN,TRAIN,CLUST_0.70_00005,LATE
CANONICAL_5e7c15ace06e,VALIDATION,TRAIN,CLUST_0.70_00005,EARLY
CANONICAL_5e81e12063eb,TRAIN,TRAIN,CLUST_0.70_00185,LATE
CANONICAL_5e840a6b18b0,TRAIN,TEST,CLUST_0.70_00037,LATE
CANONICAL_5e88a3f0ca5d,VALIDATION,TEST,CLUST_0.70_00001,LATE
CANONICAL_5e8a134e45ae,TRAIN,TRAIN,CLUST_0.70_00005,LATE
CANONICAL_5e8b796cb04e,TRAIN,TEST,CLUST_0.70_00004,IMMEDIATE_EARLY
CANONICAL_5e91d27da658,TRAIN,TRAIN,CLUST_0.70_00005,LATE
CANONICAL_5e9210368d74,TRAIN,TRAIN,CLUST_0.70_00007,LATE
CANONICAL_5e9d93495400,TRAIN,VALIDATION,CLUST_0.70_00017,LATE
CANONICAL_5e9f6121474c,TRAIN,TRAIN,CLUST_0.70_00227,LATE
CANONICAL_5ea0b81a4bdf,TRAIN,TEST,CLUST_0.70_00015,LATE
CANONICAL_5ea4b6691be7,TRAIN,TEST,CLUST_0.70_00004,IMMEDIATE_EARLY
CANONICAL_5eaa16a7f905,TRAIN,TRAIN,CLUST_0.70_00008,LATE
CANONICAL_5eaa1f74cd7d,TEST,TEST,CLUST_0.70_00030,EARLY
CANONICAL_5eacc8e3b7de,TEST,TRAIN,CLUST_0.70_00209,LATE
CANONICAL_5eae572ab616,TRAIN,TRAIN,CLUST_0.70_00005,LATE
CANONICAL_5eb971fd2b79,TRAIN,TRAIN,CLUST_0.70_00062,LATE
CANONICAL_5ebb61bad83f,TRAIN,TEST,CLUST_0.70_00030,EARLY
CANONICAL_5ecb0c8601dc,TRAIN,VALIDATION,CLUST_0.70_00065,LATE
CANONICAL_5ecd8e38ef37,TRAIN,TRAIN,CLUST_0.70_00033,IMMEDIATE_EARLY
CANONICAL_5ed07c44c044,TRAIN,VALIDATION,CLUST_0.70_00106,LATE
CANONICAL_5ed07cc21790,TRAIN,TRAIN,CLUST_0.70_00068,LATE
CANONICAL_5ed82f897ca0,VALIDATION,VALIDATION,CLUST_0.70_00079,LATE
CANONICAL_5ee05b05a8d2,TRAIN,TEST,CLUST_0.70_00004,IMMEDIATE_EARLY
CANONICAL_5ee5c71f2bcf,TRAIN,TRAIN,CLUST_0.70_00047,LATE
CANONICAL_5ee92c9b325e,TRAIN,TRAIN,CLUST_0.70_00005,LATE
CANONICAL_5ee9b1e44886,TRAIN,TRAIN,CLUST_0.70_00047,LATE
CANONICAL_5eeff221b4cc,TRAIN,TRAIN,CLUST_0.70_00005,EARLY
CANONICAL_5ef4386b2ebb,TRAIN,TEST,CLUST_0.70_00052,LATE
CANONICAL_5ef7b0c965a5,VALIDATION,TEST,CLUST_0.70_00030,EARLY
CANONICAL_5ef93eaa4380,TRAIN,TRAIN,CLUST_0.70_00069,IMMEDIATE_EARLY
CANONICAL_5efac041ee67,TRAIN,TRAIN,CLUST_0.70_00147,IMMEDIATE_EARLY
CANONICAL_5efb29d33309,TRAIN,TRAIN,CLUST_0.70_00005,LATE
CANONICAL_5efe74505d59,TRAIN,VALIDATION,CLUST_0.70_00026,IMMEDIATE_EARLY
CANONICAL_5f0733cf0ae6,TRAIN,TEST,CLUST_0.70_00015,LATE
CANONICAL_5f0b94deccbd,TRAIN,TRAIN,CLUST_0.70_00222,LATE
CANONICAL_5f0feeff0002,TRAIN,VALIDATION,CLUST_0.70_00039,LATE
CANONICAL_5f1096223572,TRAIN,TEST,CLUST_0.70_00004,IMMEDIATE_EARLY
CANONICAL_5f2ddda7aa61,TRAIN,TRAIN,CLUST_0.70_00008,LATE
CANONICAL_5f2ef1e8fc23,TRAIN,TRAIN,CLUST_0.70_00062,LATE
CANONICAL_5f31c9dce821,TRAIN,VALIDATION,CLUST_0.70_00040,EARLY
CANONICAL_5f37e9387373,TRAIN,TRAIN,CLUST_0.70_00231,IMMEDIATE_EARLY
CANONICAL_5f3ee1ab4060,TRAIN,TRAIN,CLUST_0.70_00005,EARLY
CANONICAL_5f48bc4bc8ed,TRAIN,VALIDATION,CLUST_0.70_00039,LATE
CANONICAL_5f4a2e52e05b,TRAIN,TRAIN,CLUST_0.70_00005,LATE
CANONICAL_5f4b5ef96cc0,TRAIN,TEST,CLUST_0.70_00015,LATE
CANONICAL_5f5029e091a7,TRAIN,TRAIN,CLUST_0.70_00013,EARLY
CANONICAL_5f5cdf11d850,TRAIN,VALIDATION,CLUST_0.70_00016,EARLY
CANONICAL_5f621da5594c,TEST,TRAIN,CLUST_0.70_00007,EARLY
CANONICAL_5f6e1585d779,TRAIN,TRAIN,CLUST_0.70_00005,LATE
CANONICAL_5f71883bbd58,TRAIN,VALIDATION,CLUST_0.70_00025,LATE
CANONICAL_5f781bb6496a,TRAIN,TRAIN,CLUST_0.70_00346,LATE
CANONICAL_5f785affedd1,TRAIN,VALIDATION,CLUST_0.70_00079,LATE
CANONICAL_5f793e2370b8,TRAIN,TRAIN,CLUST_0.70_00008,LATE
CANONICAL_5f7a7481ea09,TRAIN,TRAIN,CLUST_0.70_00091,LATE
CANONICAL_5f7af38b5ec6,TRAIN,TRAIN,CLUST_0.70_00007,LATE
CANONICAL_5f7df0b1bd2e,TRAIN,TEST,CLUST_0.70_00015,LATE
CANONICAL_5f914ff02085,TEST,VALIDATION,CLUST_0.70_00127,LATE
CANONICAL_5f9adb678dc7,TEST,TRAIN,CLUST_0.70_00013,EARLY
CANONICAL_5f9fc3d810ef,TRAIN,TRAIN,CLUST_0.70_00008,LATE
CANONICAL_5fa52947d170,VALIDATION,TRAIN,CLUST_0.70_00008,LATE
CANONICAL_5fa9e2bfeb7e,VALIDATION,TEST,CLUST_0.70_00071,LATE
CANONICAL_5faee7d1ac31,TRAIN,TRAIN,CLUST_0.70_00007,IMMEDIATE_EARLY
CANONICAL_5faf36e1cba2,TRAIN,TRAIN,CLUST_0.70_00005,EARLY
CANONICAL_5fb651dd83f0,TRAIN,TRAIN,CLUST_0.70_00008,LATE
CANONICAL_5fc1a68f3251,TEST,VALIDATION,CLUST_0.70_00055,LATE
CANONICAL_5fc4dbf78a67,TEST,VALIDATION,CLUST_0.70_00079,LATE
CANONICAL_5fc86e068274,TRAIN,TRAIN,CLUST_0.70_00005,EARLY
CANONICAL_5fd9c0a48813,TRAIN,TRAIN,CLUST_0.70_00007,LATE
CANONICAL_5fda0b533309,TRAIN,TRAIN,CLUST_0.70_00005,EARLY
CANONICAL_5fda97bac802,TRAIN,TEST,CLUST_0.70_00037,LATE
CANONICAL_5fdd6b903af6,TRAIN,VALIDATION,CLUST_0.70_00079,LATE
CANONICAL_5fe09efb513a,VALIDATION,VALIDATION,CLUST_0.70_00079,LATE
CANONICAL_5ff2ec452f0b,TRAIN,TEST,CLUST_0.70_00001,LATE
CANONICAL_60005a1f178d,TRAIN,VALIDATION,CLUST_0.70_00059,LATE
CANONICAL_6007c41c351e,TEST,TRAIN,CLUST_0.70_00005,LATE
CANONICAL_60089e080843,TRAIN,TEST,CLUST_0.70_00080,LATE
CANONICAL_600d0faa5916,TRAIN,VALIDATION,CLUST_0.70_00006,IMMEDIATE_EARLY
CANONICAL_600d96d4962a,TRAIN,TRAIN,CLUST_0.70_00008,LATE
CANONICAL_600e512b53fe,TRAIN,TEST,CLUST_0.70_00071,LATE
CANONICAL_601c02b2968f,TRAIN,VALIDATION,CLUST_0.70_00040,EARLY
CANONICAL_6022d4e2e1a6,TEST,TRAIN,CLUST_0.70_00005,EARLY
CANONICAL_602502bbaa7c,TRAIN,TRAIN,CLUST_0.70_00005,LATE
CANONICAL_6025f132d85b,TRAIN,TRAIN,CLUST_0.70_00008,LATE
CANONICAL_60287a2d97e7,TEST,TEST,CLUST_0.70_00052,LATE
CANONICAL_602bc46ea0c1,TEST,TRAIN,CLUST_0.70_00033,IMMEDIATE_EARLY
CANONICAL_602ee87e4950,TEST,TRAIN,CLUST_0.70_00007,LATE
CANONICAL_6031368cfc8f,TEST,TRAIN,CLUST_0.70_00008,LATE
CANONICAL_60342c1cf12b,TEST,TEST,CLUST_0.70_00004,IMMEDIATE_EARLY
CANONICAL_603861963639,TRAIN,VALIDATION,CLUST_0.70_00029,LATE
CANONICAL_603b34a51c47,TRAIN,TEST,CLUST_0.70_00051,LATE
CANONICAL_6041125b4d75,TEST,TRAIN,CLUST_0.70_00005,EARLY
CANONICAL_60443c4e0484,TRAIN,TRAIN,CLUST_0.70_00007,EARLY
CANONICAL_6044b2886617,TEST,TEST,CLUST_0.70_00015,LATE
CANONICAL_6044fd13e1ee,TRAIN,TEST,CLUST_0.70_00052,LATE
CANONICAL_6056b6a57002,TRAIN,TRAIN,CLUST_0.70_00005,EARLY
CANONICAL_605eeb1f7e66,TEST,TEST,CLUST_0.70_00052,LATE
CANONICAL_605f1bd8ca1d,TRAIN,TRAIN,CLUST_0.70_00008,LATE
CANONICAL_605fbda3bba7,TRAIN,TRAIN,CLUST_0.70_00356,LATE
CANONICAL_6063d462567c,TRAIN,TRAIN,CLUST_0.70_00005,LATE
CANONICAL_606c73e3a13e,VALIDATION,TRAIN,CLUST_0.70_00005,LATE
CANONICAL_606e6ab8b50e,TRAIN,TEST,CLUST_0.70_00009,LATE
CANONICAL_6072e0dd0cf3,TRAIN,TRAIN,CLUST_0.70_00005,EARLY
CANONICAL_6079f5e0fcc8,TRAIN,VALIDATION,CLUST_0.70_00006,IMMEDIATE_EARLY
CANONICAL_608882ef2f13,VALIDATION,TRAIN,CLUST_0.70_00008,LATE
CANONICAL_6089625f8b63,TRAIN,TRAIN,CLUST_0.70_00126,LATE
CANONICAL_609251a667df,VALIDATION,TRAIN,CLUST_0.70_00005,EARLY
CANONICAL_6096167ee157,TRAIN,VALIDATION,CLUST_0.70_00017,LATE
CANONICAL_60976cdaaae8,TRAIN,TEST,CLUST_0.70_00009,LATE
CANONICAL_609e9b30898b,TRAIN,TRAIN,CLUST_0.70_00005,LATE
CANONICAL_609efe165b97,TRAIN,TRAIN,CLUST_0.70_00066,IMMEDIATE_EARLY
CANONICAL_60a0bd42e39a,TRAIN,TRAIN,CLUST_0.70_00005,EARLY
CANONICAL_60a58b9e6922,TRAIN,VALIDATION,CLUST_0.70_00029,LATE
CANONICAL_60a633c4513b,TRAIN,VALIDATION,CLUST_0.70_00059,LATE
CANONICAL_60a9420a1d97,TRAIN,TRAIN,CLUST_0.70_00005,EARLY
CANONICAL_60ad0a84d0bd,VALIDATION,VALIDATION,CLUST_0.70_00041,EARLY
CANONICAL_60b014414cd9,TRAIN,TEST,CLUST_0.70_00052,LATE
CANONICAL_60b19ff1e0e3,TRAIN,TRAIN,CLUST_0.70_00008,LATE
CANONICAL_60b1a197bd63,TRAIN,TRAIN,CLUST_0.70_00008,LATE
CANONICAL_60b48f7f7965,VALIDATION,VALIDATION,CLUST_0.70_00040,EARLY
CANONICAL_60b6c94eb3d9,TRAIN,VALIDATION,CLUST_0.70_00026,IMMEDIATE_EARLY
CANONICAL_60b6e172f3d8,TRAIN,TEST,CLUST_0.70_00052,LATE
CANONICAL_60bd05a0ca33,TRAIN,TRAIN,CLUST_0.70_00007,EARLY
CANONICAL_60c01bf66dee,TEST,TRAIN,CLUST_0.70_00005,EARLY
CANONICAL_60c2dd422002,TEST,VALIDATION,CLUST_0.70_00016,EARLY
CANONICAL_60c57faac70f,TEST,TEST,CLUST_0.70_00015,LATE
CANONICAL_60c6eb48fcaa,TRAIN,TRAIN,CLUST_0.70_00005,EARLY
CANONICAL_60d7cc155512,TEST,TRAIN,CLUST_0.70_00005,LATE
CANONICAL_60da31f64f3b,VALIDATION,TEST,CLUST_0.70_00004,IMMEDIATE_EARLY
CANONICAL_60de59862d4e,TRAIN,TRAIN,CLUST_0.70_00005,EARLY
CANONICAL_60dead778b0e,TRAIN,TRAIN,CLUST_0.70_00236,IMMEDIATE_EARLY
CANONICAL_60e939e30893,TRAIN,TRAIN,CLUST_0.70_00008,LATE
CANONICAL_60eb0ffb5933,TRAIN,TRAIN,CLUST_0.70_00062,LATE
CANONICAL_60eeee20033c,TRAIN,TRAIN,CLUST_0.70_00005,EARLY
CANONICAL_60faaf69a02a,VALIDATION,TRAIN,CLUST_0.70_00005,LATE
CANONICAL_60fe582a7589,TRAIN,TRAIN,CLUST_0.70_00007,IMMEDIATE_EARLY
CANONICAL_61056157cbba,VALIDATION,VALIDATION,CLUST_0.70_00058,LATE
CANONICAL_6106a4ec3d12,TEST,TRAIN,CLUST_0.70_00008,LATE
CANONICAL_610ffd2d9a68,TEST,TRAIN,CLUST_0.70_00005,EARLY
CANONICAL_61109bbd867d,VALIDATION,TEST,CLUST_0.70_00004,IMMEDIATE_EARLY
CANONICAL_611663b2b51b,TRAIN,TEST,CLUST_0.70_00052,LATE
CANONICAL_611c9137b614,TRAIN,TEST,CLUST_0.70_00001,LATE
CANONICAL_611d086acdef,TRAIN,TRAIN,CLUST_0.70_00008,LATE
CANONICAL_612079eeefd0,TRAIN,VALIDATION,CLUST_0.70_00028,EARLY
CANONICAL_6121e9fbc06a,TRAIN,VALIDATION,CLUST_0.70_00006,IMMEDIATE_EARLY
CANONICAL_6125aba4f73e,TRAIN,TEST,CLUST_0.70_00030,EARLY
CANONICAL_6129e64a66f6,TRAIN,TRAIN,CLUST_0.70_00005,LATE
CANONICAL_612a4cdd89b1,TEST,TEST,CLUST_0.70_00001,LATE
CANONICAL_612bb6208192,TRAIN,TRAIN,CLUST_0.70_00062,LATE
CANONICAL_612c68916181,TRAIN,TEST,CLUST_0.70_00030,EARLY
CANONICAL_612d852616df,TEST,TRAIN,CLUST_0.70_00005,EARLY
CANONICAL_612ef9c401b3,TRAIN,TRAIN,CLUST_0.70_00005,LATE
CANONICAL_613291f430bb,TRAIN,VALIDATION,CLUST_0.70_00029,LATE
CANONICAL_613945f1bb3f,TRAIN,TEST,CLUST_0.70_00030,EARLY
CANONICAL_613ae2a28a8b,TRAIN,TRAIN,CLUST_0.70_00005,EARLY
CANONICAL_6144f9c6249a,TRAIN,TRAIN,CLUST_0.70_00005,EARLY
CANONICAL_614ee0b5bdd9,TRAIN,TRAIN,CLUST_0.70_00231,IMMEDIATE_EARLY
CANONICAL_615276959686,TRAIN,TRAIN,CLUST_0.70_00005,EARLY
CANONICAL_61560fd13b30,TRAIN,TEST,CLUST_0.70_00001,LATE
CANONICAL_6156b84560d7,TRAIN,TRAIN,CLUST_0.70_00164,LATE
CANONICAL_6159151868f0,TRAIN,TEST,CLUST_0.70_00020,LATE
CANONICAL_615debbc9d0f,TRAIN,TEST,CLUST_0.70_00030,EARLY
CANONICAL_6165261d2dbe,TRAIN,TRAIN,CLUST_0.70_00005,EARLY
CANONICAL_6170c719bc2e,TRAIN,TEST,CLUST_0.70_00080,LATE
CANONICAL_6170fcb7fd26,TRAIN,TRAIN,CLUST_0.70_00005,EARLY
CANONICAL_6176d634f288,TRAIN,VALIDATION,CLUST_0.70_00041,EARLY
CANONICAL_61810b26c6dd,TRAIN,TRAIN,CLUST_0.70_00008,LATE
CANONICAL_6183951ca493,TRAIN,TRAIN,CLUST_0.70_00133,LATE
CANONICAL_6187fb99c45d,VALIDATION,TRAIN,CLUST_0.70_00008,LATE
CANONICAL_618cd15909fc,TRAIN,TRAIN,CLUST_0.70_00005,EARLY
CANONICAL_618e42f92346,TRAIN,TEST,CLUST_0.70_00030,EARLY
CANONICAL_618eb4179deb,TEST,TRAIN,CLUST_0.70_00005,LATE
CANONICAL_61929406f440,TRAIN,TEST,CLUST_0.70_00015,LATE
CANONICAL_6193bf37d919,TRAIN,VALIDATION,CLUST_0.70_00086,LATE
CANONICAL_61a59978b4b6,TRAIN,TRAIN,CLUST_0.70_00005,LATE
CANONICAL_61a8b995d31d,TEST,TRAIN,CLUST_0.70_00008,LATE
CANONICAL_61aa691fb2ec,TRAIN,TRAIN,CLUST_0.70_00005,LATE
CANONICAL_61ac28bea099,TRAIN,TRAIN,CLUST_0.70_00005,EARLY
CANONICAL_61b9de9afbdd,VALIDATION,TRAIN,CLUST_0.70_00005,EARLY
CANONICAL_61bb3506e6b1,TRAIN,VALIDATION,CLUST_0.70_00127,LATE
CANONICAL_61c97a12e63f,TRAIN,VALIDATION,CLUST_0.70_00025,LATE
CANONICAL_61d02067a2cd,TRAIN,TRAIN,CLUST_0.70_00005,EARLY
CANONICAL_61d26a9e6115,TRAIN,TEST,CLUST_0.70_00030,EARLY
CANONICAL_61d87163cb70,VALIDATION,TRAIN,CLUST_0.70_00005,EARLY
CANONICAL_61e097d96242,TRAIN,TEST,CLUST_0.70_00004,IMMEDIATE_EARLY
CANONICAL_61e2fc7b9e91,TEST,TRAIN,CLUST_0.70_00007,EARLY
CANONICAL_61e82c0dd41c,TRAIN,TEST,CLUST_0.70_00004,IMMEDIATE_EARLY
CANONICAL_61ead4a9002a,TRAIN,TRAIN,CLUST_0.70_00008,LATE
CANONICAL_61eb61c51b9b,TRAIN,TEST,CLUST_0.70_00015,LATE
CANONICAL_61ff27267b73,TRAIN,TRAIN,CLUST_0.70_00005,EARLY
CANONICAL_6202c6c7220d,TEST,TEST,CLUST_0.70_00030,EARLY
CANONICAL_620671f47723,TEST,TRAIN,CLUST_0.70_00007,LATE
CANONICAL_62095abdf14a,VALIDATION,TEST,CLUST_0.70_00001,LATE
CANONICAL_62109aaa3178,TRAIN,VALIDATION,CLUST_0.70_00025,LATE
CANONICAL_621125e17dcc,TRAIN,TRAIN,CLUST_0.70_00008,LATE
CANONICAL_62113212f0b4,VALIDATION,TRAIN,CLUST_0.70_00008,LATE
CANONICAL_62137be6d3e7,VALIDATION,VALIDATION,CLUST_0.70_00079,LATE
CANONICAL_621928dae38e,TEST,TEST,CLUST_0.70_00018,LATE
CANONICAL_621b6f3c73b5,TEST,TEST,CLUST_0.70_00080,LATE
CANONICAL_621cfad0a6c3,TRAIN,VALIDATION,CLUST_0.70_00006,IMMEDIATE_EARLY
CANONICAL_622008684433,TRAIN,TEST,CLUST_0.70_00030,EARLY
CANONICAL_6224463778c3,TRAIN,TRAIN,CLUST_0.70_00005,EARLY
CANONICAL_62244d071830,TRAIN,TRAIN,CLUST_0.70_00109,LATE
CANONICAL_6224ee861a69,TRAIN,TEST,CLUST_0.70_00015,LATE
CANONICAL_62354ae641be,TRAIN,TRAIN,CLUST_0.70_00005,EARLY
CANONICAL_62364d98e9e7,VALIDATION,TEST,CLUST_0.70_00030,EARLY
CANONICAL_623a3c637ec6,TRAIN,TEST,CLUST_0.70_00080,LATE
CANONICAL_623a86816395,TRAIN,TRAIN,CLUST_0.70_00005,LATE
CANONICAL_623bac6b5bc1,TEST,VALIDATION,CLUST_0.70_00040,EARLY
CANONICAL_623ffc123ef8,TEST,TRAIN,CLUST_0.70_00083,LATE
CANONICAL_6242d735bac8,TEST,TRAIN,CLUST_0.70_00154,EARLY
CANONICAL_6243b3f01dbc,TRAIN,TRAIN,CLUST_0.70_00005,LATE
CANONICAL_6249dd963dbe,TRAIN,VALIDATION,CLUST_0.70_00065,LATE
CANONICAL_624b78697118,TEST,TEST,CLUST_0.70_00004,IMMEDIATE_EARLY
CANONICAL_624d7a6ba158,TEST,TEST,CLUST_0.70_00030,EARLY
CANONICAL_624fa24d081e,VALIDATION,TRAIN,CLUST_0.70_00147,IMMEDIATE_EARLY
CANONICAL_6250ee42b764,TRAIN,TRAIN,CLUST_0.70_00007,LATE
CANONICAL_625aab7b0597,TRAIN,VALIDATION,CLUST_0.70_00040,EARLY
CANONICAL_625d83986315,TEST,TRAIN,CLUST_0.70_00007,LATE
CANONICAL_625e346262a9,VALIDATION,TRAIN,CLUST_0.70_00005,EARLY
CANONICAL_6266aa6d1136,TRAIN,TRAIN,CLUST_0.70_00005,EARLY
CANONICAL_6269a8575662,VALIDATION,TRAIN,CLUST_0.70_00056,LATE
CANONICAL_626e8dd73105,VALIDATION,TRAIN,CLUST_0.70_00062,LATE
CANONICAL_6270e0679770,VALIDATION,VALIDATION,CLUST_0.70_00026,IMMEDIATE_EARLY
CANONICAL_6274ddab1b3d,TEST,TRAIN,CLUST_0.70_00008,LATE
CANONICAL_627632d7919b,TRAIN,TEST,CLUST_0.70_00015,LATE
CANONICAL_6276f1ff6f8b,TRAIN,TRAIN,CLUST_0.70_00005,EARLY
CANONICAL_627dfd3e4499,TRAIN,TRAIN,CLUST_0.70_00005,LATE
CANONICAL_627e6794f791,VALIDATION,TRAIN,CLUST_0.70_00005,LATE
CANONICAL_628088c30754,TEST,TRAIN,CLUST_0.70_00021,EARLY
CANONICAL_6282cbdd4bb3,TRAIN,TRAIN,CLUST_0.70_00005,LATE
CANONICAL_6283181bc5b1,TRAIN,TRAIN,CLUST_0.70_00008,LATE
CANONICAL_6283d48f958d,TRAIN,VALIDATION,CLUST_0.70_00079,LATE
CANONICAL_6288cc619a22,TEST,TEST,CLUST_0.70_00037,LATE
CANONICAL_62896738b56c,TRAIN,VALIDATION,CLUST_0.70_00026,IMMEDIATE_EARLY
CANONICAL_628d0c381cc1,TRAIN,TEST,CLUST_0.70_00030,EARLY
CANONICAL_628ffff90621,TRAIN,TRAIN,CLUST_0.70_00008,LATE
CANONICAL_629564354caf,VALIDATION,TRAIN,CLUST_0.70_00005,LATE
CANONICAL_629a675b40dd,TRAIN,TRAIN,CLUST_0.70_00005,EARLY
CANONICAL_629afd40ceb4,TRAIN,TRAIN,CLUST_0.70_00008,IMMEDIATE_EARLY
CANONICAL_62a04786f059,VALIDATION,TRAIN,CLUST_0.70_00007,LATE
CANONICAL_62a152d0481d,TRAIN,TRAIN,CLUST_0.70_00090,LATE
CANONICAL_62a5d50cb15d,TRAIN,TRAIN,CLUST_0.70_00008,LATE
CANONICAL_62a7518e5d12,TRAIN,TRAIN,CLUST_0.70_00008,LATE
CANONICAL_62a944916c86,TEST,TRAIN,CLUST_0.70_00008,LATE
CANONICAL_62ade35d8854,TRAIN,TRAIN,CLUST_0.70_00007,LATE
CANONICAL_62b0b2f1557d,TRAIN,VALIDATION,CLUST_0.70_00010,EARLY
CANONICAL_62b3fcc3e9e0,VALIDATION,TRAIN,CLUST_0.70_00005,LATE
CANONICAL_62bc84697ea9,TRAIN,TRAIN,CLUST_0.70_00021,EARLY
CANONICAL_62bd1df2deb7,TRAIN,TRAIN,CLUST_0.70_00008,LATE
CANONICAL_62c210c3bce7,TEST,TEST,CLUST_0.70_00052,LATE
CANONICAL_62d25484999a,TRAIN,TRAIN,CLUST_0.70_00008,LATE
CANONICAL_62d5e8ac2738,TRAIN,TEST,CLUST_0.70_00030,EARLY
CANONICAL_62d871d5b2e3,TRAIN,TRAIN,CLUST_0.70_00005,LATE
CANONICAL_62d888668ada,VALIDATION,TEST,CLUST_0.70_00030,EARLY
CANONICAL_62e01da2deee,TRAIN,TRAIN,CLUST_0.70_00007,LATE
CANONICAL_62e2f019821b,VALIDATION,TRAIN,CLUST_0.70_00005,EARLY
CANONICAL_62e86c96b2f8,TRAIN,TEST,CLUST_0.70_00080,LATE
CANONICAL_62e87fb00700,TEST,TRAIN,CLUST_0.70_00005,LATE
CANONICAL_62e96426a91e,TRAIN,TEST,CLUST_0.70_00001,LATE
CANONICAL_62ea215ec693,VALIDATION,TRAIN,CLUST_0.70_00005,EARLY
CANONICAL_62ed3af266b7,TRAIN,TRAIN,CLUST_0.70_00005,EARLY
CANONICAL_62f036c4113f,TRAIN,TEST,CLUST_0.70_00030,EARLY
CANONICAL_62f27578a6de,TRAIN,VALIDATION,CLUST_0.70_00006,IMMEDIATE_EARLY
CANONICAL_62f3c3e76c57,TRAIN,VALIDATION,CLUST_0.70_00059,LATE
CANONICAL_62f452834b24,TRAIN,VALIDATION,CLUST_0.70_00039,LATE
CANONICAL_62f4bf217b08,TRAIN,TRAIN,CLUST_0.70_00005,LATE
CANONICAL_62f4f1cfcd4a,TRAIN,TRAIN,CLUST_0.70_00005,EARLY
CANONICAL_62f8b1565e6a,VALIDATION,TRAIN,CLUST_0.70_00005,LATE
CANONICAL_62f94f6215f8,TRAIN,TRAIN,CLUST_0.70_00008,LATE
CANONICAL_62fe3bedc1e6,TRAIN,TEST,CLUST_0.70_00071,LATE
CANONICAL_6309e127e68c,TRAIN,TRAIN,CLUST_0.70_00147,IMMEDIATE_EARLY
CANONICAL_630b749e552f,TRAIN,TRAIN,CLUST_0.70_00008,LATE
CANONICAL_631745b0b341,TRAIN,TRAIN,CLUST_0.70_00024,LATE
CANONICAL_631822b94f5c,TRAIN,TRAIN,CLUST_0.70_00005,EARLY
CANONICAL_6319421d12c0,TRAIN,TRAIN,CLUST_0.70_00008,LATE
CANONICAL_631b66d83486,VALIDATION,TRAIN,CLUST_0.70_00134,LATE
CANONICAL_631b9644ef42,VALIDATION,TRAIN,CLUST_0.70_00008,LATE
CANONICAL_631bfc7d5f80,VALIDATION,TEST,CLUST_0.70_00015,LATE
CANONICAL_631cde81fe64,TRAIN,TRAIN,CLUST_0.70_00008,LATE
CANONICAL_631efe732a1d,TRAIN,TRAIN,CLUST_0.70_00185,LATE
CANONICAL_6321233cd476,VALIDATION,TRAIN,CLUST_0.70_00214,LATE
CANONICAL_6323b6118026,TRAIN,TRAIN,CLUST_0.70_00007,LATE
CANONICAL_6325366d576f,TRAIN,TEST,CLUST_0.70_00001,LATE
CANONICAL_632555d53f06,TEST,TEST,CLUST_0.70_00015,LATE
CANONICAL_6326f2d9ed77,TRAIN,TRAIN,CLUST_0.70_00097,LATE
CANONICAL_63300cc71ad6,TRAIN,TEST,CLUST_0.70_00015,LATE
CANONICAL_6330af1d5690,TRAIN,TRAIN,CLUST_0.70_00005,EARLY
CANONICAL_6330f285c873,TEST,VALIDATION,CLUST_0.70_00031,LATE
CANONICAL_6336cee6205a,VALIDATION,VALIDATION,CLUST_0.70_00031,LATE
CANONICAL_6339ec26f872,TEST,TEST,CLUST_0.70_00051,LATE
CANONICAL_633d80a47e49,VALIDATION,TRAIN,CLUST_0.70_00005,EARLY
CANONICAL_6340832d2293,VALIDATION,TRAIN,CLUST_0.70_00005,EARLY
CANONICAL_6345163714dd,VALIDATION,TRAIN,CLUST_0.70_00235,LATE
CANONICAL_6345fc5bf3a6,TRAIN,TRAIN,CLUST_0.70_00005,EARLY
CANONICAL_6347b88945ed,TRAIN,TRAIN,CLUST_0.70_00236,IMMEDIATE_EARLY
CANONICAL_6348cf36eab1,TRAIN,VALIDATION,CLUST_0.70_00017,LATE
CANONICAL_6348ddc96cff,TEST,VALIDATION,CLUST_0.70_00079,LATE
CANONICAL_634958cbfc6c,TRAIN,TRAIN,CLUST_0.70_00005,EARLY
CANONICAL_6352fe5359f3,TRAIN,TRAIN,CLUST_0.70_00005,EARLY
CANONICAL_635a40035db0,TRAIN,TRAIN,CLUST_0.70_00005,EARLY
CANONICAL_635b53c52d3c,TRAIN,TRAIN,CLUST_0.70_00007,LATE
CANONICAL_636838bf3545,TEST,TEST,CLUST_0.70_00020,LATE
CANONICAL_636b03b6a844,TRAIN,TRAIN,CLUST_0.70_00187,LATE
CANONICAL_636e0d096fed,VALIDATION,TRAIN,CLUST_0.70_00002,LATE
CANONICAL_636e7fcb19dd,TRAIN,VALIDATION,CLUST_0.70_00079,LATE
CANONICAL_637049fcc4e0,TRAIN,TRAIN,CLUST_0.70_00005,LATE
CANONICAL_637a499f7f69,TEST,TEST,CLUST_0.70_00051,LATE
CANONICAL_637c3ab969fe,TRAIN,TEST,CLUST_0.70_00001,LATE
CANONICAL_63811e69904d,TEST,TRAIN,CLUST_0.70_00008,LATE
CANONICAL_638744781402,TRAIN,VALIDATION,CLUST_0.70_00086,LATE
CANONICAL_6387dbfdfbb8,TRAIN,TRAIN,CLUST_0.70_00005,LATE
CANONICAL_638cf01a7c11,TRAIN,TRAIN,CLUST_0.70_00213,LATE
CANONICAL_638fe0c59c25,TRAIN,TRAIN,CLUST_0.70_00005,EARLY
CANONICAL_63920f822cc7,TRAIN,TRAIN,CLUST_0.70_00042,LATE
CANONICAL_63924f3eebd5,VALIDATION,VALIDATION,CLUST_0.70_00006,IMMEDIATE_EARLY
CANONICAL_63931d27996a,VALIDATION,VALIDATION,CLUST_0.70_00036,EARLY
CANONICAL_639cf8695269,TRAIN,TRAIN,CLUST_0.70_00008,LATE
CANONICAL_639f5ea7ce96,TRAIN,TRAIN,CLUST_0.70_00005,LATE
CANONICAL_639f809d59ed,TRAIN,TRAIN,CLUST_0.70_00008,LATE
CANONICAL_63a02481935a,TRAIN,VALIDATION,CLUST_0.70_00079,LATE
CANONICAL_63a615f6cdd0,TRAIN,VALIDATION,CLUST_0.70_00010,EARLY
CANONICAL_63aa6b0c1543,VALIDATION,VALIDATION,CLUST_0.70_00025,LATE
CANONICAL_63af0fb31c64,TRAIN,TRAIN,CLUST_0.70_00008,LATE
CANONICAL_63b4567e98b0,TRAIN,TEST,CLUST_0.70_00020,LATE
CANONICAL_63b5d175f0c2,TRAIN,VALIDATION,CLUST_0.70_00055,LATE
CANONICAL_63b714287684,TRAIN,TRAIN,CLUST_0.70_00005,EARLY
CANONICAL_63b952e82be9,TRAIN,TEST,CLUST_0.70_00004,IMMEDIATE_EARLY
CANONICAL_63bc14f8de9b,TRAIN,TEST,CLUST_0.70_00030,EARLY
CANONICAL_63bcd4fe4a5e,TRAIN,TRAIN,CLUST_0.70_00005,EARLY
CANONICAL_63bda9833a2d,VALIDATION,TRAIN,CLUST_0.70_00005,LATE
CANONICAL_63beb072a809,TRAIN,TEST,CLUST_0.70_00004,IMMEDIATE_EARLY
CANONICAL_63c676b24872,TRAIN,TEST,CLUST_0.70_00030,EARLY
CANONICAL_63cb2669d396,VALIDATION,TRAIN,CLUST_0.70_00164,LATE
CANONICAL_63cd2b27e411,TRAIN,TRAIN,CLUST_0.70_00008,LATE
CANONICAL_63cdbf5e4a7f,TRAIN,TRAIN,CLUST_0.70_00007,LATE
CANONICAL_63d035caabf6,TRAIN,TRAIN,CLUST_0.70_00241,LATE
CANONICAL_63d27519d719,TRAIN,TRAIN,CLUST_0.70_00007,LATE
CANONICAL_63df860b6095,TRAIN,TRAIN,CLUST_0.70_00008,LATE
CANONICAL_63e1de06db4f,TRAIN,TRAIN,CLUST_0.70_00005,EARLY
CANONICAL_63e1fefb4400,TRAIN,TEST,CLUST_0.70_00052,LATE
CANONICAL_63eabafac1e5,VALIDATION,TEST,CLUST_0.70_00037,LATE
CANONICAL_63f1c4e531da,TRAIN,TEST,CLUST_0.70_00030,EARLY
CANONICAL_63f234bf8fb2,TRAIN,TEST,CLUST_0.70_00030,EARLY
CANONICAL_63f366707052,TEST,TRAIN,CLUST_0.70_00008,LATE
CANONICAL_63f49353c28f,TRAIN,TRAIN,CLUST_0.70_00008,LATE
CANONICAL_63f6b3375b03,TRAIN,TRAIN,CLUST_0.70_00005,LATE
CANONICAL_63fbf5354b1a,TRAIN,TEST,CLUST_0.70_00037,LATE
CANONICAL_64089afce2d1,TEST,TEST,CLUST_0.70_00080,LATE
CANONICAL_640a35017212,VALIDATION,TRAIN,CLUST_0.70_00007,LATE
CANONICAL_640aa9c679c2,TRAIN,TRAIN,CLUST_0.70_00005,EARLY
CANONICAL_640b021c1197,TEST,TRAIN,CLUST_0.70_00008,LATE
CANONICAL_640c49854d9c,TRAIN,TEST,CLUST_0.70_00071,LATE
CANONICAL_64121902897a,TRAIN,TRAIN,CLUST_0.70_00005,EARLY
CANONICAL_6415ebb9d9dc,TRAIN,VALIDATION,CLUST_0.70_00026,IMMEDIATE_EARLY
CANONICAL_64178f981777,TEST,TRAIN,CLUST_0.70_00008,LATE
CANONICAL_64217efbfa24,TRAIN,TRAIN,CLUST_0.70_00005,LATE
CANONICAL_6426d463a915,TRAIN,TRAIN,CLUST_0.70_00102,LATE
CANONICAL_642cc5543ced,VALIDATION,TEST,CLUST_0.70_00001,LATE
CANONICAL_642dd67dd3fa,TRAIN,VALIDATION,CLUST_0.70_00079,LATE
CANONICAL_642eb3f66b28,TRAIN,TRAIN,CLUST_0.70_00005,LATE
CANONICAL_643823cf7e15,TRAIN,TRAIN,CLUST_0.70_00008,LATE
CANONICAL_643c7a290d83,TRAIN,VALIDATION,CLUST_0.70_00016,EARLY
CANONICAL_643e65b7b1ff,TRAIN,TRAIN,CLUST_0.70_00005,EARLY
CANONICAL_64402f3b2b51,TEST,VALIDATION,CLUST_0.70_00025,LATE
CANONICAL_644bc467f47c,TRAIN,TEST,CLUST_0.70_00004,IMMEDIATE_EARLY
CANONICAL_644d0e7e705b,VALIDATION,TEST,CLUST_0.70_00030,EARLY
CANONICAL_6450128b8e77,TRAIN,TRAIN,CLUST_0.70_00005,EARLY
CANONICAL_645113e42528,TRAIN,TEST,CLUST_0.70_00080,LATE
CANONICAL_6454933197bb,TRAIN,TRAIN,CLUST_0.70_00091,LATE
CANONICAL_645e7ffada55,TRAIN,VALIDATION,CLUST_0.70_00059,LATE
CANONICAL_64600ddefb63,TRAIN,TRAIN,CLUST_0.70_00008,LATE
CANONICAL_6462015a5aef,VALIDATION,TRAIN,CLUST_0.70_00008,LATE
CANONICAL_64622c31e9b2,TEST,TEST,CLUST_0.70_00052,LATE
CANONICAL_6463b072d570,TRAIN,TRAIN,CLUST_0.70_00008,LATE
CANONICAL_64669f63d38f,TRAIN,TEST,CLUST_0.70_00018,LATE
CANONICAL_646d63841d65,TRAIN,TEST,CLUST_0.70_00001,LATE
CANONICAL_646d78fd16fa,TEST,TRAIN,CLUST_0.70_00005,EARLY
CANONICAL_64730fad5491,TRAIN,TRAIN,CLUST_0.70_00063,LATE
CANONICAL_64745c16e988,VALIDATION,TRAIN,CLUST_0.70_00056,LATE
CANONICAL_647b6704aaa5,TRAIN,TRAIN,CLUST_0.70_00109,LATE
CANONICAL_647cad76f735,VALIDATION,TRAIN,CLUST_0.70_00005,EARLY
CANONICAL_6483cb8c7375,TRAIN,TRAIN,CLUST_0.70_00005,LATE
CANONICAL_64840b1f01d6,VALIDATION,VALIDATION,CLUST_0.70_00055,LATE
CANONICAL_648f154efc25,TRAIN,TRAIN,CLUST_0.70_00124,LATE
CANONICAL_648f565d52c7,TRAIN,TRAIN,CLUST_0.70_00005,LATE
CANONICAL_64909a78e196,TRAIN,TEST,CLUST_0.70_00080,LATE
CANONICAL_6493ad8ac316,TRAIN,TRAIN,CLUST_0.70_00005,EARLY
CANONICAL_64957e6fb208,TRAIN,TEST,CLUST_0.70_00015,LATE
CANONICAL_6498a70879f6,TEST,TRAIN,CLUST_0.70_00007,LATE
CANONICAL_64a8794cdd14,TRAIN,TEST,CLUST_0.70_00001,LATE
CANONICAL_64aaf5923f47,TRAIN,VALIDATION,CLUST_0.70_00029,LATE
CANONICAL_64ab1e651420,TRAIN,TRAIN,CLUST_0.70_00005,LATE
CANONICAL_64aea07a65aa,TRAIN,TRAIN,CLUST_0.70_00042,LATE
CANONICAL_64b1c9919b58,TRAIN,TRAIN,CLUST_0.70_00238,LATE
CANONICAL_64ba42d8eb7d,TRAIN,VALIDATION,CLUST_0.70_00029,LATE
CANONICAL_64c0202c1466,TRAIN,TEST,CLUST_0.70_00018,LATE
CANONICAL_64c0819baf4f,TRAIN,TRAIN,CLUST_0.70_00005,LATE
CANONICAL_64cb2a6cfe25,TRAIN,TRAIN,CLUST_0.70_00008,LATE
CANONICAL_64cc7b373d97,VALIDATION,VALIDATION,CLUST_0.70_00031,LATE
CANONICAL_64d2eca3c582,TRAIN,TRAIN,CLUST_0.70_00049,IMMEDIATE_EARLY
CANONICAL_64d4d541b075,VALIDATION,TRAIN,CLUST_0.70_00153,EARLY
CANONICAL_64d73cae2269,TRAIN,VALIDATION,CLUST_0.70_00065,LATE
CANONICAL_64e2a406f037,VALIDATION,TRAIN,CLUST_0.70_00409,EARLY
CANONICAL_64e32405ff4c,TRAIN,TRAIN,CLUST_0.70_00008,LATE
CANONICAL_64e3a8b139db,TRAIN,VALIDATION,CLUST_0.70_00086,LATE
CANONICAL_64e7003eebef,TRAIN,TRAIN,CLUST_0.70_00005,EARLY
CANONICAL_64f0516b9f6d,TRAIN,TRAIN,CLUST_0.70_00191,EARLY
CANONICAL_64f2743c63b3,VALIDATION,TRAIN,CLUST_0.70_00007,LATE
CANONICAL_64f6f827b341,TRAIN,TEST,CLUST_0.70_00030,EARLY
CANONICAL_64fbe4edcf1c,TRAIN,VALIDATION,CLUST_0.70_00106,LATE
CANONICAL_64fc907fcbde,TRAIN,TRAIN,CLUST_0.70_00005,LATE
CANONICAL_6501402dbe01,VALIDATION,TRAIN,CLUST_0.70_00007,LATE
CANONICAL_650d63f1186a,TRAIN,TRAIN,CLUST_0.70_00033,IMMEDIATE_EARLY
CANONICAL_65119e459030,VALIDATION,TRAIN,CLUST_0.70_00147,IMMEDIATE_EARLY
CANONICAL_6512d465ef1b,TRAIN,TRAIN,CLUST_0.70_00008,LATE
CANONICAL_6522f5b4f75f,TRAIN,TEST,CLUST_0.70_00004,IMMEDIATE_EARLY
CANONICAL_6523db2f9f1f,TRAIN,TEST,CLUST_0.70_00018,LATE
CANONICAL_652af37bb907,TRAIN,TRAIN,CLUST_0.70_00007,LATE
CANONICAL_652d4f28c660,TRAIN,TRAIN,CLUST_0.70_00008,LATE
CANONICAL_652daf695be2,TEST,TRAIN,CLUST_0.70_00005,LATE
CANONICAL_652fc0c882c6,TRAIN,TRAIN,CLUST_0.70_00008,LATE
CANONICAL_65315df21060,TRAIN,TRAIN,CLUST_0.70_00008,LATE
CANONICAL_653671d1a73a,TRAIN,TEST,CLUST_0.70_00051,LATE
CANONICAL_65369b605d4c,TRAIN,TRAIN,CLUST_0.70_00005,EARLY
CANONICAL_65382becf505,VALIDATION,TRAIN,CLUST_0.70_00005,LATE
CANONICAL_6539f1ff261e,TRAIN,TRAIN,CLUST_0.70_00147,IMMEDIATE_EARLY
CANONICAL_653cbfe36bac,TEST,TRAIN,CLUST_0.70_00007,EARLY
CANONICAL_653e1c62d273,TRAIN,TRAIN,CLUST_0.70_00005,EARLY
CANONICAL_654a417ed3eb,TRAIN,TRAIN,CLUST_0.70_00005,LATE
CANONICAL_654aef7f39f9,VALIDATION,TRAIN,CLUST_0.70_00005,EARLY
CANONICAL_655231820f5d,TEST,TRAIN,CLUST_0.70_00008,LATE
CANONICAL_65578af139ab,TRAIN,TRAIN,CLUST_0.70_00008,LATE
CANONICAL_65585d5e3c6a,TRAIN,VALIDATION,CLUST_0.70_00031,LATE
CANONICAL_655b5593746a,TRAIN,TRAIN,CLUST_0.70_00005,EARLY
CANONICAL_655ede291f0c,TRAIN,VALIDATION,CLUST_0.70_00079,LATE
CANONICAL_6562d52fd330,TRAIN,TRAIN,CLUST_0.70_00005,EARLY
CANONICAL_6563764a1aa2,TRAIN,TRAIN,CLUST_0.70_00007,EARLY
CANONICAL_656b42df07b8,VALIDATION,TRAIN,CLUST_0.70_00008,LATE
CANONICAL_656ccc29d3fb,TRAIN,VALIDATION,CLUST_0.70_00026,IMMEDIATE_EARLY
CANONICAL_657386a93ce1,TEST,TRAIN,CLUST_0.70_00007,EARLY
CANONICAL_65773c6406a2,TRAIN,TEST,CLUST_0.70_00071,LATE
CANONICAL_657e252a67d6,TRAIN,VALIDATION,CLUST_0.70_00006,IMMEDIATE_EARLY
CANONICAL_6580b36c98e3,TRAIN,VALIDATION,CLUST_0.70_00017,LATE
CANONICAL_6580d3698461,TRAIN,TEST,CLUST_0.70_00071,LATE
CANONICAL_65815e1db1ee,VALIDATION,TRAIN,CLUST_0.70_00008,LATE
CANONICAL_6582f0310284,TRAIN,TRAIN,CLUST_0.70_00005,EARLY
CANONICAL_658524b1d655,TRAIN,TEST,CLUST_0.70_00015,LATE
CANONICAL_658549517959,VALIDATION,TRAIN,CLUST_0.70_00005,LATE
CANONICAL_65882e4423c3,TEST,TEST,CLUST_0.70_00004,IMMEDIATE_EARLY
CANONICAL_6589c458a15f,TEST,TRAIN,CLUST_0.70_00091,LATE
CANONICAL_658c9bff7b91,TRAIN,TEST,CLUST_0.70_00001,LATE
CANONICAL_65957179f1da,VALIDATION,TRAIN,CLUST_0.70_00227,LATE
CANONICAL_659691cc9887,TRAIN,TRAIN,CLUST_0.70_00007,LATE
CANONICAL_659ce3f9da7a,TRAIN,TRAIN,CLUST_0.70_00008,LATE
CANONICAL_65a066524a31,TRAIN,TEST,CLUST_0.70_00052,LATE
CANONICAL_65a154a17173,TRAIN,VALIDATION,CLUST_0.70_00041,EARLY
CANONICAL_65a5e9ef3ba1,VALIDATION,TRAIN,CLUST_0.70_00008,LATE
CANONICAL_65a66e89f9fe,TRAIN,TRAIN,CLUST_0.70_00005,EARLY
CANONICAL_65a93c082fbd,TEST,TEST,CLUST_0.70_00030,EARLY
CANONICAL_65b6af21b0b9,TEST,TRAIN,CLUST_0.70_00131,LATE
CANONICAL_65b96487c674,TRAIN,TRAIN,CLUST_0.70_00008,LATE
CANONICAL_65c1fa43456b,TRAIN,TRAIN,CLUST_0.70_00024,LATE
CANONICAL_65c47178c3d7,TRAIN,TRAIN,CLUST_0.70_00005,EARLY
CANONICAL_65c732ba16d5,TRAIN,VALIDATION,CLUST_0.70_00059,LATE
CANONICAL_65c770043954,TRAIN,VALIDATION,CLUST_0.70_00028,EARLY
CANONICAL_65d42bd7183b,TRAIN,TRAIN,CLUST_0.70_00005,EARLY
CANONICAL_65d4fbcd9953,TRAIN,TEST,CLUST_0.70_00004,IMMEDIATE_EARLY
CANONICAL_65d658899679,TRAIN,TRAIN,CLUST_0.70_00005,EARLY
CANONICAL_65de62352465,TRAIN,TEST,CLUST_0.70_00030,EARLY
CANONICAL_65e3d569050b,TRAIN,VALIDATION,CLUST_0.70_00055,LATE
CANONICAL_65e8c996d151,TEST,VALIDATION,CLUST_0.70_00028,EARLY
CANONICAL_65eea076ad9f,TRAIN,VALIDATION,CLUST_0.70_00028,EARLY
CANONICAL_65f28416b34d,TEST,TEST,CLUST_0.70_00030,EARLY
CANONICAL_65f3bd08174c,TRAIN,VALIDATION,CLUST_0.70_00028,EARLY
CANONICAL_65f8293f5f47,TRAIN,VALIDATION,CLUST_0.70_00041,EARLY
CANONICAL_65fdc701a1fe,TRAIN,TEST,CLUST_0.70_00030,EARLY
CANONICAL_6600a67097f0,TRAIN,TEST,CLUST_0.70_00004,IMMEDIATE_EARLY
CANONICAL_660575cc253c,TRAIN,TRAIN,CLUST_0.70_00008,LATE
CANONICAL_660e4aed1a52,TRAIN,TEST,CLUST_0.70_00030,EARLY
CANONICAL_660ea42e9269,TRAIN,VALIDATION,CLUST_0.70_00065,LATE
CANONICAL_66149e713f9a,TRAIN,TEST,CLUST_0.70_00001,LATE
CANONICAL_6620e09b2c36,TRAIN,TRAIN,CLUST_0.70_00008,LATE
CANONICAL_6623b22d115d,TRAIN,TRAIN,CLUST_0.70_00005,EARLY
CANONICAL_662cee738a76,TRAIN,TEST,CLUST_0.70_00001,LATE
CANONICAL_662d70ccc73f,TRAIN,TRAIN,CLUST_0.70_00007,LATE
CANONICAL_663284b89689,TRAIN,VALIDATION,CLUST_0.70_00031,LATE
CANONICAL_66350220d973,TRAIN,TRAIN,CLUST_0.70_00105,LATE
CANONICAL_663f79aca863,TEST,TRAIN,CLUST_0.70_00008,LATE
CANONICAL_66446d458aee,TRAIN,TRAIN,CLUST_0.70_00008,LATE
CANONICAL_6645427855b6,TRAIN,TRAIN,CLUST_0.70_00005,LATE
CANONICAL_6648911219fe,TEST,TRAIN,CLUST_0.70_00002,LATE
CANONICAL_664b783ae65f,TEST,TRAIN,CLUST_0.70_00005,EARLY
CANONICAL_664f16d7bb60,TRAIN,TRAIN,CLUST_0.70_00005,LATE
CANONICAL_664f54063132,TRAIN,VALIDATION,CLUST_0.70_00079,LATE
CANONICAL_665049f293d7,TRAIN,TRAIN,CLUST_0.70_00008,LATE
CANONICAL_66555f33b54d,VALIDATION,TRAIN,CLUST_0.70_00005,LATE
CANONICAL_66574e303175,VALIDATION,VALIDATION,CLUST_0.70_00040,EARLY
CANONICAL_6657a9168077,VALIDATION,TRAIN,CLUST_0.70_00005,EARLY
CANONICAL_6658b59c5397,TRAIN,TRAIN,CLUST_0.70_00007,EARLY
CANONICAL_665a3d9a4f70,TRAIN,TRAIN,CLUST_0.70_00008,LATE
CANONICAL_665ba57d6cda,TRAIN,TRAIN,CLUST_0.70_00005,LATE
CANONICAL_6661151cae64,TRAIN,TRAIN,CLUST_0.70_00005,EARLY
CANONICAL_666a19d6f6c5,VALIDATION,VALIDATION,CLUST_0.70_00127,LATE
CANONICAL_666b538d52b7,TRAIN,TRAIN,CLUST_0.70_00005,EARLY
CANONICAL_667652ed25ad,TRAIN,VALIDATION,CLUST_0.70_00055,LATE
CANONICAL_6676edd44f17,TRAIN,TRAIN,CLUST_0.70_00005,LATE
CANONICAL_6678ed7c4d85,TRAIN,TRAIN,CLUST_0.70_00008,LATE
CANONICAL_667f2857eb5b,TRAIN,TRAIN,CLUST_0.70_00005,LATE
CANONICAL_668cdbf57f0a,TRAIN,TRAIN,CLUST_0.70_00005,LATE
CANONICAL_66914f669b4b,VALIDATION,TRAIN,CLUST_0.70_00008,LATE
CANONICAL_669675a4d7f5,VALIDATION,TRAIN,CLUST_0.70_00007,LATE
CANONICAL_6699aca6178c,TRAIN,VALIDATION,CLUST_0.70_00086,LATE
CANONICAL_669a773b0ed3,VALIDATION,VALIDATION,CLUST_0.70_00031,LATE
CANONICAL_66a035c25e27,VALIDATION,VALIDATION,CLUST_0.70_00169,LATE
CANONICAL_66a588579398,TRAIN,TEST,CLUST_0.70_00052,LATE
CANONICAL_66a8c07a2f76,TRAIN,TEST,CLUST_0.70_00030,EARLY
CANONICAL_66b3b0067fa5,VALIDATION,TRAIN,CLUST_0.70_00005,LATE
CANONICAL_66b59367fc84,TRAIN,TRAIN,CLUST_0.70_00005,EARLY
CANONICAL_66b7970b30f3,TRAIN,TRAIN,CLUST_0.70_00005,EARLY
CANONICAL_66b79bfefa14,TRAIN,TRAIN,CLUST_0.70_00007,LATE
CANONICAL_66bbc49fd5b3,VALIDATION,TEST,CLUST_0.70_00004,IMMEDIATE_EARLY
CANONICAL_66c39216388b,VALIDATION,VALIDATION,CLUST_0.70_00029,LATE
CANONICAL_66c683b6c19c,TRAIN,TRAIN,CLUST_0.70_00008,LATE
CANONICAL_66ca7481938b,TRAIN,TRAIN,CLUST_0.70_00227,LATE
CANONICAL_66cba8d96771,TRAIN,TRAIN,CLUST_0.70_00185,LATE
CANONICAL_66cf700f72d0,TRAIN,VALIDATION,CLUST_0.70_00006,IMMEDIATE_EARLY
CANONICAL_66d13efea823,TEST,TRAIN,CLUST_0.70_00005,LATE
CANONICAL_66d752643e18,TEST,TRAIN,CLUST_0.70_00007,LATE
CANONICAL_66d90d642b87,TRAIN,TRAIN,CLUST_0.70_00056,LATE
CANONICAL_66da18424d8c,TRAIN,TEST,CLUST_0.70_00001,LATE
CANONICAL_66de603a3c39,TRAIN,TRAIN,CLUST_0.70_00047,LATE
CANONICAL_66e1de589d83,TRAIN,TRAIN,CLUST_0.70_00005,LATE
CANONICAL_66e2bf2068bd,VALIDATION,VALIDATION,CLUST_0.70_00029,LATE
CANONICAL_66f5e9e1c058,VALIDATION,TEST,CLUST_0.70_00004,IMMEDIATE_EARLY
CANONICAL_66fc258d001b,VALIDATION,VALIDATION,CLUST_0.70_00026,IMMEDIATE_EARLY
CANONICAL_67085862c32a,TRAIN,VALIDATION,CLUST_0.70_00031,LATE
CANONICAL_6708d0d69193,TRAIN,TRAIN,CLUST_0.70_00005,EARLY
CANONICAL_670efe22193e,TEST,TRAIN,CLUST_0.70_00008,LATE
CANONICAL_670f923ef0e0,TRAIN,TEST,CLUST_0.70_00052,LATE
CANONICAL_671103976545,TRAIN,TRAIN,CLUST_0.70_00008,LATE
CANONICAL_67112fbf397a,VALIDATION,TRAIN,CLUST_0.70_00014,IMMEDIATE_EARLY
CANONICAL_6711921a0b69,TRAIN,TRAIN,CLUST_0.70_00005,EARLY
CANONICAL_671207fb0c21,TRAIN,TRAIN,CLUST_0.70_00005,EARLY
CANONICAL_671b0dd5684a,TRAIN,VALIDATION,CLUST_0.70_00059,LATE
CANONICAL_671b692ef211,VALIDATION,TEST,CLUST_0.70_00051,LATE
CANONICAL_671d5565c632,TRAIN,TRAIN,CLUST_0.70_00007,LATE
CANONICAL_671ebcb74da6,TRAIN,TRAIN,CLUST_0.70_00062,LATE
CANONICAL_671f5d1b9ca6,TRAIN,TRAIN,CLUST_0.70_00008,LATE
CANONICAL_672474a75c2a,TEST,TRAIN,CLUST_0.70_00005,LATE
CANONICAL_6726733bbc23,TRAIN,TRAIN,CLUST_0.70_00047,LATE
CANONICAL_6728825ab9bb,TRAIN,TEST,CLUST_0.70_00004,IMMEDIATE_EARLY
CANONICAL_672a896471ae,TRAIN,TRAIN,CLUST_0.70_00008,LATE
CANONICAL_672c1c1d4b4c,TRAIN,TEST,CLUST_0.70_00001,LATE
CANONICAL_672d95b76003,TRAIN,TRAIN,CLUST_0.70_00008,LATE
CANONICAL_672f0167e542,TRAIN,TRAIN,CLUST_0.70_00008,LATE
CANONICAL_673051b1d8df,TRAIN,TRAIN,CLUST_0.70_00007,EARLY
CANONICAL_673327160f8f,TRAIN,TRAIN,CLUST_0.70_00005,EARLY
CANONICAL_67378fa1a174,VALIDATION,TEST,CLUST_0.70_00030,EARLY
CANONICAL_674121e4c8e6,TRAIN,TEST,CLUST_0.70_00037,LATE
CANONICAL_6746dba95318,TRAIN,TRAIN,CLUST_0.70_00005,EARLY
CANONICAL_6748c1843d49,TRAIN,VALIDATION,CLUST_0.70_00055,LATE
CANONICAL_674c62d24138,TRAIN,VALIDATION,CLUST_0.70_00006,IMMEDIATE_EARLY
CANONICAL_674d86b845c0,VALIDATION,TRAIN,CLUST_0.70_00005,EARLY
CANONICAL_676813593b6d,TRAIN,TRAIN,CLUST_0.70_00032,LATE
CANONICAL_676c6eeb10d5,TEST,TEST,CLUST_0.70_00009,LATE
CANONICAL_676dba565483,TRAIN,TRAIN,CLUST_0.70_00005,EARLY
CANONICAL_676e6c546f6b,VALIDATION,TRAIN,CLUST_0.70_00008,LATE
CANONICAL_676f09e41588,TRAIN,TEST,CLUST_0.70_00004,IMMEDIATE_EARLY
CANONICAL_6770a773410f,TRAIN,TRAIN,CLUST_0.70_00235,LATE
CANONICAL_6771f87026c9,TRAIN,TEST,CLUST_0.70_00030,EARLY
CANONICAL_67795bf3adde,TRAIN,TRAIN,CLUST_0.70_00008,LATE
CANONICAL_67811a438133,TRAIN,TRAIN,CLUST_0.70_00005,EARLY
CANONICAL_6781d73bdf39,TRAIN,TEST,CLUST_0.70_00052,LATE
CANONICAL_6782617f7cb5,TRAIN,VALIDATION,CLUST_0.70_00058,LATE
CANONICAL_67831343b8c8,TRAIN,TEST,CLUST_0.70_00030,EARLY
CANONICAL_678473b9721f,VALIDATION,TRAIN,CLUST_0.70_00005,LATE
CANONICAL_67866097cd29,TRAIN,TRAIN,CLUST_0.70_00075,LATE
CANONICAL_678f26c1a964,TRAIN,VALIDATION,CLUST_0.70_00025,LATE
CANONICAL_678fb062b71b,TRAIN,VALIDATION,CLUST_0.70_00041,EARLY
CANONICAL_67902a905742,TRAIN,TRAIN,CLUST_0.70_00008,LATE
CANONICAL_67907701520f,TRAIN,TEST,CLUST_0.70_00080,LATE
CANONICAL_6791a9961435,TRAIN,TEST,CLUST_0.70_00004,IMMEDIATE_EARLY
CANONICAL_679217f65a0a,TRAIN,VALIDATION,CLUST_0.70_00017,LATE
CANONICAL_67930d3719d6,TRAIN,VALIDATION,CLUST_0.70_00079,LATE
CANONICAL_67955162021f,TRAIN,TRAIN,CLUST_0.70_00105,LATE
CANONICAL_6796696773b8,VALIDATION,VALIDATION,CLUST_0.70_00039,LATE
CANONICAL_679a58b089fb,TRAIN,TRAIN,CLUST_0.70_00005,LATE
CANONICAL_679c84a62eab,VALIDATION,VALIDATION,CLUST_0.70_00031,LATE
CANONICAL_679ffdb17ed5,TRAIN,TRAIN,CLUST_0.70_00005,LATE
CANONICAL_67a0dfc54d85,TRAIN,TRAIN,CLUST_0.70_00005,LATE
CANONICAL_67a65b1c84c3,VALIDATION,TRAIN,CLUST_0.70_00005,EARLY
CANONICAL_67a9556bc168,TRAIN,VALIDATION,CLUST_0.70_00041,EARLY
CANONICAL_67b1e10ec864,TEST,VALIDATION,CLUST_0.70_00058,LATE
CANONICAL_67b40956ef33,TRAIN,TRAIN,CLUST_0.70_00005,EARLY
CANONICAL_67b646dce8c0,VALIDATION,TRAIN,CLUST_0.70_00008,LATE
CANONICAL_67bd4bb5ea94,TRAIN,VALIDATION,CLUST_0.70_00026,IMMEDIATE_EARLY
CANONICAL_67bf19ca5be6,TRAIN,TRAIN,CLUST_0.70_00008,LATE
CANONICAL_67c4f015b438,TRAIN,TRAIN,CLUST_0.70_00005,EARLY
CANONICAL_67c8e948765e,VALIDATION,VALIDATION,CLUST_0.70_00086,LATE
CANONICAL_67ccc7edad8c,TRAIN,TRAIN,CLUST_0.70_00008,LATE
CANONICAL_67cf04150576,TEST,TRAIN,CLUST_0.70_00056,LATE
CANONICAL_67d0517d192b,VALIDATION,TRAIN,CLUST_0.70_00007,EARLY
CANONICAL_67d6377b46e1,TRAIN,TEST,CLUST_0.70_00052,LATE
CANONICAL_67d77eec442e,TRAIN,TRAIN,CLUST_0.70_00008,LATE
CANONICAL_67df215d3c5b,TEST,TRAIN,CLUST_0.70_00005,LATE
CANONICAL_67e01a08344a,VALIDATION,TRAIN,CLUST_0.70_00005,EARLY
CANONICAL_67e338537c84,TRAIN,TRAIN,CLUST_0.70_00008,LATE
CANONICAL_67e3b288ae81,TRAIN,TRAIN,CLUST_0.70_00007,LATE
CANONICAL_67e5412fe837,TEST,VALIDATION,CLUST_0.70_00041,EARLY
CANONICAL_67e72d0c80ba,TEST,TRAIN,CLUST_0.70_00024,LATE
CANONICAL_67e83a5492ad,TRAIN,TRAIN,CLUST_0.70_00008,LATE
CANONICAL_67f0a0c3d0a5,TEST,VALIDATION,CLUST_0.70_00006,IMMEDIATE_EARLY
CANONICAL_67f0ae988b28,TRAIN,TEST,CLUST_0.70_00051,LATE
CANONICAL_67f28f4389ea,TRAIN,VALIDATION,CLUST_0.70_00029,LATE
CANONICAL_67f6569b624a,TRAIN,TRAIN,CLUST_0.70_00008,LATE
CANONICAL_67f6efa5cf88,TRAIN,TRAIN,CLUST_0.70_00005,EARLY
CANONICAL_67faae445947,TEST,TRAIN,CLUST_0.70_00005,LATE
CANONICAL_67fc0853da22,TRAIN,VALIDATION,CLUST_0.70_00169,LATE
CANONICAL_67fd349f4d16,TRAIN,TRAIN,CLUST_0.70_00005,LATE
CANONICAL_6804449f1255,TRAIN,TRAIN,CLUST_0.70_00008,LATE
CANONICAL_68105f340314,VALIDATION,TRAIN,CLUST_0.70_00005,EARLY
CANONICAL_6814e6a01743,VALIDATION,TRAIN,CLUST_0.70_00005,LATE
CANONICAL_681886db98ac,VALIDATION,TEST,CLUST_0.70_00071,LATE
CANONICAL_681c4df1daf5,TRAIN,TEST,CLUST_0.70_00004,IMMEDIATE_EARLY
CANONICAL_681e64e20052,TEST,TRAIN,CLUST_0.70_00008,LATE
CANONICAL_681ee1eb06ab,TEST,TRAIN,CLUST_0.70_00007,EARLY
CANONICAL_6820a2cb89af,TRAIN,TEST,CLUST_0.70_00020,LATE
CANONICAL_6821fafbbef4,TRAIN,TRAIN,CLUST_0.70_00102,LATE
CANONICAL_6822526c723f,TRAIN,TRAIN,CLUST_0.70_00005,LATE
CANONICAL_682ac401ed4a,TEST,TRAIN,CLUST_0.70_00007,LATE
CANONICAL_682c4a36571a,VALIDATION,VALIDATION,CLUST_0.70_00006,IMMEDIATE_EARLY
CANONICAL_682cf6318f10,VALIDATION,TRAIN,CLUST_0.70_00005,LATE
CANONICAL_6833ebe28685,TRAIN,TRAIN,CLUST_0.70_00008,LATE
CANONICAL_683711fec8c9,TEST,VALIDATION,CLUST_0.70_00127,LATE
CANONICAL_683994f7732b,TRAIN,TRAIN,CLUST_0.70_00008,LATE
CANONICAL_683ba77a8b0e,TRAIN,TRAIN,CLUST_0.70_00005,LATE
CANONICAL_683f417e3b95,TRAIN,TRAIN,CLUST_0.70_00008,LATE
CANONICAL_68449f58e0e6,TRAIN,TEST,CLUST_0.70_00001,LATE
CANONICAL_6846b119997e,TRAIN,VALIDATION,CLUST_0.70_00025,LATE
CANONICAL_684a421c5132,TEST,TEST,CLUST_0.70_00030,EARLY
CANONICAL_684b599366c3,TRAIN,TRAIN,CLUST_0.70_00056,LATE
CANONICAL_684d91ab517d,VALIDATION,TRAIN,CLUST_0.70_00005,LATE
CANONICAL_6852e5087129,VALIDATION,TRAIN,CLUST_0.70_00222,LATE
CANONICAL_68573e76b44b,TRAIN,TEST,CLUST_0.70_00020,LATE
CANONICAL_686494272b10,TRAIN,TRAIN,CLUST_0.70_00008,LATE
CANONICAL_6868e476ae2a,TRAIN,VALIDATION,CLUST_0.70_00006,IMMEDIATE_EARLY
CANONICAL_68692c3215da,TRAIN,TRAIN,CLUST_0.70_00212,LATE
CANONICAL_68697cae16ac,TRAIN,TRAIN,CLUST_0.70_00008,IMMEDIATE_EARLY
CANONICAL_686bc7fb92ed,TRAIN,VALIDATION,CLUST_0.70_00064,LATE
CANONICAL_686d75096cf4,TEST,TRAIN,CLUST_0.70_00005,EARLY
CANONICAL_6870e9222f81,TRAIN,TRAIN,CLUST_0.70_00002,LATE
CANONICAL_6877c292cccc,TRAIN,TEST,CLUST_0.70_00030,EARLY
CANONICAL_687cd29931cb,TRAIN,VALIDATION,CLUST_0.70_00106,LATE
CANONICAL_687d31240b26,TRAIN,TRAIN,CLUST_0.70_00005,EARLY
CANONICAL_687fd85b4483,TRAIN,TEST,CLUST_0.70_00004,IMMEDIATE_EARLY
CANONICAL_6882969e0e3e,TRAIN,TRAIN,CLUST_0.70_00005,LATE
CANONICAL_688354a2213f,TEST,VALIDATION,CLUST_0.70_00055,LATE
CANONICAL_688544e107b7,VALIDATION,TEST,CLUST_0.70_00004,IMMEDIATE_EARLY
CANONICAL_6885fc6659ba,TEST,TRAIN,CLUST_0.70_00213,LATE
CANONICAL_688823704e45,TRAIN,TEST,CLUST_0.70_00004,IMMEDIATE_EARLY
CANONICAL_68883f166886,TRAIN,TRAIN,CLUST_0.70_00007,EARLY
CANONICAL_688e49f01138,TRAIN,VALIDATION,CLUST_0.70_00058,LATE
CANONICAL_68921eb1b234,TRAIN,TRAIN,CLUST_0.70_00005,EARLY
CANONICAL_68981d099751,TRAIN,TRAIN,CLUST_0.70_00007,LATE
CANONICAL_68a02050e20e,TRAIN,TRAIN,CLUST_0.70_00005,EARLY
CANONICAL_68a18f35f932,TRAIN,VALIDATION,CLUST_0.70_00026,IMMEDIATE_EARLY
CANONICAL_68a99605965b,TRAIN,VALIDATION,CLUST_0.70_00106,LATE
CANONICAL_68a9cbf03711,TRAIN,TRAIN,CLUST_0.70_00007,LATE
CANONICAL_68abd9ef9359,TEST,TRAIN,CLUST_0.70_00005,LATE
CANONICAL_68af100e08a5,TRAIN,VALIDATION,CLUST_0.70_00127,LATE
CANONICAL_68b846714ee6,TRAIN,TEST,CLUST_0.70_00004,IMMEDIATE_EARLY
CANONICAL_68bb49a9c88b,TRAIN,TRAIN,CLUST_0.70_00005,EARLY
CANONICAL_68bdffb31a60,TEST,TEST,CLUST_0.70_00051,LATE
CANONICAL_68be6262f1be,TRAIN,VALIDATION,CLUST_0.70_00086,LATE
CANONICAL_68bf40f2af84,TEST,TRAIN,CLUST_0.70_00099,EARLY
CANONICAL_68c0026f7bc3,TRAIN,TRAIN,CLUST_0.70_00005,EARLY
CANONICAL_68d06456c935,VALIDATION,VALIDATION,CLUST_0.70_00026,IMMEDIATE_EARLY
CANONICAL_68d95b4a8c0a,TRAIN,TRAIN,CLUST_0.70_00005,EARLY
CANONICAL_68da35aaf01e,TRAIN,TEST,CLUST_0.70_00001,LATE
CANONICAL_68db60b3d0ed,TRAIN,VALIDATION,CLUST_0.70_00038,LATE
CANONICAL_68df54e75169,TRAIN,TRAIN,CLUST_0.70_00005,LATE
CANONICAL_68e9f6d78dec,VALIDATION,TRAIN,CLUST_0.70_00005,EARLY
CANONICAL_68ebd997048d,TRAIN,TRAIN,CLUST_0.70_00008,LATE
CANONICAL_68ec1510360a,TEST,VALIDATION,CLUST_0.70_00038,LATE
CANONICAL_68f0c8152bd7,TRAIN,TRAIN,CLUST_0.70_00008,LATE
CANONICAL_68f57dfd3915,VALIDATION,TRAIN,CLUST_0.70_00008,LATE
CANONICAL_68fca6a2149b,TRAIN,TRAIN,CLUST_0.70_00204,LATE
CANONICAL_6900277669ee,TEST,TRAIN,CLUST_0.70_00005,LATE
CANONICAL_6902efd6184f,TEST,TEST,CLUST_0.70_00001,LATE
CANONICAL_690e699023cc,TRAIN,TRAIN,CLUST_0.70_00005,LATE
CANONICAL_691218c3a40e,TRAIN,TEST,CLUST_0.70_00015,LATE
CANONICAL_69136a81b5f8,VALIDATION,TEST,CLUST_0.70_00052,LATE
CANONICAL_6913b51d7131,TEST,TRAIN,CLUST_0.70_00005,LATE
CANONICAL_69155c19187b,VALIDATION,VALIDATION,CLUST_0.70_00006,IMMEDIATE_EARLY
CANONICAL_6915b96e78a8,TRAIN,VALIDATION,CLUST_0.70_00106,LATE
CANONICAL_691c3c636faa,VALIDATION,VALIDATION,CLUST_0.70_00029,LATE
CANONICAL_69209a672993,TRAIN,TEST,CLUST_0.70_00030,EARLY
CANONICAL_6923e6f79a28,VALIDATION,TRAIN,CLUST_0.70_00008,LATE
CANONICAL_693e55d1dd59,VALIDATION,TRAIN,CLUST_0.70_00005,LATE
CANONICAL_69417426bd69,TRAIN,VALIDATION,CLUST_0.70_00006,IMMEDIATE_EARLY
CANONICAL_6941f2ee63f6,TEST,TRAIN,CLUST_0.70_00005,EARLY
CANONICAL_6943b15ce5cf,TRAIN,TEST,CLUST_0.70_00018,LATE
CANONICAL_69453d75224b,TRAIN,TRAIN,CLUST_0.70_00008,LATE
CANONICAL_6948de59230c,VALIDATION,TRAIN,CLUST_0.70_00005,EARLY
CANONICAL_694bd75a5eb6,TRAIN,TRAIN,CLUST_0.70_00005,EARLY
CANONICAL_694ca637b673,TRAIN,TEST,CLUST_0.70_00071,LATE
CANONICAL_694e14ac6086,TRAIN,VALIDATION,CLUST_0.70_00055,LATE
CANONICAL_69565e405c31,TRAIN,TRAIN,CLUST_0.70_00005,EARLY
CANONICAL_695e9dc026ce,TRAIN,VALIDATION,CLUST_0.70_00006,IMMEDIATE_EARLY
CANONICAL_695f69346be8,TRAIN,TRAIN,CLUST_0.70_00007,LATE
CANONICAL_695f90643387,TRAIN,TRAIN,CLUST_0.70_00005,LATE
CANONICAL_6963e26b24e9,TRAIN,TRAIN,CLUST_0.70_00005,EARLY
CANONICAL_69676bb828d9,TRAIN,TEST,CLUST_0.70_00004,IMMEDIATE_EARLY
CANONICAL_6967b5050df1,TRAIN,TEST,CLUST_0.70_00004,IMMEDIATE_EARLY
CANONICAL_696afd7a5a2e,VALIDATION,TRAIN,CLUST_0.70_00005,LATE
CANONICAL_6970601d6cce,TRAIN,TRAIN,CLUST_0.70_00288,EARLY
CANONICAL_697063b71aac,VALIDATION,TRAIN,CLUST_0.70_00008,LATE
CANONICAL_69708c09214e,VALIDATION,TRAIN,CLUST_0.70_00005,EARLY
CANONICAL_69798e5cbbba,TRAIN,TEST,CLUST_0.70_00030,EARLY
CANONICAL_6979bd33afd6,TRAIN,TRAIN,CLUST_0.70_00005,EARLY
CANONICAL_697a2f8d755b,TRAIN,TEST,CLUST_0.70_00015,LATE
CANONICAL_697a3a1038cf,TRAIN,VALIDATION,CLUST_0.70_00055,LATE
CANONICAL_697c6e46b0b3,TRAIN,TRAIN,CLUST_0.70_00008,LATE
CANONICAL_697dac4c53a7,TEST,TRAIN,CLUST_0.70_00005,LATE
CANONICAL_697e6bc8f4a6,TRAIN,TRAIN,CLUST_0.70_00007,LATE
CANONICAL_697e7250f8b4,TRAIN,TRAIN,CLUST_0.70_00021,EARLY
CANONICAL_6980f49f248d,TRAIN,TRAIN,CLUST_0.70_00005,EARLY
CANONICAL_69830795dcd9,TRAIN,TRAIN,CLUST_0.70_00005,LATE
CANONICAL_6984f82b4a56,TRAIN,TRAIN,CLUST_0.70_00105,LATE
CANONICAL_6987863efa2d,VALIDATION,TRAIN,CLUST_0.70_00259,IMMEDIATE_EARLY
CANONICAL_69890bc83800,TRAIN,TEST,CLUST_0.70_00001,LATE
CANONICAL_698ac10e617b,TRAIN,TEST,CLUST_0.70_00018,LATE
CANONICAL_698b12624263,TRAIN,TRAIN,CLUST_0.70_00005,EARLY
CANONICAL_698c811cf699,TRAIN,TRAIN,CLUST_0.70_00005,LATE
CANONICAL_698d64119b74,TRAIN,TRAIN,CLUST_0.70_00134,LATE
CANONICAL_698fea811033,TEST,TEST,CLUST_0.70_00015,LATE
CANONICAL_6990e5cd4577,TRAIN,TRAIN,CLUST_0.70_00008,LATE
CANONICAL_6992e605fa1e,TEST,TEST,CLUST_0.70_00015,LATE
CANONICAL_6993cc92d05e,TRAIN,VALIDATION,CLUST_0.70_00036,EARLY
CANONICAL_699b150c247d,TEST,TEST,CLUST_0.70_00030,EARLY
CANONICAL_699de56cd2aa,TEST,TRAIN,CLUST_0.70_00005,LATE
CANONICAL_69a1000a4182,TEST,TRAIN,CLUST_0.70_00005,LATE
CANONICAL_69a293963d2f,TRAIN,VALIDATION,CLUST_0.70_00031,LATE
CANONICAL_69a4af3cc07b,VALIDATION,TRAIN,CLUST_0.70_00224,LATE
CANONICAL_69a9dc1658a6,VALIDATION,TRAIN,CLUST_0.70_00042,LATE
CANONICAL_69acf2707025,TEST,TRAIN,CLUST_0.70_00053,LATE
CANONICAL_69ad72e0ee83,VALIDATION,TRAIN,CLUST_0.70_00109,LATE
CANONICAL_69b08e1ddb2c,TRAIN,TRAIN,CLUST_0.70_00005,EARLY
CANONICAL_69bce7aac856,TEST,TEST,CLUST_0.70_00015,LATE
CANONICAL_69c3ba05094f,TRAIN,VALIDATION,CLUST_0.70_00079,LATE
CANONICAL_69c7d479adfb,TEST,TRAIN,CLUST_0.70_00008,LATE
CANONICAL_69cfd18d6d8f,TEST,VALIDATION,CLUST_0.70_00064,LATE
CANONICAL_69d496a54cca,TEST,TRAIN,CLUST_0.70_00005,EARLY
CANONICAL_69d5baef52a1,TRAIN,TEST,CLUST_0.70_00052,LATE
CANONICAL_69d8b6f80a65,VALIDATION,TEST,CLUST_0.70_00004,IMMEDIATE_EARLY
CANONICAL_69dc12ab6250,TEST,TRAIN,CLUST_0.70_00005,EARLY
CANONICAL_69de2477de9d,TRAIN,VALIDATION,CLUST_0.70_00031,LATE
CANONICAL_69e56563e56b,TRAIN,TRAIN,CLUST_0.70_00221,LATE
CANONICAL_69e6fc80ecec,TRAIN,TRAIN,CLUST_0.70_00062,LATE
CANONICAL_69e94bd4f9e0,VALIDATION,VALIDATION,CLUST_0.70_00017,LATE
CANONICAL_69ec803d1a3c,TRAIN,TRAIN,CLUST_0.70_00005,EARLY
CANONICAL_69ec94cead5e,TRAIN,TRAIN,CLUST_0.70_00005,EARLY
CANONICAL_69f326750d46,TEST,TRAIN,CLUST_0.70_00008,LATE
CANONICAL_69f6b0c449f0,TRAIN,TRAIN,CLUST_0.70_00007,LATE
CANONICAL_6a00aa96aaca,TRAIN,VALIDATION,CLUST_0.70_00028,EARLY
CANONICAL_6a0914bd9f46,VALIDATION,VALIDATION,CLUST_0.70_00041,EARLY
CANONICAL_6a097addd1d1,VALIDATION,TRAIN,CLUST_0.70_00007,LATE
CANONICAL_6a0c90637e9f,VALIDATION,TRAIN,CLUST_0.70_00236,IMMEDIATE_EARLY
CANONICAL_6a0d9b8205b9,TRAIN,TRAIN,CLUST_0.70_00005,LATE
CANONICAL_6a10d68e7bf6,TRAIN,VALIDATION,CLUST_0.70_00039,LATE
CANONICAL_6a13d9cf73a1,TRAIN,TEST,CLUST_0.70_00004,IMMEDIATE_EARLY
CANONICAL_6a16922f6a22,TRAIN,TEST,CLUST_0.70_00001,LATE
CANONICAL_6a1aef3215d0,TRAIN,TRAIN,CLUST_0.70_00005,EARLY
CANONICAL_6a2698f784cc,TRAIN,TRAIN,CLUST_0.70_00005,EARLY
CANONICAL_6a26aaa46564,TEST,TEST,CLUST_0.70_00001,LATE
CANONICAL_6a2b8c0602ed,TRAIN,TRAIN,CLUST_0.70_00107,LATE
CANONICAL_6a2da813a59c,TRAIN,VALIDATION,CLUST_0.70_00026,IMMEDIATE_EARLY
CANONICAL_6a2dc23169f1,TRAIN,TRAIN,CLUST_0.70_00005,EARLY
CANONICAL_6a37bca9df8b,TRAIN,TEST,CLUST_0.70_00030,EARLY
CANONICAL_6a3eb6092c04,TRAIN,TEST,CLUST_0.70_00001,LATE
CANONICAL_6a42abde406f,TRAIN,TRAIN,CLUST_0.70_00007,LATE
CANONICAL_6a4cd33f677a,VALIDATION,TRAIN,CLUST_0.70_00005,EARLY
CANONICAL_6a4d70c4740a,TRAIN,TEST,CLUST_0.70_00015,LATE
CANONICAL_6a54c8ec7eb6,TRAIN,TEST,CLUST_0.70_00018,EARLY
CANONICAL_6a58469c44a2,TRAIN,TRAIN,CLUST_0.70_00005,EARLY
CANONICAL_6a59fc856734,TEST,TRAIN,CLUST_0.70_00213,LATE
CANONICAL_6a5a26ab9aca,VALIDATION,TEST,CLUST_0.70_00030,EARLY
CANONICAL_6a6fd0fb197e,TRAIN,TRAIN,CLUST_0.70_00062,LATE
CANONICAL_6a72699a9d76,VALIDATION,VALIDATION,CLUST_0.70_00058,LATE
CANONICAL_6a731512445f,TRAIN,TRAIN,CLUST_0.70_00005,LATE
CANONICAL_6a7590edc54e,VALIDATION,TRAIN,CLUST_0.70_00008,LATE
CANONICAL_6a86e505e304,VALIDATION,TRAIN,CLUST_0.70_00007,LATE
CANONICAL_6a8a48c4b17d,TRAIN,TRAIN,CLUST_0.70_00005,LATE
CANONICAL_6a8b3a354fd5,TRAIN,VALIDATION,CLUST_0.70_00038,LATE
CANONICAL_6a9d1ff119d2,TRAIN,TRAIN,CLUST_0.70_00005,EARLY
CANONICAL_6aa2b68a90e9,VALIDATION,VALIDATION,CLUST_0.70_00029,LATE
CANONICAL_6aa9544ff59d,TEST,TRAIN,CLUST_0.70_00005,EARLY
CANONICAL_6ab398e27f06,TRAIN,TRAIN,CLUST_0.70_00005,LATE
CANONICAL_6ab52ddf53f1,TEST,VALIDATION,CLUST_0.70_00079,LATE
CANONICAL_6ab9624e24cb,TEST,VALIDATION,CLUST_0.70_00041,EARLY
CANONICAL_6abb1448d8f5,TRAIN,TRAIN,CLUST_0.70_00008,LATE
CANONICAL_6abf8773dc26,VALIDATION,VALIDATION,CLUST_0.70_00036,EARLY
CANONICAL_6ac0aaa1a5a5,TRAIN,TRAIN,CLUST_0.70_00005,EARLY
CANONICAL_6ac288ae355b,VALIDATION,TEST,CLUST_0.70_00004,IMMEDIATE_EARLY
CANONICAL_6ac404250c2d,TRAIN,TRAIN,CLUST_0.70_00005,LATE
CANONICAL_6ac938b3100a,TEST,TRAIN,CLUST_0.70_00005,EARLY
CANONICAL_6acaa1a761e7,TRAIN,TRAIN,CLUST_0.70_00008,LATE
CANONICAL_6ad0b8acf5ba,VALIDATION,VALIDATION,CLUST_0.70_00065,LATE
CANONICAL_6ad1917a19e4,TRAIN,TEST,CLUST_0.70_00051,LATE
CANONICAL_6add293e75c7,TRAIN,VALIDATION,CLUST_0.70_00026,IMMEDIATE_EARLY
CANONICAL_6ae126e6481a,TRAIN,TEST,CLUST_0.70_00004,IMMEDIATE_EARLY
CANONICAL_6ae1f3af7d4f,TRAIN,VALIDATION,CLUST_0.70_00006,IMMEDIATE_EARLY
CANONICAL_6ae2ac2eec85,VALIDATION,TRAIN,CLUST_0.70_00005,EARLY
CANONICAL_6aeeddfe7f0f,TRAIN,TEST,CLUST_0.70_00071,LATE
CANONICAL_6af11a7040fe,VALIDATION,VALIDATION,CLUST_0.70_00006,IMMEDIATE_EARLY
CANONICAL_6af733747d1d,TRAIN,VALIDATION,CLUST_0.70_00055,LATE
CANONICAL_6afaa797f4a9,TEST,VALIDATION,CLUST_0.70_00127,LATE
CANONICAL_6b001bdb4bd3,TRAIN,VALIDATION,CLUST_0.70_00038,LATE
CANONICAL_6b01be7e3e9d,VALIDATION,TRAIN,CLUST_0.70_00007,LATE
CANONICAL_6b07c83e1154,TRAIN,TRAIN,CLUST_0.70_00005,EARLY
CANONICAL_6b07dc58b80e,TRAIN,TRAIN,CLUST_0.70_00008,LATE
CANONICAL_6b0bc5a50df4,VALIDATION,VALIDATION,CLUST_0.70_00010,LATE
CANONICAL_6b0d0cb26cb0,TEST,TRAIN,CLUST_0.70_00008,LATE
CANONICAL_6b10fedd5973,TEST,TRAIN,CLUST_0.70_00005,EARLY
CANONICAL_6b112bb57cc7,TRAIN,TRAIN,CLUST_0.70_00024,LATE
CANONICAL_6b13e6e7b769,TRAIN,TEST,CLUST_0.70_00037,LATE
CANONICAL_6b165b6bf273,TEST,TRAIN,CLUST_0.70_00005,EARLY
CANONICAL_6b22c1cf9cdc,VALIDATION,TRAIN,CLUST_0.70_00008,LATE
CANONICAL_6b26520faaaf,TEST,TRAIN,CLUST_0.70_00008,LATE
CANONICAL_6b33ddba5c3a,TRAIN,TEST,CLUST_0.70_00015,LATE
CANONICAL_6b3e2893c7a0,TRAIN,TRAIN,CLUST_0.70_00056,LATE
CANONICAL_6b435518ffdf,TEST,TEST,CLUST_0.70_00052,LATE
CANONICAL_6b4710e3967d,VALIDATION,TRAIN,CLUST_0.70_00005,EARLY
CANONICAL_6b4eb83e277e,TRAIN,TRAIN,CLUST_0.70_00005,LATE
CANONICAL_6b50190a9e26,TRAIN,TRAIN,CLUST_0.70_00005,LATE
CANONICAL_6b54e6342506,TRAIN,VALIDATION,CLUST_0.70_00006,IMMEDIATE_EARLY
CANONICAL_6b5a36e6be67,TRAIN,TEST,CLUST_0.70_00004,IMMEDIATE_EARLY
CANONICAL_6b5a945ce8cf,TRAIN,TRAIN,CLUST_0.70_00147,IMMEDIATE_EARLY
CANONICAL_6b5fa474bfa7,TEST,TRAIN,CLUST_0.70_00005,LATE
CANONICAL_6b61d70b9380,TRAIN,TRAIN,CLUST_0.70_00008,LATE
CANONICAL_6b6fd5d88501,TRAIN,TEST,CLUST_0.70_00030,EARLY
CANONICAL_6b724aefa3fc,TRAIN,TEST,CLUST_0.70_00052,LATE
CANONICAL_6b7492d9b8e1,VALIDATION,TRAIN,CLUST_0.70_00049,IMMEDIATE_EARLY
CANONICAL_6b7a1e3e5635,TRAIN,VALIDATION,CLUST_0.70_00065,LATE
CANONICAL_6b7e18d5601d,TRAIN,TRAIN,CLUST_0.70_00005,EARLY
CANONICAL_6b8028e2d106,TRAIN,TEST,CLUST_0.70_00001,LATE
CANONICAL_6b810ff826f1,TRAIN,VALIDATION,CLUST_0.70_00006,IMMEDIATE_EARLY
CANONICAL_6b838417e01b,TRAIN,TRAIN,CLUST_0.70_00005,EARLY
CANONICAL_6b8af10daa8a,TEST,TRAIN,CLUST_0.70_00024,LATE
CANONICAL_6b94709bd564,TRAIN,TEST,CLUST_0.70_00030,EARLY
CANONICAL_6b955a061fad,TRAIN,TRAIN,CLUST_0.70_00005,EARLY
CANONICAL_6b95d10151dd,TRAIN,TRAIN,CLUST_0.70_00008,LATE
CANONICAL_6ba6da979824,TEST,TRAIN,CLUST_0.70_00005,EARLY
CANONICAL_6ba88d9cf508,TEST,TRAIN,CLUST_0.70_00005,LATE
CANONICAL_6baebf5b6249,TRAIN,VALIDATION,CLUST_0.70_00064,LATE
CANONICAL_6baf6f4d9b1c,TRAIN,TEST,CLUST_0.70_00001,LATE
CANONICAL_6bb328b477dc,TRAIN,TRAIN,CLUST_0.70_00005,EARLY
CANONICAL_6bb4d17ae320,VALIDATION,VALIDATION,CLUST_0.70_00169,LATE
CANONICAL_6bb74802e565,TRAIN,TRAIN,CLUST_0.70_00008,LATE
CANONICAL_6bbb8583df5d,TRAIN,VALIDATION,CLUST_0.70_00029,LATE
CANONICAL_6bbf64efa311,TRAIN,TRAIN,CLUST_0.70_00008,LATE
CANONICAL_6bc8927eeaad,TEST,TRAIN,CLUST_0.70_00005,EARLY
CANONICAL_6bd22eb2583e,TEST,TEST,CLUST_0.70_00030,EARLY
CANONICAL_6bd2feb845dc,TRAIN,TEST,CLUST_0.70_00001,LATE
CANONICAL_6bda43676a98,TRAIN,TRAIN,CLUST_0.70_00005,EARLY
CANONICAL_6bdd85ad5e3e,TRAIN,VALIDATION,CLUST_0.70_00065,LATE
CANONICAL_6bddcb8764e2,TRAIN,VALIDATION,CLUST_0.70_00055,LATE
CANONICAL_6be023da95c3,TEST,TEST,CLUST_0.70_00004,IMMEDIATE_EARLY
CANONICAL_6be1ae98e25f,TEST,TRAIN,CLUST_0.70_00005,EARLY
CANONICAL_6be1dda2868e,TRAIN,TRAIN,CLUST_0.70_00024,LATE
CANONICAL_6be6f4568b3d,TRAIN,VALIDATION,CLUST_0.70_00031,LATE
CANONICAL_6bf1aa7343f9,TEST,TRAIN,CLUST_0.70_00227,LATE
CANONICAL_6bf31f64de85,TRAIN,TRAIN,CLUST_0.70_00005,LATE
CANONICAL_6bf345fa5b60,VALIDATION,TRAIN,CLUST_0.70_00008,LATE
CANONICAL_6bf502fd457f,TRAIN,VALIDATION,CLUST_0.70_00026,IMMEDIATE_EARLY
CANONICAL_6bf689dc78a5,TRAIN,TRAIN,CLUST_0.70_00005,LATE
CANONICAL_6bfa586ddb41,TRAIN,TEST,CLUST_0.70_00001,LATE
CANONICAL_6c0fa07aa697,TRAIN,VALIDATION,CLUST_0.70_00065,LATE
CANONICAL_6c106a336771,TEST,TRAIN,CLUST_0.70_00083,LATE
CANONICAL_6c10de09e351,VALIDATION,TRAIN,CLUST_0.70_00005,LATE
CANONICAL_6c15fdd2b1c8,TRAIN,TRAIN,CLUST_0.70_00005,LATE
CANONICAL_6c1bcb65c015,TEST,TRAIN,CLUST_0.70_00091,LATE
CANONICAL_6c1f24093e1b,VALIDATION,TEST,CLUST_0.70_00030,EARLY
CANONICAL_6c2602a7d877,VALIDATION,VALIDATION,CLUST_0.70_00086,LATE
CANONICAL_6c2e07d9dae6,TRAIN,TRAIN,CLUST_0.70_00005,EARLY
CANONICAL_6c2ff0f52995,VALIDATION,TRAIN,CLUST_0.70_00008,LATE
CANONICAL_6c30621accf6,TRAIN,TRAIN,CLUST_0.70_00005,EARLY
CANONICAL_6c38bffea2dd,TEST,VALIDATION,CLUST_0.70_00086,LATE
CANONICAL_6c41414a3ef3,TRAIN,TRAIN,CLUST_0.70_00005,EARLY
CANONICAL_6c425c75e8b0,TEST,VALIDATION,CLUST_0.70_00059,LATE
CANONICAL_6c447b5c9b56,TRAIN,VALIDATION,CLUST_0.70_00079,LATE
CANONICAL_6c44e541d0a7,TRAIN,TEST,CLUST_0.70_00001,LATE
CANONICAL_6c45f30897f1,TEST,TRAIN,CLUST_0.70_00008,LATE
CANONICAL_6c48b04d171d,TRAIN,TRAIN,CLUST_0.70_00005,EARLY
CANONICAL_6c4caeaa58d0,VALIDATION,TRAIN,CLUST_0.70_00005,LATE
CANONICAL_6c4ea24f69e4,TEST,TRAIN,CLUST_0.70_00005,EARLY
CANONICAL_6c4f0ddb3bad,TRAIN,TRAIN,CLUST_0.70_00056,LATE
CANONICAL_6c5177bee182,TEST,TRAIN,CLUST_0.70_00005,EARLY
CANONICAL_6c61d89275f0,TRAIN,TRAIN,CLUST_0.70_00005,EARLY
CANONICAL_6c6826311d19,TEST,TRAIN,CLUST_0.70_00005,EARLY
CANONICAL_6c6e246d2c74,TRAIN,TRAIN,CLUST_0.70_00270,LATE
CANONICAL_6c7532683717,TRAIN,TRAIN,CLUST_0.70_00008,LATE
CANONICAL_6c786b2708cd,TRAIN,TRAIN,CLUST_0.70_00008,LATE
CANONICAL_6c79e09ee093,TRAIN,TRAIN,CLUST_0.70_00090,LATE
CANONICAL_6c7cdab01a2f,TRAIN,TRAIN,CLUST_0.70_00005,EARLY
CANONICAL_6c8117b89b1c,TRAIN,TRAIN,CLUST_0.70_00008,LATE
CANONICAL_6c8559da827d,TRAIN,TRAIN,CLUST_0.70_00005,LATE
CANONICAL_6c88e745ced5,TRAIN,TRAIN,CLUST_0.70_00046,LATE
CANONICAL_6c8f115786c9,TRAIN,TRAIN,CLUST_0.70_00056,LATE
CANONICAL_6c981861873e,TRAIN,TEST,CLUST_0.70_00030,EARLY
CANONICAL_6c9cffe9fa77,TRAIN,VALIDATION,CLUST_0.70_00065,LATE
CANONICAL_6c9d45da1019,TEST,TRAIN,CLUST_0.70_00008,LATE
CANONICAL_6c9e547dbf66,VALIDATION,TRAIN,CLUST_0.70_00224,LATE
CANONICAL_6c9f28b2027b,TRAIN,TRAIN,CLUST_0.70_00005,EARLY
CANONICAL_6ca28d4668b1,TEST,TRAIN,CLUST_0.70_00008,LATE
CANONICAL_6ca3376301b8,TRAIN,VALIDATION,CLUST_0.70_00079,LATE
CANONICAL_6caadfe91f25,TEST,TRAIN,CLUST_0.70_00136,LATE
CANONICAL_6caed60de9a9,TRAIN,TRAIN,CLUST_0.70_00005,LATE
CANONICAL_6cbc1a429023,TRAIN,TRAIN,CLUST_0.70_00007,LATE
CANONICAL_6cc1074d2d5b,VALIDATION,TEST,CLUST_0.70_00051,LATE
CANONICAL_6cc2e06164cd,TRAIN,TRAIN,CLUST_0.70_00005,LATE
CANONICAL_6ccd5c2f9a65,TRAIN,TEST,CLUST_0.70_00020,LATE
CANONICAL_6cd1ce9b5c92,TEST,TEST,CLUST_0.70_00004,IMMEDIATE_EARLY
CANONICAL_6cd6f3d927f9,VALIDATION,TEST,CLUST_0.70_00004,IMMEDIATE_EARLY
CANONICAL_6cd706250758,TEST,TRAIN,CLUST_0.70_00005,LATE
CANONICAL_6ce0dd320c26,TRAIN,TEST,CLUST_0.70_00051,LATE
CANONICAL_6ce3f86fa20a,TRAIN,TRAIN,CLUST_0.70_00008,LATE
CANONICAL_6ce45bc22601,TRAIN,TRAIN,CLUST_0.70_00005,EARLY
CANONICAL_6ce9891754a3,TRAIN,TEST,CLUST_0.70_00030,EARLY
CANONICAL_6ce9b1813f57,TRAIN,TRAIN,CLUST_0.70_00007,LATE
CANONICAL_6ce9f2b239d0,TRAIN,TRAIN,CLUST_0.70_00005,LATE
CANONICAL_6cea6aa39fa4,TRAIN,TRAIN,CLUST_0.70_00008,LATE
CANONICAL_6cefc921f1f7,VALIDATION,VALIDATION,CLUST_0.70_00079,LATE
CANONICAL_6cf04ed6d5e0,TRAIN,TRAIN,CLUST_0.70_00007,EARLY
CANONICAL_6cf399580239,TRAIN,TRAIN,CLUST_0.70_00007,EARLY
CANONICAL_6cf3bdfc1385,VALIDATION,TRAIN,CLUST_0.70_00062,LATE
CANONICAL_6cf3e068a7c5,TRAIN,TRAIN,CLUST_0.70_00005,LATE
CANONICAL_6cf7c8369c83,TRAIN,TRAIN,CLUST_0.70_00213,LATE
CANONICAL_6cfad1e57bc3,TRAIN,TRAIN,CLUST_0.70_00134,LATE
CANONICAL_6cfe47377666,TRAIN,TEST,CLUST_0.70_00052,LATE
CANONICAL_6d07fa0b3e47,TRAIN,VALIDATION,CLUST_0.70_00064,LATE
CANONICAL_6d0f748f441c,TRAIN,TEST,CLUST_0.70_00037,LATE
CANONICAL_6d124262a09b,TRAIN,TEST,CLUST_0.70_00071,LATE
CANONICAL_6d165c3338e2,VALIDATION,TRAIN,CLUST_0.70_00024,LATE
CANONICAL_6d1a7845f892,TRAIN,TRAIN,CLUST_0.70_00008,LATE
CANONICAL_6d1eb761295c,VALIDATION,TRAIN,CLUST_0.70_00008,LATE
CANONICAL_6d1ed930f053,TEST,TEST,CLUST_0.70_00030,EARLY
CANONICAL_6d22d8294bd9,TRAIN,VALIDATION,CLUST_0.70_00079,LATE
CANONICAL_6d24da2e97a6,TRAIN,TEST,CLUST_0.70_00001,LATE
CANONICAL_6d2720f0a59c,TEST,TRAIN,CLUST_0.70_00008,LATE
CANONICAL_6d2a5c9edffa,TEST,TRAIN,CLUST_0.70_00008,LATE
CANONICAL_6d2a8d4b3850,TRAIN,VALIDATION,CLUST_0.70_00058,LATE
CANONICAL_6d2c4f2cb79e,TRAIN,TRAIN,CLUST_0.70_00005,LATE
CANONICAL_6d2ced85958a,TRAIN,TRAIN,CLUST_0.70_00005,LATE
CANONICAL_6d2e8b173a9d,TRAIN,TRAIN,CLUST_0.70_00008,LATE
CANONICAL_6d32f833f48f,VALIDATION,TRAIN,CLUST_0.70_00005,LATE
CANONICAL_6d385e71834c,VALIDATION,TRAIN,CLUST_0.70_00008,LATE
CANONICAL_6d39f943c545,TRAIN,TRAIN,CLUST_0.70_00007,EARLY
CANONICAL_6d43cdff7dfe,TRAIN,TEST,CLUST_0.70_00030,EARLY
CANONICAL_6d4aaf6c7b81,TRAIN,TRAIN,CLUST_0.70_00005,EARLY
CANONICAL_6d4b3ef42ef8,TEST,TRAIN,CLUST_0.70_00068,LATE
CANONICAL_6d4b613d635d,VALIDATION,TRAIN,CLUST_0.70_00005,EARLY
CANONICAL_6d4f47144105,TRAIN,TRAIN,CLUST_0.70_00005,EARLY
CANONICAL_6d50970597ed,TEST,TEST,CLUST_0.70_00015,LATE
CANONICAL_6d55a50a4a77,TRAIN,TRAIN,CLUST_0.70_00005,EARLY
CANONICAL_6d585d23eb45,TEST,TRAIN,CLUST_0.70_00008,LATE
CANONICAL_6d5d405c1364,TEST,TEST,CLUST_0.70_00030,EARLY
CANONICAL_6d5dfdd55f81,TRAIN,TEST,CLUST_0.70_00071,LATE
CANONICAL_6d6e1941ad73,TRAIN,TEST,CLUST_0.70_00001,LATE
CANONICAL_6d70210733ef,TRAIN,VALIDATION,CLUST_0.70_00041,EARLY
CANONICAL_6d7320a52f06,TRAIN,TRAIN,CLUST_0.70_00139,EARLY
CANONICAL_6d785af83d9c,TRAIN,TRAIN,CLUST_0.70_00146,LATE
CANONICAL_6d7caea52715,TRAIN,TRAIN,CLUST_0.70_00005,LATE
CANONICAL_6d80460df177,TRAIN,TRAIN,CLUST_0.70_00007,LATE
CANONICAL_6d8936bdacfa,TRAIN,TRAIN,CLUST_0.70_00005,LATE
CANONICAL_6d8cee3e326b,TRAIN,TRAIN,CLUST_0.70_00008,LATE
CANONICAL_6d91f18b644d,TRAIN,TEST,CLUST_0.70_00004,IMMEDIATE_EARLY
CANONICAL_6d92ed755627,TRAIN,TRAIN,CLUST_0.70_00005,LATE
CANONICAL_6d93310787a1,VALIDATION,TRAIN,CLUST_0.70_00008,LATE
CANONICAL_6d9be9049a97,VALIDATION,TRAIN,CLUST_0.70_00008,LATE
CANONICAL_6d9db219c861,TRAIN,TRAIN,CLUST_0.70_00008,LATE
CANONICAL_6da4b2da63d4,VALIDATION,TRAIN,CLUST_0.70_00056,LATE
CANONICAL_6da642821c43,TEST,VALIDATION,CLUST_0.70_00065,LATE
CANONICAL_6da92bce7a47,VALIDATION,TRAIN,CLUST_0.70_00005,LATE
CANONICAL_6dada80d916d,TRAIN,TRAIN,CLUST_0.70_00008,LATE
CANONICAL_6daec74965ac,TRAIN,VALIDATION,CLUST_0.70_00106,LATE
CANONICAL_6db3ed2b881f,TRAIN,TEST,CLUST_0.70_00020,LATE
CANONICAL_6db5732408ed,TRAIN,TEST,CLUST_0.70_00004,IMMEDIATE_EARLY
CANONICAL_6dbb401737ce,TRAIN,VALIDATION,CLUST_0.70_00036,EARLY
CANONICAL_6dbca01aa87a,TRAIN,TRAIN,CLUST_0.70_00005,EARLY
CANONICAL_6dbd9fce402d,TRAIN,TRAIN,CLUST_0.70_00007,LATE
CANONICAL_6dca1c681a7b,TEST,TEST,CLUST_0.70_00018,LATE
CANONICAL_6dce99d032d6,TRAIN,TRAIN,CLUST_0.70_00005,EARLY
CANONICAL_6dd3a8afc743,TRAIN,TRAIN,CLUST_0.70_00005,LATE
CANONICAL_6ddb4bb067b7,TEST,TEST,CLUST_0.70_00018,LATE
CANONICAL_6ddcbab31c98,TRAIN,VALIDATION,CLUST_0.70_00127,LATE
CANONICAL_6de29c50a31b,TRAIN,VALIDATION,CLUST_0.70_00036,EARLY
CANONICAL_6de97d4cede8,VALIDATION,TRAIN,CLUST_0.70_00008,LATE
CANONICAL_6de9c2bad527,TRAIN,TRAIN,CLUST_0.70_00008,IMMEDIATE_EARLY
CANONICAL_6debbb923e14,TRAIN,TRAIN,CLUST_0.70_00005,LATE
CANONICAL_6dfa59ccec98,TRAIN,TRAIN,CLUST_0.70_00005,EARLY
CANONICAL_6dff6389b888,TRAIN,TEST,CLUST_0.70_00001,LATE
CANONICAL_6e0457f75bb4,TRAIN,TRAIN,CLUST_0.70_00005,EARLY
CANONICAL_6e082626032a,TRAIN,TRAIN,CLUST_0.70_00005,EARLY
CANONICAL_6e09b23bcbc3,TRAIN,TEST,CLUST_0.70_00001,LATE
CANONICAL_6e1b4f2d92f5,TRAIN,TRAIN,CLUST_0.70_00005,LATE
CANONICAL_6e1b991d7868,TRAIN,TRAIN,CLUST_0.70_00157,LATE
CANONICAL_6e20b576dccb,TRAIN,TRAIN,CLUST_0.70_00008,LATE
CANONICAL_6e26aeebf2d9,TRAIN,VALIDATION,CLUST_0.70_00010,LATE
CANONICAL_6e28fcff2db4,TRAIN,TEST,CLUST_0.70_00037,LATE
CANONICAL_6e2d8c579de8,TRAIN,VALIDATION,CLUST_0.70_00190,LATE
CANONICAL_6e32de332b14,TRAIN,TRAIN,CLUST_0.70_00008,LATE
CANONICAL_6e33ffbb2b84,TRAIN,TRAIN,CLUST_0.70_00008,LATE
CANONICAL_6e36be6fc54a,TRAIN,VALIDATION,CLUST_0.70_00006,IMMEDIATE_EARLY
CANONICAL_6e3c1f3f9c96,TRAIN,VALIDATION,CLUST_0.70_00190,LATE
CANONICAL_6e3d3f4f66f0,VALIDATION,TRAIN,CLUST_0.70_00134,LATE
CANONICAL_6e3e5382837e,TRAIN,VALIDATION,CLUST_0.70_00040,EARLY
CANONICAL_6e403fd15ba5,TRAIN,VALIDATION,CLUST_0.70_00127,LATE
CANONICAL_6e41f46955f4,TRAIN,TEST,CLUST_0.70_00001,LATE
CANONICAL_6e46a1fc1122,VALIDATION,VALIDATION,CLUST_0.70_00029,LATE
CANONICAL_6e490b8b833a,TEST,TRAIN,CLUST_0.70_00045,EARLY
CANONICAL_6e50813a7655,TEST,TRAIN,CLUST_0.70_00008,LATE
CANONICAL_6e567a68c71a,TRAIN,TRAIN,CLUST_0.70_00102,LATE
CANONICAL_6e58a41f3e8f,TEST,TRAIN,CLUST_0.70_00005,EARLY
CANONICAL_6e5dbb6025b5,TRAIN,VALIDATION,CLUST_0.70_00006,IMMEDIATE_EARLY
CANONICAL_6e5e3be143a2,TRAIN,TRAIN,CLUST_0.70_00007,EARLY
CANONICAL_6e5e48f54a04,TRAIN,TEST,CLUST_0.70_00018,LATE
CANONICAL_6e609221f8e0,TRAIN,TRAIN,CLUST_0.70_00008,LATE
CANONICAL_6e6535e7897e,TRAIN,TRAIN,CLUST_0.70_00088,EARLY
CANONICAL_6e6a6f991077,TRAIN,TEST,CLUST_0.70_00071,LATE
CANONICAL_6e6d0d8c264e,TEST,TEST,CLUST_0.70_00052,LATE
CANONICAL_6e73d3a6e3ca,TRAIN,VALIDATION,CLUST_0.70_00029,LATE
CANONICAL_6e74e57de277,VALIDATION,TRAIN,CLUST_0.70_00056,LATE
CANONICAL_6e79605007da,TRAIN,TRAIN,CLUST_0.70_00008,LATE
CANONICAL_6e79b4dc673e,TRAIN,TRAIN,CLUST_0.70_00005,LATE
CANONICAL_6e7b8d0049c1,TEST,VALIDATION,CLUST_0.70_00017,LATE
CANONICAL_6e7d13d3a465,TRAIN,TRAIN,CLUST_0.70_00005,LATE
CANONICAL_6e7f07c7ad0e,TRAIN,VALIDATION,CLUST_0.70_00029,LATE
CANONICAL_6e80e41b45cf,VALIDATION,VALIDATION,CLUST_0.70_00025,LATE
CANONICAL_6e84cb603a16,TRAIN,TRAIN,CLUST_0.70_00005,EARLY
CANONICAL_6e8591d7b4fb,TRAIN,TRAIN,CLUST_0.70_00005,LATE
CANONICAL_6e8779aed9c5,TRAIN,TRAIN,CLUST_0.70_00005,EARLY
CANONICAL_6e9b3b9cc9a3,TRAIN,TRAIN,CLUST_0.70_00147,IMMEDIATE_EARLY
CANONICAL_6e9e6bc58b4b,TRAIN,TRAIN,CLUST_0.70_00005,EARLY
CANONICAL_6e9f4e4df91b,VALIDATION,TEST,CLUST_0.70_00004,IMMEDIATE_EARLY
CANONICAL_6ead5e39359f,TRAIN,TRAIN,CLUST_0.70_00285,LATE
CANONICAL_6eaebaa4684b,TEST,TRAIN,CLUST_0.70_00005,LATE
CANONICAL_6eb1d8317f37,TRAIN,VALIDATION,CLUST_0.70_00017,LATE
CANONICAL_6eb52b3759b3,TRAIN,TEST,CLUST_0.70_00015,LATE
CANONICAL_6eb907bab022,TRAIN,TRAIN,CLUST_0.70_00227,LATE
CANONICAL_6ecca17e8a2b,TRAIN,VALIDATION,CLUST_0.70_00006,IMMEDIATE_EARLY
CANONICAL_6ecd7e9936ec,VALIDATION,TEST,CLUST_0.70_00001,LATE
CANONICAL_6ecdd782edbf,TRAIN,TEST,CLUST_0.70_00052,LATE
CANONICAL_6edc1d0daa1f,TRAIN,TRAIN,CLUST_0.70_00102,LATE
CANONICAL_6ee19141d8a5,TRAIN,TRAIN,CLUST_0.70_00005,EARLY
CANONICAL_6eeacf0c41fd,TRAIN,VALIDATION,CLUST_0.70_00025,LATE
CANONICAL_6eed21f603b8,VALIDATION,TEST,CLUST_0.70_00015,LATE
CANONICAL_6eee9f1e3c98,TRAIN,VALIDATION,CLUST_0.70_00079,LATE
CANONICAL_6ef29b5a54bd,TRAIN,TEST,CLUST_0.70_00030,EARLY
CANONICAL_6efb553c3680,TRAIN,TEST,CLUST_0.70_00018,EARLY
CANONICAL_6eff1497605a,TRAIN,TRAIN,CLUST_0.70_00008,LATE
CANONICAL_6f00df006476,TRAIN,TRAIN,CLUST_0.70_00005,EARLY
CANONICAL_6f01f40b1a02,TRAIN,TRAIN,CLUST_0.70_00005,EARLY
CANONICAL_6f02c8714e85,TEST,TRAIN,CLUST_0.70_00164,LATE
CANONICAL_6f07339b6184,TRAIN,VALIDATION,CLUST_0.70_00006,IMMEDIATE_EARLY
CANONICAL_6f0b5fe37d40,TRAIN,TRAIN,CLUST_0.70_00008,LATE
CANONICAL_6f0fd3515fcc,VALIDATION,TRAIN,CLUST_0.70_00210,LATE
CANONICAL_6f122ace5ef5,TRAIN,TRAIN,CLUST_0.70_00005,LATE
CANONICAL_6f1617e1a5af,TEST,TEST,CLUST_0.70_00018,LATE
CANONICAL_6f1d74e7567e,TRAIN,VALIDATION,CLUST_0.70_00169,LATE
CANONICAL_6f1df0b92b10,TRAIN,TEST,CLUST_0.70_00001,LATE
CANONICAL_6f22f23a5bec,TRAIN,TRAIN,CLUST_0.70_00007,LATE
CANONICAL_6f2430b58c79,TRAIN,TRAIN,CLUST_0.70_00005,EARLY
CANONICAL_6f276885e990,TRAIN,TRAIN,CLUST_0.70_00005,EARLY
CANONICAL_6f34bbcb3821,TRAIN,VALIDATION,CLUST_0.70_00041,EARLY
CANONICAL_6f359bdbbf54,TRAIN,TRAIN,CLUST_0.70_00321,LATE
CANONICAL_6f37edb55c15,TRAIN,TRAIN,CLUST_0.70_00007,LATE
CANONICAL_6f3993e69c9e,TRAIN,TRAIN,CLUST_0.70_00007,LATE
CANONICAL_6f3b3c1aff98,TRAIN,TRAIN,CLUST_0.70_00005,EARLY
CANONICAL_6f3e086aabfe,TRAIN,TRAIN,CLUST_0.70_00241,LATE
CANONICAL_6f43c06a698b,VALIDATION,TEST,CLUST_0.70_00004,IMMEDIATE_EARLY
CANONICAL_6f44d496af43,VALIDATION,TRAIN,CLUST_0.70_00005,LATE
CANONICAL_6f479e9e6f85,TRAIN,TRAIN,CLUST_0.70_00005,EARLY
CANONICAL_6f495aea25db,TRAIN,VALIDATION,CLUST_0.70_00127,LATE
CANONICAL_6f4bf17e2193,TRAIN,TEST,CLUST_0.70_00001,LATE
CANONICAL_6f52ffb0ea14,TRAIN,TEST,CLUST_0.70_00071,LATE
CANONICAL_6f55dd2d13c6,TRAIN,TRAIN,CLUST_0.70_00005,LATE
CANONICAL_6f5739ca9e6e,TRAIN,TRAIN,CLUST_0.70_00005,EARLY
CANONICAL_6f581a0b5176,TEST,VALIDATION,CLUST_0.70_00127,LATE
CANONICAL_6f59e3fecb2b,TEST,TRAIN,CLUST_0.70_00005,EARLY
CANONICAL_6f61db46c2ec,TRAIN,TRAIN,CLUST_0.70_00005,EARLY
CANONICAL_6f639bff27a3,TRAIN,TEST,CLUST_0.70_00004,IMMEDIATE_EARLY
CANONICAL_6f7065fd1cb2,TEST,TEST,CLUST_0.70_00004,IMMEDIATE_EARLY
CANONICAL_6f72a1e9f0ad,VALIDATION,TRAIN,CLUST_0.70_00005,EARLY
CANONICAL_6f731f1a7d1b,VALIDATION,TRAIN,CLUST_0.70_00008,LATE
CANONICAL_6f7373d0bd3b,TRAIN,TRAIN,CLUST_0.70_00008,LATE
CANONICAL_6f7756669a19,TRAIN,TEST,CLUST_0.70_00001,LATE
CANONICAL_6f7a3b24ac8d,TRAIN,TRAIN,CLUST_0.70_00005,EARLY
CANONICAL_6f7d518b7cd9,TRAIN,VALIDATION,CLUST_0.70_00006,IMMEDIATE_EARLY
CANONICAL_6f81b6fda83d,TRAIN,TRAIN,CLUST_0.70_00197,IMMEDIATE_EARLY
CANONICAL_6f86c74244f7,TRAIN,TEST,CLUST_0.70_00018,LATE
CANONICAL_6f8f1c284d26,TRAIN,TEST,CLUST_0.70_00052,LATE
CANONICAL_6f8f676dc26c,VALIDATION,TEST,CLUST_0.70_00030,EARLY
CANONICAL_6f909f827c5b,TRAIN,TRAIN,CLUST_0.70_00008,LATE
CANONICAL_6f971eeac73d,TRAIN,TRAIN,CLUST_0.70_00005,LATE
CANONICAL_6f9e82707cdf,TRAIN,VALIDATION,CLUST_0.70_00028,EARLY
CANONICAL_6fa36f755b7f,TRAIN,TEST,CLUST_0.70_00001,LATE
CANONICAL_6fa51061779e,TRAIN,TRAIN,CLUST_0.70_00008,LATE
CANONICAL_6fa784829d48,TRAIN,VALIDATION,CLUST_0.70_00059,LATE
CANONICAL_6fa81edc31f5,TEST,VALIDATION,CLUST_0.70_00040,EARLY
CANONICAL_6fb6f737e5e0,VALIDATION,TRAIN,CLUST_0.70_00083,LATE
CANONICAL_6fba37106325,TRAIN,TRAIN,CLUST_0.70_00008,LATE
CANONICAL_6fbd5b548537,TEST,TRAIN,CLUST_0.70_00005,EARLY
CANONICAL_6fbf5756af6e,TRAIN,VALIDATION,CLUST_0.70_00079,LATE
CANONICAL_6fbfa357126f,TRAIN,TRAIN,CLUST_0.70_00241,LATE
CANONICAL_6fc1bdadd4bb,TRAIN,TRAIN,CLUST_0.70_00412,LATE
CANONICAL_6fcf5369d738,TEST,TRAIN,CLUST_0.70_00008,LATE
CANONICAL_6fcff4684298,TRAIN,VALIDATION,CLUST_0.70_00026,IMMEDIATE_EARLY
CANONICAL_6fd06aed9696,TRAIN,VALIDATION,CLUST_0.70_00055,LATE
CANONICAL_6fd070890222,TRAIN,TEST,CLUST_0.70_00004,IMMEDIATE_EARLY
CANONICAL_6fd60003b3b7,TEST,TRAIN,CLUST_0.70_00005,EARLY
CANONICAL_6fdee71e7763,TEST,TEST,CLUST_0.70_00071,LATE
CANONICAL_6fe0850c65b2,TRAIN,VALIDATION,CLUST_0.70_00038,LATE
CANONICAL_6fe8704ed56e,TRAIN,TRAIN,CLUST_0.70_00005,EARLY
CANONICAL_6fe8ce8d0a2b,TRAIN,VALIDATION,CLUST_0.70_00026,IMMEDIATE_EARLY
CANONICAL_6feeebcc5fb7,TRAIN,TEST,CLUST_0.70_00051,LATE
CANONICAL_6ff300725686,TEST,TEST,CLUST_0.70_00051,LATE
CANONICAL_6ffa6bd95f6d,TEST,VALIDATION,CLUST_0.70_00026,IMMEDIATE_EARLY
CANONICAL_6ffcc23be262,VALIDATION,TRAIN,CLUST_0.70_00005,EARLY
CANONICAL_6fff204a8c0f,TRAIN,TRAIN,CLUST_0.70_00281,LATE
CANONICAL_70032371be60,TRAIN,TEST,CLUST_0.70_00030,EARLY
CANONICAL_700817701b36,TRAIN,TRAIN,CLUST_0.70_00005,LATE
CANONICAL_700bf4385339,TRAIN,TRAIN,CLUST_0.70_00007,LATE
CANONICAL_700e9f8acb9e,TRAIN,TRAIN,CLUST_0.70_00324,EARLY
CANONICAL_7012d96e0dab,TRAIN,TEST,CLUST_0.70_00001,LATE
CANONICAL_7014c6bf3f4b,TEST,TEST,CLUST_0.70_00001,LATE
CANONICAL_701b181c209c,TRAIN,VALIDATION,CLUST_0.70_00041,EARLY
CANONICAL_701e33547550,TRAIN,TRAIN,CLUST_0.70_00005,LATE
CANONICAL_701e76714a34,TRAIN,TRAIN,CLUST_0.70_00005,EARLY
CANONICAL_70257d0d3e00,TRAIN,TRAIN,CLUST_0.70_00005,EARLY
CANONICAL_702bae391e23,TRAIN,TRAIN,CLUST_0.70_00005,EARLY
CANONICAL_7032e1b157ad,TEST,TRAIN,CLUST_0.70_00005,LATE
CANONICAL_703877f1ff00,TEST,TRAIN,CLUST_0.70_00050,EARLY
CANONICAL_703a866a705e,TRAIN,TRAIN,CLUST_0.70_00102,LATE
CANONICAL_703dabdcf2d3,TRAIN,TRAIN,CLUST_0.70_00005,LATE
CANONICAL_703f1408d3dd,TRAIN,TRAIN,CLUST_0.70_00008,LATE
CANONICAL_705c8efc8a5f,TRAIN,TRAIN,CLUST_0.70_00090,LATE
CANONICAL_705ce25b502e,TRAIN,TEST,CLUST_0.70_00018,LATE
CANONICAL_7062339bbb0f,TRAIN,TEST,CLUST_0.70_00052,LATE
CANONICAL_706c77a0e711,TRAIN,TRAIN,CLUST_0.70_00008,LATE
CANONICAL_706e3c174a96,TEST,VALIDATION,CLUST_0.70_00026,IMMEDIATE_EARLY
CANONICAL_706fac25a365,TRAIN,VALIDATION,CLUST_0.70_00041,EARLY
CANONICAL_7073d899bf67,VALIDATION,TRAIN,CLUST_0.70_00133,LATE
CANONICAL_707cc7fec87e,VALIDATION,TRAIN,CLUST_0.70_00008,LATE
CANONICAL_707d12ed536a,TRAIN,VALIDATION,CLUST_0.70_00055,LATE
CANONICAL_707f334541c5,TRAIN,TEST,CLUST_0.70_00052,LATE
CANONICAL_70849b69631c,TRAIN,VALIDATION,CLUST_0.70_00010,EARLY
CANONICAL_708ba32e16b0,TRAIN,TRAIN,CLUST_0.70_00111,EARLY
CANONICAL_708fc04608d5,TEST,TRAIN,CLUST_0.70_00007,LATE
CANONICAL_70923394e85a,VALIDATION,TRAIN,CLUST_0.70_00005,EARLY
CANONICAL_7093f2534e9c,TRAIN,VALIDATION,CLUST_0.70_00106,LATE
CANONICAL_7095dc60896d,TRAIN,TEST,CLUST_0.70_00037,LATE
CANONICAL_709b16129118,TRAIN,TRAIN,CLUST_0.70_00008,LATE
CANONICAL_709cc8482f57,VALIDATION,TRAIN,CLUST_0.70_00005,LATE
CANONICAL_70aab3448d0a,TRAIN,TEST,CLUST_0.70_00001,LATE
CANONICAL_70ac6840eea1,TRAIN,VALIDATION,CLUST_0.70_00006,IMMEDIATE_EARLY
CANONICAL_70ae85b071cc,TRAIN,TRAIN,CLUST_0.70_00007,LATE
CANONICAL_70b543a06302,TRAIN,TRAIN,CLUST_0.70_00236,IMMEDIATE_EARLY
CANONICAL_70b6e5902208,TEST,VALIDATION,CLUST_0.70_00010,EARLY
CANONICAL_70bab12296e0,TRAIN,VALIDATION,CLUST_0.70_00079,LATE
CANONICAL_70bed3c43adc,VALIDATION,TRAIN,CLUST_0.70_00008,LATE
CANONICAL_70c302f60682,VALIDATION,TRAIN,CLUST_0.70_00005,EARLY
CANONICAL_70c450e34093,TEST,TRAIN,CLUST_0.70_00005,LATE
CANONICAL_70c72fe3ba09,TRAIN,TEST,CLUST_0.70_00015,LATE
CANONICAL_70c873ef0ae1,TRAIN,TRAIN,CLUST_0.70_00008,LATE
CANONICAL_70c9419b1047,TRAIN,TRAIN,CLUST_0.70_00023,LATE
CANONICAL_70cf6de0ac62,TRAIN,TEST,CLUST_0.70_00001,LATE
CANONICAL_70dc510e3d5d,TRAIN,TEST,CLUST_0.70_00052,LATE
CANONICAL_70de357617de,TRAIN,VALIDATION,CLUST_0.70_00190,LATE
CANONICAL_70e436c223f2,TRAIN,TEST,CLUST_0.70_00071,LATE
CANONICAL_70e6b5d8f8ca,TRAIN,TRAIN,CLUST_0.70_00005,LATE
CANONICAL_70e826ec0118,TRAIN,TRAIN,CLUST_0.70_00005,LATE
CANONICAL_70e96ecce7fe,TRAIN,TRAIN,CLUST_0.70_00007,LATE
CANONICAL_70f1ab8e777c,TRAIN,TRAIN,CLUST_0.70_00007,LATE
CANONICAL_70f633240043,TRAIN,TEST,CLUST_0.70_00052,LATE
CANONICAL_70fc590e83f3,TRAIN,VALIDATION,CLUST_0.70_00010,EARLY
CANONICAL_70fe754cacc4,VALIDATION,TRAIN,CLUST_0.70_00053,LATE
CANONICAL_7103b3ced826,TRAIN,TEST,CLUST_0.70_00018,LATE
CANONICAL_71066f3f82b5,TRAIN,VALIDATION,CLUST_0.70_00029,LATE
CANONICAL_71069da7502a,TRAIN,TRAIN,CLUST_0.70_00098,LATE
CANONICAL_710bc600177b,TRAIN,TRAIN,CLUST_0.70_00005,LATE
CANONICAL_7110254cc796,VALIDATION,TRAIN,CLUST_0.70_00024,LATE
CANONICAL_7111a6f3208a,TRAIN,TRAIN,CLUST_0.70_00007,EARLY
CANONICAL_7113a9d8af93,TRAIN,TRAIN,CLUST_0.70_00047,LATE
CANONICAL_711477359345,TRAIN,TRAIN,CLUST_0.70_00164,LATE
CANONICAL_711b1fdabc37,TRAIN,TRAIN,CLUST_0.70_00005,EARLY
CANONICAL_712468830ad1,TRAIN,TRAIN,CLUST_0.70_00005,EARLY
CANONICAL_712624f58856,TRAIN,VALIDATION,CLUST_0.70_00017,LATE
CANONICAL_712764d16340,VALIDATION,TEST,CLUST_0.70_00052,LATE
CANONICAL_7127a07ffd06,VALIDATION,TEST,CLUST_0.70_00018,LATE
CANONICAL_712884f1472f,TRAIN,TRAIN,CLUST_0.70_00098,LATE
CANONICAL_71301c84b368,TRAIN,TRAIN,CLUST_0.70_00231,IMMEDIATE_EARLY
CANONICAL_7138fe62cf4b,TRAIN,TRAIN,CLUST_0.70_00005,LATE
CANONICAL_7146c9ec2bdb,TRAIN,TEST,CLUST_0.70_00071,LATE
CANONICAL_714ff9c49063,TEST,TRAIN,CLUST_0.70_00005,LATE
CANONICAL_7152236145e3,TRAIN,TRAIN,CLUST_0.70_00005,EARLY
CANONICAL_71580cb56e81,TRAIN,TRAIN,CLUST_0.70_00005,LATE
CANONICAL_7158421eae43,TRAIN,VALIDATION,CLUST_0.70_00028,EARLY
CANONICAL_715892a6ca76,TEST,TRAIN,CLUST_0.70_00005,LATE
CANONICAL_715cb532a735,TRAIN,VALIDATION,CLUST_0.70_00025,LATE
CANONICAL_715cba5799eb,TEST,TRAIN,CLUST_0.70_00005,EARLY
CANONICAL_71604bbc1698,TRAIN,TEST,CLUST_0.70_00004,IMMEDIATE_EARLY
CANONICAL_7160a556ecb0,TRAIN,TEST,CLUST_0.70_00037,LATE
CANONICAL_7161a75c62ea,TRAIN,VALIDATION,CLUST_0.70_00006,IMMEDIATE_EARLY
CANONICAL_7166abd4d0f9,TRAIN,TRAIN,CLUST_0.70_00097,LATE
CANONICAL_716853d45c94,TRAIN,VALIDATION,CLUST_0.70_00026,IMMEDIATE_EARLY
CANONICAL_71710220a95b,VALIDATION,TRAIN,CLUST_0.70_00005,LATE
CANONICAL_71721f3f5c24,TRAIN,TEST,CLUST_0.70_00018,LATE
CANONICAL_71728702fb6d,TRAIN,TRAIN,CLUST_0.70_00007,LATE
CANONICAL_717600332d8f,TRAIN,TRAIN,CLUST_0.70_00005,LATE
CANONICAL_717f02ce9fd1,TEST,TRAIN,CLUST_0.70_00005,LATE
CANONICAL_7181c3c255f4,TRAIN,TRAIN,CLUST_0.70_00185,LATE
CANONICAL_7184093d44ed,TRAIN,TEST,CLUST_0.70_00018,LATE
CANONICAL_718555b16acd,VALIDATION,TRAIN,CLUST_0.70_00023,LATE
CANONICAL_7186d31568d9,TEST,VALIDATION,CLUST_0.70_00055,LATE
CANONICAL_7188733da737,TRAIN,TRAIN,CLUST_0.70_00231,IMMEDIATE_EARLY
CANONICAL_7189cb9f0c4a,TRAIN,TRAIN,CLUST_0.70_00227,LATE
CANONICAL_718dc2925de0,TRAIN,TRAIN,CLUST_0.70_00005,LATE
CANONICAL_7193682f4133,VALIDATION,VALIDATION,CLUST_0.70_00041,EARLY
CANONICAL_71a14b3bd60a,TRAIN,VALIDATION,CLUST_0.70_00055,LATE
CANONICAL_71a350e7ce64,TRAIN,TEST,CLUST_0.70_00015,LATE
CANONICAL_71aada965ca2,TRAIN,TRAIN,CLUST_0.70_00005,LATE
CANONICAL_71ab2d5ee512,VALIDATION,TEST,CLUST_0.70_00001,LATE
CANONICAL_71b16c2ecbcc,TRAIN,TRAIN,CLUST_0.70_00005,EARLY
CANONICAL_71b2e734948b,TRAIN,VALIDATION,CLUST_0.70_00029,LATE
CANONICAL_71b41bb396e4,TRAIN,TRAIN,CLUST_0.70_00005,LATE
CANONICAL_71b6c4540a17,TRAIN,TRAIN,CLUST_0.70_00005,EARLY
CANONICAL_71ba26dfff41,TRAIN,TRAIN,CLUST_0.70_00056,LATE
CANONICAL_71c14abc53ee,TEST,TRAIN,CLUST_0.70_00005,EARLY
CANONICAL_71c206d45eb5,TEST,TRAIN,CLUST_0.70_00005,LATE
CANONICAL_71c33bdf5f35,VALIDATION,TEST,CLUST_0.70_00001,LATE
CANONICAL_71c56dc6d1ba,TRAIN,TRAIN,CLUST_0.70_00005,LATE
CANONICAL_71c6234a664c,TRAIN,TRAIN,CLUST_0.70_00005,LATE
CANONICAL_71cc7ed82a0d,TRAIN,TRAIN,CLUST_0.70_00091,LATE
CANONICAL_71d6f0bdf166,TRAIN,TRAIN,CLUST_0.70_00008,IMMEDIATE_EARLY
CANONICAL_71d802fba800,TRAIN,TRAIN,CLUST_0.70_00005,EARLY
CANONICAL_71da0b7f2633,TRAIN,TRAIN,CLUST_0.70_00008,LATE
CANONICAL_71e0b8c790ca,VALIDATION,TRAIN,CLUST_0.70_00236,IMMEDIATE_EARLY
CANONICAL_71e16c3c0fa6,TRAIN,TRAIN,CLUST_0.70_00005,LATE
CANONICAL_71e8926721d5,TRAIN,VALIDATION,CLUST_0.70_00169,LATE
CANONICAL_71ee29f10e81,VALIDATION,TRAIN,CLUST_0.70_00056,LATE
CANONICAL_71efb991697e,TEST,VALIDATION,CLUST_0.70_00010,EARLY
CANONICAL_71f4ca1c7150,VALIDATION,TRAIN,CLUST_0.70_00005,LATE
CANONICAL_71f5a1542540,TRAIN,TRAIN,CLUST_0.70_00008,LATE
CANONICAL_7200e16db42a,TEST,TEST,CLUST_0.70_00052,LATE
CANONICAL_7202f539a434,VALIDATION,VALIDATION,CLUST_0.70_00026,IMMEDIATE_EARLY
CANONICAL_72047f658027,TRAIN,VALIDATION,CLUST_0.70_00041,EARLY
CANONICAL_72108832b272,TRAIN,TRAIN,CLUST_0.70_00005,LATE
CANONICAL_7215978e3be1,TRAIN,TRAIN,CLUST_0.70_00007,LATE
CANONICAL_721dae52311c,TRAIN,VALIDATION,CLUST_0.70_00028,EARLY
CANONICAL_721f02d9435b,VALIDATION,VALIDATION,CLUST_0.70_00029,LATE
CANONICAL_7223805a76b8,TRAIN,VALIDATION,CLUST_0.70_00026,IMMEDIATE_EARLY
CANONICAL_7225e4fbc164,TRAIN,VALIDATION,CLUST_0.70_00058,LATE
CANONICAL_72283e882e80,TRAIN,TEST,CLUST_0.70_00037,LATE
CANONICAL_722b79a1fd75,TRAIN,TEST,CLUST_0.70_00001,LATE
CANONICAL_7232147cc281,TRAIN,VALIDATION,CLUST_0.70_00025,LATE
CANONICAL_7234e7c2def3,TRAIN,TEST,CLUST_0.70_00004,IMMEDIATE_EARLY
CANONICAL_723614ff102d,TRAIN,VALIDATION,CLUST_0.70_00026,IMMEDIATE_EARLY
CANONICAL_7236c9e45fc5,VALIDATION,TRAIN,CLUST_0.70_00008,LATE
CANONICAL_72432924cbfd,VALIDATION,TRAIN,CLUST_0.70_00005,LATE
CANONICAL_724520f12eb1,TRAIN,TEST,CLUST_0.70_00004,IMMEDIATE_EARLY
CANONICAL_724ca341b12a,TRAIN,TRAIN,CLUST_0.70_00007,LATE
CANONICAL_7260cd19f180,TRAIN,VALIDATION,CLUST_0.70_00064,LATE
CANONICAL_7262b00006d9,TEST,TRAIN,CLUST_0.70_00042,LATE
CANONICAL_7263f6076f3a,TRAIN,TRAIN,CLUST_0.70_00005,EARLY
CANONICAL_7266254d5796,TRAIN,TRAIN,CLUST_0.70_00005,LATE
CANONICAL_72689087bc0c,TEST,TRAIN,CLUST_0.70_00005,LATE
CANONICAL_726b75dfd245,TRAIN,TRAIN,CLUST_0.70_00236,LATE
CANONICAL_726c586f3abe,VALIDATION,TEST,CLUST_0.70_00052,LATE
CANONICAL_726cf2a62448,TRAIN,VALIDATION,CLUST_0.70_00026,IMMEDIATE_EARLY
CANONICAL_726deeba8bde,TRAIN,TRAIN,CLUST_0.70_00008,LATE
CANONICAL_727079e829d7,TRAIN,TEST,CLUST_0.70_00020,LATE
CANONICAL_7271878d2c9c,TRAIN,TRAIN,CLUST_0.70_00181,LATE
CANONICAL_7271cbf4d1c5,TRAIN,TRAIN,CLUST_0.70_00008,LATE
CANONICAL_7275199edefe,TRAIN,TEST,CLUST_0.70_00018,LATE
CANONICAL_7278444c5f1e,TRAIN,VALIDATION,CLUST_0.70_00029,LATE
CANONICAL_7278a07e0606,TRAIN,TRAIN,CLUST_0.70_00005,LATE
CANONICAL_727979257446,TEST,TEST,CLUST_0.70_00020,LATE
CANONICAL_727a2e0e4299,TRAIN,VALIDATION,CLUST_0.70_00064,LATE
CANONICAL_7281cde2b12b,TRAIN,TRAIN,CLUST_0.70_00007,EARLY
CANONICAL_728c7754d505,VALIDATION,TEST,CLUST_0.70_00015,LATE
CANONICAL_72909028b255,TRAIN,TRAIN,CLUST_0.70_00008,LATE
CANONICAL_7293404a6950,TRAIN,TEST,CLUST_0.70_00001,LATE
CANONICAL_72937a9b2adb,TRAIN,TRAIN,CLUST_0.70_00005,LATE
CANONICAL_72970961bdf9,TEST,TRAIN,CLUST_0.70_00005,LATE
CANONICAL_7297851b4897,VALIDATION,TRAIN,CLUST_0.70_00005,LATE
CANONICAL_72984c107e60,TRAIN,TRAIN,CLUST_0.70_00008,LATE
CANONICAL_7299b578878d,TRAIN,TEST,CLUST_0.70_00052,LATE
CANONICAL_729b73d0aac3,TEST,TRAIN,CLUST_0.70_00047,LATE
CANONICAL_72a01fb6e948,TEST,TEST,CLUST_0.70_00015,LATE
CANONICAL_72a32e1ae8bc,TRAIN,TRAIN,CLUST_0.70_00005,LATE
CANONICAL_72ac94221c7e,TRAIN,TRAIN,CLUST_0.70_00005,LATE
CANONICAL_72adf1ed738b,TRAIN,TRAIN,CLUST_0.70_00005,EARLY
CANONICAL_72b2824499da,TRAIN,TRAIN,CLUST_0.70_00024,LATE
CANONICAL_72bf23260295,TRAIN,TRAIN,CLUST_0.70_00021,EARLY
CANONICAL_72bf8d10027b,TEST,TRAIN,CLUST_0.70_00005,EARLY
CANONICAL_72c307f214fb,TRAIN,TRAIN,CLUST_0.70_00008,LATE
CANONICAL_72cf0a592992,TRAIN,TEST,CLUST_0.70_00004,IMMEDIATE_EARLY
CANONICAL_72d19e9fb26a,TRAIN,VALIDATION,CLUST_0.70_00031,LATE
CANONICAL_72d29892e2f3,TRAIN,TRAIN,CLUST_0.70_00024,LATE
CANONICAL_72d34f067c42,TRAIN,TRAIN,CLUST_0.70_00008,LATE
CANONICAL_72d3f4256393,TEST,TEST,CLUST_0.70_00001,LATE
CANONICAL_72e051a90245,TRAIN,TRAIN,CLUST_0.70_00147,IMMEDIATE_EARLY
CANONICAL_72e0cc41b9ec,TRAIN,TRAIN,CLUST_0.70_00062,LATE
CANONICAL_72e626a6727a,TRAIN,TEST,CLUST_0.70_00018,LATE
CANONICAL_72f35acf14c1,TRAIN,TRAIN,CLUST_0.70_00005,EARLY
CANONICAL_72f40d2ddfcf,TRAIN,TRAIN,CLUST_0.70_00005,LATE
CANONICAL_72f78072effc,TRAIN,TRAIN,CLUST_0.70_00008,LATE
CANONICAL_72f993168a03,TEST,TRAIN,CLUST_0.70_00005,EARLY
CANONICAL_72fba13b3457,TRAIN,TRAIN,CLUST_0.70_00005,EARLY
CANONICAL_72fccf81a58f,TRAIN,TRAIN,CLUST_0.70_00061,LATE
CANONICAL_730df7d1ef53,TEST,TEST,CLUST_0.70_00052,LATE
CANONICAL_730e5a834c84,TRAIN,TRAIN,CLUST_0.70_00147,IMMEDIATE_EARLY
CANONICAL_730f26481ac4,TRAIN,TRAIN,CLUST_0.70_00005,EARLY
CANONICAL_7313f017868e,VALIDATION,TRAIN,CLUST_0.70_00008,LATE
CANONICAL_7315b89f15ee,TRAIN,TRAIN,CLUST_0.70_00102,LATE
CANONICAL_73179d89d0b0,TEST,TRAIN,CLUST_0.70_00005,EARLY
CANONICAL_731c82114a9f,TRAIN,TRAIN,CLUST_0.70_00005,EARLY
CANONICAL_731dc04efd37,TRAIN,TRAIN,CLUST_0.70_00005,EARLY
CANONICAL_7323946821da,TEST,TEST,CLUST_0.70_00004,IMMEDIATE_EARLY
CANONICAL_732c1f4e2dda,TEST,VALIDATION,CLUST_0.70_00006,IMMEDIATE_EARLY
CANONICAL_732d6fdd7338,TRAIN,TEST,CLUST_0.70_00001,LATE
CANONICAL_733200ab867d,TEST,TRAIN,CLUST_0.70_00005,LATE
CANONICAL_7337e9beafcb,TEST,TRAIN,CLUST_0.70_00005,EARLY
CANONICAL_733aaa764402,TRAIN,TRAIN,CLUST_0.70_00008,LATE
CANONICAL_733c194dde65,TRAIN,TEST,CLUST_0.70_00018,EARLY
CANONICAL_734049b78092,TRAIN,TRAIN,CLUST_0.70_00007,LATE
CANONICAL_734201596326,TRAIN,TRAIN,CLUST_0.70_00056,LATE
CANONICAL_734700a3c9bb,TRAIN,TRAIN,CLUST_0.70_00005,EARLY
CANONICAL_734a51dc9af5,TRAIN,TEST,CLUST_0.70_00015,LATE
CANONICAL_734dccadce8b,TRAIN,TEST,CLUST_0.70_00015,LATE
CANONICAL_734ecf3c3411,TRAIN,TRAIN,CLUST_0.70_00008,LATE
CANONICAL_735227b49ba4,TRAIN,TRAIN,CLUST_0.70_00005,EARLY
CANONICAL_73528f28aef1,TEST,TRAIN,CLUST_0.70_00005,EARLY
CANONICAL_735af0231581,VALIDATION,TRAIN,CLUST_0.70_00008,LATE
CANONICAL_7365a329b8c2,TRAIN,TRAIN,CLUST_0.70_00005,LATE
CANONICAL_736b342a9a4c,TRAIN,TEST,CLUST_0.70_00001,LATE
CANONICAL_736e83f938d5,TRAIN,TRAIN,CLUST_0.70_00005,EARLY
CANONICAL_7373478692b7,TRAIN,TRAIN,CLUST_0.70_00005,LATE
CANONICAL_737393521ced,TRAIN,VALIDATION,CLUST_0.70_00059,LATE
CANONICAL_73741a02b39e,TRAIN,TRAIN,CLUST_0.70_00005,LATE
CANONICAL_7376f91a06bd,TRAIN,TRAIN,CLUST_0.70_00005,LATE
CANONICAL_737849b43ef5,VALIDATION,TEST,CLUST_0.70_00052,LATE
CANONICAL_737b94240c5a,VALIDATION,TEST,CLUST_0.70_00037,LATE
CANONICAL_737ecaf15576,TRAIN,TRAIN,CLUST_0.70_00008,LATE
CANONICAL_73801a6d8e3b,TRAIN,VALIDATION,CLUST_0.70_00017,LATE
CANONICAL_73839b5465a5,TRAIN,TRAIN,CLUST_0.70_00005,EARLY
CANONICAL_73848d3ff84d,TRAIN,TRAIN,CLUST_0.70_00005,LATE
CANONICAL_738a930e746f,TRAIN,TEST,CLUST_0.70_00018,LATE
CANONICAL_738b4e926bcb,TRAIN,VALIDATION,CLUST_0.70_00055,LATE
CANONICAL_7391652a0030,TRAIN,TEST,CLUST_0.70_00020,LATE
CANONICAL_73a6228432df,TRAIN,TEST,CLUST_0.70_00052,LATE
CANONICAL_73b20ba193de,TRAIN,TRAIN,CLUST_0.70_00005,EARLY
CANONICAL_73bbc92f064e,TEST,TRAIN,CLUST_0.70_00005,EARLY
CANONICAL_73bed46485db,TRAIN,TEST,CLUST_0.70_00030,EARLY
CANONICAL_73beee6da3f6,TRAIN,TEST,CLUST_0.70_00051,LATE
CANONICAL_73c0f70978d2,TRAIN,TRAIN,CLUST_0.70_00005,LATE
CANONICAL_73cce6e37103,TRAIN,TRAIN,CLUST_0.70_00005,EARLY
CANONICAL_73d4c18f7ed4,TRAIN,TEST,CLUST_0.70_00001,LATE
CANONICAL_73d7703790f8,VALIDATION,TRAIN,CLUST_0.70_00008,LATE
CANONICAL_73d8da4aaecf,TEST,TEST,CLUST_0.70_00004,IMMEDIATE_EARLY
CANONICAL_73dafa06a15c,TRAIN,TRAIN,CLUST_0.70_00087,LATE
CANONICAL_73db103d524c,TRAIN,TEST,CLUST_0.70_00018,EARLY
CANONICAL_73e384857d7a,TRAIN,TRAIN,CLUST_0.70_00005,EARLY
CANONICAL_73e7da569b89,VALIDATION,TRAIN,CLUST_0.70_00008,LATE
CANONICAL_73e9226eba14,TRAIN,TRAIN,CLUST_0.70_00189,LATE
CANONICAL_73ea936dc04d,TRAIN,TRAIN,CLUST_0.70_00005,EARLY
CANONICAL_73f713219605,TEST,TEST,CLUST_0.70_00030,EARLY
CANONICAL_73fba692b468,TRAIN,TRAIN,CLUST_0.70_00330,LATE
CANONICAL_73fdfea94105,TRAIN,VALIDATION,CLUST_0.70_00028,EARLY
CANONICAL_7404360e6498,TEST,TRAIN,CLUST_0.70_00007,LATE
CANONICAL_740a90b41bc8,TRAIN,TRAIN,CLUST_0.70_00005,EARLY
CANONICAL_740e2f7ecb2c,TRAIN,VALIDATION,CLUST_0.70_00106,LATE
CANONICAL_7419f10ee7b2,TEST,VALIDATION,CLUST_0.70_00006,LATE
CANONICAL_7419f8653b34,TEST,TRAIN,CLUST_0.70_00045,EARLY
CANONICAL_741da58f77eb,TRAIN,VALIDATION,CLUST_0.70_00041,EARLY
CANONICAL_741da7bee23b,TRAIN,TRAIN,CLUST_0.70_00008,LATE
CANONICAL_7420656b8a62,TRAIN,VALIDATION,CLUST_0.70_00029,LATE
CANONICAL_742231d69f19,VALIDATION,TRAIN,CLUST_0.70_00005,EARLY
CANONICAL_7428849f84c2,TRAIN,TEST,CLUST_0.70_00080,LATE
CANONICAL_7428e15eda8e,TRAIN,TRAIN,CLUST_0.70_00007,LATE
CANONICAL_7429950a8056,TRAIN,TRAIN,CLUST_0.70_00007,LATE
CANONICAL_742a0ff0d2f7,TRAIN,VALIDATION,CLUST_0.70_00055,LATE
CANONICAL_742a9e42f1c5,TRAIN,TEST,CLUST_0.70_00051,LATE
CANONICAL_742d8c779656,TEST,VALIDATION,CLUST_0.70_00029,LATE
CANONICAL_742ed928cd5a,VALIDATION,TEST,CLUST_0.70_00071,LATE
CANONICAL_7437b47b397f,TRAIN,TRAIN,CLUST_0.70_00191,EARLY
CANONICAL_743bd1b81306,TRAIN,TRAIN,CLUST_0.70_00005,LATE
CANONICAL_7441926ec67a,TEST,TRAIN,CLUST_0.70_00005,EARLY
CANONICAL_7442cdf904eb,TRAIN,TEST,CLUST_0.70_00001,LATE
CANONICAL_74453bcfde15,VALIDATION,TEST,CLUST_0.70_00001,LATE
CANONICAL_74470e465a75,TRAIN,TEST,CLUST_0.70_00015,LATE
CANONICAL_744976a10fbc,VALIDATION,VALIDATION,CLUST_0.70_00169,LATE
CANONICAL_744dadc0d605,VALIDATION,TRAIN,CLUST_0.70_00245,LATE
CANONICAL_745126028044,TRAIN,TRAIN,CLUST_0.70_00005,LATE
CANONICAL_745a84a3e51c,TRAIN,TEST,CLUST_0.70_00004,IMMEDIATE_EARLY
CANONICAL_745b8f738e62,TRAIN,VALIDATION,CLUST_0.70_00026,IMMEDIATE_EARLY
CANONICAL_745bcf2865cf,VALIDATION,TEST,CLUST_0.70_00080,LATE
CANONICAL_745e561e380d,TRAIN,TEST,CLUST_0.70_00052,LATE
CANONICAL_74631cf8f17c,TRAIN,TRAIN,CLUST_0.70_00005,LATE
CANONICAL_74636ecceebc,TEST,TEST,CLUST_0.70_00071,LATE
CANONICAL_74669fbead17,VALIDATION,VALIDATION,CLUST_0.70_00041,EARLY
CANONICAL_7467b96d3214,TRAIN,TRAIN,CLUST_0.70_00007,LATE
CANONICAL_746f0164c478,VALIDATION,TEST,CLUST_0.70_00052,LATE
CANONICAL_747be5d4d9ba,TRAIN,TEST,CLUST_0.70_00001,LATE
CANONICAL_747c5342d764,TRAIN,TEST,CLUST_0.70_00018,EARLY
CANONICAL_7480f68570d2,TRAIN,TRAIN,CLUST_0.70_00005,EARLY
CANONICAL_7485869f5c45,TRAIN,TRAIN,CLUST_0.70_00005,LATE
CANONICAL_748e52810dd9,TRAIN,VALIDATION,CLUST_0.70_00017,LATE
CANONICAL_748e7d263f0f,TRAIN,VALIDATION,CLUST_0.70_00006,IMMEDIATE_EARLY
CANONICAL_74970035c63f,TRAIN,TRAIN,CLUST_0.70_00008,LATE
CANONICAL_74973cf59f3c,VALIDATION,TRAIN,CLUST_0.70_00008,LATE
CANONICAL_74a036b39b89,TRAIN,TRAIN,CLUST_0.70_00098,LATE
CANONICAL_74ab47048d40,VALIDATION,TEST,CLUST_0.70_00030,EARLY
CANONICAL_74ac5308bb44,VALIDATION,TEST,CLUST_0.70_00030,EARLY
CANONICAL_74acf1374929,TRAIN,VALIDATION,CLUST_0.70_00079,LATE
CANONICAL_74ae04956482,TRAIN,TRAIN,CLUST_0.70_00005,EARLY
CANONICAL_74ae756ff0b7,VALIDATION,VALIDATION,CLUST_0.70_00190,LATE
CANONICAL_74b789b21523,TRAIN,TRAIN,CLUST_0.70_00005,EARLY
CANONICAL_74bce676f0d6,TRAIN,TRAIN,CLUST_0.70_00008,LATE
CANONICAL_74bfe3977882,TRAIN,TRAIN,CLUST_0.70_00005,EARLY
CANONICAL_74c48b58bf58,TRAIN,VALIDATION,CLUST_0.70_00079,LATE
CANONICAL_74cb5d9595c9,TRAIN,VALIDATION,CLUST_0.70_00028,EARLY
CANONICAL_74d1929268bb,VALIDATION,TEST,CLUST_0.70_00001,LATE
CANONICAL_74d39f9a7f9b,TRAIN,TRAIN,CLUST_0.70_00005,LATE
CANONICAL_74d3bf2dbf8d,TRAIN,TRAIN,CLUST_0.70_00008,LATE
CANONICAL_74d759cda686,TRAIN,TRAIN,CLUST_0.70_00005,LATE
CANONICAL_74e1090c0e5b,TRAIN,TEST,CLUST_0.70_00071,LATE
CANONICAL_74e2385f027c,TRAIN,TEST,CLUST_0.70_00001,LATE
CANONICAL_74e270602a24,TEST,TEST,CLUST_0.70_00015,LATE
CANONICAL_74eb0ec8679d,TRAIN,TRAIN,CLUST_0.70_00005,EARLY
CANONICAL_74f324be07b3,TRAIN,TRAIN,CLUST_0.70_00005,LATE
CANONICAL_74f54bd15650,TRAIN,VALIDATION,CLUST_0.70_00127,LATE
CANONICAL_74fe3bb43959,TRAIN,TRAIN,CLUST_0.70_00008,LATE
CANONICAL_74fe93977cee,TEST,TRAIN,CLUST_0.70_00008,LATE
CANONICAL_7500346ad7df,TRAIN,VALIDATION,CLUST_0.70_00190,LATE
CANONICAL_75006eea1dc9,TRAIN,TRAIN,CLUST_0.70_00005,EARLY
CANONICAL_7506037ff6d5,TRAIN,TRAIN,CLUST_0.70_00434,EARLY
CANONICAL_75062a72400b,TRAIN,TEST,CLUST_0.70_00004,IMMEDIATE_EARLY
CANONICAL_751398add220,VALIDATION,TRAIN,CLUST_0.70_00008,LATE
CANONICAL_7515e7cd6248,TRAIN,TRAIN,CLUST_0.70_00008,LATE
CANONICAL_75208c5ab69f,TRAIN,TRAIN,CLUST_0.70_00090,LATE
CANONICAL_75273d55c833,TRAIN,TRAIN,CLUST_0.70_00032,LATE
CANONICAL_752a5907cd0e,TRAIN,TRAIN,CLUST_0.70_00005,LATE
CANONICAL_752b12c7e8ee,TRAIN,TEST,CLUST_0.70_00018,LATE
CANONICAL_752d6cdc8ca2,TEST,VALIDATION,CLUST_0.70_00026,IMMEDIATE_EARLY
CANONICAL_7534875dec75,TRAIN,VALIDATION,CLUST_0.70_00059,LATE
CANONICAL_7537042f4a4e,TRAIN,TRAIN,CLUST_0.70_00008,LATE
CANONICAL_75398bf1c347,TRAIN,TRAIN,CLUST_0.70_00005,LATE
CANONICAL_75437710d3ce,TRAIN,TRAIN,CLUST_0.70_00214,LATE
CANONICAL_75490db95447,TRAIN,TRAIN,CLUST_0.70_00008,LATE
CANONICAL_754aa908d7e6,VALIDATION,TRAIN,CLUST_0.70_00005,EARLY
CANONICAL_754fc6695bc9,TRAIN,TEST,CLUST_0.70_00004,IMMEDIATE_EARLY
CANONICAL_755b2d35e5b2,TRAIN,VALIDATION,CLUST_0.70_00040,EARLY
CANONICAL_7563f8c51a97,VALIDATION,TEST,CLUST_0.70_00030,EARLY
CANONICAL_75697361806f,TRAIN,TRAIN,CLUST_0.70_00242,LATE
CANONICAL_756d0b8d8c53,TRAIN,TEST,CLUST_0.70_00030,EARLY
CANONICAL_7570a3ed4317,TEST,TRAIN,CLUST_0.70_00008,LATE
CANONICAL_75731aec3e33,TRAIN,VALIDATION,CLUST_0.70_00025,LATE
CANONICAL_7576626b8226,VALIDATION,TRAIN,CLUST_0.70_00047,LATE
CANONICAL_75787997e756,TRAIN,VALIDATION,CLUST_0.70_00006,IMMEDIATE_EARLY
CANONICAL_75788833a234,TRAIN,VALIDATION,CLUST_0.70_00041,EARLY
CANONICAL_7578d65aaf27,TEST,TRAIN,CLUST_0.70_00005,EARLY
CANONICAL_75793a4a2f12,TRAIN,TRAIN,CLUST_0.70_00008,LATE
CANONICAL_7579cff93a5f,TRAIN,TEST,CLUST_0.70_00018,EARLY
CANONICAL_757d90db6fb6,TRAIN,TRAIN,CLUST_0.70_00008,LATE
CANONICAL_75842bf62e64,TRAIN,TRAIN,CLUST_0.70_00197,IMMEDIATE_EARLY
CANONICAL_758764f1ba9d,TRAIN,TEST,CLUST_0.70_00015,LATE
CANONICAL_7587adebbd0e,VALIDATION,TEST,CLUST_0.70_00071,LATE
CANONICAL_758c5e7669cb,TRAIN,VALIDATION,CLUST_0.70_00079,LATE
CANONICAL_759337157ee7,TRAIN,TEST,CLUST_0.70_00001,LATE
CANONICAL_75988c092cfe,TEST,TRAIN,CLUST_0.70_00062,LATE
CANONICAL_7599ea4bc34e,VALIDATION,TRAIN,CLUST_0.70_00008,LATE
CANONICAL_759c5c5d4809,TEST,TRAIN,CLUST_0.70_00005,EARLY
CANONICAL_75a3a30d5e4b,VALIDATION,TRAIN,CLUST_0.70_00008,LATE
CANONICAL_75a8ad985721,TRAIN,TEST,CLUST_0.70_00071,LATE
CANONICAL_75ab14701539,TRAIN,TRAIN,CLUST_0.70_00164,LATE
CANONICAL_75b0e4520c23,TRAIN,TEST,CLUST_0.70_00004,IMMEDIATE_EARLY
CANONICAL_75b27066c7fa,TRAIN,VALIDATION,CLUST_0.70_00010,EARLY
CANONICAL_75b341ae0327,VALIDATION,TRAIN,CLUST_0.70_00005,LATE
CANONICAL_75b4ac9571c6,TRAIN,TEST,CLUST_0.70_00051,LATE
CANONICAL_75b6264bd837,TRAIN,TRAIN,CLUST_0.70_00321,LATE
CANONICAL_75b7f2b2bca6,TEST,TEST,CLUST_0.70_00001,LATE
CANONICAL_75bc2ae812be,TRAIN,TRAIN,CLUST_0.70_00005,EARLY
CANONICAL_75bd4799d8d7,TRAIN,TRAIN,CLUST_0.70_00005,LATE
CANONICAL_75be1998894c,TRAIN,TRAIN,CLUST_0.70_00008,LATE
CANONICAL_75c2835413ea,TRAIN,VALIDATION,CLUST_0.70_00029,LATE
CANONICAL_75c4637f3d7f,TRAIN,TRAIN,CLUST_0.70_00005,EARLY
CANONICAL_75c94db4c81f,VALIDATION,VALIDATION,CLUST_0.70_00017,LATE
CANONICAL_75cba2cf1c7e,TRAIN,TEST,CLUST_0.70_00004,IMMEDIATE_EARLY
CANONICAL_75cc9ad7f451,VALIDATION,TRAIN,CLUST_0.70_00005,LATE
CANONICAL_75cdb4d0a658,TRAIN,TEST,CLUST_0.70_00004,IMMEDIATE_EARLY
CANONICAL_75cf86e215fa,TRAIN,VALIDATION,CLUST_0.70_00036,EARLY
CANONICAL_75d3089c09a7,TEST,TRAIN,CLUST_0.70_00008,LATE
CANONICAL_75dde33e5030,TRAIN,TEST,CLUST_0.70_00015,LATE
CANONICAL_75dfe6fdb038,TRAIN,TRAIN,CLUST_0.70_00008,LATE
CANONICAL_75f35f3d23a0,VALIDATION,TRAIN,CLUST_0.70_00005,EARLY
CANONICAL_75f431ed4ea9,TRAIN,TRAIN,CLUST_0.70_00005,EARLY
CANONICAL_7600bc64e0c9,TEST,TRAIN,CLUST_0.70_00005,LATE
CANONICAL_7601fca43a61,TEST,TEST,CLUST_0.70_00004,IMMEDIATE_EARLY
CANONICAL_76066f6a3834,TRAIN,TRAIN,CLUST_0.70_00007,EARLY
CANONICAL_7606cc2b613a,TRAIN,TRAIN,CLUST_0.70_00024,LATE
CANONICAL_7606d98c0649,TRAIN,TEST,CLUST_0.70_00004,IMMEDIATE_EARLY
CANONICAL_7611ed98c24a,TRAIN,TRAIN,CLUST_0.70_00005,LATE
CANONICAL_7619fdcf5e26,VALIDATION,VALIDATION,CLUST_0.70_00040,EARLY
CANONICAL_761bfaf440be,VALIDATION,VALIDATION,CLUST_0.70_00010,EARLY
CANONICAL_761e85e380d5,TRAIN,TEST,CLUST_0.70_00018,LATE
CANONICAL_761f2c3f0820,TEST,TRAIN,CLUST_0.70_00005,EARLY
CANONICAL_76220c0849f5,TRAIN,TRAIN,CLUST_0.70_00005,LATE
CANONICAL_76221c56ea7b,TRAIN,TRAIN,CLUST_0.70_00005,LATE
CANONICAL_7627783c2f59,TRAIN,TRAIN,CLUST_0.70_00005,LATE
CANONICAL_7628d2fdd40f,TRAIN,TRAIN,CLUST_0.70_00005,LATE
CANONICAL_7631dd413481,VALIDATION,TRAIN,CLUST_0.70_00091,LATE
CANONICAL_763324451a8b,VALIDATION,TEST,CLUST_0.70_00001,LATE
CANONICAL_76336611832f,TRAIN,TEST,CLUST_0.70_00015,LATE
CANONICAL_763552d7bcac,TRAIN,TRAIN,CLUST_0.70_00005,EARLY
CANONICAL_763807e29e6b,TRAIN,TEST,CLUST_0.70_00001,LATE
CANONICAL_763c19116368,TEST,VALIDATION,CLUST_0.70_00127,LATE
CANONICAL_763dc4bc87da,VALIDATION,TRAIN,CLUST_0.70_00005,EARLY
CANONICAL_764e185bc58d,TRAIN,TRAIN,CLUST_0.70_00008,LATE
CANONICAL_7651cbea37d7,VALIDATION,TRAIN,CLUST_0.70_00005,EARLY
CANONICAL_76532e5e236d,TEST,TRAIN,CLUST_0.70_00008,LATE
CANONICAL_7655fa61a481,TEST,TRAIN,CLUST_0.70_00007,LATE
CANONICAL_76564b380fc1,TRAIN,TEST,CLUST_0.70_00015,LATE
CANONICAL_76575790bd7c,TRAIN,TRAIN,CLUST_0.70_00024,LATE
CANONICAL_765854ac9fc2,VALIDATION,TEST,CLUST_0.70_00052,LATE
CANONICAL_76592bf15ff3,TRAIN,TRAIN,CLUST_0.70_00005,LATE
CANONICAL_765a5e293940,TRAIN,VALIDATION,CLUST_0.70_00017,LATE
CANONICAL_765b8a2f7612,TRAIN,VALIDATION,CLUST_0.70_00038,LATE
CANONICAL_766170891816,TRAIN,TRAIN,CLUST_0.70_00007,LATE
CANONICAL_7667e56ca699,TRAIN,TRAIN,CLUST_0.70_00005,EARLY
CANONICAL_7669aa0d5859,TRAIN,TRAIN,CLUST_0.70_00191,EARLY
CANONICAL_766c61e3d6f5,TRAIN,TEST,CLUST_0.70_00018,LATE
CANONICAL_7672a670f042,TRAIN,TEST,CLUST_0.70_00052,LATE
CANONICAL_76759a3be330,TRAIN,TRAIN,CLUST_0.70_00005,EARLY
CANONICAL_767677a6f56c,TRAIN,TEST,CLUST_0.70_00001,LATE
CANONICAL_76778868a30d,TRAIN,TRAIN,CLUST_0.70_00008,LATE
CANONICAL_7677a46e59b9,TRAIN,TRAIN,CLUST_0.70_00056,LATE
CANONICAL_76790def5741,TRAIN,TRAIN,CLUST_0.70_00005,LATE
CANONICAL_7679d6cbb727,TRAIN,TEST,CLUST_0.70_00030,EARLY
CANONICAL_767be83184ec,TRAIN,TRAIN,CLUST_0.70_00244,LATE
CANONICAL_76833d3ad1ef,TRAIN,TRAIN,CLUST_0.70_00008,LATE
CANONICAL_768c3f4d4eca,TRAIN,TRAIN,CLUST_0.70_00005,LATE
CANONICAL_768c537456dc,TEST,TRAIN,CLUST_0.70_00005,LATE
CANONICAL_768f1419332f,TRAIN,TRAIN,CLUST_0.70_00008,LATE
CANONICAL_768fe273b4c5,TEST,TRAIN,CLUST_0.70_00005,LATE
CANONICAL_76933e2585d4,TRAIN,TRAIN,CLUST_0.70_00005,LATE
CANONICAL_7696a44883d1,TRAIN,TRAIN,CLUST_0.70_00005,EARLY
CANONICAL_7699cd585c78,TRAIN,TRAIN,CLUST_0.70_00007,LATE
CANONICAL_76a0c0dc616f,VALIDATION,TRAIN,CLUST_0.70_00338,LATE
CANONICAL_76a3ea9b0404,TRAIN,TRAIN,CLUST_0.70_00008,LATE
CANONICAL_76b1ac0199ff,TRAIN,TEST,CLUST_0.70_00030,EARLY
CANONICAL_76b30289bf06,TEST,TEST,CLUST_0.70_00030,EARLY
CANONICAL_76baabb00f5f,TRAIN,TRAIN,CLUST_0.70_00005,EARLY
CANONICAL_76bd069d567d,TRAIN,TEST,CLUST_0.70_00051,LATE
CANONICAL_76c4146f0c95,TRAIN,TEST,CLUST_0.70_00018,LATE
CANONICAL_76c9ae077583,TRAIN,TEST,CLUST_0.70_00015,LATE
CANONICAL_76c9bf5a2d99,TEST,TRAIN,CLUST_0.70_00231,IMMEDIATE_EARLY
CANONICAL_76cc50ca1f6e,TRAIN,TEST,CLUST_0.70_00018,EARLY
CANONICAL_76d238625141,TRAIN,VALIDATION,CLUST_0.70_00064,LATE
CANONICAL_76d5c30f1468,TRAIN,TEST,CLUST_0.70_00015,LATE
CANONICAL_76d799202999,TRAIN,TEST,CLUST_0.70_00030,EARLY
CANONICAL_76d983c315f2,TRAIN,VALIDATION,CLUST_0.70_00058,LATE
CANONICAL_76db9023a700,TRAIN,TRAIN,CLUST_0.70_00060,EARLY
CANONICAL_76dbfdc436bf,TRAIN,TRAIN,CLUST_0.70_00005,EARLY
CANONICAL_76dc9e406d3b,TRAIN,TRAIN,CLUST_0.70_00008,EARLY
CANONICAL_76e00c7337b8,TRAIN,VALIDATION,CLUST_0.70_00064,LATE
CANONICAL_76e02b108844,TRAIN,TRAIN,CLUST_0.70_00124,LATE
CANONICAL_76e1f54c39e7,TRAIN,TRAIN,CLUST_0.70_00008,LATE
CANONICAL_76e3e2aaf5f6,TRAIN,TRAIN,CLUST_0.70_00276,LATE
CANONICAL_76ecbce579bb,TRAIN,TEST,CLUST_0.70_00020,LATE
CANONICAL_76f4e88bd75e,TEST,TEST,CLUST_0.70_00052,LATE
CANONICAL_76f8063c77bc,TRAIN,TRAIN,CLUST_0.70_00005,LATE
CANONICAL_76fa92ace311,TRAIN,VALIDATION,CLUST_0.70_00169,LATE
CANONICAL_770058daacc1,TRAIN,VALIDATION,CLUST_0.70_00127,LATE
CANONICAL_77064b1d1c9c,TRAIN,TEST,CLUST_0.70_00004,IMMEDIATE_EARLY
CANONICAL_77068f309749,VALIDATION,TRAIN,CLUST_0.70_00005,LATE
CANONICAL_770e3e9e54d5,TRAIN,TEST,CLUST_0.70_00018,LATE
CANONICAL_770fb44e89b0,TRAIN,TRAIN,CLUST_0.70_00068,LATE
CANONICAL_770fdb86c70b,TRAIN,TRAIN,CLUST_0.70_00008,LATE
CANONICAL_77136f754634,TRAIN,TEST,CLUST_0.70_00015,LATE
CANONICAL_7714d77b81b2,VALIDATION,TRAIN,CLUST_0.70_00007,EARLY
CANONICAL_77189e288067,TRAIN,TRAIN,CLUST_0.70_00007,EARLY
CANONICAL_771f94755ee9,TRAIN,TRAIN,CLUST_0.70_00005,LATE
CANONICAL_772166d78e71,TRAIN,TRAIN,CLUST_0.70_00007,IMMEDIATE_EARLY
CANONICAL_772277cb3d95,TRAIN,TRAIN,CLUST_0.70_00090,LATE
CANONICAL_7728ef569c67,TRAIN,VALIDATION,CLUST_0.70_00006,IMMEDIATE_EARLY
CANONICAL_772930b7d914,TRAIN,TEST,CLUST_0.70_00004,IMMEDIATE_EARLY
CANONICAL_7729d1f161d4,TRAIN,TRAIN,CLUST_0.70_00005,LATE
CANONICAL_772cfcc923fc,TRAIN,VALIDATION,CLUST_0.70_00041,EARLY
CANONICAL_772ff13dcc34,TRAIN,VALIDATION,CLUST_0.70_00016,EARLY
CANONICAL_773035c8e0c6,TRAIN,TEST,CLUST_0.70_00001,LATE
CANONICAL_77304d2a7b0d,TRAIN,TRAIN,CLUST_0.70_00007,LATE
CANONICAL_7732ed6ebe7d,VALIDATION,TRAIN,CLUST_0.70_00005,LATE
CANONICAL_7737e14ba91a,TRAIN,TEST,CLUST_0.70_00001,LATE
CANONICAL_773858059c66,TRAIN,TRAIN,CLUST_0.70_00005,EARLY
CANONICAL_773a651cafd4,TRAIN,VALIDATION,CLUST_0.70_00025,LATE
CANONICAL_774093f30253,TRAIN,VALIDATION,CLUST_0.70_00086,LATE
CANONICAL_7742218f1174,VALIDATION,TRAIN,CLUST_0.70_00005,EARLY
CANONICAL_774b77ce418d,TRAIN,TRAIN,CLUST_0.70_00005,EARLY
CANONICAL_774ef1382638,TRAIN,VALIDATION,CLUST_0.70_00017,LATE
CANONICAL_7751e459045b,TRAIN,TRAIN,CLUST_0.70_00008,LATE
CANONICAL_77533f3e7661,VALIDATION,TEST,CLUST_0.70_00071,LATE
CANONICAL_775416a0c627,TRAIN,TRAIN,CLUST_0.70_00008,LATE
CANONICAL_775f9c346166,TRAIN,TEST,CLUST_0.70_00071,LATE
CANONICAL_776b7649161f,TRAIN,TEST,CLUST_0.70_00018,LATE
CANONICAL_776e2b7f8284,TRAIN,TRAIN,CLUST_0.70_00005,EARLY
CANONICAL_776f06ff335d,TRAIN,TRAIN,CLUST_0.70_00005,LATE
CANONICAL_777275c17ef3,TRAIN,TRAIN,CLUST_0.70_00005,EARLY
CANONICAL_777387af9ba0,TRAIN,VALIDATION,CLUST_0.70_00064,LATE
CANONICAL_7779d5ce5632,VALIDATION,TRAIN,CLUST_0.70_00008,LATE
CANONICAL_777d45367f13,TRAIN,TRAIN,CLUST_0.70_00005,LATE
CANONICAL_777da1641026,TRAIN,VALIDATION,CLUST_0.70_00029,LATE
CANONICAL_7781ab5f542a,TRAIN,VALIDATION,CLUST_0.70_00038,LATE
CANONICAL_7783e4a16702,TRAIN,TRAIN,CLUST_0.70_00005,LATE
CANONICAL_7783ebcf4383,TRAIN,TRAIN,CLUST_0.70_00005,EARLY
CANONICAL_77844e393b0b,TRAIN,TRAIN,CLUST_0.70_00235,LATE
CANONICAL_778717b10362,TEST,TRAIN,CLUST_0.70_00007,LATE
CANONICAL_779196b44b05,VALIDATION,TRAIN,CLUST_0.70_00033,IMMEDIATE_EARLY
CANONICAL_77924bc0cb18,TRAIN,VALIDATION,CLUST_0.70_00029,LATE
CANONICAL_779caf53b757,TRAIN,TRAIN,CLUST_0.70_00068,LATE
CANONICAL_779f4a766dd3,TEST,VALIDATION,CLUST_0.70_00038,LATE
CANONICAL_779fe5e68104,TRAIN,TEST,CLUST_0.70_00004,IMMEDIATE_EARLY
CANONICAL_77a4888ddfb4,TRAIN,TEST,CLUST_0.70_00004,IMMEDIATE_EARLY
CANONICAL_77a932c1cd62,TRAIN,TRAIN,CLUST_0.70_00005,LATE
CANONICAL_77ad00f9b549,TRAIN,TEST,CLUST_0.70_00051,IMMEDIATE_EARLY
CANONICAL_77af45209b92,TRAIN,VALIDATION,CLUST_0.70_00006,IMMEDIATE_EARLY
CANONICAL_77afbac9aeda,TEST,TEST,CLUST_0.70_00004,IMMEDIATE_EARLY
CANONICAL_77b147ab2d4f,TRAIN,VALIDATION,CLUST_0.70_00006,IMMEDIATE_EARLY
CANONICAL_77b63ac027cf,TRAIN,TEST,CLUST_0.70_00018,LATE
CANONICAL_77c3d3ad8be2,TRAIN,TRAIN,CLUST_0.70_00008,LATE
CANONICAL_77c7ba2439c4,TRAIN,TRAIN,CLUST_0.70_00008,LATE
CANONICAL_77cbcacc830d,TEST,TRAIN,CLUST_0.70_00033,IMMEDIATE_EARLY
CANONICAL_77d06654dc8e,TRAIN,TRAIN,CLUST_0.70_00007,LATE
CANONICAL_77d767372441,TRAIN,TRAIN,CLUST_0.70_00005,LATE
CANONICAL_77d796f7a790,TRAIN,VALIDATION,CLUST_0.70_00006,IMMEDIATE_EARLY
CANONICAL_77dd3fecb7a9,TRAIN,VALIDATION,CLUST_0.70_00006,IMMEDIATE_EARLY
CANONICAL_77e1669fd94c,TRAIN,TEST,CLUST_0.70_00001,LATE
CANONICAL_77e1dc4b4253,TRAIN,TRAIN,CLUST_0.70_00005,EARLY
CANONICAL_77e2c974816f,TRAIN,TRAIN,CLUST_0.70_00007,LATE
CANONICAL_77e45797f749,VALIDATION,TRAIN,CLUST_0.70_00007,LATE
CANONICAL_77e88373354e,TRAIN,VALIDATION,CLUST_0.70_00025,LATE
CANONICAL_77ef1cc25220,TRAIN,VALIDATION,CLUST_0.70_00017,LATE
CANONICAL_77f2e156d9d6,TRAIN,TEST,CLUST_0.70_00001,LATE
CANONICAL_77f4e96ccd7d,TRAIN,TRAIN,CLUST_0.70_00007,LATE
CANONICAL_77f5217f5b46,TEST,TRAIN,CLUST_0.70_00005,EARLY
CANONICAL_77f6c35738aa,VALIDATION,TRAIN,CLUST_0.70_00005,LATE
CANONICAL_77fb62424255,TRAIN,TRAIN,CLUST_0.70_00005,LATE
CANONICAL_78030a6f0dd8,TEST,TRAIN,CLUST_0.70_00008,LATE
CANONICAL_780564a6bfa3,TRAIN,TRAIN,CLUST_0.70_00091,LATE
CANONICAL_780ba95119e1,TRAIN,TRAIN,CLUST_0.70_00005,LATE
CANONICAL_780d52e5d4f4,TRAIN,TRAIN,CLUST_0.70_00005,EARLY
CANONICAL_780f8fab3cc2,TRAIN,TEST,CLUST_0.70_00004,IMMEDIATE_EARLY
CANONICAL_781010889106,TRAIN,TRAIN,CLUST_0.70_00007,LATE
CANONICAL_7817e94c9cd6,TRAIN,TRAIN,CLUST_0.70_00008,LATE
CANONICAL_78187926f8f3,TRAIN,TRAIN,CLUST_0.70_00008,LATE
CANONICAL_781cf7dd3c1b,TRAIN,VALIDATION,CLUST_0.70_00040,EARLY
CANONICAL_781f4f84640d,TRAIN,TEST,CLUST_0.70_00015,LATE
CANONICAL_7823c361712a,TEST,TRAIN,CLUST_0.70_00005,LATE
CANONICAL_78273da78f76,TRAIN,VALIDATION,CLUST_0.70_00064,LATE
CANONICAL_782aea529666,TEST,TRAIN,CLUST_0.70_00005,EARLY
CANONICAL_78304fedc55e,TEST,VALIDATION,CLUST_0.70_00079,LATE
CANONICAL_7839dcaf6b3a,TRAIN,TEST,CLUST_0.70_00030,EARLY
CANONICAL_784ae8b71b14,VALIDATION,VALIDATION,CLUST_0.70_00031,LATE
CANONICAL_784ba2c9230d,TRAIN,VALIDATION,CLUST_0.70_00040,EARLY
CANONICAL_7852454e4afa,TRAIN,VALIDATION,CLUST_0.70_00058,LATE
CANONICAL_78558aaf1148,VALIDATION,TRAIN,CLUST_0.70_00088,EARLY
CANONICAL_785e58adfb28,TEST,TRAIN,CLUST_0.70_00014,LATE
CANONICAL_78609fdb3a25,VALIDATION,TRAIN,CLUST_0.70_00047,LATE
CANONICAL_7862c021bff9,TRAIN,TRAIN,CLUST_0.70_00005,EARLY
CANONICAL_7878fb7f7bd6,TRAIN,TRAIN,CLUST_0.70_00082,EARLY
CANONICAL_7887b32e8de0,TEST,TRAIN,CLUST_0.70_00005,EARLY
CANONICAL_788bcb0449b3,TRAIN,TRAIN,CLUST_0.70_00021,EARLY
CANONICAL_788f792e77d9,VALIDATION,TRAIN,CLUST_0.70_00005,EARLY
CANONICAL_7895a2d6a430,VALIDATION,TEST,CLUST_0.70_00030,EARLY
CANONICAL_789e20688993,TRAIN,TRAIN,CLUST_0.70_00005,EARLY
CANONICAL_78a3bdc7fcab,VALIDATION,TRAIN,CLUST_0.70_00005,LATE
CANONICAL_78a8e55a43d6,VALIDATION,VALIDATION,CLUST_0.70_00055,LATE
CANONICAL_78b06784f693,TRAIN,VALIDATION,CLUST_0.70_00169,LATE
CANONICAL_78b913e85b97,TRAIN,TEST,CLUST_0.70_00004,IMMEDIATE_EARLY
CANONICAL_78b937a3bbcd,TRAIN,TEST,CLUST_0.70_00001,LATE
CANONICAL_78bda9f9950a,TEST,TRAIN,CLUST_0.70_00005,EARLY
CANONICAL_78cd6e8a4689,TRAIN,TEST,CLUST_0.70_00001,LATE
CANONICAL_78cfbcdcf7c8,TRAIN,TRAIN,CLUST_0.70_00005,EARLY
CANONICAL_78cfc983ca39,TEST,TEST,CLUST_0.70_00001,LATE
CANONICAL_78d2c93188dc,TRAIN,TRAIN,CLUST_0.70_00008,LATE
CANONICAL_78d3c8eadb44,TRAIN,VALIDATION,CLUST_0.70_00169,LATE
CANONICAL_78d4db0a7546,TEST,TRAIN,CLUST_0.70_00102,LATE
CANONICAL_78e272c83a62,TRAIN,TEST,CLUST_0.70_00030,EARLY
CANONICAL_78e96c8066bf,TRAIN,TRAIN,CLUST_0.70_00005,EARLY
CANONICAL_78f4544ea725,TRAIN,TRAIN,CLUST_0.70_00008,LATE
CANONICAL_78f5602306ad,TEST,TRAIN,CLUST_0.70_00008,EARLY
CANONICAL_78f5b2f4951f,TRAIN,VALIDATION,CLUST_0.70_00016,EARLY
CANONICAL_78f61c560cff,VALIDATION,TRAIN,CLUST_0.70_00005,EARLY
CANONICAL_78f859a49196,TRAIN,VALIDATION,CLUST_0.70_00017,LATE
CANONICAL_78f94bbf77ac,TRAIN,TEST,CLUST_0.70_00071,LATE
CANONICAL_7900542a0f2e,TEST,TRAIN,CLUST_0.70_00008,LATE
CANONICAL_790634e1d911,TRAIN,TRAIN,CLUST_0.70_00008,LATE
CANONICAL_790635127da6,TRAIN,TEST,CLUST_0.70_00018,LATE
CANONICAL_790685712313,TRAIN,TEST,CLUST_0.70_00071,LATE
CANONICAL_790a6b84e4f9,TRAIN,TEST,CLUST_0.70_00018,EARLY
CANONICAL_790cee3e3626,VALIDATION,VALIDATION,CLUST_0.70_00041,EARLY
CANONICAL_79100ef6be0a,TRAIN,VALIDATION,CLUST_0.70_00031,LATE
CANONICAL_79108775e590,TEST,VALIDATION,CLUST_0.70_00017,LATE
CANONICAL_79160c506048,TRAIN,TEST,CLUST_0.70_00030,EARLY
CANONICAL_791e7dbb1435,TRAIN,TRAIN,CLUST_0.70_00005,EARLY
CANONICAL_791feb0f26d8,TEST,TRAIN,CLUST_0.70_00005,EARLY
CANONICAL_7921bf47644c,VALIDATION,TRAIN,CLUST_0.70_00107,LATE
CANONICAL_792385fe19d1,TRAIN,TEST,CLUST_0.70_00015,LATE
CANONICAL_792902d2cc05,VALIDATION,TEST,CLUST_0.70_00001,LATE
CANONICAL_792987ab8b86,TRAIN,TEST,CLUST_0.70_00030,EARLY
CANONICAL_792993613947,TRAIN,TRAIN,CLUST_0.70_00008,LATE
CANONICAL_792edf2cc3ef,TEST,TRAIN,CLUST_0.70_00024,LATE
CANONICAL_79308f5138bd,VALIDATION,TRAIN,CLUST_0.70_00005,EARLY
CANONICAL_79386c334bc8,TRAIN,TRAIN,CLUST_0.70_00008,LATE
CANONICAL_793fb014ef74,TRAIN,VALIDATION,CLUST_0.70_00041,EARLY
CANONICAL_7944d1d12fc1,TRAIN,TRAIN,CLUST_0.70_00005,EARLY
CANONICAL_7945e44e81c6,TRAIN,TRAIN,CLUST_0.70_00005,EARLY
CANONICAL_7946dcaf7d33,TRAIN,VALIDATION,CLUST_0.70_00006,IMMEDIATE_EARLY
CANONICAL_7947a3bfb35e,TRAIN,TRAIN,CLUST_0.70_00008,LATE
CANONICAL_7949d3ca9979,TRAIN,VALIDATION,CLUST_0.70_00029,LATE
CANONICAL_794f6980cb36,TRAIN,TRAIN,CLUST_0.70_00008,IMMEDIATE_EARLY
CANONICAL_795127ab44cd,VALIDATION,VALIDATION,CLUST_0.70_00031,LATE
CANONICAL_79522c60dae8,TRAIN,TRAIN,CLUST_0.70_00005,EARLY
CANONICAL_795501f7fb3e,TRAIN,TEST,CLUST_0.70_00052,LATE
CANONICAL_795872859a24,TRAIN,TRAIN,CLUST_0.70_00008,LATE
CANONICAL_795a4c2ece3c,TRAIN,VALIDATION,CLUST_0.70_00106,LATE
CANONICAL_795c142d02c7,TRAIN,TRAIN,CLUST_0.70_00008,LATE
CANONICAL_7963ed2880c8,TRAIN,TRAIN,CLUST_0.70_00008,LATE
CANONICAL_796927f92882,TRAIN,TRAIN,CLUST_0.70_00241,LATE
CANONICAL_7973f960c5e0,TRAIN,VALIDATION,CLUST_0.70_00041,EARLY
CANONICAL_797a133f7b3d,TRAIN,TEST,CLUST_0.70_00030,EARLY
CANONICAL_798011321957,TRAIN,TRAIN,CLUST_0.70_00007,EARLY
CANONICAL_79875a5201ff,TRAIN,TRAIN,CLUST_0.70_00008,LATE
CANONICAL_799395c1eff3,TRAIN,TRAIN,CLUST_0.70_00005,EARLY
CANONICAL_79950565645e,TRAIN,VALIDATION,CLUST_0.70_00031,LATE
CANONICAL_7995dc8f913a,TRAIN,TEST,CLUST_0.70_00071,LATE
CANONICAL_79a11c94fdc1,TRAIN,TEST,CLUST_0.70_00001,LATE
CANONICAL_79a3595dfa4f,TEST,TRAIN,CLUST_0.70_00007,LATE
CANONICAL_79a4c5dd3aec,TRAIN,TRAIN,CLUST_0.70_00008,LATE
CANONICAL_79aff64f8a7c,TEST,TRAIN,CLUST_0.70_00008,LATE
CANONICAL_79b5d62582f6,TRAIN,TRAIN,CLUST_0.70_00333,LATE
CANONICAL_79b6d8dba5b7,VALIDATION,VALIDATION,CLUST_0.70_00028,EARLY
CANONICAL_79b7092cbcf1,TEST,TRAIN,CLUST_0.70_00008,LATE
CANONICAL_79b956fc0138,TRAIN,VALIDATION,CLUST_0.70_00058,LATE
CANONICAL_79bd6b9c1b16,VALIDATION,TRAIN,CLUST_0.70_00005,LATE
CANONICAL_79c21dbe69bf,TRAIN,TRAIN,CLUST_0.70_00008,LATE
CANONICAL_79c2301b6bdb,VALIDATION,TRAIN,CLUST_0.70_00008,LATE
CANONICAL_79c33ae73ab1,TRAIN,TEST,CLUST_0.70_00015,LATE
CANONICAL_79c3c66e3639,TRAIN,TRAIN,CLUST_0.70_00007,LATE
CANONICAL_79c928710e33,TRAIN,TRAIN,CLUST_0.70_00050,EARLY
CANONICAL_79cebc2aaf16,TRAIN,TRAIN,CLUST_0.70_00047,LATE
CANONICAL_79d74a7d6426,TRAIN,TRAIN,CLUST_0.70_00090,LATE
CANONICAL_79da105d75c1,TRAIN,VALIDATION,CLUST_0.70_00031,LATE
CANONICAL_79e5418ec008,TRAIN,VALIDATION,CLUST_0.70_00086,LATE
CANONICAL_79e65725f770,TRAIN,VALIDATION,CLUST_0.70_00065,LATE
CANONICAL_79eacf4f212a,TRAIN,TRAIN,CLUST_0.70_00062,LATE
CANONICAL_79ede5c0090c,TEST,VALIDATION,CLUST_0.70_00010,EARLY
CANONICAL_7a054d1b7991,TRAIN,VALIDATION,CLUST_0.70_00006,IMMEDIATE_EARLY
CANONICAL_7a065103b546,VALIDATION,TRAIN,CLUST_0.70_00008,LATE
CANONICAL_7a097faa4ff5,TEST,TRAIN,CLUST_0.70_00008,LATE
CANONICAL_7a0dba3e75a5,TRAIN,TRAIN,CLUST_0.70_00005,EARLY
CANONICAL_7a116b33c663,TRAIN,TRAIN,CLUST_0.70_00098,LATE
CANONICAL_7a1f3713bd6e,VALIDATION,TEST,CLUST_0.70_00015,LATE
CANONICAL_7a26179d1434,TRAIN,TEST,CLUST_0.70_00071,LATE
CANONICAL_7a2896e4b37f,TRAIN,TRAIN,CLUST_0.70_00005,EARLY
CANONICAL_7a2ab026cfef,TRAIN,VALIDATION,CLUST_0.70_00026,IMMEDIATE_EARLY
CANONICAL_7a2b48d94ae0,TRAIN,TRAIN,CLUST_0.70_00008,LATE
CANONICAL_7a2e71c2a977,TRAIN,VALIDATION,CLUST_0.70_00017,LATE
CANONICAL_7a34932440e5,TEST,VALIDATION,CLUST_0.70_00039,LATE
CANONICAL_7a354632fd0d,TRAIN,TRAIN,CLUST_0.70_00005,EARLY
CANONICAL_7a386a7ff3f2,TEST,TRAIN,CLUST_0.70_00005,LATE
CANONICAL_7a3ce1ee2e3a,TRAIN,VALIDATION,CLUST_0.70_00017,LATE
CANONICAL_7a3d5c2bb4c0,TRAIN,TRAIN,CLUST_0.70_00005,LATE
CANONICAL_7a5174b8b4f2,TEST,TRAIN,CLUST_0.70_00005,EARLY
CANONICAL_7a521a1da710,VALIDATION,TEST,CLUST_0.70_00001,LATE
CANONICAL_7a5bc4ffb1ec,TRAIN,TRAIN,CLUST_0.70_00087,LATE
CANONICAL_7a5c192ca8e4,TRAIN,TRAIN,CLUST_0.70_00007,LATE
CANONICAL_7a613c31356f,TRAIN,TRAIN,CLUST_0.70_00005,EARLY
CANONICAL_7a6779ffc650,VALIDATION,TRAIN,CLUST_0.70_00007,LATE
CANONICAL_7a69731fba91,TRAIN,TRAIN,CLUST_0.70_00005,EARLY
CANONICAL_7a6f2824a677,TRAIN,TRAIN,CLUST_0.70_00062,LATE
CANONICAL_7a71566911d4,TEST,TEST,CLUST_0.70_00001,LATE
CANONICAL_7a75710e1228,VALIDATION,TRAIN,CLUST_0.70_00102,LATE
CANONICAL_7a771be0134f,VALIDATION,VALIDATION,CLUST_0.70_00017,LATE
CANONICAL_7a7edfff7d7b,TRAIN,TRAIN,CLUST_0.70_00007,EARLY
CANONICAL_7a80a1e73be4,TRAIN,TRAIN,CLUST_0.70_00005,EARLY
CANONICAL_7a88ec420d6f,TRAIN,TRAIN,CLUST_0.70_00007,LATE
CANONICAL_7a90584bab91,TRAIN,TRAIN,CLUST_0.70_00005,EARLY
CANONICAL_7a91369c077f,TEST,VALIDATION,CLUST_0.70_00025,LATE
CANONICAL_7a93b44f81e7,TRAIN,TRAIN,CLUST_0.70_00222,LATE
CANONICAL_7a93b803f22c,TRAIN,VALIDATION,CLUST_0.70_00025,LATE
CANONICAL_7aa06a603759,TRAIN,TRAIN,CLUST_0.70_00005,EARLY
CANONICAL_7aa84888b6d9,TEST,TRAIN,CLUST_0.70_00008,LATE
CANONICAL_7aa964fe7be6,TRAIN,TRAIN,CLUST_0.70_00164,LATE
CANONICAL_7ab10c29bfb5,TRAIN,TRAIN,CLUST_0.70_00116,LATE
CANONICAL_7ab19854a2fb,VALIDATION,TEST,CLUST_0.70_00004,IMMEDIATE_EARLY
CANONICAL_7ab6ad8fbff9,VALIDATION,TRAIN,CLUST_0.70_00008,LATE
CANONICAL_7abc5d95f47c,TRAIN,VALIDATION,CLUST_0.70_00029,LATE
CANONICAL_7ac4ea2f40d0,TRAIN,VALIDATION,CLUST_0.70_00058,LATE
CANONICAL_7ac90b00dc52,TEST,TRAIN,CLUST_0.70_00008,LATE
CANONICAL_7ad4bf761301,TRAIN,TEST,CLUST_0.70_00015,LATE
CANONICAL_7ad4eddcaf90,TEST,TEST,CLUST_0.70_00030,EARLY
CANONICAL_7ad961b22faf,TRAIN,TRAIN,CLUST_0.70_00005,LATE
CANONICAL_7ae04f6f4b07,TEST,TRAIN,CLUST_0.70_00008,EARLY
CANONICAL_7ae6b3b63f55,TRAIN,TRAIN,CLUST_0.70_00005,EARLY
CANONICAL_7aee658c8f0c,TRAIN,TRAIN,CLUST_0.70_00102,LATE
CANONICAL_7aefe979c329,TRAIN,VALIDATION,CLUST_0.70_00026,IMMEDIATE_EARLY
CANONICAL_7af36366cda7,TRAIN,VALIDATION,CLUST_0.70_00064,LATE
CANONICAL_7af3682b1528,TRAIN,VALIDATION,CLUST_0.70_00127,LATE
CANONICAL_7af4bfe12f09,VALIDATION,TRAIN,CLUST_0.70_00005,LATE
CANONICAL_7afa73c44a30,TRAIN,TEST,CLUST_0.70_00004,IMMEDIATE_EARLY
CANONICAL_7b06550e9c4f,TRAIN,TEST,CLUST_0.70_00001,LATE
CANONICAL_7b09030bc4c9,TRAIN,VALIDATION,CLUST_0.70_00010,EARLY
CANONICAL_7b0f0930cd11,TRAIN,TRAIN,CLUST_0.70_00005,EARLY
CANONICAL_7b0f521b9864,TRAIN,TRAIN,CLUST_0.70_00005,LATE
CANONICAL_7b128b187822,VALIDATION,TEST,CLUST_0.70_00030,EARLY
CANONICAL_7b1490216d29,TRAIN,TRAIN,CLUST_0.70_00005,EARLY
CANONICAL_7b19253ab467,TRAIN,TEST,CLUST_0.70_00030,EARLY
CANONICAL_7b1b2bf4ee00,TRAIN,TRAIN,CLUST_0.70_00008,LATE
CANONICAL_7b264afcbd9f,VALIDATION,TRAIN,CLUST_0.70_00005,LATE
CANONICAL_7b26f39b6a54,TRAIN,TRAIN,CLUST_0.70_00005,LATE
CANONICAL_7b2c151ca21c,TEST,TRAIN,CLUST_0.70_00005,LATE
CANONICAL_7b3283b97fc9,TEST,VALIDATION,CLUST_0.70_00039,LATE
CANONICAL_7b32eaff71fb,TEST,TRAIN,CLUST_0.70_00223,LATE
CANONICAL_7b3388d05154,TRAIN,TRAIN,CLUST_0.70_00008,LATE
CANONICAL_7b436a55c861,TRAIN,TRAIN,CLUST_0.70_00033,IMMEDIATE_EARLY
CANONICAL_7b50dcd3837b,TRAIN,TRAIN,CLUST_0.70_00005,EARLY
CANONICAL_7b51d7a7cae9,TRAIN,TEST,CLUST_0.70_00037,LATE
CANONICAL_7b52abeab10d,TRAIN,TRAIN,CLUST_0.70_00008,LATE
CANONICAL_7b5457f11ff6,TRAIN,TEST,CLUST_0.70_00030,EARLY
CANONICAL_7b564e101cce,TRAIN,TRAIN,CLUST_0.70_00008,LATE
CANONICAL_7b57764ce2e4,TRAIN,TEST,CLUST_0.70_00071,LATE
CANONICAL_7b57c968f71f,TRAIN,VALIDATION,CLUST_0.70_00038,LATE
CANONICAL_7b5894d97d20,TRAIN,VALIDATION,CLUST_0.70_00026,IMMEDIATE_EARLY
CANONICAL_7b593a9bb569,TEST,TRAIN,CLUST_0.70_00005,LATE
CANONICAL_7b59ccc72f41,TRAIN,VALIDATION,CLUST_0.70_00079,LATE
CANONICAL_7b5b0e7cb0a7,VALIDATION,TRAIN,CLUST_0.70_00033,IMMEDIATE_EARLY
CANONICAL_7b5c79f52be4,TRAIN,TRAIN,CLUST_0.70_00005,EARLY
CANONICAL_7b5dd121c41e,TRAIN,VALIDATION,CLUST_0.70_00026,IMMEDIATE_EARLY
CANONICAL_7b617baea60c,TRAIN,TRAIN,CLUST_0.70_00005,EARLY
CANONICAL_7b656674b1e8,TRAIN,TRAIN,CLUST_0.70_00005,LATE
CANONICAL_7b693021c645,TRAIN,TRAIN,CLUST_0.70_00062,LATE
CANONICAL_7b72117c1451,TEST,TRAIN,CLUST_0.70_00005,LATE
CANONICAL_7b753b513da9,VALIDATION,TRAIN,CLUST_0.70_00005,EARLY
CANONICAL_7b7826fb7db9,TRAIN,TRAIN,CLUST_0.70_00008,LATE
CANONICAL_7b786265a0c3,VALIDATION,TEST,CLUST_0.70_00030,EARLY
CANONICAL_7b794f3f4fae,VALIDATION,TRAIN,CLUST_0.70_00005,EARLY
CANONICAL_7b7a14bf9e45,TRAIN,TRAIN,CLUST_0.70_00047,LATE
CANONICAL_7b816fc844b9,TRAIN,TEST,CLUST_0.70_00030,EARLY
CANONICAL_7b843ebfb245,VALIDATION,TEST,CLUST_0.70_00018,LATE
CANONICAL_7b98d2947941,TRAIN,VALIDATION,CLUST_0.70_00079,LATE
CANONICAL_7ba0620d1562,TRAIN,TRAIN,CLUST_0.70_00091,LATE
CANONICAL_7ba1a3866ab3,VALIDATION,TRAIN,CLUST_0.70_00005,EARLY
CANONICAL_7ba3965b56cd,TRAIN,TRAIN,CLUST_0.70_00008,IMMEDIATE_EARLY
CANONICAL_7baa68554c07,TRAIN,TRAIN,CLUST_0.70_00005,EARLY
CANONICAL_7baaba67628e,TRAIN,TRAIN,CLUST_0.70_00007,EARLY
CANONICAL_7bac3215bf20,TRAIN,TRAIN,CLUST_0.70_00351,LATE
CANONICAL_7bba0c4959bf,TRAIN,TEST,CLUST_0.70_00030,EARLY
CANONICAL_7bbaacdbb538,TRAIN,TRAIN,CLUST_0.70_00005,EARLY
CANONICAL_7bc22e566438,VALIDATION,TEST,CLUST_0.70_00004,IMMEDIATE_EARLY
CANONICAL_7bc4315fc37c,VALIDATION,VALIDATION,CLUST_0.70_00006,IMMEDIATE_EARLY
CANONICAL_7bc47ab12fdb,TEST,VALIDATION,CLUST_0.70_00079,LATE
CANONICAL_7bc4ea8b9b95,TRAIN,TEST,CLUST_0.70_00030,EARLY
CANONICAL_7bc710df16a7,TRAIN,VALIDATION,CLUST_0.70_00040,EARLY
CANONICAL_7bca553ed4a3,TEST,TRAIN,CLUST_0.70_00008,LATE
CANONICAL_7bcf71ea001b,TRAIN,TRAIN,CLUST_0.70_00235,LATE
CANONICAL_7bd2815fe0dc,TRAIN,TRAIN,CLUST_0.70_00007,LATE
CANONICAL_7bdc9067a58c,TRAIN,TRAIN,CLUST_0.70_00002,IMMEDIATE_EARLY
CANONICAL_7be5b40be7e2,TRAIN,TEST,CLUST_0.70_00018,EARLY
CANONICAL_7bec1643a06a,TEST,TRAIN,CLUST_0.70_00008,LATE
CANONICAL_7becf65634df,TRAIN,TEST,CLUST_0.70_00004,IMMEDIATE_EARLY
CANONICAL_7bf4c883ef88,TRAIN,TEST,CLUST_0.70_00018,LATE
CANONICAL_7bf9468d7dd9,TRAIN,VALIDATION,CLUST_0.70_00029,LATE
CANONICAL_7c00a6a35bed,TRAIN,TRAIN,CLUST_0.70_00005,EARLY
CANONICAL_7c0bf1cb1325,TRAIN,VALIDATION,CLUST_0.70_00025,LATE
CANONICAL_7c0e687225b0,VALIDATION,TRAIN,CLUST_0.70_00007,LATE
CANONICAL_7c1d7f9e1ec3,VALIDATION,TRAIN,CLUST_0.70_00005,LATE
CANONICAL_7c1e2523ab01,VALIDATION,TEST,CLUST_0.70_00071,LATE
CANONICAL_7c2036142dfd,TRAIN,TRAIN,CLUST_0.70_00098,LATE
CANONICAL_7c22aab0e4c6,VALIDATION,TEST,CLUST_0.70_00080,LATE
CANONICAL_7c236e3309d6,TRAIN,TRAIN,CLUST_0.70_00005,LATE
CANONICAL_7c2776586928,TEST,TEST,CLUST_0.70_00030,EARLY
CANONICAL_7c284942ebfc,TRAIN,VALIDATION,CLUST_0.70_00169,LATE
CANONICAL_7c28b829c20a,VALIDATION,TRAIN,CLUST_0.70_00007,LATE
CANONICAL_7c2feeceaa42,TRAIN,VALIDATION,CLUST_0.70_00058,LATE
CANONICAL_7c30f0f3a958,TRAIN,TRAIN,CLUST_0.70_00008,IMMEDIATE_EARLY
CANONICAL_7c31782430d8,VALIDATION,TEST,CLUST_0.70_00052,LATE
CANONICAL_7c331c9af57f,TEST,TRAIN,CLUST_0.70_00008,LATE
CANONICAL_7c3393920041,TRAIN,TRAIN,CLUST_0.70_00231,IMMEDIATE_EARLY
CANONICAL_7c43c2ace285,TEST,TRAIN,CLUST_0.70_00005,LATE
CANONICAL_7c4ba67de851,TRAIN,TRAIN,CLUST_0.70_00024,LATE
CANONICAL_7c4d08bd1573,VALIDATION,TRAIN,CLUST_0.70_00008,LATE
CANONICAL_7c4dc07c03aa,TRAIN,TRAIN,CLUST_0.70_00007,LATE
CANONICAL_7c4e90926f8e,TRAIN,TRAIN,CLUST_0.70_00005,EARLY
CANONICAL_7c4fd4c585da,TRAIN,TRAIN,CLUST_0.70_00005,EARLY
CANONICAL_7c500518231b,VALIDATION,TRAIN,CLUST_0.70_00005,EARLY
CANONICAL_7c6195d1b696,TEST,TRAIN,CLUST_0.70_00264,EARLY
CANONICAL_7c65c9f130c3,VALIDATION,TEST,CLUST_0.70_00018,LATE
CANONICAL_7c66b94d9d16,TRAIN,TRAIN,CLUST_0.70_00005,LATE
CANONICAL_7c6bcb7f6907,TRAIN,TRAIN,CLUST_0.70_00007,EARLY
CANONICAL_7c6e71903a4d,TRAIN,VALIDATION,CLUST_0.70_00064,LATE
CANONICAL_7c6f0dbf2adc,TRAIN,TRAIN,CLUST_0.70_00008,EARLY
CANONICAL_7c7bc4af0209,TRAIN,VALIDATION,CLUST_0.70_00029,LATE
CANONICAL_7c813e7c0921,TRAIN,VALIDATION,CLUST_0.70_00079,LATE
CANONICAL_7c81e670297a,VALIDATION,VALIDATION,CLUST_0.70_00055,LATE
CANONICAL_7c84174ea64f,VALIDATION,TRAIN,CLUST_0.70_00005,LATE
CANONICAL_7c89bc604982,TRAIN,TRAIN,CLUST_0.70_00008,LATE
CANONICAL_7c8dcb1b1e4f,TEST,TRAIN,CLUST_0.70_00007,LATE
CANONICAL_7c920d7cb6b7,TRAIN,TRAIN,CLUST_0.70_00007,EARLY
CANONICAL_7c94313db2ef,TRAIN,VALIDATION,CLUST_0.70_00029,LATE
CANONICAL_7c96e384193f,TRAIN,TRAIN,CLUST_0.70_00008,LATE
CANONICAL_7c98cae50e19,TRAIN,TRAIN,CLUST_0.70_00133,LATE
CANONICAL_7ca05b4e3160,TRAIN,VALIDATION,CLUST_0.70_00055,LATE
CANONICAL_7ca37792bbd1,TRAIN,TRAIN,CLUST_0.70_00007,LATE
CANONICAL_7ca998baf42f,TEST,TEST,CLUST_0.70_00004,IMMEDIATE_EARLY
CANONICAL_7caa78a81d1a,TRAIN,VALIDATION,CLUST_0.70_00064,LATE
CANONICAL_7cbddcd71991,TRAIN,TRAIN,CLUST_0.70_00008,LATE
CANONICAL_7cbe4a93059d,TRAIN,TEST,CLUST_0.70_00004,IMMEDIATE_EARLY
CANONICAL_7cbf73bd1c56,TRAIN,TRAIN,CLUST_0.70_00005,LATE
CANONICAL_7cc7603c9587,TRAIN,TRAIN,CLUST_0.70_00005,LATE
CANONICAL_7cdea3785be0,TRAIN,TEST,CLUST_0.70_00001,LATE
CANONICAL_7ce598023da4,TRAIN,TRAIN,CLUST_0.70_00005,EARLY
CANONICAL_7ce7720243a8,TRAIN,TEST,CLUST_0.70_00080,LATE
CANONICAL_7ce9a264858e,TRAIN,TEST,CLUST_0.70_00001,LATE
CANONICAL_7cea4f3c9933,TRAIN,TEST,CLUST_0.70_00080,LATE
CANONICAL_7cf0d68710f7,TEST,VALIDATION,CLUST_0.70_00026,IMMEDIATE_EARLY
CANONICAL_7cf13fc81dde,TRAIN,TEST,CLUST_0.70_00015,LATE
CANONICAL_7cf6a7f6fd6b,TRAIN,TRAIN,CLUST_0.70_00005,EARLY
CANONICAL_7cff3ab479e7,TRAIN,TRAIN,CLUST_0.70_00007,EARLY
CANONICAL_7cffdc3c8b96,TRAIN,TRAIN,CLUST_0.70_00024,LATE
CANONICAL_7d088da454e1,TRAIN,TRAIN,CLUST_0.70_00005,LATE
CANONICAL_7d0b53d68ec2,TRAIN,VALIDATION,CLUST_0.70_00086,LATE
CANONICAL_7d17a9b6f4fd,TEST,VALIDATION,CLUST_0.70_00025,LATE
CANONICAL_7d1b0940e631,TRAIN,TEST,CLUST_0.70_00030,EARLY
CANONICAL_7d20fe77c579,TRAIN,TRAIN,CLUST_0.70_00347,EARLY
CANONICAL_7d2b376a2e04,TRAIN,VALIDATION,CLUST_0.70_00031,LATE
CANONICAL_7d2d86a8f383,TRAIN,TRAIN,CLUST_0.70_00005,LATE
CANONICAL_7d2e91778fd5,TRAIN,TRAIN,CLUST_0.70_00005,LATE
CANONICAL_7d2f932a25d2,VALIDATION,TRAIN,CLUST_0.70_00005,EARLY
CANONICAL_7d30cf5402c1,VALIDATION,TRAIN,CLUST_0.70_00056,LATE
CANONICAL_7d31d49b752f,TRAIN,TRAIN,CLUST_0.70_00008,LATE
CANONICAL_7d351c8a72b0,TEST,TEST,CLUST_0.70_00004,IMMEDIATE_EARLY
CANONICAL_7d38e65645dc,TEST,TRAIN,CLUST_0.70_00005,EARLY
CANONICAL_7d4113c1e2cf,VALIDATION,TRAIN,CLUST_0.70_00007,LATE
CANONICAL_7d49bef1a298,TRAIN,TEST,CLUST_0.70_00052,LATE
CANONICAL_7d4c2588caf2,TRAIN,TRAIN,CLUST_0.70_00005,EARLY
CANONICAL_7d4e9842db2e,TRAIN,TEST,CLUST_0.70_00015,LATE
CANONICAL_7d57eee75c49,TEST,VALIDATION,CLUST_0.70_00059,LATE
CANONICAL_7d5a6be56174,TRAIN,TEST,CLUST_0.70_00018,LATE
CANONICAL_7d5af28298dd,TEST,TRAIN,CLUST_0.70_00008,LATE
CANONICAL_7d5c9eeb87fc,TRAIN,TRAIN,CLUST_0.70_00134,LATE
CANONICAL_7d67065decb5,TRAIN,TRAIN,CLUST_0.70_00021,EARLY
CANONICAL_7d6e087cd2a1,TRAIN,TRAIN,CLUST_0.70_00124,LATE
CANONICAL_7d6ebae83ee1,TRAIN,VALIDATION,CLUST_0.70_00010,EARLY
CANONICAL_7d71d7ddbd4f,TRAIN,TRAIN,CLUST_0.70_00005,EARLY
CANONICAL_7d75b3549da0,TEST,TEST,CLUST_0.70_00030,EARLY
CANONICAL_7d771a6fc8a7,TRAIN,TRAIN,CLUST_0.70_00008,LATE
CANONICAL_7d77af12f57b,VALIDATION,TEST,CLUST_0.70_00018,EARLY
CANONICAL_7d787bf1f311,TRAIN,TEST,CLUST_0.70_00052,LATE
CANONICAL_7d7ea71945e2,VALIDATION,TEST,CLUST_0.70_00030,EARLY
CANONICAL_7d815dd1943c,TRAIN,TEST,CLUST_0.70_00052,LATE
CANONICAL_7d8d7ba42629,TRAIN,TEST,CLUST_0.70_00051,LATE
CANONICAL_7d9650ab7d2f,TRAIN,TRAIN,CLUST_0.70_00005,EARLY
CANONICAL_7d974dd1480b,TRAIN,TEST,CLUST_0.70_00001,LATE
CANONICAL_7d9b67669d58,TRAIN,TEST,CLUST_0.70_00030,EARLY
CANONICAL_7d9d508ddd72,TRAIN,TEST,CLUST_0.70_00030,EARLY
CANONICAL_7d9e61a94e27,TRAIN,TRAIN,CLUST_0.70_00227,LATE
CANONICAL_7daa3c7e8f74,TRAIN,TEST,CLUST_0.70_00052,LATE
CANONICAL_7db58e4e6427,TRAIN,VALIDATION,CLUST_0.70_00127,LATE
CANONICAL_7dc39c961fea,TEST,TRAIN,CLUST_0.70_00075,LATE
CANONICAL_7dc4717787ec,TRAIN,TEST,CLUST_0.70_00020,LATE
CANONICAL_7dc4e8429fde,TRAIN,TEST,CLUST_0.70_00004,IMMEDIATE_EARLY
CANONICAL_7dccd8467a5e,TRAIN,TEST,CLUST_0.70_00004,IMMEDIATE_EARLY
CANONICAL_7dce98b5c0f3,VALIDATION,TEST,CLUST_0.70_00004,IMMEDIATE_EARLY
CANONICAL_7de22a164a13,TRAIN,VALIDATION,CLUST_0.70_00041,EARLY
CANONICAL_7de2bd60f989,TRAIN,TRAIN,CLUST_0.70_00047,LATE
CANONICAL_7de7e9bb7a68,TRAIN,TEST,CLUST_0.70_00015,LATE
CANONICAL_7de8972b227b,TRAIN,VALIDATION,CLUST_0.70_00059,LATE
CANONICAL_7debddfae049,TRAIN,TRAIN,CLUST_0.70_00223,LATE
CANONICAL_7dec92b7a291,TRAIN,TRAIN,CLUST_0.70_00007,LATE
CANONICAL_7ded346c7ebc,TRAIN,TRAIN,CLUST_0.70_00005,LATE
CANONICAL_7dee97b8d314,TEST,TRAIN,CLUST_0.70_00005,EARLY
CANONICAL_7df76d270ded,TRAIN,VALIDATION,CLUST_0.70_00031,LATE
CANONICAL_7dfb0ee4313b,VALIDATION,TRAIN,CLUST_0.70_00008,IMMEDIATE_EARLY
CANONICAL_7e030ca0b5d8,TRAIN,TRAIN,CLUST_0.70_00227,LATE
CANONICAL_7e06f592f82b,TRAIN,TEST,CLUST_0.70_00052,LATE
CANONICAL_7e0bc13f969e,TEST,VALIDATION,CLUST_0.70_00041,EARLY
CANONICAL_7e0e0939dbdd,TRAIN,TRAIN,CLUST_0.70_00005,LATE
CANONICAL_7e119d1afd3d,TRAIN,TRAIN,CLUST_0.70_00005,EARLY
CANONICAL_7e12b5f6bfc8,TRAIN,TRAIN,CLUST_0.70_00007,LATE
CANONICAL_7e1be4cc0a5b,TRAIN,TRAIN,CLUST_0.70_00008,LATE
CANONICAL_7e21712fd98d,TRAIN,TRAIN,CLUST_0.70_00005,LATE
CANONICAL_7e22ee379e41,TRAIN,TRAIN,CLUST_0.70_00002,LATE
CANONICAL_7e24d5466b22,TRAIN,TRAIN,CLUST_0.70_00008,LATE
CANONICAL_7e3840110767,TRAIN,TRAIN,CLUST_0.70_00005,LATE
CANONICAL_7e3e83c77088,TRAIN,TRAIN,CLUST_0.70_00005,LATE
CANONICAL_7e40d7e6e7b5,VALIDATION,TRAIN,CLUST_0.70_00005,EARLY
CANONICAL_7e43c476ca01,TRAIN,TRAIN,CLUST_0.70_00005,EARLY
CANONICAL_7e442044e4b6,TRAIN,TEST,CLUST_0.70_00037,LATE
CANONICAL_7e4887954d9d,TEST,TRAIN,CLUST_0.70_00008,LATE
CANONICAL_7e5222550dba,TRAIN,TRAIN,CLUST_0.70_00005,LATE
CANONICAL_7e539a413ba9,TRAIN,TEST,CLUST_0.70_00080,LATE
CANONICAL_7e53fae672dd,TEST,TRAIN,CLUST_0.70_00005,EARLY
CANONICAL_7e59117fcd49,VALIDATION,TRAIN,CLUST_0.70_00224,LATE
CANONICAL_7e5d9864fe8b,TEST,VALIDATION,CLUST_0.70_00025,LATE
CANONICAL_7e5e055c8a89,TRAIN,TEST,CLUST_0.70_00001,LATE
CANONICAL_7e602fa4e2ce,TRAIN,VALIDATION,CLUST_0.70_00029,LATE
CANONICAL_7e63d668f37b,TRAIN,TEST,CLUST_0.70_00030,EARLY
CANONICAL_7e64f8839385,TRAIN,TRAIN,CLUST_0.70_00005,EARLY
CANONICAL_7e67c26e19a0,VALIDATION,TRAIN,CLUST_0.70_00005,EARLY
CANONICAL_7e6aac7c6e18,TRAIN,TRAIN,CLUST_0.70_00008,LATE
CANONICAL_7e70985db422,TEST,TEST,CLUST_0.70_00004,IMMEDIATE_EARLY
CANONICAL_7e70a68754e5,VALIDATION,TRAIN,CLUST_0.70_00007,LATE
CANONICAL_7e71365d6711,TRAIN,TRAIN,CLUST_0.70_00222,LATE
CANONICAL_7e78c1e3010c,VALIDATION,VALIDATION,CLUST_0.70_00038,LATE
CANONICAL_7e79ea0d43eb,VALIDATION,TEST,CLUST_0.70_00037,LATE
CANONICAL_7e82a0e8db5a,TRAIN,VALIDATION,CLUST_0.70_00031,LATE
CANONICAL_7e86de60b0bb,VALIDATION,VALIDATION,CLUST_0.70_00025,LATE
CANONICAL_7e8934eab258,TEST,TEST,CLUST_0.70_00004,IMMEDIATE_EARLY
CANONICAL_7e8d27bca75b,TRAIN,TEST,CLUST_0.70_00037,LATE
CANONICAL_7e9ac39418fc,TEST,TEST,CLUST_0.70_00018,LATE
CANONICAL_7e9e67190dee,TRAIN,TRAIN,CLUST_0.70_00047,LATE
CANONICAL_7ea0a5b4aabf,TRAIN,TRAIN,CLUST_0.70_00007,LATE
CANONICAL_7ea799afca30,TRAIN,TRAIN,CLUST_0.70_00008,LATE
CANONICAL_7ea837a97174,TEST,TEST,CLUST_0.70_00080,LATE
CANONICAL_7eaa12abd7ea,TRAIN,TEST,CLUST_0.70_00015,LATE
CANONICAL_7eab615b8acd,VALIDATION,TRAIN,CLUST_0.70_00005,LATE
CANONICAL_7ead91e2af01,TRAIN,TEST,CLUST_0.70_00001,LATE
CANONICAL_7eb1fb33e02d,TRAIN,VALIDATION,CLUST_0.70_00041,EARLY
CANONICAL_7ebb4513b6ba,TRAIN,TRAIN,CLUST_0.70_00008,LATE
CANONICAL_7ec0dfb6b01e,TRAIN,VALIDATION,CLUST_0.70_00010,EARLY
CANONICAL_7ec9318e8dbf,TRAIN,VALIDATION,CLUST_0.70_00079,LATE
CANONICAL_7eca4e868712,TRAIN,TEST,CLUST_0.70_00052,LATE
CANONICAL_7ecefcf90277,TRAIN,VALIDATION,CLUST_0.70_00006,IMMEDIATE_EARLY
CANONICAL_7ed53522b2cb,TRAIN,TRAIN,CLUST_0.70_00005,EARLY
CANONICAL_7ed99979c08a,VALIDATION,TRAIN,CLUST_0.70_00005,LATE
CANONICAL_7ed9c0c2c846,TRAIN,TRAIN,CLUST_0.70_00005,LATE
CANONICAL_7ede04db5c5f,TRAIN,TRAIN,CLUST_0.70_00005,LATE
CANONICAL_7ee0439fbb96,TRAIN,TRAIN,CLUST_0.70_00007,IMMEDIATE_EARLY
CANONICAL_7eee52127f66,TEST,VALIDATION,CLUST_0.70_00079,LATE
CANONICAL_7eef92a586e4,TEST,TRAIN,CLUST_0.70_00005,LATE
CANONICAL_7ef2f3c9455d,TEST,VALIDATION,CLUST_0.70_00006,IMMEDIATE_EARLY
CANONICAL_7ef582400829,TRAIN,TRAIN,CLUST_0.70_00007,EARLY
CANONICAL_7ef64653b8d8,TRAIN,TRAIN,CLUST_0.70_00005,LATE
CANONICAL_7ef79524daf9,TRAIN,TRAIN,CLUST_0.70_00008,LATE
CANONICAL_7efd16b66cde,TRAIN,TRAIN,CLUST_0.70_00005,LATE
CANONICAL_7efea623173f,VALIDATION,TRAIN,CLUST_0.70_00008,EARLY
CANONICAL_7f014c43ad99,VALIDATION,TRAIN,CLUST_0.70_00007,LATE
CANONICAL_7f01675e6487,TRAIN,TRAIN,CLUST_0.70_00241,LATE
CANONICAL_7f05183d7ff8,TRAIN,TRAIN,CLUST_0.70_00007,LATE
CANONICAL_7f0bc375c5ec,VALIDATION,TRAIN,CLUST_0.70_00076,LATE
CANONICAL_7f1d4f28e542,TRAIN,TRAIN,CLUST_0.70_00008,LATE
CANONICAL_7f22aef255f4,TRAIN,TRAIN,CLUST_0.70_00083,LATE
CANONICAL_7f29702c81ef,TRAIN,TRAIN,CLUST_0.70_00007,LATE
CANONICAL_7f2d7f573745,TRAIN,TRAIN,CLUST_0.70_00008,LATE
CANONICAL_7f2f3cb0b917,TRAIN,TRAIN,CLUST_0.70_00021,EARLY
CANONICAL_7f351b5e7418,VALIDATION,TEST,CLUST_0.70_00030,EARLY
CANONICAL_7f40b51eba17,TRAIN,TEST,CLUST_0.70_00052,LATE
CANONICAL_7f441dbad83e,TRAIN,TRAIN,CLUST_0.70_00008,LATE
CANONICAL_7f485fa34363,TRAIN,VALIDATION,CLUST_0.70_00006,IMMEDIATE_EARLY
CANONICAL_7f4a140cb8e0,TRAIN,TEST,CLUST_0.70_00018,EARLY
CANONICAL_7f4aa7d3a9fd,VALIDATION,TRAIN,CLUST_0.70_00008,LATE
CANONICAL_7f4b0ec03e9d,TRAIN,TRAIN,CLUST_0.70_00008,LATE
CANONICAL_7f4b1edccad6,TRAIN,TRAIN,CLUST_0.70_00005,LATE
CANONICAL_7f4e53fde8ad,TRAIN,TRAIN,CLUST_0.70_00005,LATE
CANONICAL_7f4ebc9e88f3,TEST,TRAIN,CLUST_0.70_00005,EARLY
CANONICAL_7f507def75cf,TRAIN,VALIDATION,CLUST_0.70_00017,LATE
CANONICAL_7f52df8717ca,TRAIN,TRAIN,CLUST_0.70_00008,LATE
CANONICAL_7f53d2deed63,TRAIN,TRAIN,CLUST_0.70_00007,LATE
CANONICAL_7f553ce3811d,TRAIN,TRAIN,CLUST_0.70_00047,LATE
CANONICAL_7f56fda41ced,TRAIN,TEST,CLUST_0.70_00004,IMMEDIATE_EARLY
CANONICAL_7f5aaa04578f,TRAIN,TRAIN,CLUST_0.70_00007,LATE
CANONICAL_7f5d8ef2087d,TRAIN,VALIDATION,CLUST_0.70_00026,IMMEDIATE_EARLY
CANONICAL_7f6229c844f4,TRAIN,TRAIN,CLUST_0.70_00241,LATE
CANONICAL_7f632827d843,TRAIN,TEST,CLUST_0.70_00030,EARLY
CANONICAL_7f664f80d20c,VALIDATION,TRAIN,CLUST_0.70_00007,EARLY
CANONICAL_7f695bec19ec,TEST,VALIDATION,CLUST_0.70_00029,LATE
CANONICAL_7f6cc861a229,TRAIN,TRAIN,CLUST_0.70_00005,EARLY
CANONICAL_7f71ea47f779,TEST,TRAIN,CLUST_0.70_00007,IMMEDIATE_EARLY
CANONICAL_7f742ad85d37,TRAIN,TRAIN,CLUST_0.70_00112,LATE
CANONICAL_7f762638a4b2,TRAIN,TRAIN,CLUST_0.70_00008,IMMEDIATE_EARLY
CANONICAL_7f7ab26e00ef,TRAIN,TEST,CLUST_0.70_00004,IMMEDIATE_EARLY
CANONICAL_7f7f0e20fadf,TEST,TEST,CLUST_0.70_00009,LATE
CANONICAL_7f83b58e098f,VALIDATION,TRAIN,CLUST_0.70_00008,IMMEDIATE_EARLY
CANONICAL_7f8912c77186,TRAIN,VALIDATION,CLUST_0.70_00055,LATE
CANONICAL_7f89c40f062b,TRAIN,VALIDATION,CLUST_0.70_00041,EARLY
CANONICAL_7f89d83358ec,TRAIN,TEST,CLUST_0.70_00030,EARLY
CANONICAL_7f8aebe59b45,TRAIN,TEST,CLUST_0.70_00001,LATE
CANONICAL_7f8f108c003a,TRAIN,VALIDATION,CLUST_0.70_00106,LATE
CANONICAL_7f910a65f459,TRAIN,TRAIN,CLUST_0.70_00005,EARLY
CANONICAL_7f910eb39510,TRAIN,TRAIN,CLUST_0.70_00007,LATE
CANONICAL_7f938c26fc19,TRAIN,TRAIN,CLUST_0.70_00005,LATE
CANONICAL_7f94136d9f8c,TRAIN,VALIDATION,CLUST_0.70_00079,LATE
CANONICAL_7f9644865987,TRAIN,TRAIN,CLUST_0.70_00007,LATE
CANONICAL_7fa3fc55bf9b,TRAIN,VALIDATION,CLUST_0.70_00010,EARLY
CANONICAL_7fa4369cb58b,TRAIN,TRAIN,CLUST_0.70_00005,LATE
CANONICAL_7fa50173d071,VALIDATION,VALIDATION,CLUST_0.70_00039,LATE
CANONICAL_7faad29986ef,TRAIN,VALIDATION,CLUST_0.70_00017,LATE
CANONICAL_7faf5dfeff2e,TRAIN,TRAIN,CLUST_0.70_00007,LATE
CANONICAL_7fb57ec627f0,TRAIN,VALIDATION,CLUST_0.70_00059,LATE
CANONICAL_7fb66eb10156,TRAIN,VALIDATION,CLUST_0.70_00127,LATE
CANONICAL_7fb93c62c335,TRAIN,TRAIN,CLUST_0.70_00102,LATE
CANONICAL_7fbe17b77568,TRAIN,VALIDATION,CLUST_0.70_00058,LATE
CANONICAL_7fbf8b9e8fec,VALIDATION,TRAIN,CLUST_0.70_00098,LATE
CANONICAL_7fc00fcb9292,TEST,TEST,CLUST_0.70_00030,EARLY
CANONICAL_7fc2b92594d2,TRAIN,TEST,CLUST_0.70_00004,IMMEDIATE_EARLY
CANONICAL_7fce608ed500,TEST,TRAIN,CLUST_0.70_00102,LATE
CANONICAL_7fd1658b533d,VALIDATION,VALIDATION,CLUST_0.70_00026,IMMEDIATE_EARLY
CANONICAL_7fd22457fb72,TRAIN,TRAIN,CLUST_0.70_00005,LATE
CANONICAL_7fd23d4d0c71,TRAIN,TRAIN,CLUST_0.70_00005,LATE
CANONICAL_7fd9307362aa,TRAIN,VALIDATION,CLUST_0.70_00190,LATE
CANONICAL_7fe0e3e29db5,TRAIN,VALIDATION,CLUST_0.70_00031,LATE
CANONICAL_7fe2c4b729c4,TEST,TRAIN,CLUST_0.70_00005,LATE
CANONICAL_7fe4e01d1ee6,TRAIN,TRAIN,CLUST_0.70_00005,LATE
CANONICAL_7fe7fd71ddd9,TRAIN,VALIDATION,CLUST_0.70_00041,EARLY
CANONICAL_7fed0e880876,TRAIN,TRAIN,CLUST_0.70_00007,LATE
CANONICAL_7fed92b4d8a6,TRAIN,TRAIN,CLUST_0.70_00005,LATE
CANONICAL_7fed9993fbf6,TRAIN,VALIDATION,CLUST_0.70_00006,IMMEDIATE_EARLY
CANONICAL_7ff385c81d5a,TEST,VALIDATION,CLUST_0.70_00031,LATE
CANONICAL_7ff8a6288ceb,TRAIN,VALIDATION,CLUST_0.70_00010,EARLY
CANONICAL_7ffab21256a0,TEST,TEST,CLUST_0.70_00001,LATE
CANONICAL_7ffd2387a097,TRAIN,VALIDATION,CLUST_0.70_00038,LATE
CANONICAL_8001a21e2313,TRAIN,TRAIN,CLUST_0.70_00134,LATE
CANONICAL_8008ad2434ee,TRAIN,VALIDATION,CLUST_0.70_00038,LATE
CANONICAL_801632034657,TRAIN,TRAIN,CLUST_0.70_00005,LATE
CANONICAL_801b0fa1674b,TRAIN,TRAIN,CLUST_0.70_00033,IMMEDIATE_EARLY
CANONICAL_801d89110b1f,TRAIN,TEST,CLUST_0.70_00071,LATE
CANONICAL_802558bc9ca6,TRAIN,VALIDATION,CLUST_0.70_00106,LATE
CANONICAL_802729aa8795,TRAIN,TEST,CLUST_0.70_00080,LATE
CANONICAL_80341350459e,TRAIN,TRAIN,CLUST_0.70_00008,LATE
CANONICAL_803d69794c34,VALIDATION,VALIDATION,CLUST_0.70_00038,LATE
CANONICAL_803e41355f0f,VALIDATION,TEST,CLUST_0.70_00020,LATE
CANONICAL_8045b405d6eb,TRAIN,TRAIN,CLUST_0.70_00005,EARLY
CANONICAL_804a13484dd0,VALIDATION,TRAIN,CLUST_0.70_00005,LATE
CANONICAL_804fab901c62,TRAIN,VALIDATION,CLUST_0.70_00079,LATE
CANONICAL_8051f3bcb834,VALIDATION,VALIDATION,CLUST_0.70_00017,LATE
CANONICAL_805713b80079,VALIDATION,TRAIN,CLUST_0.70_00008,LATE
CANONICAL_8057bdac085b,TRAIN,TRAIN,CLUST_0.70_00134,LATE
CANONICAL_80596c36f80c,TEST,VALIDATION,CLUST_0.70_00086,LATE
CANONICAL_805c0a25108c,TRAIN,TEST,CLUST_0.70_00030,EARLY
CANONICAL_805d88368a6f,TRAIN,VALIDATION,CLUST_0.70_00058,LATE
CANONICAL_806453b3a310,TEST,TRAIN,CLUST_0.70_00005,LATE
CANONICAL_806cacaca156,TRAIN,TRAIN,CLUST_0.70_00005,LATE
CANONICAL_806ed3f40f88,VALIDATION,TRAIN,CLUST_0.70_00008,LATE
CANONICAL_80709f16088e,TRAIN,TEST,CLUST_0.70_00001,LATE
CANONICAL_8073cfa94b4e,TRAIN,TRAIN,CLUST_0.70_00008,LATE
CANONICAL_80793ccf41e7,TRAIN,TRAIN,CLUST_0.70_00005,EARLY
CANONICAL_8079e7be07e1,TRAIN,TEST,CLUST_0.70_00004,IMMEDIATE_EARLY
CANONICAL_807f279537a9,TRAIN,TEST,CLUST_0.70_00030,EARLY
CANONICAL_8082ca276c12,TRAIN,TEST,CLUST_0.70_00001,LATE
CANONICAL_808ccf29df14,TEST,TRAIN,CLUST_0.70_00005,LATE
CANONICAL_808d746b63fb,TEST,VALIDATION,CLUST_0.70_00010,LATE
CANONICAL_808ed2ed0fb2,VALIDATION,TRAIN,CLUST_0.70_00302,LATE
CANONICAL_808f661b5351,TRAIN,TRAIN,CLUST_0.70_00005,LATE
CANONICAL_80922ed1c073,TRAIN,TRAIN,CLUST_0.70_00007,LATE
CANONICAL_8092583d14d5,TRAIN,TRAIN,CLUST_0.70_00005,EARLY
CANONICAL_80968331fb1e,TRAIN,TRAIN,CLUST_0.70_00005,EARLY
CANONICAL_809725731586,TRAIN,TRAIN,CLUST_0.70_00007,IMMEDIATE_EARLY
CANONICAL_80a008e77f1e,VALIDATION,VALIDATION,CLUST_0.70_00079,LATE
CANONICAL_80a0ec999246,VALIDATION,VALIDATION,CLUST_0.70_00079,LATE
CANONICAL_80a1eaf90e3d,TRAIN,TEST,CLUST_0.70_00052,LATE
CANONICAL_80a45b71af34,TRAIN,TEST,CLUST_0.70_00037,LATE
CANONICAL_80aa28af1d64,TRAIN,VALIDATION,CLUST_0.70_00028,EARLY
CANONICAL_80ad1e21c085,TRAIN,TEST,CLUST_0.70_00052,LATE
CANONICAL_80b30d82f843,TRAIN,TRAIN,CLUST_0.70_00005,EARLY
CANONICAL_80b3241801ba,VALIDATION,TRAIN,CLUST_0.70_00005,EARLY
CANONICAL_80b345668344,TRAIN,TRAIN,CLUST_0.70_00005,EARLY
CANONICAL_80b5944684a9,TRAIN,VALIDATION,CLUST_0.70_00040,EARLY
CANONICAL_80ba75c32c13,TRAIN,TRAIN,CLUST_0.70_00297,EARLY
CANONICAL_80c466d12c5b,TEST,TRAIN,CLUST_0.70_00008,LATE
CANONICAL_80c6dfdd0b62,VALIDATION,TEST,CLUST_0.70_00030,EARLY
CANONICAL_80ca3925be64,TRAIN,TEST,CLUST_0.70_00001,LATE
CANONICAL_80cbf07b5745,VALIDATION,TRAIN,CLUST_0.70_00008,LATE
CANONICAL_80cdff63a0a1,TRAIN,TRAIN,CLUST_0.70_00068,LATE
CANONICAL_80ce85c00d07,VALIDATION,TRAIN,CLUST_0.70_00008,LATE
CANONICAL_80d0e30c6c2b,TRAIN,TEST,CLUST_0.70_00030,EARLY
CANONICAL_80d245187cf1,TRAIN,TRAIN,CLUST_0.70_00005,LATE
CANONICAL_80d6ee927500,TRAIN,TRAIN,CLUST_0.70_00005,EARLY
CANONICAL_80dbad13e7a0,TEST,VALIDATION,CLUST_0.70_00039,LATE
CANONICAL_80dbee31f7b2,VALIDATION,TRAIN,CLUST_0.70_00005,LATE
CANONICAL_80e8c3e8f915,TEST,TRAIN,CLUST_0.70_00181,LATE
CANONICAL_80ea01bd57c6,TRAIN,TEST,CLUST_0.70_00001,LATE
CANONICAL_80edf1678987,TRAIN,TEST,CLUST_0.70_00009,LATE
CANONICAL_80ee8561f840,TRAIN,TRAIN,CLUST_0.70_00005,EARLY
CANONICAL_80f49d4dda19,TRAIN,VALIDATION,CLUST_0.70_00026,IMMEDIATE_EARLY
CANONICAL_80fa22366872,TRAIN,TRAIN,CLUST_0.70_00056,LATE
CANONICAL_80fa2f571c3f,TRAIN,TRAIN,CLUST_0.70_00007,EARLY
CANONICAL_80fab20e7616,TRAIN,TRAIN,CLUST_0.70_00157,LATE
CANONICAL_80fab528981f,TRAIN,TRAIN,CLUST_0.70_00223,LATE
CANONICAL_81006058a14e,VALIDATION,TRAIN,CLUST_0.70_00005,EARLY
CANONICAL_8105aa5fb9a7,TEST,TRAIN,CLUST_0.70_00005,LATE
CANONICAL_8105ef264714,TRAIN,TRAIN,CLUST_0.70_00008,LATE
CANONICAL_810f9fc66869,VALIDATION,VALIDATION,CLUST_0.70_00006,IMMEDIATE_EARLY
CANONICAL_8115654a9be0,TEST,TRAIN,CLUST_0.70_00005,EARLY
CANONICAL_811a6970f0d3,TRAIN,TEST,CLUST_0.70_00030,EARLY
CANONICAL_811f1c69ad82,TRAIN,TRAIN,CLUST_0.70_00005,EARLY
CANONICAL_8120d4a6dea9,TRAIN,TEST,CLUST_0.70_00052,LATE
CANONICAL_8121c3601f5b,TRAIN,TRAIN,CLUST_0.70_00005,LATE
CANONICAL_81239faff0b8,TRAIN,TRAIN,CLUST_0.70_00103,EARLY
CANONICAL_81272c018376,TEST,VALIDATION,CLUST_0.70_00079,LATE
CANONICAL_81282660ce87,VALIDATION,VALIDATION,CLUST_0.70_00031,LATE
CANONICAL_81301d3058c3,TRAIN,TRAIN,CLUST_0.70_00008,LATE
CANONICAL_81364b50b92c,TRAIN,VALIDATION,CLUST_0.70_00086,LATE
CANONICAL_8138085db361,TRAIN,TRAIN,CLUST_0.70_00005,EARLY
CANONICAL_813aac0b6fff,TRAIN,TRAIN,CLUST_0.70_00005,EARLY
CANONICAL_813e591f9920,TRAIN,TEST,CLUST_0.70_00001,LATE
CANONICAL_81483388576d,TRAIN,TRAIN,CLUST_0.70_00197,IMMEDIATE_EARLY
CANONICAL_814867c9da3b,VALIDATION,TRAIN,CLUST_0.70_00008,LATE
CANONICAL_814974bdd5ab,TRAIN,TRAIN,CLUST_0.70_00008,LATE
CANONICAL_815ae2da426c,TRAIN,TEST,CLUST_0.70_00004,IMMEDIATE_EARLY
CANONICAL_815b31e15aa0,TEST,TRAIN,CLUST_0.70_00091,LATE
CANONICAL_815b66148297,VALIDATION,TEST,CLUST_0.70_00018,LATE
CANONICAL_815f668d01e9,TRAIN,TRAIN,CLUST_0.70_00008,LATE
CANONICAL_81627e76d57c,TRAIN,TRAIN,CLUST_0.70_00005,EARLY
CANONICAL_8162c639db9f,TEST,VALIDATION,CLUST_0.70_00065,LATE
CANONICAL_8166a24308d3,TRAIN,VALIDATION,CLUST_0.70_00006,IMMEDIATE_EARLY
CANONICAL_816e14610549,TRAIN,TRAIN,CLUST_0.70_00007,IMMEDIATE_EARLY
CANONICAL_81709db66ed7,TRAIN,TRAIN,CLUST_0.70_00005,EARLY
CANONICAL_8174fe4b3896,VALIDATION,VALIDATION,CLUST_0.70_00029,LATE
CANONICAL_817608354b61,TRAIN,TRAIN,CLUST_0.70_00007,LATE
CANONICAL_817da430de9a,TRAIN,TRAIN,CLUST_0.70_00005,EARLY
CANONICAL_8183fd9881f0,TRAIN,TEST,CLUST_0.70_00001,LATE
CANONICAL_81848ed23488,TRAIN,TEST,CLUST_0.70_00004,IMMEDIATE_EARLY
CANONICAL_8188329ee6e0,TRAIN,TEST,CLUST_0.70_00001,LATE
CANONICAL_818d1c1969e2,TRAIN,TRAIN,CLUST_0.70_00007,LATE
CANONICAL_8190a25cd144,TRAIN,VALIDATION,CLUST_0.70_00006,IMMEDIATE_EARLY
CANONICAL_81934ed557ed,TRAIN,TRAIN,CLUST_0.70_00316,LATE
CANONICAL_8195b8642235,TRAIN,TRAIN,CLUST_0.70_00008,LATE
CANONICAL_819e35270305,VALIDATION,TRAIN,CLUST_0.70_00239,LATE
CANONICAL_819e9ff41c20,TRAIN,TRAIN,CLUST_0.70_00008,LATE
CANONICAL_81a21a62de35,TRAIN,TEST,CLUST_0.70_00001,LATE
CANONICAL_81a63ad8f3e2,TRAIN,TEST,CLUST_0.70_00071,LATE
CANONICAL_81a907d8eac0,TEST,VALIDATION,CLUST_0.70_00017,LATE
CANONICAL_81a9ee5bbcca,TRAIN,TRAIN,CLUST_0.70_00075,LATE
CANONICAL_81ab9e3f9cb4,TRAIN,TRAIN,CLUST_0.70_00008,LATE
CANONICAL_81aff53b3191,VALIDATION,TRAIN,CLUST_0.70_00005,EARLY
CANONICAL_81b3406117ca,TRAIN,TRAIN,CLUST_0.70_00005,EARLY
CANONICAL_81b3ae543e85,VALIDATION,TEST,CLUST_0.70_00052,LATE
CANONICAL_81b76c8774b8,TEST,TEST,CLUST_0.70_00004,IMMEDIATE_EARLY
CANONICAL_81bb819ada78,VALIDATION,VALIDATION,CLUST_0.70_00064,LATE
CANONICAL_81bc6a13a5ed,TEST,TRAIN,CLUST_0.70_00005,LATE
CANONICAL_81be5849d030,TEST,TEST,CLUST_0.70_00030,EARLY
CANONICAL_81c2bf6c065e,TRAIN,VALIDATION,CLUST_0.70_00006,IMMEDIATE_EARLY
CANONICAL_81c8579c983a,TRAIN,TRAIN,CLUST_0.70_00005,LATE
CANONICAL_81c92ea18c7a,TRAIN,VALIDATION,CLUST_0.70_00127,LATE
CANONICAL_81d15850639b,TRAIN,VALIDATION,CLUST_0.70_00006,IMMEDIATE_EARLY
CANONICAL_81d51b17a265,TRAIN,TRAIN,CLUST_0.70_00005,LATE
CANONICAL_81d60731a7db,TRAIN,TRAIN,CLUST_0.70_00005,LATE
CANONICAL_81e09fb71b8b,VALIDATION,TRAIN,CLUST_0.70_00005,EARLY
CANONICAL_81e44efde6f1,TRAIN,TEST,CLUST_0.70_00004,IMMEDIATE_EARLY
CANONICAL_81e5ab3e2e08,TRAIN,TEST,CLUST_0.70_00004,IMMEDIATE_EARLY
CANONICAL_81e91fdc71c2,TEST,VALIDATION,CLUST_0.70_00055,LATE
CANONICAL_81e990098a64,TRAIN,TEST,CLUST_0.70_00015,LATE
CANONICAL_81efb0897c42,TRAIN,VALIDATION,CLUST_0.70_00058,LATE
CANONICAL_81f060cfb508,TRAIN,TRAIN,CLUST_0.70_00005,EARLY
CANONICAL_81f146aaa0fc,TEST,VALIDATION,CLUST_0.70_00028,EARLY
CANONICAL_81f22204bc79,TRAIN,TEST,CLUST_0.70_00018,LATE
CANONICAL_81f4215a278f,TRAIN,TEST,CLUST_0.70_00001,LATE
CANONICAL_81fbbc6fdba1,TRAIN,TRAIN,CLUST_0.70_00147,IMMEDIATE_EARLY
CANONICAL_81fc1cdcf6bf,TRAIN,VALIDATION,CLUST_0.70_00039,LATE
CANONICAL_8202975ca2e8,TRAIN,VALIDATION,CLUST_0.70_00025,LATE
CANONICAL_8203f428ad1d,TRAIN,TRAIN,CLUST_0.70_00008,LATE
CANONICAL_820667ed9d50,TRAIN,TEST,CLUST_0.70_00030,EARLY
CANONICAL_8208b8d94113,TEST,VALIDATION,CLUST_0.70_00065,LATE
CANONICAL_8210b81f64c6,TEST,TEST,CLUST_0.70_00004,IMMEDIATE_EARLY
CANONICAL_82168e35790b,VALIDATION,TRAIN,CLUST_0.70_00005,LATE
CANONICAL_8224b19a433f,TRAIN,VALIDATION,CLUST_0.70_00127,LATE
CANONICAL_822667639f8c,TRAIN,TEST,CLUST_0.70_00052,LATE
CANONICAL_822ba6de4c8e,VALIDATION,TRAIN,CLUST_0.70_00005,LATE
CANONICAL_822cb4a71372,TRAIN,TEST,CLUST_0.70_00030,EARLY
CANONICAL_822dac1f7293,VALIDATION,TRAIN,CLUST_0.70_00007,LATE
CANONICAL_822e66f6b0b2,VALIDATION,TRAIN,CLUST_0.70_00164,LATE
CANONICAL_8232083b2a9d,TRAIN,TRAIN,CLUST_0.70_00005,EARLY
CANONICAL_8235d505c7d7,TRAIN,TRAIN,CLUST_0.70_00005,EARLY
CANONICAL_823e22349f44,TEST,VALIDATION,CLUST_0.70_00038,LATE
CANONICAL_823fac7eaae7,TEST,TRAIN,CLUST_0.70_00235,LATE
CANONICAL_8242fbd79fae,TRAIN,VALIDATION,CLUST_0.70_00038,LATE
CANONICAL_824c1b79fd48,TEST,VALIDATION,CLUST_0.70_00079,LATE
CANONICAL_824dd40416ec,TRAIN,VALIDATION,CLUST_0.70_00059,LATE
CANONICAL_82530e0d7b5e,TEST,VALIDATION,CLUST_0.70_00065,LATE
CANONICAL_825edde3fafe,TRAIN,TRAIN,CLUST_0.70_00005,EARLY
CANONICAL_82625ac27974,TRAIN,TEST,CLUST_0.70_00004,IMMEDIATE_EARLY
CANONICAL_826de73b306e,TEST,TEST,CLUST_0.70_00030,EARLY
CANONICAL_826f2b8f4f1f,VALIDATION,TEST,CLUST_0.70_00030,EARLY
CANONICAL_827301e261a5,TRAIN,VALIDATION,CLUST_0.70_00006,IMMEDIATE_EARLY
CANONICAL_8276ae775559,TRAIN,TEST,CLUST_0.70_00004,IMMEDIATE_EARLY
CANONICAL_827a1416db1c,TRAIN,TEST,CLUST_0.70_00004,IMMEDIATE_EARLY
CANONICAL_827c0b6d109d,TEST,TRAIN,CLUST_0.70_00005,LATE
CANONICAL_827d33008694,TRAIN,TRAIN,CLUST_0.70_00005,LATE
CANONICAL_827dd0d95a33,TEST,TRAIN,CLUST_0.70_00005,EARLY
CANONICAL_8281cfa0770d,TRAIN,TRAIN,CLUST_0.70_00005,EARLY
CANONICAL_8284c323cce1,TEST,TRAIN,CLUST_0.70_00007,LATE
CANONICAL_82885ec3ff82,TRAIN,TRAIN,CLUST_0.70_00008,LATE
CANONICAL_828fc15c5f03,TRAIN,TEST,CLUST_0.70_00030,EARLY
CANONICAL_8290299e6116,TRAIN,VALIDATION,CLUST_0.70_00059,LATE
CANONICAL_829607a7448f,TRAIN,TEST,CLUST_0.70_00018,LATE
CANONICAL_82967e2d49f5,TRAIN,TRAIN,CLUST_0.70_00008,LATE
CANONICAL_8299c58bf089,VALIDATION,TRAIN,CLUST_0.70_00192,IMMEDIATE_EARLY
CANONICAL_829c1f288e1a,TEST,TEST,CLUST_0.70_00051,LATE
CANONICAL_82a252d14b33,TEST,TRAIN,CLUST_0.70_00008,LATE
CANONICAL_82ad7f5377d7,TRAIN,TEST,CLUST_0.70_00001,LATE
CANONICAL_82af080d8ab2,TEST,TRAIN,CLUST_0.70_00141,LATE
CANONICAL_82b96599e47b,VALIDATION,TEST,CLUST_0.70_00030,EARLY
CANONICAL_82c57ac0f8aa,TRAIN,TEST,CLUST_0.70_00030,EARLY
CANONICAL_82c5ed592a25,TRAIN,TRAIN,CLUST_0.70_00008,LATE
CANONICAL_82c78e659292,TRAIN,TRAIN,CLUST_0.70_00005,LATE
CANONICAL_82cb450dbf48,TEST,VALIDATION,CLUST_0.70_00055,LATE
CANONICAL_82d5538e8e60,TRAIN,TEST,CLUST_0.70_00015,LATE
CANONICAL_82d69c0385b9,TRAIN,TRAIN,CLUST_0.70_00008,LATE
CANONICAL_82dac52ee1a1,TRAIN,TRAIN,CLUST_0.70_00005,EARLY
CANONICAL_82e517665ec9,VALIDATION,TRAIN,CLUST_0.70_00005,EARLY
CANONICAL_82e631c88398,TEST,TEST,CLUST_0.70_00030,EARLY
CANONICAL_82ed52153193,TEST,TRAIN,CLUST_0.70_00007,LATE
CANONICAL_82f6fb18c294,TEST,VALIDATION,CLUST_0.70_00064,LATE
CANONICAL_82f98edeb1b7,VALIDATION,TEST,CLUST_0.70_00071,LATE
CANONICAL_82fc3304705d,TRAIN,TRAIN,CLUST_0.70_00005,EARLY
CANONICAL_83000c207c09,TRAIN,TEST,CLUST_0.70_00030,EARLY
CANONICAL_8306c1cedb77,TRAIN,TRAIN,CLUST_0.70_00008,LATE
CANONICAL_8308ba235777,TEST,VALIDATION,CLUST_0.70_00055,LATE
CANONICAL_830cf5a5d0f7,TEST,TRAIN,CLUST_0.70_00102,LATE
CANONICAL_830de6590c2c,TRAIN,VALIDATION,CLUST_0.70_00016,EARLY
CANONICAL_830fb62c091a,VALIDATION,TRAIN,CLUST_0.70_00005,EARLY
CANONICAL_83103ded857a,TRAIN,VALIDATION,CLUST_0.70_00006,IMMEDIATE_EARLY
CANONICAL_8319d4157782,TEST,TRAIN,CLUST_0.70_00005,EARLY
CANONICAL_831a7b4d2e65,TRAIN,TEST,CLUST_0.70_00018,LATE
CANONICAL_831aa72ee203,VALIDATION,TEST,CLUST_0.70_00052,LATE
CANONICAL_831f83ea27c4,TRAIN,TRAIN,CLUST_0.70_00008,LATE
CANONICAL_8326da2d1f84,VALIDATION,TRAIN,CLUST_0.70_00008,LATE
CANONICAL_832cda0411f4,TRAIN,TRAIN,CLUST_0.70_00147,IMMEDIATE_EARLY
CANONICAL_83313cacaec0,TRAIN,TRAIN,CLUST_0.70_00005,LATE
CANONICAL_83390ff8b332,TEST,TEST,CLUST_0.70_00030,EARLY
CANONICAL_8339d0460002,TRAIN,TRAIN,CLUST_0.70_00008,LATE
CANONICAL_833c360bc7b1,TRAIN,TRAIN,CLUST_0.70_00008,LATE
CANONICAL_833d7c12d834,TEST,TEST,CLUST_0.70_00052,LATE
CANONICAL_8341f6d9e3e6,TRAIN,VALIDATION,CLUST_0.70_00026,IMMEDIATE_EARLY
CANONICAL_834541599808,TRAIN,TEST,CLUST_0.70_00004,IMMEDIATE_EARLY
CANONICAL_8347a291839a,TRAIN,TEST,CLUST_0.70_00004,IMMEDIATE_EARLY
CANONICAL_8348bb25cd53,VALIDATION,TRAIN,CLUST_0.70_00007,LATE
CANONICAL_834a3af0cb59,TRAIN,TRAIN,CLUST_0.70_00005,LATE
CANONICAL_834e3dc42d54,VALIDATION,VALIDATION,CLUST_0.70_00026,IMMEDIATE_EARLY
CANONICAL_83500a1080c6,TEST,TEST,CLUST_0.70_00052,LATE
CANONICAL_835159793919,TRAIN,TRAIN,CLUST_0.70_00008,LATE
CANONICAL_8351bc6a20b0,TRAIN,TRAIN,CLUST_0.70_00005,LATE
CANONICAL_8360c19ae03f,VALIDATION,TEST,CLUST_0.70_00004,IMMEDIATE_EARLY
CANONICAL_83638fab49fc,TRAIN,TEST,CLUST_0.70_00004,IMMEDIATE_EARLY
CANONICAL_8364f0d2bdc4,TRAIN,TRAIN,CLUST_0.70_00008,LATE
CANONICAL_83687282b195,TEST,TRAIN,CLUST_0.70_00005,LATE
CANONICAL_83687a9f60aa,TRAIN,TRAIN,CLUST_0.70_00098,LATE
CANONICAL_8369a2339ca2,TRAIN,VALIDATION,CLUST_0.70_00025,LATE
CANONICAL_8370df454c4c,TRAIN,TRAIN,CLUST_0.70_00005,EARLY
CANONICAL_837c8382cbca,TRAIN,VALIDATION,CLUST_0.70_00017,LATE
CANONICAL_8382e9140947,TRAIN,TRAIN,CLUST_0.70_00247,EARLY
CANONICAL_8385249b8353,TEST,TEST,CLUST_0.70_00030,EARLY
CANONICAL_83868bbd78ce,TRAIN,VALIDATION,CLUST_0.70_00040,EARLY
CANONICAL_83874573c4f3,TRAIN,TRAIN,CLUST_0.70_00007,LATE
CANONICAL_83885ded8559,TRAIN,TRAIN,CLUST_0.70_00005,EARLY
CANONICAL_838dd7ca4ea8,TRAIN,TEST,CLUST_0.70_00004,IMMEDIATE_EARLY
CANONICAL_8390ce6d71ab,TRAIN,VALIDATION,CLUST_0.70_00038,LATE
CANONICAL_8398c2841d88,TRAIN,VALIDATION,CLUST_0.70_00006,IMMEDIATE_EARLY
CANONICAL_839b21557469,TRAIN,TRAIN,CLUST_0.70_00005,LATE
CANONICAL_839d033fb731,TRAIN,TRAIN,CLUST_0.70_00005,EARLY
CANONICAL_83a5a73b1126,TEST,TRAIN,CLUST_0.70_00008,LATE
CANONICAL_83b019b730ee,TRAIN,VALIDATION,CLUST_0.70_00025,LATE
CANONICAL_83b47cae1a04,TRAIN,TRAIN,CLUST_0.70_00360,LATE
CANONICAL_83b686f37641,TRAIN,TRAIN,CLUST_0.70_00005,LATE
CANONICAL_83b7bc32d756,TRAIN,TRAIN,CLUST_0.70_00090,LATE
CANONICAL_83bea7a0512c,TRAIN,TRAIN,CLUST_0.70_00005,LATE
CANONICAL_83beebc778fb,VALIDATION,TRAIN,CLUST_0.70_00069,IMMEDIATE_EARLY
CANONICAL_83d3f423f830,TRAIN,TRAIN,CLUST_0.70_00005,EARLY
CANONICAL_83d3fc359327,TEST,VALIDATION,CLUST_0.70_00041,EARLY
CANONICAL_83d5bffb7b52,TRAIN,TRAIN,CLUST_0.70_00005,LATE
CANONICAL_83d5c0b0da8c,TEST,TRAIN,CLUST_0.70_00007,LATE
CANONICAL_83d7ceb1a9f2,TRAIN,TRAIN,CLUST_0.70_00005,LATE
CANONICAL_83d7dd997a43,TRAIN,TEST,CLUST_0.70_00018,LATE
CANONICAL_83d9df471abf,TRAIN,VALIDATION,CLUST_0.70_00025,LATE
CANONICAL_83da1691f745,TRAIN,VALIDATION,CLUST_0.70_00006,IMMEDIATE_EARLY
CANONICAL_83ea3e0caa83,TRAIN,VALIDATION,CLUST_0.70_00041,EARLY
CANONICAL_83f140479d01,TRAIN,VALIDATION,CLUST_0.70_00026,IMMEDIATE_EARLY
CANONICAL_83f3c0757018,TRAIN,VALIDATION,CLUST_0.70_00106,LATE
CANONICAL_83f97a0b9a1a,TRAIN,VALIDATION,CLUST_0.70_00025,LATE
CANONICAL_83fb98cb776f,VALIDATION,TRAIN,CLUST_0.70_00005,EARLY
CANONICAL_83fc89efb3dc,TRAIN,TEST,CLUST_0.70_00030,EARLY
CANONICAL_83fd26a88a51,TRAIN,VALIDATION,CLUST_0.70_00055,LATE
CANONICAL_83ff322c28dc,VALIDATION,TEST,CLUST_0.70_00071,LATE
CANONICAL_840696264578,TRAIN,TRAIN,CLUST_0.70_00008,LATE
CANONICAL_8418d238a233,TRAIN,TEST,CLUST_0.70_00004,IMMEDIATE_EARLY
CANONICAL_8421da98adf9,TRAIN,TEST,CLUST_0.70_00004,IMMEDIATE_EARLY
CANONICAL_84266dca5ff0,TEST,TRAIN,CLUST_0.70_00005,LATE
CANONICAL_84278c41e9fe,TEST,TRAIN,CLUST_0.70_00005,EARLY
CANONICAL_84350a83df41,TRAIN,TEST,CLUST_0.70_00080,LATE
CANONICAL_84377b15f5ac,TRAIN,VALIDATION,CLUST_0.70_00029,LATE
CANONICAL_843e92d39446,VALIDATION,TRAIN,CLUST_0.70_00005,LATE
CANONICAL_845124b5d6b9,TEST,TEST,CLUST_0.70_00001,LATE
CANONICAL_845ac7abb273,TEST,VALIDATION,CLUST_0.70_00031,LATE
CANONICAL_845e1f9c54f5,TRAIN,VALIDATION,CLUST_0.70_00055,LATE
CANONICAL_8465613c2603,TRAIN,TEST,CLUST_0.70_00052,LATE
CANONICAL_84698234af1f,TRAIN,TRAIN,CLUST_0.70_00008,LATE
CANONICAL_846daef0c1b4,VALIDATION,TRAIN,CLUST_0.70_00005,EARLY
CANONICAL_847195f89b85,TRAIN,TRAIN,CLUST_0.70_00007,LATE
CANONICAL_8471b90b2773,TRAIN,TRAIN,CLUST_0.70_00241,LATE
CANONICAL_8476f3da4623,TRAIN,TRAIN,CLUST_0.70_00098,LATE
CANONICAL_847a71205464,TRAIN,TEST,CLUST_0.70_00004,IMMEDIATE_EARLY
CANONICAL_847f721a5509,TRAIN,TRAIN,CLUST_0.70_00005,LATE
CANONICAL_848767ec209f,TRAIN,TEST,CLUST_0.70_00052,LATE
CANONICAL_8491c29888c5,TRAIN,TRAIN,CLUST_0.70_00005,LATE
CANONICAL_84943f9318f6,VALIDATION,TRAIN,CLUST_0.70_00005,LATE
CANONICAL_84968cdd313d,VALIDATION,TRAIN,CLUST_0.70_00005,EARLY
CANONICAL_8498924c5dc0,TRAIN,TRAIN,CLUST_0.70_00205,IMMEDIATE_EARLY
CANONICAL_849bf16cb985,TRAIN,VALIDATION,CLUST_0.70_00079,LATE
CANONICAL_849f402f9075,TRAIN,TRAIN,CLUST_0.70_00008,LATE
CANONICAL_84a4028ee342,TRAIN,TRAIN,CLUST_0.70_00033,IMMEDIATE_EARLY
CANONICAL_84ae9d3df199,TRAIN,TEST,CLUST_0.70_00004,IMMEDIATE_EARLY
CANONICAL_84b370bcf72b,TRAIN,VALIDATION,CLUST_0.70_00028,EARLY
CANONICAL_84b49cffca1d,TEST,TEST,CLUST_0.70_00052,LATE
CANONICAL_84be8bf87080,TRAIN,TEST,CLUST_0.70_00030,EARLY
CANONICAL_84bf6373846e,TRAIN,TRAIN,CLUST_0.70_00008,IMMEDIATE_EARLY
CANONICAL_84c02f0103a6,TRAIN,TRAIN,CLUST_0.70_00227,LATE
CANONICAL_84c25892f0ae,TRAIN,TRAIN,CLUST_0.70_00005,LATE
CANONICAL_84c5e4d5c27c,VALIDATION,VALIDATION,CLUST_0.70_00065,LATE
CANONICAL_84c76d54ba71,TRAIN,TRAIN,CLUST_0.70_00005,LATE
CANONICAL_84c90d73cac9,TRAIN,VALIDATION,CLUST_0.70_00025,LATE
CANONICAL_84cc0b26c7e6,TRAIN,VALIDATION,CLUST_0.70_00079,LATE
CANONICAL_84cca2543420,VALIDATION,VALIDATION,CLUST_0.70_00025,LATE
CANONICAL_84ce2e8bf72f,TRAIN,TEST,CLUST_0.70_00020,LATE
CANONICAL_84ce92868f60,TEST,TEST,CLUST_0.70_00001,LATE
CANONICAL_84d3f7a17136,TEST,TRAIN,CLUST_0.70_00339,LATE
CANONICAL_84e7ddf8adab,TRAIN,VALIDATION,CLUST_0.70_00064,LATE
CANONICAL_84e8d69a3531,TRAIN,TRAIN,CLUST_0.70_00005,EARLY
CANONICAL_84e93e2b68d7,TRAIN,VALIDATION,CLUST_0.70_00040,EARLY
CANONICAL_84ee27e1bbb8,TEST,TRAIN,CLUST_0.70_00002,LATE
CANONICAL_84ef83aac6ba,VALIDATION,TRAIN,CLUST_0.70_00005,EARLY
CANONICAL_84f4e7f4484e,VALIDATION,VALIDATION,CLUST_0.70_00058,LATE
CANONICAL_84fa8051a830,VALIDATION,TEST,CLUST_0.70_00020,LATE
CANONICAL_8501ba9b811d,TRAIN,TRAIN,CLUST_0.70_00008,LATE
CANONICAL_8502897be4a4,VALIDATION,TRAIN,CLUST_0.70_00007,LATE
CANONICAL_850fe4c95e42,TEST,TRAIN,CLUST_0.70_00008,LATE
CANONICAL_850fe545f62c,TRAIN,TRAIN,CLUST_0.70_00005,LATE
CANONICAL_851946baced1,TEST,TRAIN,CLUST_0.70_00002,LATE
CANONICAL_8521b5d53464,TRAIN,TRAIN,CLUST_0.70_00164,LATE
CANONICAL_85299cd4dad9,VALIDATION,VALIDATION,CLUST_0.70_00040,EARLY
CANONICAL_852c8d8b9564,TRAIN,TRAIN,CLUST_0.70_00008,LATE
CANONICAL_852c8efdaae3,TRAIN,TRAIN,CLUST_0.70_00005,EARLY
CANONICAL_852cca60f495,TRAIN,TEST,CLUST_0.70_00009,LATE
CANONICAL_852e897919a3,VALIDATION,TRAIN,CLUST_0.70_00049,IMMEDIATE_EARLY
CANONICAL_852eaeab4962,TRAIN,TRAIN,CLUST_0.70_00005,EARLY
CANONICAL_8531002ad425,TRAIN,VALIDATION,CLUST_0.70_00006,IMMEDIATE_EARLY
CANONICAL_8536efa5721b,TEST,TRAIN,CLUST_0.70_00005,EARLY
CANONICAL_853e936fe1c5,TRAIN,TRAIN,CLUST_0.70_00005,EARLY
CANONICAL_8543ddc1c675,TRAIN,TRAIN,CLUST_0.70_00008,LATE
CANONICAL_854efab1a0ff,TRAIN,TRAIN,CLUST_0.70_00008,LATE
CANONICAL_85521e39f45f,TRAIN,TRAIN,CLUST_0.70_00005,EARLY
CANONICAL_8555f0f190b2,TEST,TEST,CLUST_0.70_00030,EARLY
CANONICAL_8562924b8025,TRAIN,TRAIN,CLUST_0.70_00005,EARLY
CANONICAL_85724b5ee474,TRAIN,TEST,CLUST_0.70_00001,LATE
CANONICAL_857840534f9a,TRAIN,VALIDATION,CLUST_0.70_00038,LATE
CANONICAL_857ff1db2093,TRAIN,TEST,CLUST_0.70_00015,LATE
CANONICAL_85828036c8d6,TRAIN,TRAIN,CLUST_0.70_00005,LATE
CANONICAL_8585ac120e2d,TRAIN,TEST,CLUST_0.70_00015,LATE
CANONICAL_858667578777,TRAIN,VALIDATION,CLUST_0.70_00029,LATE
CANONICAL_8586b92d8d2a,TRAIN,TRAIN,CLUST_0.70_00033,IMMEDIATE_EARLY
CANONICAL_858cf60b3256,TRAIN,VALIDATION,CLUST_0.70_00006,IMMEDIATE_EARLY
CANONICAL_858d08ec613a,TEST,TRAIN,CLUST_0.70_00002,LATE
CANONICAL_858fd99cd263,VALIDATION,TRAIN,CLUST_0.70_00164,LATE
CANONICAL_8592dfac4417,TEST,TEST,CLUST_0.70_00052,LATE
CANONICAL_8592f0f350ba,TRAIN,TEST,CLUST_0.70_00037,LATE
CANONICAL_85963ef11659,TRAIN,TRAIN,CLUST_0.70_00134,LATE
CANONICAL_859a0f40909e,TRAIN,TRAIN,CLUST_0.70_00008,LATE
CANONICAL_85a1687c0532,TRAIN,TRAIN,CLUST_0.70_00116,LATE
CANONICAL_85a57208ab14,TRAIN,TEST,CLUST_0.70_00001,LATE
CANONICAL_85a90ef95cb1,TRAIN,TRAIN,CLUST_0.70_00005,EARLY
CANONICAL_85b3f5897f05,VALIDATION,TRAIN,CLUST_0.70_00008,LATE
CANONICAL_85b5d12e32a5,TRAIN,TRAIN,CLUST_0.70_00098,LATE
CANONICAL_85b84848197a,TRAIN,VALIDATION,CLUST_0.70_00029,LATE
CANONICAL_85b8a7a5b121,VALIDATION,TEST,CLUST_0.70_00004,IMMEDIATE_EARLY
CANONICAL_85b9d8394485,TEST,TEST,CLUST_0.70_00018,LATE
CANONICAL_85c5a662f5ac,TRAIN,TEST,CLUST_0.70_00030,EARLY
CANONICAL_85c60ebea29f,TRAIN,TRAIN,CLUST_0.70_00005,EARLY
CANONICAL_85d3889c6e5a,TRAIN,VALIDATION,CLUST_0.70_00169,LATE
CANONICAL_85d40dcfae37,TRAIN,TEST,CLUST_0.70_00030,EARLY
CANONICAL_85d4f4d93e8c,TRAIN,TRAIN,CLUST_0.70_00008,LATE
CANONICAL_85d608a79b00,TEST,TRAIN,CLUST_0.70_00005,LATE
CANONICAL_85da798c1258,TRAIN,TRAIN,CLUST_0.70_00008,LATE
CANONICAL_85df3858472c,TRAIN,TRAIN,CLUST_0.70_00005,LATE
CANONICAL_85e3a90483cc,TRAIN,VALIDATION,CLUST_0.70_00079,LATE
CANONICAL_85e721abaf61,TRAIN,TEST,CLUST_0.70_00001,LATE
CANONICAL_85e733649477,VALIDATION,TRAIN,CLUST_0.70_00008,IMMEDIATE_EARLY
CANONICAL_85ec8badee7d,VALIDATION,VALIDATION,CLUST_0.70_00010,EARLY
CANONICAL_85ee9784df83,TRAIN,TEST,CLUST_0.70_00018,LATE
CANONICAL_85f11d8af360,TRAIN,VALIDATION,CLUST_0.70_00079,LATE
CANONICAL_85f291a4597d,TRAIN,VALIDATION,CLUST_0.70_00127,LATE
CANONICAL_85f2be8fd61b,TRAIN,TRAIN,CLUST_0.70_00005,LATE
CANONICAL_85f4409111d2,TRAIN,TRAIN,CLUST_0.70_00005,EARLY
CANONICAL_85f7a2542a96,TRAIN,TRAIN,CLUST_0.70_00005,EARLY
CANONICAL_85fbf64d5c32,TRAIN,TRAIN,CLUST_0.70_00239,LATE
CANONICAL_85fc05e88e58,TRAIN,TRAIN,CLUST_0.70_00101,EARLY
CANONICAL_8600be3c528f,TRAIN,TRAIN,CLUST_0.70_00005,EARLY
CANONICAL_8604666a3919,TEST,TRAIN,CLUST_0.70_00008,LATE
CANONICAL_8610b9f30a1d,TRAIN,TRAIN,CLUST_0.70_00007,EARLY
CANONICAL_8613afbb2a7a,VALIDATION,TRAIN,CLUST_0.70_00005,EARLY
CANONICAL_8615ba3f72b7,TRAIN,TRAIN,CLUST_0.70_00005,LATE
CANONICAL_861cfb88e200,VALIDATION,VALIDATION,CLUST_0.70_00026,IMMEDIATE_EARLY
CANONICAL_8623ccabb841,TEST,TEST,CLUST_0.70_00071,LATE
CANONICAL_8623dec0e95b,TEST,TRAIN,CLUST_0.70_00005,EARLY
CANONICAL_862c39813499,TRAIN,TRAIN,CLUST_0.70_00062,LATE
CANONICAL_862e5fe79f7e,TRAIN,TEST,CLUST_0.70_00020,LATE
CANONICAL_862eb88474a5,TRAIN,TRAIN,CLUST_0.70_00183,EARLY
CANONICAL_863628d1a0d8,TRAIN,TRAIN,CLUST_0.70_00005,EARLY
CANONICAL_86375be3dde7,TRAIN,VALIDATION,CLUST_0.70_00058,LATE
CANONICAL_863ce7acd27c,VALIDATION,VALIDATION,CLUST_0.70_00064,LATE
CANONICAL_863ddf588b46,TRAIN,VALIDATION,CLUST_0.70_00025,LATE
CANONICAL_86453c2000b9,TRAIN,TEST,CLUST_0.70_00001,LATE
CANONICAL_8648295c41b3,VALIDATION,TRAIN,CLUST_0.70_00007,LATE
CANONICAL_864ab6cca795,VALIDATION,VALIDATION,CLUST_0.70_00059,LATE
CANONICAL_864b3ff56536,TRAIN,TRAIN,CLUST_0.70_00005,EARLY
CANONICAL_864c1ccaca52,VALIDATION,TRAIN,CLUST_0.70_00005,EARLY
CANONICAL_8651bc440a72,TRAIN,TEST,CLUST_0.70_00030,EARLY
CANONICAL_865261ac8640,TRAIN,VALIDATION,CLUST_0.70_00079,LATE
CANONICAL_86554928d3fc,TEST,VALIDATION,CLUST_0.70_00010,LATE
CANONICAL_86579bb3ad69,TEST,TRAIN,CLUST_0.70_00331,LATE
CANONICAL_865c942b8fb6,TRAIN,TRAIN,CLUST_0.70_00007,EARLY
CANONICAL_865f274eafed,TRAIN,TEST,CLUST_0.70_00004,IMMEDIATE_EARLY
CANONICAL_8663befe224b,TRAIN,VALIDATION,CLUST_0.70_00025,LATE
CANONICAL_866a25576b38,TRAIN,TRAIN,CLUST_0.70_00098,LATE
CANONICAL_866e333d0d65,TRAIN,TEST,CLUST_0.70_00051,LATE
CANONICAL_866f055ed0b9,TRAIN,TRAIN,CLUST_0.70_00007,EARLY
CANONICAL_8676a1dc7424,TRAIN,TRAIN,CLUST_0.70_00007,LATE
CANONICAL_86790821f3a4,TRAIN,TRAIN,CLUST_0.70_00005,LATE
CANONICAL_868858438ee2,VALIDATION,TRAIN,CLUST_0.70_00005,EARLY
CANONICAL_8693785c6f44,TRAIN,TEST,CLUST_0.70_00030,EARLY
CANONICAL_86962ac610c5,TRAIN,TRAIN,CLUST_0.70_00097,LATE
CANONICAL_869d6e75a2d6,TRAIN,TRAIN,CLUST_0.70_00005,EARLY
CANONICAL_869e32e851a0,VALIDATION,TRAIN,CLUST_0.70_00008,LATE
CANONICAL_86a2ab682478,VALIDATION,TRAIN,CLUST_0.70_00062,LATE
CANONICAL_86a2ab99af82,TEST,TRAIN,CLUST_0.70_00008,IMMEDIATE_EARLY
CANONICAL_86a80921f4a3,TRAIN,TRAIN,CLUST_0.70_00005,EARLY
CANONICAL_86ac04395196,TRAIN,TRAIN,CLUST_0.70_00005,EARLY
CANONICAL_86acbc3fd0c8,VALIDATION,TRAIN,CLUST_0.70_00310,LATE
CANONICAL_86aef5b279b5,TRAIN,TRAIN,CLUST_0.70_00008,LATE
CANONICAL_86b38fc7368c,TRAIN,TEST,CLUST_0.70_00020,LATE
CANONICAL_86b619d80983,TRAIN,TRAIN,CLUST_0.70_00005,LATE
CANONICAL_86b91e54490c,TRAIN,TRAIN,CLUST_0.70_00008,LATE
CANONICAL_86bfd4f3bf23,TRAIN,TRAIN,CLUST_0.70_00005,LATE
CANONICAL_86bffefd4eea,TRAIN,VALIDATION,CLUST_0.70_00028,EARLY
CANONICAL_86c1ba67bf07,TRAIN,VALIDATION,CLUST_0.70_00127,LATE
CANONICAL_86c3d0706638,TRAIN,TRAIN,CLUST_0.70_00005,EARLY
CANONICAL_86c60d76d3dc,TRAIN,TRAIN,CLUST_0.70_00247,EARLY
CANONICAL_86c91fa13a31,TRAIN,TRAIN,CLUST_0.70_00007,LATE
CANONICAL_86ca8b56241b,TRAIN,TRAIN,CLUST_0.70_00005,EARLY
CANONICAL_86ccb8a094f0,TEST,VALIDATION,CLUST_0.70_00026,IMMEDIATE_EARLY
CANONICAL_86cd65977d5d,TRAIN,VALIDATION,CLUST_0.70_00006,IMMEDIATE_EARLY
CANONICAL_86cdc0d35851,TRAIN,TRAIN,CLUST_0.70_00005,EARLY
CANONICAL_86cf1485c5b1,TRAIN,TRAIN,CLUST_0.70_00109,LATE
CANONICAL_86d72dc64718,TRAIN,TRAIN,CLUST_0.70_00005,LATE
CANONICAL_86da0b9982fd,TRAIN,TRAIN,CLUST_0.70_00007,LATE
CANONICAL_86ddc2003e0f,TRAIN,TRAIN,CLUST_0.70_00005,LATE
CANONICAL_86e13316c606,TRAIN,TRAIN,CLUST_0.70_00005,EARLY
CANONICAL_86e283882f45,TRAIN,VALIDATION,CLUST_0.70_00040,EARLY
CANONICAL_86e6299f4c93,VALIDATION,VALIDATION,CLUST_0.70_00029,LATE
CANONICAL_86e7d9ba5285,TRAIN,TRAIN,CLUST_0.70_00005,EARLY
CANONICAL_86e888edebf2,TEST,VALIDATION,CLUST_0.70_00127,LATE
CANONICAL_86e90041805d,VALIDATION,TEST,CLUST_0.70_00030,EARLY
CANONICAL_86ea5881be7f,TRAIN,TEST,CLUST_0.70_00037,LATE
CANONICAL_86f04b489022,TEST,TRAIN,CLUST_0.70_00005,LATE
CANONICAL_86f7755e5024,TRAIN,TRAIN,CLUST_0.70_00005,EARLY
CANONICAL_86f917a15dc6,TRAIN,TRAIN,CLUST_0.70_00005,EARLY
CANONICAL_86fcfdb6030d,TRAIN,TEST,CLUST_0.70_00004,IMMEDIATE_EARLY
CANONICAL_86fec5bfc0fc,VALIDATION,TEST,CLUST_0.70_00004,IMMEDIATE_EARLY
CANONICAL_87004b49dd29,VALIDATION,TRAIN,CLUST_0.70_00005,EARLY
CANONICAL_87008b73c24e,TRAIN,TEST,CLUST_0.70_00052,LATE
CANONICAL_8706fd6c5708,TRAIN,VALIDATION,CLUST_0.70_00055,LATE
CANONICAL_8709637eeab2,TRAIN,VALIDATION,CLUST_0.70_00017,LATE
CANONICAL_870a573a30d6,TRAIN,TRAIN,CLUST_0.70_00007,LATE
CANONICAL_870bf6af131b,TRAIN,TRAIN,CLUST_0.70_00005,LATE
CANONICAL_870fdeb37835,TRAIN,TRAIN,CLUST_0.70_00005,EARLY
CANONICAL_87113dde7082,TRAIN,TEST,CLUST_0.70_00052,LATE
CANONICAL_871383cc6316,TRAIN,TRAIN,CLUST_0.70_00005,EARLY
CANONICAL_871417ba8d36,TRAIN,TRAIN,CLUST_0.70_00068,LATE
CANONICAL_87184551848c,VALIDATION,VALIDATION,CLUST_0.70_00040,EARLY
CANONICAL_87265fa42e3e,TRAIN,VALIDATION,CLUST_0.70_00006,IMMEDIATE_EARLY
CANONICAL_872d533bc604,TEST,VALIDATION,CLUST_0.70_00006,IMMEDIATE_EARLY
CANONICAL_873a831ba9be,TRAIN,TRAIN,CLUST_0.70_00005,EARLY
CANONICAL_873aa572f526,TRAIN,TRAIN,CLUST_0.70_00005,EARLY
CANONICAL_873c3c604b7b,TRAIN,TRAIN,CLUST_0.70_00062,LATE
CANONICAL_8740bbb36e7a,TRAIN,TRAIN,CLUST_0.70_00134,LATE
CANONICAL_8740bdc6871f,TRAIN,TRAIN,CLUST_0.70_00005,EARLY
CANONICAL_8746a7981909,TRAIN,VALIDATION,CLUST_0.70_00040,EARLY
CANONICAL_87489dc526cf,VALIDATION,TRAIN,CLUST_0.70_00005,EARLY
CANONICAL_874bab8277cc,TRAIN,VALIDATION,CLUST_0.70_00031,LATE
CANONICAL_874d3681cffa,TRAIN,VALIDATION,CLUST_0.70_00079,LATE
CANONICAL_8753239f1546,TRAIN,TRAIN,CLUST_0.70_00250,LATE
CANONICAL_875352c30a83,TRAIN,TRAIN,CLUST_0.70_00005,EARLY
CANONICAL_87555e68b0d8,TRAIN,VALIDATION,CLUST_0.70_00041,EARLY
CANONICAL_87565a920b13,TRAIN,VALIDATION,CLUST_0.70_00006,IMMEDIATE_EARLY
CANONICAL_87578cb9e70d,TRAIN,TRAIN,CLUST_0.70_00005,LATE
CANONICAL_8759b3825d5b,TRAIN,TRAIN,CLUST_0.70_00008,LATE
CANONICAL_875a29cd7164,TRAIN,VALIDATION,CLUST_0.70_00064,LATE
CANONICAL_875caa175f97,VALIDATION,TEST,CLUST_0.70_00030,EARLY
CANONICAL_875ea233c853,TRAIN,TRAIN,CLUST_0.70_00124,LATE
CANONICAL_876542bd9f5b,TRAIN,TEST,CLUST_0.70_00080,LATE
CANONICAL_87687d052ca3,VALIDATION,TRAIN,CLUST_0.70_00005,EARLY
CANONICAL_8768e4897863,TRAIN,TRAIN,CLUST_0.70_00005,LATE
CANONICAL_876b2126fda3,TRAIN,VALIDATION,CLUST_0.70_00025,LATE
CANONICAL_8772329e1b21,TRAIN,TRAIN,CLUST_0.70_00008,LATE
CANONICAL_877518cb0d74,TRAIN,VALIDATION,CLUST_0.70_00029,LATE
CANONICAL_8775307e4470,TRAIN,VALIDATION,CLUST_0.70_00055,LATE
CANONICAL_8786829d094c,TRAIN,TRAIN,CLUST_0.70_00008,LATE
CANONICAL_878aff39fce9,TRAIN,TRAIN,CLUST_0.70_00007,LATE
CANONICAL_878b7bb22431,VALIDATION,TEST,CLUST_0.70_00015,LATE
CANONICAL_87950c9d264e,VALIDATION,TRAIN,CLUST_0.70_00008,LATE
CANONICAL_879cb230815a,VALIDATION,VALIDATION,CLUST_0.70_00079,LATE
CANONICAL_879feeb04280,VALIDATION,VALIDATION,CLUST_0.70_00006,IMMEDIATE_EARLY
CANONICAL_87a3c9d1ceae,VALIDATION,TRAIN,CLUST_0.70_00008,LATE
CANONICAL_87a5f18d7606,TRAIN,TRAIN,CLUST_0.70_00005,EARLY
CANONICAL_87aab4e63476,TRAIN,TRAIN,CLUST_0.70_00005,EARLY
CANONICAL_87ac535140eb,TRAIN,TRAIN,CLUST_0.70_00005,LATE
CANONICAL_87ae9ddbab4e,VALIDATION,TEST,CLUST_0.70_00080,LATE
CANONICAL_87aff51795ea,TRAIN,TEST,CLUST_0.70_00037,LATE
CANONICAL_87b187556135,TRAIN,TRAIN,CLUST_0.70_00008,LATE
CANONICAL_87b2db4306b5,TRAIN,TRAIN,CLUST_0.70_00008,LATE
CANONICAL_87b4d82f3bfa,TRAIN,VALIDATION,CLUST_0.70_00127,LATE
CANONICAL_87b6c2252dcf,TRAIN,TRAIN,CLUST_0.70_00008,LATE
CANONICAL_87b895940571,VALIDATION,TRAIN,CLUST_0.70_00008,LATE
CANONICAL_87bac3f203b4,TRAIN,TRAIN,CLUST_0.70_00005,LATE
CANONICAL_87bda3cebbc6,TRAIN,TRAIN,CLUST_0.70_00042,LATE
CANONICAL_87bf65812356,TRAIN,TEST,CLUST_0.70_00001,LATE
CANONICAL_87bfb97f8d1d,TRAIN,TRAIN,CLUST_0.70_00005,EARLY
CANONICAL_87c02b493a9e,VALIDATION,TEST,CLUST_0.70_00071,LATE
CANONICAL_87c3244e3461,VALIDATION,TRAIN,CLUST_0.70_00008,LATE
CANONICAL_87c5871a1fa2,TRAIN,TRAIN,CLUST_0.70_00008,LATE
CANONICAL_87c804293eb5,TEST,TRAIN,CLUST_0.70_00005,EARLY
CANONICAL_87c832a11a54,TEST,TEST,CLUST_0.70_00020,LATE
CANONICAL_87c844ab7ea4,TRAIN,TRAIN,CLUST_0.70_00008,LATE
CANONICAL_87d0f794e123,VALIDATION,TRAIN,CLUST_0.70_00007,EARLY
CANONICAL_87d23b7f365a,TRAIN,TRAIN,CLUST_0.70_00005,LATE
CANONICAL_87d42979f715,TEST,VALIDATION,CLUST_0.70_00055,LATE
CANONICAL_87dae746d075,TRAIN,TRAIN,CLUST_0.70_00005,LATE
CANONICAL_87dc8c2d409f,TRAIN,VALIDATION,CLUST_0.70_00086,LATE
CANONICAL_87df197d29b5,TRAIN,TRAIN,CLUST_0.70_00005,LATE
CANONICAL_87ea047b0145,TRAIN,TRAIN,CLUST_0.70_00005,LATE
CANONICAL_87eb4f75b095,VALIDATION,TEST,CLUST_0.70_00030,EARLY
CANONICAL_87edecfecd22,TRAIN,TEST,CLUST_0.70_00004,IMMEDIATE_EARLY
CANONICAL_87ee1b413951,TEST,TRAIN,CLUST_0.70_00056,LATE
CANONICAL_87fa347a46ac,TEST,TRAIN,CLUST_0.70_00008,LATE
CANONICAL_87fcb0d6beaf,TRAIN,TRAIN,CLUST_0.70_00005,EARLY
CANONICAL_87fd3c23df0b,TRAIN,VALIDATION,CLUST_0.70_00026,IMMEDIATE_EARLY
CANONICAL_87fdb50bb93e,TEST,VALIDATION,CLUST_0.70_00006,IMMEDIATE_EARLY
CANONICAL_87fdd54e13f9,VALIDATION,TRAIN,CLUST_0.70_00005,EARLY
CANONICAL_87fe726e875d,TRAIN,VALIDATION,CLUST_0.70_00029,LATE
CANONICAL_8805545dd4b5,TRAIN,TEST,CLUST_0.70_00004,IMMEDIATE_EARLY
CANONICAL_880b15176414,TRAIN,VALIDATION,CLUST_0.70_00026,IMMEDIATE_EARLY
CANONICAL_880b7f841201,TEST,TRAIN,CLUST_0.70_00005,EARLY
CANONICAL_880bf3da7280,TRAIN,TRAIN,CLUST_0.70_00296,EARLY
CANONICAL_880d7bdf11fe,TRAIN,TRAIN,CLUST_0.70_00005,EARLY
CANONICAL_8812ba3dc7a6,TRAIN,TRAIN,CLUST_0.70_00008,LATE
CANONICAL_8816247f7f27,TEST,TRAIN,CLUST_0.70_00007,LATE
CANONICAL_882066abbb47,TEST,VALIDATION,CLUST_0.70_00055,LATE
CANONICAL_8820e78e727c,TRAIN,TRAIN,CLUST_0.70_00005,EARLY
CANONICAL_8825187bc3b6,TEST,VALIDATION,CLUST_0.70_00059,LATE
CANONICAL_8829f6795b67,TRAIN,TRAIN,CLUST_0.70_00223,LATE
CANONICAL_882adf82765a,TRAIN,VALIDATION,CLUST_0.70_00079,LATE
CANONICAL_882c811a2aaf,TRAIN,TEST,CLUST_0.70_00052,LATE
CANONICAL_882d58d9ea43,VALIDATION,TRAIN,CLUST_0.70_00008,LATE
CANONICAL_882fa9d4da52,TRAIN,TRAIN,CLUST_0.70_00008,LATE
CANONICAL_88301ce4dea9,TEST,VALIDATION,CLUST_0.70_00031,LATE
CANONICAL_883b52c98eff,VALIDATION,TRAIN,CLUST_0.70_00005,EARLY
CANONICAL_88424c436017,VALIDATION,TRAIN,CLUST_0.70_00005,LATE
CANONICAL_8845838ac463,VALIDATION,TRAIN,CLUST_0.70_00008,LATE
CANONICAL_884b56fb2ce1,TRAIN,VALIDATION,CLUST_0.70_00017,LATE
CANONICAL_884cf0abe44f,TRAIN,VALIDATION,CLUST_0.70_00016,EARLY
CANONICAL_8854ce7e4d79,VALIDATION,TRAIN,CLUST_0.70_00134,LATE
CANONICAL_885cfc3f8363,TRAIN,TEST,CLUST_0.70_00004,IMMEDIATE_EARLY
CANONICAL_8861c4fe9b74,TEST,VALIDATION,CLUST_0.70_00127,LATE
CANONICAL_88786ce38976,VALIDATION,VALIDATION,CLUST_0.70_00040,EARLY
CANONICAL_887e3affb104,TRAIN,VALIDATION,CLUST_0.70_00058,LATE
CANONICAL_887e69fb1d98,TRAIN,TRAIN,CLUST_0.70_00005,EARLY
CANONICAL_887efcecf814,TRAIN,TRAIN,CLUST_0.70_00005,LATE
CANONICAL_887f5803aa40,TRAIN,TRAIN,CLUST_0.70_00007,LATE
CANONICAL_8884ce327ca8,TRAIN,TRAIN,CLUST_0.70_00005,LATE
CANONICAL_88866a15f050,TRAIN,TRAIN,CLUST_0.70_00007,LATE
CANONICAL_8887c3cfe24e,TRAIN,VALIDATION,CLUST_0.70_00064,LATE
CANONICAL_888b0cb7d0e7,TRAIN,VALIDATION,CLUST_0.70_00017,LATE
CANONICAL_888c9e8a6033,TEST,TEST,CLUST_0.70_00052,LATE
CANONICAL_88970bff5432,TRAIN,TRAIN,CLUST_0.70_00005,EARLY
CANONICAL_889877233982,TRAIN,TEST,CLUST_0.70_00020,LATE
CANONICAL_889f226bd37b,TRAIN,TRAIN,CLUST_0.70_00005,EARLY
CANONICAL_88a07b48ed5c,TRAIN,VALIDATION,CLUST_0.70_00055,LATE
CANONICAL_88a19ceee83a,TRAIN,TRAIN,CLUST_0.70_00056,LATE
CANONICAL_88a7e17446f4,VALIDATION,TRAIN,CLUST_0.70_00008,LATE
CANONICAL_88a8b2db5f88,VALIDATION,VALIDATION,CLUST_0.70_00010,EARLY
CANONICAL_88abeca11068,TRAIN,TRAIN,CLUST_0.70_00007,LATE
CANONICAL_88abf45397bc,TRAIN,TRAIN,CLUST_0.70_00005,LATE
CANONICAL_88b1a3e7b7c3,TRAIN,VALIDATION,CLUST_0.70_00127,LATE
CANONICAL_88b25fa55c40,TEST,TRAIN,CLUST_0.70_00008,LATE
CANONICAL_88b5e1657b2d,TRAIN,TRAIN,CLUST_0.70_00007,EARLY
CANONICAL_88b8370d1d96,TEST,VALIDATION,CLUST_0.70_00106,LATE
CANONICAL_88c142ba328b,VALIDATION,VALIDATION,CLUST_0.70_00028,EARLY
CANONICAL_88c1fbba8986,TEST,TEST,CLUST_0.70_00004,IMMEDIATE_EARLY
CANONICAL_88c3805ad2ae,TRAIN,TRAIN,CLUST_0.70_00005,LATE
CANONICAL_88c449efb109,TRAIN,TRAIN,CLUST_0.70_00005,EARLY
CANONICAL_88c72b7b1570,TRAIN,TEST,CLUST_0.70_00001,LATE
CANONICAL_88c91f058b7a,TRAIN,TRAIN,CLUST_0.70_00019,LATE
CANONICAL_88cd274c79fd,TRAIN,VALIDATION,CLUST_0.70_00025,LATE
CANONICAL_88cff4e918ca,TEST,TRAIN,CLUST_0.70_00005,EARLY
CANONICAL_88d0405ec5ca,TRAIN,VALIDATION,CLUST_0.70_00029,LATE
CANONICAL_88d262556835,TRAIN,VALIDATION,CLUST_0.70_00086,LATE
CANONICAL_88d518ff36f2,TRAIN,TRAIN,CLUST_0.70_00005,LATE
CANONICAL_88de5f883a95,TRAIN,VALIDATION,CLUST_0.70_00016,EARLY
CANONICAL_88ea7ebadf79,TRAIN,TEST,CLUST_0.70_00004,IMMEDIATE_EARLY
CANONICAL_88eb3afa6307,TRAIN,TRAIN,CLUST_0.70_00047,LATE
CANONICAL_88ed305947b5,TRAIN,TRAIN,CLUST_0.70_00007,EARLY
CANONICAL_88efb842dec2,TRAIN,TRAIN,CLUST_0.70_00007,EARLY
CANONICAL_88f0b8985f67,TRAIN,TRAIN,CLUST_0.70_00333,LATE
CANONICAL_88f6c014b59e,TRAIN,TRAIN,CLUST_0.70_00005,LATE
CANONICAL_88f9542a6d74,VALIDATION,TRAIN,CLUST_0.70_00008,LATE
CANONICAL_88fa8f613aa1,TRAIN,TEST,CLUST_0.70_00030,EARLY
CANONICAL_88ffa92af111,TRAIN,TRAIN,CLUST_0.70_00062,LATE
CANONICAL_890428ddea09,TRAIN,TRAIN,CLUST_0.70_00109,LATE
CANONICAL_890443fbba11,TRAIN,TRAIN,CLUST_0.70_00056,LATE
CANONICAL_89064504a40c,VALIDATION,TRAIN,CLUST_0.70_00005,EARLY
CANONICAL_890d67097fc2,TRAIN,TRAIN,CLUST_0.70_00007,LATE
CANONICAL_8912554745a0,TEST,TRAIN,CLUST_0.70_00005,LATE
CANONICAL_8913c24b9b44,VALIDATION,TEST,CLUST_0.70_00004,IMMEDIATE_EARLY
CANONICAL_8918cbc5ffb0,TRAIN,TRAIN,CLUST_0.70_00005,EARLY
CANONICAL_891b1c681e10,TRAIN,TEST,CLUST_0.70_00015,LATE
CANONICAL_891dc3f3df68,TRAIN,TEST,CLUST_0.70_00001,LATE
CANONICAL_891f810cbf66,TRAIN,VALIDATION,CLUST_0.70_00065,LATE
CANONICAL_8927fbc31f68,TRAIN,TEST,CLUST_0.70_00015,LATE
CANONICAL_89281b331bf3,TRAIN,TEST,CLUST_0.70_00030,EARLY
CANONICAL_8928ad3a555e,TRAIN,TRAIN,CLUST_0.70_00144,EARLY
CANONICAL_892907a7296b,TRAIN,TRAIN,CLUST_0.70_00008,LATE
CANONICAL_892c59830034,TRAIN,TRAIN,CLUST_0.70_00008,IMMEDIATE_EARLY
CANONICAL_893719ac2a8c,TRAIN,TRAIN,CLUST_0.70_00005,EARLY
CANONICAL_8939a16c9a2f,TRAIN,TRAIN,CLUST_0.70_00005,LATE
CANONICAL_893c723b3e65,TRAIN,TRAIN,CLUST_0.70_00007,EARLY
CANONICAL_894225674090,TRAIN,VALIDATION,CLUST_0.70_00028,EARLY
CANONICAL_8943ab1b945d,TRAIN,TEST,CLUST_0.70_00030,EARLY
CANONICAL_894412721288,TRAIN,TRAIN,CLUST_0.70_00056,LATE
CANONICAL_8944ebe5921d,TRAIN,VALIDATION,CLUST_0.70_00127,LATE
CANONICAL_8945aa4ddeaf,TRAIN,TRAIN,CLUST_0.70_00005,LATE
CANONICAL_8949499c44ff,VALIDATION,TRAIN,CLUST_0.70_00005,EARLY
CANONICAL_894ab4747332,TRAIN,VALIDATION,CLUST_0.70_00041,EARLY
CANONICAL_894dfbc70404,TRAIN,TRAIN,CLUST_0.70_00005,EARLY
CANONICAL_894f570a2fe7,TRAIN,VALIDATION,CLUST_0.70_00079,LATE
CANONICAL_89517a077354,TEST,VALIDATION,CLUST_0.70_00026,IMMEDIATE_EARLY
CANONICAL_896b7cdb992b,TEST,TEST,CLUST_0.70_00051,LATE
CANONICAL_896f16b4ced9,TRAIN,TRAIN,CLUST_0.70_00008,LATE
CANONICAL_89761c94a88e,TRAIN,VALIDATION,CLUST_0.70_00038,LATE
CANONICAL_8976e30adabf,TRAIN,TRAIN,CLUST_0.70_00005,EARLY
CANONICAL_8977c5debe25,TRAIN,TEST,CLUST_0.70_00037,LATE
CANONICAL_898028b68bac,TRAIN,VALIDATION,CLUST_0.70_00025,LATE
CANONICAL_898090bb3b62,TRAIN,TRAIN,CLUST_0.70_00005,EARLY
CANONICAL_8984354d790e,TRAIN,TRAIN,CLUST_0.70_00008,LATE
CANONICAL_89857103277d,TRAIN,TRAIN,CLUST_0.70_00008,LATE
CANONICAL_8991225b9dcd,TEST,TRAIN,CLUST_0.70_00005,LATE
CANONICAL_899167e6aa90,VALIDATION,VALIDATION,CLUST_0.70_00169,LATE
CANONICAL_899c0f4f10bd,TRAIN,TRAIN,CLUST_0.70_00007,LATE
CANONICAL_89a53afdd282,TRAIN,TRAIN,CLUST_0.70_00005,LATE
CANONICAL_89a76e7993ce,TRAIN,TEST,CLUST_0.70_00018,LATE
CANONICAL_89b26f450552,TRAIN,VALIDATION,CLUST_0.70_00058,LATE
CANONICAL_89b381ea97bb,TRAIN,TEST,CLUST_0.70_00001,LATE
CANONICAL_89beb66f55d4,TRAIN,VALIDATION,CLUST_0.70_00086,LATE
CANONICAL_89bf3dcfbb84,TEST,VALIDATION,CLUST_0.70_00055,LATE
CANONICAL_89bf98de5238,TRAIN,TRAIN,CLUST_0.70_00005,LATE
CANONICAL_89c03d8e0d4c,TRAIN,TRAIN,CLUST_0.70_00005,LATE
CANONICAL_89c1bf08cae0,TRAIN,TRAIN,CLUST_0.70_00005,LATE
CANONICAL_89c63867fdd0,TRAIN,TRAIN,CLUST_0.70_00056,LATE
CANONICAL_89c6c556086f,TRAIN,TRAIN,CLUST_0.70_00008,LATE
CANONICAL_89d65cd704be,TRAIN,TEST,CLUST_0.70_00009,LATE
CANONICAL_89db79c3f05e,TRAIN,TRAIN,CLUST_0.70_00005,EARLY
CANONICAL_89e5b4e72d52,TRAIN,TRAIN,CLUST_0.70_00033,IMMEDIATE_EARLY
CANONICAL_89e69e08f9d1,TRAIN,TRAIN,CLUST_0.70_00008,LATE
CANONICAL_89e82c28fed4,TEST,TRAIN,CLUST_0.70_00007,IMMEDIATE_EARLY
CANONICAL_89e82f5a6272,TRAIN,TEST,CLUST_0.70_00080,LATE
CANONICAL_89ea92c8585e,TRAIN,TRAIN,CLUST_0.70_00005,LATE
CANONICAL_89ee638b7c33,TEST,TEST,CLUST_0.70_00052,LATE
CANONICAL_89ee7474c34f,TRAIN,TRAIN,CLUST_0.70_00005,LATE
CANONICAL_89f2dce5218a,TRAIN,TEST,CLUST_0.70_00020,LATE
CANONICAL_89f3a1c102e0,TRAIN,TEST,CLUST_0.70_00004,IMMEDIATE_EARLY
CANONICAL_89f5074f9d13,TRAIN,TRAIN,CLUST_0.70_00005,LATE
CANONICAL_89f70d268f4f,TRAIN,VALIDATION,CLUST_0.70_00079,LATE
CANONICAL_89f9d1cb8783,TRAIN,TEST,CLUST_0.70_00071,LATE
CANONICAL_89ff73c29c47,TRAIN,TRAIN,CLUST_0.70_00005,EARLY
CANONICAL_8a03a5dff2a8,TRAIN,TRAIN,CLUST_0.70_00008,LATE
CANONICAL_8a03c428d070,TRAIN,TRAIN,CLUST_0.70_00007,LATE
CANONICAL_8a041447ab10,TRAIN,TEST,CLUST_0.70_00080,LATE
CANONICAL_8a0478821266,VALIDATION,TEST,CLUST_0.70_00030,EARLY
CANONICAL_8a07a17d4507,TRAIN,TEST,CLUST_0.70_00015,LATE
CANONICAL_8a07c9b3af1d,TRAIN,TRAIN,CLUST_0.70_00005,LATE
CANONICAL_8a08bef05ad0,TRAIN,TEST,CLUST_0.70_00052,LATE
CANONICAL_8a180f16c0ec,VALIDATION,VALIDATION,CLUST_0.70_00127,LATE
CANONICAL_8a1b27e0feae,TRAIN,TEST,CLUST_0.70_00015,LATE
CANONICAL_8a1cc0835b3d,VALIDATION,TRAIN,CLUST_0.70_00005,LATE
CANONICAL_8a1cc6fdcdde,TRAIN,VALIDATION,CLUST_0.70_00058,LATE
CANONICAL_8a2695bfa93f,TRAIN,VALIDATION,CLUST_0.70_00190,LATE
CANONICAL_8a293371423e,TRAIN,TRAIN,CLUST_0.70_00005,EARLY
CANONICAL_8a2be058b106,TRAIN,TRAIN,CLUST_0.70_00008,LATE
CANONICAL_8a3069ed4716,TRAIN,TEST,CLUST_0.70_00080,LATE
CANONICAL_8a348496e89a,TEST,TEST,CLUST_0.70_00052,LATE
CANONICAL_8a35cc3fe6a2,TRAIN,TRAIN,CLUST_0.70_00008,LATE
CANONICAL_8a36b4dcc653,TRAIN,TRAIN,CLUST_0.70_00005,LATE
CANONICAL_8a39ca0269d4,TRAIN,VALIDATION,CLUST_0.70_00064,LATE
CANONICAL_8a3a8734835b,TEST,TRAIN,CLUST_0.70_00005,EARLY
CANONICAL_8a3ff3577cf1,TRAIN,TRAIN,CLUST_0.70_00239,LATE
CANONICAL_8a41d486a696,TRAIN,TRAIN,CLUST_0.70_00063,LATE
CANONICAL_8a41f495d7a0,VALIDATION,VALIDATION,CLUST_0.70_00029,LATE
CANONICAL_8a436a8f99cb,TRAIN,TRAIN,CLUST_0.70_00315,EARLY
CANONICAL_8a4379a10759,TEST,VALIDATION,CLUST_0.70_00079,LATE
CANONICAL_8a467d4c24e6,TRAIN,TRAIN,CLUST_0.70_00005,EARLY
CANONICAL_8a4b7ee7ff2c,TEST,TRAIN,CLUST_0.70_00126,LATE
CANONICAL_8a4dacc44170,VALIDATION,TRAIN,CLUST_0.70_00008,LATE
CANONICAL_8a513ba13011,TRAIN,TRAIN,CLUST_0.70_00109,LATE
CANONICAL_8a522bb502ac,TRAIN,TRAIN,CLUST_0.70_00005,LATE
CANONICAL_8a546eed56e3,TRAIN,VALIDATION,CLUST_0.70_00017,LATE
CANONICAL_8a5ae668d269,TRAIN,TRAIN,CLUST_0.70_00014,LATE
CANONICAL_8a5e18864693,TRAIN,TEST,CLUST_0.70_00030,EARLY
CANONICAL_8a6004d3929b,VALIDATION,TRAIN,CLUST_0.70_00104,IMMEDIATE_EARLY
CANONICAL_8a639ade5b50,TRAIN,TEST,CLUST_0.70_00020,LATE
CANONICAL_8a641eabefc6,TRAIN,VALIDATION,CLUST_0.70_00026,IMMEDIATE_EARLY
CANONICAL_8a7364278d87,TRAIN,TRAIN,CLUST_0.70_00005,EARLY
CANONICAL_8a73e1970ae9,TRAIN,TRAIN,CLUST_0.70_00345,LATE
CANONICAL_8a79e5f60455,VALIDATION,VALIDATION,CLUST_0.70_00028,EARLY
CANONICAL_8a7a520210fe,TRAIN,TRAIN,CLUST_0.70_00005,EARLY
CANONICAL_8a7f3c8b78c1,TRAIN,TEST,CLUST_0.70_00037,LATE
CANONICAL_8a8bcf430dfd,TRAIN,VALIDATION,CLUST_0.70_00065,LATE
CANONICAL_8a936d42f723,TEST,VALIDATION,CLUST_0.70_00010,LATE
CANONICAL_8a96fb5bce6b,TRAIN,TRAIN,CLUST_0.70_00005,EARLY
CANONICAL_8a978895c44b,TEST,TEST,CLUST_0.70_00080,LATE
CANONICAL_8a9d109a710b,TRAIN,TEST,CLUST_0.70_00080,LATE
CANONICAL_8a9fd0f08b98,TRAIN,TRAIN,CLUST_0.70_00008,LATE
CANONICAL_8aa2c55da451,TRAIN,TRAIN,CLUST_0.70_00005,LATE
CANONICAL_8aa35e9ba049,TRAIN,TRAIN,CLUST_0.70_00008,LATE
CANONICAL_8aa3b29741b2,TEST,VALIDATION,CLUST_0.70_00010,LATE
CANONICAL_8aa63412ca0b,TRAIN,TRAIN,CLUST_0.70_00007,LATE
CANONICAL_8aa8cd4fe3b2,TRAIN,TRAIN,CLUST_0.70_00164,LATE
CANONICAL_8ab2c994a52d,TRAIN,TEST,CLUST_0.70_00018,EARLY
CANONICAL_8ab3e0077064,TRAIN,VALIDATION,CLUST_0.70_00038,LATE
CANONICAL_8ab6fe878518,TEST,TRAIN,CLUST_0.70_00005,EARLY
CANONICAL_8ac1b04eba86,TRAIN,TRAIN,CLUST_0.70_00008,LATE
CANONICAL_8ac53fea72cf,VALIDATION,TRAIN,CLUST_0.70_00008,EARLY
CANONICAL_8ac5adf8af70,TRAIN,TEST,CLUST_0.70_00037,LATE
CANONICAL_8ac65190a9cc,VALIDATION,TRAIN,CLUST_0.70_00005,EARLY
CANONICAL_8acf1c8eebf3,TRAIN,TEST,CLUST_0.70_00001,LATE
CANONICAL_8acf79734e12,TRAIN,TEST,CLUST_0.70_00030,EARLY
CANONICAL_8ad51549a6d6,TRAIN,TRAIN,CLUST_0.70_00005,LATE
CANONICAL_8ad63a6d33fd,TRAIN,TEST,CLUST_0.70_00037,LATE
CANONICAL_8adb5be25e1e,TRAIN,VALIDATION,CLUST_0.70_00041,EARLY
CANONICAL_8add24d501d2,TRAIN,TEST,CLUST_0.70_00030,EARLY
CANONICAL_8ae0a07c6223,TEST,TEST,CLUST_0.70_00030,EARLY
CANONICAL_8ae7a46df8a7,TRAIN,VALIDATION,CLUST_0.70_00059,LATE
CANONICAL_8aeda4f81f1d,TRAIN,TEST,CLUST_0.70_00015,LATE
CANONICAL_8af0ddfde3e7,TRAIN,TRAIN,CLUST_0.70_00005,LATE
CANONICAL_8af35a7759d4,TRAIN,TRAIN,CLUST_0.70_00008,LATE
CANONICAL_8afcc1c52df2,TEST,TEST,CLUST_0.70_00030,EARLY
CANONICAL_8afe4fce7242,TRAIN,VALIDATION,CLUST_0.70_00006,IMMEDIATE_EARLY
CANONICAL_8b09c9ead416,TRAIN,TRAIN,CLUST_0.70_00007,LATE
CANONICAL_8b0d2d143718,TRAIN,TRAIN,CLUST_0.70_00005,LATE
CANONICAL_8b115eb61485,TRAIN,TEST,CLUST_0.70_00080,LATE
CANONICAL_8b11c48a698c,TRAIN,TRAIN,CLUST_0.70_00008,LATE
CANONICAL_8b12f4d86a2f,TEST,TEST,CLUST_0.70_00004,IMMEDIATE_EARLY
CANONICAL_8b1d470a99f5,TRAIN,TRAIN,CLUST_0.70_00008,LATE
CANONICAL_8b1f0bd4e6f6,TEST,TEST,CLUST_0.70_00015,LATE
CANONICAL_8b205ea289f6,TRAIN,VALIDATION,CLUST_0.70_00031,LATE
CANONICAL_8b2224c56d05,TEST,TRAIN,CLUST_0.70_00005,EARLY
CANONICAL_8b243ec12ebf,TRAIN,TEST,CLUST_0.70_00052,LATE
CANONICAL_8b26a92d89d6,VALIDATION,TEST,CLUST_0.70_00018,LATE
CANONICAL_8b2a80d8cb89,TRAIN,TRAIN,CLUST_0.70_00005,LATE
CANONICAL_8b31ab9e695d,TRAIN,VALIDATION,CLUST_0.70_00026,IMMEDIATE_EARLY
CANONICAL_8b3691afee65,TEST,TRAIN,CLUST_0.70_00007,EARLY
CANONICAL_8b3c348d4455,TRAIN,TRAIN,CLUST_0.70_00008,LATE
CANONICAL_8b3fc7311025,VALIDATION,TRAIN,CLUST_0.70_00008,LATE
CANONICAL_8b40ede325fe,TRAIN,VALIDATION,CLUST_0.70_00039,LATE
CANONICAL_8b47b57109c8,TEST,TRAIN,CLUST_0.70_00008,LATE
CANONICAL_8b49d7cb40cb,TRAIN,VALIDATION,CLUST_0.70_00055,LATE
CANONICAL_8b4dc44531e5,TRAIN,TRAIN,CLUST_0.70_00008,LATE
CANONICAL_8b4e1a1af852,TRAIN,VALIDATION,CLUST_0.70_00065,LATE
CANONICAL_8b51cd41a18f,VALIDATION,TEST,CLUST_0.70_00004,IMMEDIATE_EARLY
CANONICAL_8b572a9959bd,VALIDATION,TRAIN,CLUST_0.70_00008,LATE
CANONICAL_8b5a60b6a7a1,VALIDATION,VALIDATION,CLUST_0.70_00010,EARLY
CANONICAL_8b67660c5dcb,TRAIN,VALIDATION,CLUST_0.70_00040,EARLY
CANONICAL_8b678b9cb638,TEST,TRAIN,CLUST_0.70_00007,LATE
CANONICAL_8b6f33f06fd3,TRAIN,TRAIN,CLUST_0.70_00005,LATE
CANONICAL_8b6f3d5981fb,TRAIN,TRAIN,CLUST_0.70_00005,EARLY
CANONICAL_8b72a4b410c7,TRAIN,TRAIN,CLUST_0.70_00123,IMMEDIATE_EARLY
CANONICAL_8b750598a4e5,TEST,TRAIN,CLUST_0.70_00008,LATE
CANONICAL_8b7636ad570d,TRAIN,VALIDATION,CLUST_0.70_00006,IMMEDIATE_EARLY
CANONICAL_8b79ba3e759d,TEST,TRAIN,CLUST_0.70_00008,LATE
CANONICAL_8b8055980abc,TRAIN,TRAIN,CLUST_0.70_00008,LATE
CANONICAL_8b854cd1aea9,TRAIN,TRAIN,CLUST_0.70_00007,LATE
CANONICAL_8b8a819e4831,TRAIN,TRAIN,CLUST_0.70_00007,EARLY
CANONICAL_8b91baae88f4,TEST,TRAIN,CLUST_0.70_00005,EARLY
CANONICAL_8b92b0f7ee8a,TEST,TRAIN,CLUST_0.70_00005,LATE
CANONICAL_8b9a47fd7626,TRAIN,VALIDATION,CLUST_0.70_00006,IMMEDIATE_EARLY
CANONICAL_8b9a97c60af5,TRAIN,TRAIN,CLUST_0.70_00005,LATE
CANONICAL_8b9ee7d73f57,TEST,TRAIN,CLUST_0.70_00056,LATE
CANONICAL_8ba2b6e16cc8,TRAIN,TRAIN,CLUST_0.70_00005,LATE
CANONICAL_8baaad5de164,VALIDATION,TEST,CLUST_0.70_00071,LATE
CANONICAL_8bb8e34bf180,VALIDATION,VALIDATION,CLUST_0.70_00055,LATE
CANONICAL_8bba5fca4efb,TRAIN,TRAIN,CLUST_0.70_00056,LATE
CANONICAL_8bba6791c139,TEST,TRAIN,CLUST_0.70_00002,LATE
CANONICAL_8bbd56331f2b,TRAIN,TRAIN,CLUST_0.70_00008,LATE
CANONICAL_8bbdcbb456e6,TRAIN,VALIDATION,CLUST_0.70_00031,LATE
CANONICAL_8bbe825ce236,TEST,VALIDATION,CLUST_0.70_00127,LATE
CANONICAL_8bc025429704,TEST,TRAIN,CLUST_0.70_00008,LATE
CANONICAL_8bc0fcf7b02f,VALIDATION,TRAIN,CLUST_0.70_00109,LATE
CANONICAL_8bc39c0d0414,TRAIN,TRAIN,CLUST_0.70_00005,LATE
CANONICAL_8bc5046aacf3,TRAIN,TRAIN,CLUST_0.70_00005,EARLY
CANONICAL_8bc6a90ee97f,VALIDATION,VALIDATION,CLUST_0.70_00058,LATE
CANONICAL_8bca462ec2ca,TRAIN,VALIDATION,CLUST_0.70_00059,LATE
CANONICAL_8bd0fc198d5a,TRAIN,TRAIN,CLUST_0.70_00231,IMMEDIATE_EARLY
CANONICAL_8bd30f5ccedb,VALIDATION,TRAIN,CLUST_0.70_00008,LATE
CANONICAL_8bdf45c1aa74,VALIDATION,TEST,CLUST_0.70_00030,EARLY
CANONICAL_8be2087fe666,TRAIN,TRAIN,CLUST_0.70_00008,EARLY
CANONICAL_8be73e488218,TRAIN,TEST,CLUST_0.70_00015,LATE
CANONICAL_8be86fea3807,TRAIN,TEST,CLUST_0.70_00004,IMMEDIATE_EARLY
CANONICAL_8bf3bfca26ff,TRAIN,TEST,CLUST_0.70_00004,IMMEDIATE_EARLY
CANONICAL_8bf7429b9d5a,TRAIN,VALIDATION,CLUST_0.70_00038,LATE
CANONICAL_8bfd107d921c,VALIDATION,TRAIN,CLUST_0.70_00109,LATE
CANONICAL_8bfe520472a5,TRAIN,VALIDATION,CLUST_0.70_00017,LATE
CANONICAL_8c00711e6273,TRAIN,VALIDATION,CLUST_0.70_00010,EARLY
CANONICAL_8c023d3812dd,TRAIN,TRAIN,CLUST_0.70_00005,EARLY
CANONICAL_8c04e4d2776c,VALIDATION,TRAIN,CLUST_0.70_00005,LATE
CANONICAL_8c083995c1e9,TRAIN,TRAIN,CLUST_0.70_00005,EARLY
CANONICAL_8c0a5ac9a008,TEST,TRAIN,CLUST_0.70_00005,LATE
CANONICAL_8c0ae4d04991,TRAIN,TRAIN,CLUST_0.70_00005,EARLY
CANONICAL_8c0b55ce561f,VALIDATION,VALIDATION,CLUST_0.70_00006,IMMEDIATE_EARLY
CANONICAL_8c1351254f42,TRAIN,TEST,CLUST_0.70_00004,IMMEDIATE_EARLY
CANONICAL_8c13687e875d,TRAIN,TRAIN,CLUST_0.70_00005,EARLY
CANONICAL_8c2020ec974e,TRAIN,TEST,CLUST_0.70_00015,LATE
CANONICAL_8c20c7ec8820,VALIDATION,TRAIN,CLUST_0.70_00005,EARLY
CANONICAL_8c21f025dd66,TRAIN,TRAIN,CLUST_0.70_00005,LATE
CANONICAL_8c231814e38e,TRAIN,VALIDATION,CLUST_0.70_00040,EARLY
CANONICAL_8c23653cb9e6,VALIDATION,TRAIN,CLUST_0.70_00008,LATE
CANONICAL_8c2ba1520fd6,TRAIN,TRAIN,CLUST_0.70_00008,LATE
CANONICAL_8c30fff7de63,TRAIN,VALIDATION,CLUST_0.70_00127,LATE
CANONICAL_8c31b3bc3d1b,TRAIN,VALIDATION,CLUST_0.70_00017,LATE
CANONICAL_8c3235a6766c,TEST,TRAIN,CLUST_0.70_00008,LATE
CANONICAL_8c340e7f0236,TRAIN,TRAIN,CLUST_0.70_00005,EARLY
CANONICAL_8c3d191ca484,TRAIN,TRAIN,CLUST_0.70_00380,LATE
CANONICAL_8c3f5899d3f3,TRAIN,VALIDATION,CLUST_0.70_00006,IMMEDIATE_EARLY
CANONICAL_8c404a82ae71,VALIDATION,TRAIN,CLUST_0.70_00005,EARLY
CANONICAL_8c40e216cc03,TRAIN,VALIDATION,CLUST_0.70_00038,LATE
CANONICAL_8c4690e5977d,TEST,TRAIN,CLUST_0.70_00008,LATE
CANONICAL_8c46bbd40d8d,TRAIN,TEST,CLUST_0.70_00030,EARLY
CANONICAL_8c4eed2eb7c1,VALIDATION,TRAIN,CLUST_0.70_00005,EARLY
CANONICAL_8c50213a87fd,TRAIN,TEST,CLUST_0.70_00037,LATE
CANONICAL_8c5399979f87,TRAIN,TRAIN,CLUST_0.70_00024,LATE
CANONICAL_8c58aa6deb59,TRAIN,TRAIN,CLUST_0.70_00008,LATE
CANONICAL_8c59e251e69f,TEST,TRAIN,CLUST_0.70_00164,LATE
CANONICAL_8c5dca4f9475,VALIDATION,TEST,CLUST_0.70_00015,LATE
CANONICAL_8c5f6c252347,TEST,TRAIN,CLUST_0.70_00024,LATE
CANONICAL_8c60e81608c2,TRAIN,VALIDATION,CLUST_0.70_00025,LATE
CANONICAL_8c62d695a7bb,VALIDATION,TRAIN,CLUST_0.70_00005,EARLY
CANONICAL_8c63072c50c0,TRAIN,TRAIN,CLUST_0.70_00007,LATE
CANONICAL_8c6b0aece466,TRAIN,TRAIN,CLUST_0.70_00008,LATE
CANONICAL_8c6b93fd7acd,TRAIN,TRAIN,CLUST_0.70_00005,EARLY
CANONICAL_8c6d7dd2c17f,TEST,TEST,CLUST_0.70_00004,IMMEDIATE_EARLY
CANONICAL_8c6f2bce5cdb,TRAIN,TRAIN,CLUST_0.70_00005,EARLY
CANONICAL_8c7402946c99,VALIDATION,TRAIN,CLUST_0.70_00007,LATE
CANONICAL_8c756433c325,TRAIN,TRAIN,CLUST_0.70_00125,LATE
CANONICAL_8c77826ceaef,VALIDATION,TRAIN,CLUST_0.70_00235,LATE
CANONICAL_8c78ec285762,VALIDATION,TRAIN,CLUST_0.70_00008,LATE
CANONICAL_8c799957b92b,TRAIN,TRAIN,CLUST_0.70_00021,EARLY
CANONICAL_8c7b4286a3a9,TRAIN,VALIDATION,CLUST_0.70_00025,LATE
CANONICAL_8c7c5807d71a,TEST,TRAIN,CLUST_0.70_00008,LATE
CANONICAL_8c7de2e9afae,VALIDATION,VALIDATION,CLUST_0.70_00028,EARLY
CANONICAL_8c7fc292ba9d,VALIDATION,TRAIN,CLUST_0.70_00005,LATE
CANONICAL_8c80314404bc,TRAIN,TEST,CLUST_0.70_00051,LATE
CANONICAL_8c86f8b3931b,TEST,TEST,CLUST_0.70_00015,LATE
CANONICAL_8c8d1aeeeed0,TRAIN,VALIDATION,CLUST_0.70_00025,LATE
CANONICAL_8c8db07754c9,TRAIN,TRAIN,CLUST_0.70_00008,LATE
CANONICAL_8c91b77d72b8,TRAIN,VALIDATION,CLUST_0.70_00055,LATE
CANONICAL_8c960ff1e150,TRAIN,TEST,CLUST_0.70_00030,EARLY
CANONICAL_8c986b3a4f55,TRAIN,TRAIN,CLUST_0.70_00007,EARLY
CANONICAL_8ca837bccf44,TRAIN,TRAIN,CLUST_0.70_00116,LATE
CANONICAL_8ca8627cbbeb,TRAIN,TRAIN,CLUST_0.70_00024,LATE
CANONICAL_8ca996112545,TEST,VALIDATION,CLUST_0.70_00006,IMMEDIATE_EARLY
CANONICAL_8cabe99152a0,TRAIN,TEST,CLUST_0.70_00080,LATE
CANONICAL_8cb119b589ed,TRAIN,TEST,CLUST_0.70_00015,LATE
CANONICAL_8cb69aa5fb38,VALIDATION,VALIDATION,CLUST_0.70_00026,IMMEDIATE_EARLY
CANONICAL_8cb789d6766f,VALIDATION,VALIDATION,CLUST_0.70_00055,LATE
CANONICAL_8cb9bc2bdf56,TRAIN,TEST,CLUST_0.70_00004,IMMEDIATE_EARLY
CANONICAL_8cba67c581eb,TEST,TEST,CLUST_0.70_00018,LATE
CANONICAL_8cbd5e41e1dc,TRAIN,TRAIN,CLUST_0.70_00005,EARLY
CANONICAL_8cc0a48c29c9,TRAIN,TRAIN,CLUST_0.70_00005,LATE
CANONICAL_8cc13d80c2e6,VALIDATION,TEST,CLUST_0.70_00037,LATE
CANONICAL_8cc563fc1fe4,TRAIN,VALIDATION,CLUST_0.70_00079,LATE
CANONICAL_8cc95b5749b0,TRAIN,TEST,CLUST_0.70_00004,IMMEDIATE_EARLY
CANONICAL_8cc9e3c10bc9,VALIDATION,VALIDATION,CLUST_0.70_00086,LATE
CANONICAL_8ccb54f0b5e1,TRAIN,TRAIN,CLUST_0.70_00298,LATE
CANONICAL_8ccd7489e6fd,TRAIN,VALIDATION,CLUST_0.70_00190,LATE
CANONICAL_8cce4828df34,TRAIN,TEST,CLUST_0.70_00037,LATE
CANONICAL_8cce4e7215be,TRAIN,TRAIN,CLUST_0.70_00005,EARLY
CANONICAL_8cce8a24fe41,TRAIN,TRAIN,CLUST_0.70_00005,EARLY
CANONICAL_8cd80eac9c55,TRAIN,TRAIN,CLUST_0.70_00005,LATE
CANONICAL_8cddfc099a62,TEST,TRAIN,CLUST_0.70_00008,LATE
CANONICAL_8ce1a5bf82d7,TRAIN,VALIDATION,CLUST_0.70_00010,EARLY
CANONICAL_8ce44f548416,VALIDATION,TRAIN,CLUST_0.70_00005,LATE
CANONICAL_8ce5bb82598f,TRAIN,TRAIN,CLUST_0.70_00241,LATE
CANONICAL_8ce81e61c649,TRAIN,TRAIN,CLUST_0.70_00116,LATE
CANONICAL_8ce933f1c8f0,TRAIN,TRAIN,CLUST_0.70_00091,LATE
CANONICAL_8ce9a25b006e,TRAIN,TRAIN,CLUST_0.70_00008,LATE
CANONICAL_8cf2515b806f,TRAIN,TRAIN,CLUST_0.70_00005,LATE
CANONICAL_8cf5f858f5cc,TRAIN,TRAIN,CLUST_0.70_00007,LATE
CANONICAL_8cf6c1c948d6,TEST,TRAIN,CLUST_0.70_00008,LATE
CANONICAL_8cfcddbbb405,VALIDATION,TRAIN,CLUST_0.70_00005,EARLY
CANONICAL_8cfd7b0fb035,VALIDATION,TEST,CLUST_0.70_00004,IMMEDIATE_EARLY
CANONICAL_8cff1e1eff53,TRAIN,VALIDATION,CLUST_0.70_00038,LATE
CANONICAL_8d04728c4ce2,TEST,TEST,CLUST_0.70_00004,IMMEDIATE_EARLY
CANONICAL_8d071589cb97,TRAIN,TRAIN,CLUST_0.70_00005,EARLY
CANONICAL_8d0967ab7cb7,VALIDATION,TEST,CLUST_0.70_00004,IMMEDIATE_EARLY
CANONICAL_8d0af4403289,TRAIN,TRAIN,CLUST_0.70_00007,LATE
CANONICAL_8d0d748c420d,TRAIN,TRAIN,CLUST_0.70_00008,LATE
CANONICAL_8d0eb1b81fa6,TRAIN,VALIDATION,CLUST_0.70_00127,LATE
CANONICAL_8d1028f8949d,VALIDATION,TRAIN,CLUST_0.70_00008,LATE
CANONICAL_8d127afc4a32,TEST,TRAIN,CLUST_0.70_00008,LATE
CANONICAL_8d17c3a7f865,TRAIN,TRAIN,CLUST_0.70_00005,EARLY
CANONICAL_8d18b4067402,TRAIN,VALIDATION,CLUST_0.70_00055,LATE
CANONICAL_8d19b0d2ad10,TRAIN,TRAIN,CLUST_0.70_00091,LATE
CANONICAL_8d1dcf45b6b1,TRAIN,TRAIN,CLUST_0.70_00005,LATE
CANONICAL_8d2919b6f6fd,VALIDATION,TRAIN,CLUST_0.70_00005,LATE
CANONICAL_8d2a2f127646,TRAIN,TEST,CLUST_0.70_00052,LATE
CANONICAL_8d3e69f25d98,TRAIN,TRAIN,CLUST_0.70_00005,EARLY
CANONICAL_8d4297ecd8af,TEST,TEST,CLUST_0.70_00001,LATE
CANONICAL_8d462991f90a,TRAIN,TRAIN,CLUST_0.70_00005,LATE
CANONICAL_8d47f88a1fec,TRAIN,VALIDATION,CLUST_0.70_00055,LATE
CANONICAL_8d4800f39a6f,TRAIN,TEST,CLUST_0.70_00004,IMMEDIATE_EARLY
CANONICAL_8d4b38c7a764,TRAIN,TEST,CLUST_0.70_00015,LATE
CANONICAL_8d4f11397966,TRAIN,TRAIN,CLUST_0.70_00008,LATE
CANONICAL_8d507819514e,VALIDATION,VALIDATION,CLUST_0.70_00169,LATE
CANONICAL_8d5572f5fbfe,TRAIN,TRAIN,CLUST_0.70_00179,LATE
CANONICAL_8d567bfd650c,TRAIN,TRAIN,CLUST_0.70_00075,LATE
CANONICAL_8d64a389e15b,TRAIN,VALIDATION,CLUST_0.70_00086,LATE
CANONICAL_8d67b4f95b6c,TRAIN,VALIDATION,CLUST_0.70_00031,LATE
CANONICAL_8d68909ac2d1,TRAIN,TRAIN,CLUST_0.70_00005,LATE
CANONICAL_8d6b084ccb69,TEST,VALIDATION,CLUST_0.70_00028,EARLY
CANONICAL_8d6edf7c2587,TRAIN,VALIDATION,CLUST_0.70_00041,EARLY
CANONICAL_8d71e987c9fa,TRAIN,TRAIN,CLUST_0.70_00008,LATE
CANONICAL_8d77f6b22a96,TRAIN,TRAIN,CLUST_0.70_00008,LATE
CANONICAL_8d7fd36ac104,TRAIN,VALIDATION,CLUST_0.70_00006,IMMEDIATE_EARLY
CANONICAL_8d851b70abd1,TEST,TEST,CLUST_0.70_00030,EARLY
CANONICAL_8d8595934b19,TRAIN,TRAIN,CLUST_0.70_00005,EARLY
CANONICAL_8d8c309c6ef8,VALIDATION,VALIDATION,CLUST_0.70_00010,EARLY
CANONICAL_8d8f168f5fd8,TRAIN,TRAIN,CLUST_0.70_00005,EARLY
CANONICAL_8d91cb5907f2,VALIDATION,VALIDATION,CLUST_0.70_00031,LATE
CANONICAL_8d9cd1ed5e77,TRAIN,TRAIN,CLUST_0.70_00008,LATE
CANONICAL_8d9d3cf140dc,TRAIN,TRAIN,CLUST_0.70_00109,LATE
CANONICAL_8da66942bf9b,TRAIN,TRAIN,CLUST_0.70_00008,LATE
CANONICAL_8daacacd8a3d,TRAIN,TRAIN,CLUST_0.70_00008,LATE
CANONICAL_8dab2a5d5a9c,TRAIN,TEST,CLUST_0.70_00015,LATE
CANONICAL_8daebed4bccc,TEST,TRAIN,CLUST_0.70_00134,LATE
CANONICAL_8db68cf86cf8,TEST,TRAIN,CLUST_0.70_00008,LATE
CANONICAL_8db92582a82f,TRAIN,TRAIN,CLUST_0.70_00005,EARLY
CANONICAL_8dbe7d2b98e8,TRAIN,TRAIN,CLUST_0.70_00005,LATE
CANONICAL_8dbf2c4a5c51,VALIDATION,TEST,CLUST_0.70_00009,LATE
CANONICAL_8dc04255d707,TRAIN,TRAIN,CLUST_0.70_00005,LATE
CANONICAL_8dc44d503d5d,TRAIN,TRAIN,CLUST_0.70_00008,EARLY
CANONICAL_8dc72b6c5432,TRAIN,TRAIN,CLUST_0.70_00007,LATE
CANONICAL_8dcbdf2455bf,TRAIN,VALIDATION,CLUST_0.70_00041,EARLY
CANONICAL_8dd22137f1ea,TRAIN,TRAIN,CLUST_0.70_00005,EARLY
CANONICAL_8dd5f73d0d61,TEST,VALIDATION,CLUST_0.70_00079,LATE
CANONICAL_8dd7cb6fc27d,TRAIN,TEST,CLUST_0.70_00020,LATE
CANONICAL_8ddeb25f8422,TRAIN,TEST,CLUST_0.70_00030,EARLY
CANONICAL_8de13334ad0d,TRAIN,TEST,CLUST_0.70_00030,EARLY
CANONICAL_8de14e53c3d5,TRAIN,VALIDATION,CLUST_0.70_00025,LATE
CANONICAL_8de22a32cdb8,TRAIN,TEST,CLUST_0.70_00052,LATE
CANONICAL_8de44110338c,TRAIN,VALIDATION,CLUST_0.70_00055,IMMEDIATE_EARLY
CANONICAL_8de4eac8e814,TRAIN,TRAIN,CLUST_0.70_00005,EARLY
CANONICAL_8de9621e60f9,TEST,VALIDATION,CLUST_0.70_00055,LATE
CANONICAL_8def68d8d72b,TRAIN,TRAIN,CLUST_0.70_00007,LATE
CANONICAL_8def73b3a446,TRAIN,TRAIN,CLUST_0.70_00008,LATE
CANONICAL_8df3a3e1eea7,TRAIN,TRAIN,CLUST_0.70_00005,EARLY
CANONICAL_8e000029e6b6,TRAIN,TEST,CLUST_0.70_00052,LATE
CANONICAL_8e037b78b183,VALIDATION,TRAIN,CLUST_0.70_00007,LATE
CANONICAL_8e0402d5b1bb,TEST,TEST,CLUST_0.70_00004,IMMEDIATE_EARLY
CANONICAL_8e05dda8e938,TRAIN,TEST,CLUST_0.70_00030,EARLY
CANONICAL_8e0adffb937b,TRAIN,TRAIN,CLUST_0.70_00005,EARLY
CANONICAL_8e0c935f1d5a,TRAIN,VALIDATION,CLUST_0.70_00065,LATE
CANONICAL_8e0f5165f8ec,VALIDATION,TEST,CLUST_0.70_00004,IMMEDIATE_EARLY
CANONICAL_8e0f738b2096,TRAIN,TRAIN,CLUST_0.70_00008,LATE
CANONICAL_8e1132ece999,TRAIN,TEST,CLUST_0.70_00052,LATE
CANONICAL_8e12e5d65b06,TRAIN,TRAIN,CLUST_0.70_00231,IMMEDIATE_EARLY
CANONICAL_8e1cd33c8ada,TRAIN,TEST,CLUST_0.70_00030,EARLY
CANONICAL_8e1e4f4f36eb,TRAIN,TRAIN,CLUST_0.70_00102,LATE
CANONICAL_8e20600fccd0,TRAIN,TEST,CLUST_0.70_00001,LATE
CANONICAL_8e2991b4696f,TRAIN,TRAIN,CLUST_0.70_00005,EARLY
CANONICAL_8e29b791e802,VALIDATION,VALIDATION,CLUST_0.70_00065,LATE
CANONICAL_8e2b6ad50a4f,TRAIN,TEST,CLUST_0.70_00001,LATE
CANONICAL_8e3112091429,TRAIN,TRAIN,CLUST_0.70_00124,LATE
CANONICAL_8e34f0c5bba2,VALIDATION,TRAIN,CLUST_0.70_00005,LATE
CANONICAL_8e3b65f8a37d,TEST,TRAIN,CLUST_0.70_00008,LATE
CANONICAL_8e401d22769f,TEST,TRAIN,CLUST_0.70_00005,EARLY
CANONICAL_8e441cfb17f8,TRAIN,TRAIN,CLUST_0.70_00047,LATE
CANONICAL_8e4700b86e22,TRAIN,TRAIN,CLUST_0.70_00005,EARLY
CANONICAL_8e4b3abd7920,TRAIN,VALIDATION,CLUST_0.70_00079,LATE
CANONICAL_8e4bfc17ce2d,TEST,VALIDATION,CLUST_0.70_00040,EARLY
CANONICAL_8e51127915e5,TRAIN,TRAIN,CLUST_0.70_00005,EARLY
CANONICAL_8e5b2d6725d3,TEST,TRAIN,CLUST_0.70_00005,LATE
CANONICAL_8e5cda353d26,TRAIN,TEST,CLUST_0.70_00030,EARLY
CANONICAL_8e640d62e175,TRAIN,TRAIN,CLUST_0.70_00005,LATE
CANONICAL_8e698060ac1d,TRAIN,TRAIN,CLUST_0.70_00008,LATE
CANONICAL_8e69b0408c24,TRAIN,TEST,CLUST_0.70_00037,LATE
CANONICAL_8e74af79f4f8,TRAIN,TRAIN,CLUST_0.70_00005,EARLY
CANONICAL_8e7a64ccd996,TRAIN,TRAIN,CLUST_0.70_00005,EARLY
CANONICAL_8e7a9a63e2cb,TRAIN,VALIDATION,CLUST_0.70_00040,EARLY
CANONICAL_8e7f2622383f,TRAIN,TEST,CLUST_0.70_00001,LATE
CANONICAL_8e81ea31f7b1,TRAIN,TRAIN,CLUST_0.70_00008,LATE
CANONICAL_8e867251cbd8,VALIDATION,TRAIN,CLUST_0.70_00005,EARLY
CANONICAL_8e8b2751cf8b,TEST,TRAIN,CLUST_0.70_00008,IMMEDIATE_EARLY
CANONICAL_8e8b36196f0e,TRAIN,TRAIN,CLUST_0.70_00005,LATE
CANONICAL_8e8b9c2cf0a5,TRAIN,TRAIN,CLUST_0.70_00005,EARLY
CANONICAL_8e8fb81ba1ee,TRAIN,TEST,CLUST_0.70_00071,LATE
CANONICAL_8e974a18c16e,TRAIN,TRAIN,CLUST_0.70_00005,LATE
CANONICAL_8e99cf789fbb,TEST,TRAIN,CLUST_0.70_00225,LATE
CANONICAL_8e9b91431cd6,TRAIN,TRAIN,CLUST_0.70_00007,LATE
CANONICAL_8e9f86f0d5a8,VALIDATION,VALIDATION,CLUST_0.70_00064,LATE
CANONICAL_8ea954dd8559,TRAIN,TRAIN,CLUST_0.70_00319,LATE
CANONICAL_8eabc1d19f88,TRAIN,TRAIN,CLUST_0.70_00005,EARLY
CANONICAL_8eb86e645776,TRAIN,TRAIN,CLUST_0.70_00007,LATE
CANONICAL_8eb8e45d5688,TEST,TEST,CLUST_0.70_00052,LATE
CANONICAL_8ebb62de7ed2,VALIDATION,TRAIN,CLUST_0.70_00008,LATE
CANONICAL_8ec6d2404c60,TRAIN,TRAIN,CLUST_0.70_00024,LATE
CANONICAL_8ec85edb9fce,VALIDATION,TRAIN,CLUST_0.70_00005,LATE
CANONICAL_8ecb5a96890e,TRAIN,TEST,CLUST_0.70_00001,LATE
CANONICAL_8ecbd8d1a2f6,VALIDATION,VALIDATION,CLUST_0.70_00058,LATE
CANONICAL_8ed09dfc7a29,TEST,VALIDATION,CLUST_0.70_00041,EARLY
CANONICAL_8ed88adc9230,TRAIN,TRAIN,CLUST_0.70_00008,LATE
CANONICAL_8edb905e852e,TRAIN,TRAIN,CLUST_0.70_00008,LATE
CANONICAL_8edeb42b39bb,TRAIN,TEST,CLUST_0.70_00018,LATE
CANONICAL_8ee3324dad1f,TEST,TRAIN,CLUST_0.70_00007,EARLY
CANONICAL_8ee3377d6041,TRAIN,TRAIN,CLUST_0.70_00005,LATE
CANONICAL_8ee42a65b28e,TRAIN,TRAIN,CLUST_0.70_00033,IMMEDIATE_EARLY
CANONICAL_8ee49a14e335,TRAIN,TRAIN,CLUST_0.70_00005,EARLY
CANONICAL_8ee9929852cf,VALIDATION,VALIDATION,CLUST_0.70_00055,LATE
CANONICAL_8ee998badc29,TRAIN,TRAIN,CLUST_0.70_00005,LATE
CANONICAL_8eeda999ee1f,TRAIN,TRAIN,CLUST_0.70_00056,LATE
CANONICAL_8eefcf4b5204,TRAIN,TRAIN,CLUST_0.70_00008,LATE
CANONICAL_8ef1549dce30,TRAIN,VALIDATION,CLUST_0.70_00017,LATE
CANONICAL_8ef698b629e5,TEST,TRAIN,CLUST_0.70_00072,LATE
CANONICAL_8efe14041a4e,TRAIN,VALIDATION,CLUST_0.70_00106,LATE
CANONICAL_8f0a6c2d6972,TEST,VALIDATION,CLUST_0.70_00040,EARLY
CANONICAL_8f1709b335e1,TRAIN,TEST,CLUST_0.70_00015,LATE
CANONICAL_8f231c563b9d,VALIDATION,TRAIN,CLUST_0.70_00008,LATE
CANONICAL_8f2af9cf279a,TRAIN,TEST,CLUST_0.70_00030,EARLY
CANONICAL_8f31a5dcd4f8,TRAIN,TEST,CLUST_0.70_00015,LATE
CANONICAL_8f33aee2f6a7,TRAIN,VALIDATION,CLUST_0.70_00026,IMMEDIATE_EARLY
CANONICAL_8f33d6e560be,TRAIN,TEST,CLUST_0.70_00018,LATE
CANONICAL_8f3749588317,TRAIN,VALIDATION,CLUST_0.70_00169,LATE
CANONICAL_8f37b9d12077,TRAIN,TEST,CLUST_0.70_00030,EARLY
CANONICAL_8f3e9adf9397,TRAIN,TEST,CLUST_0.70_00030,EARLY
CANONICAL_8f4cc15f8030,TRAIN,TRAIN,CLUST_0.70_00005,EARLY
CANONICAL_8f4fb546c4da,TRAIN,TRAIN,CLUST_0.70_00033,IMMEDIATE_EARLY
CANONICAL_8f558f4a0a0e,TRAIN,TRAIN,CLUST_0.70_00008,LATE
CANONICAL_8f592107b741,TRAIN,TRAIN,CLUST_0.70_00007,LATE
CANONICAL_8f5e6e5f2ffa,TRAIN,VALIDATION,CLUST_0.70_00025,LATE
CANONICAL_8f5f09055649,TRAIN,TRAIN,CLUST_0.70_00008,LATE
CANONICAL_8f669f4846ee,TRAIN,TRAIN,CLUST_0.70_00005,EARLY
CANONICAL_8f67174c000b,TRAIN,VALIDATION,CLUST_0.70_00010,EARLY
CANONICAL_8f6bc574d2b4,TRAIN,TRAIN,CLUST_0.70_00005,EARLY
CANONICAL_8f6f98a4a8a6,VALIDATION,VALIDATION,CLUST_0.70_00006,IMMEDIATE_EARLY
CANONICAL_8f7162185b9d,TEST,TEST,CLUST_0.70_00001,LATE
CANONICAL_8f7177fd572e,TRAIN,TRAIN,CLUST_0.70_00005,LATE
CANONICAL_8f75f0093adb,TRAIN,VALIDATION,CLUST_0.70_00169,LATE
CANONICAL_8f77f3a5897f,VALIDATION,TRAIN,CLUST_0.70_00005,EARLY
CANONICAL_8f8305178475,TRAIN,TRAIN,CLUST_0.70_00005,EARLY
CANONICAL_8f85b05c25dd,TEST,TEST,CLUST_0.70_00030,EARLY
CANONICAL_8f897e2da2d2,TRAIN,TRAIN,CLUST_0.70_00007,LATE
CANONICAL_8f8c9d7da8c3,TEST,TRAIN,CLUST_0.70_00007,EARLY
CANONICAL_8f8ec7c515de,TRAIN,VALIDATION,CLUST_0.70_00029,LATE
CANONICAL_8f9363b52335,TRAIN,TRAIN,CLUST_0.70_00381,LATE
CANONICAL_8f94920649ed,TRAIN,VALIDATION,CLUST_0.70_00038,LATE
CANONICAL_8f97f62593d4,TRAIN,TRAIN,CLUST_0.70_00062,LATE
CANONICAL_8f990855fdb4,TEST,TRAIN,CLUST_0.70_00005,LATE
CANONICAL_8fa1af220044,TRAIN,TEST,CLUST_0.70_00004,IMMEDIATE_EARLY
CANONICAL_8fa35b7d6202,TEST,TRAIN,CLUST_0.70_00109,LATE
CANONICAL_8fa66286a0b7,TRAIN,TEST,CLUST_0.70_00052,LATE
CANONICAL_8fa6a620e257,TEST,TEST,CLUST_0.70_00004,IMMEDIATE_EARLY
CANONICAL_8faa3777e883,TRAIN,TRAIN,CLUST_0.70_00005,EARLY
CANONICAL_8fac9ce365cc,TRAIN,TRAIN,CLUST_0.70_00102,LATE
CANONICAL_8faf0e3d47f2,TRAIN,TRAIN,CLUST_0.70_00091,LATE
CANONICAL_8fb5d1ea25d9,VALIDATION,TRAIN,CLUST_0.70_00005,EARLY
CANONICAL_8fb62d1d840a,TEST,VALIDATION,CLUST_0.70_00190,LATE
CANONICAL_8fbb4d1e45ac,TRAIN,TRAIN,CLUST_0.70_00005,EARLY
CANONICAL_8fc6f5634cb3,TRAIN,TRAIN,CLUST_0.70_00005,LATE
CANONICAL_8fd2668680ea,TRAIN,VALIDATION,CLUST_0.70_00058,LATE
CANONICAL_8fd7b262d75c,TRAIN,TRAIN,CLUST_0.70_00005,EARLY
CANONICAL_8fdbea31ac6a,TRAIN,TRAIN,CLUST_0.70_00042,LATE
CANONICAL_8fdc89199a46,TRAIN,VALIDATION,CLUST_0.70_00041,EARLY
CANONICAL_8fdeb84b1cd7,TRAIN,VALIDATION,CLUST_0.70_00026,IMMEDIATE_EARLY
CANONICAL_8fe11d641ba0,VALIDATION,VALIDATION,CLUST_0.70_00055,LATE
CANONICAL_8fe2b96fb9f2,TRAIN,TRAIN,CLUST_0.70_00005,LATE
CANONICAL_8ff173c9339d,TRAIN,TRAIN,CLUST_0.70_00210,LATE
CANONICAL_8ff9713fb1f8,VALIDATION,TRAIN,CLUST_0.70_00005,LATE
CANONICAL_901204399a32,TRAIN,TRAIN,CLUST_0.70_00005,EARLY
CANONICAL_901b297aad17,TRAIN,TRAIN,CLUST_0.70_00005,EARLY
CANONICAL_901e141e66eb,TRAIN,TEST,CLUST_0.70_00080,LATE
CANONICAL_901f80811cc2,VALIDATION,TRAIN,CLUST_0.70_00005,EARLY
CANONICAL_901f812ccb74,TRAIN,VALIDATION,CLUST_0.70_00086,LATE
CANONICAL_90210cdcabfa,TRAIN,VALIDATION,CLUST_0.70_00026,IMMEDIATE_EARLY
CANONICAL_9027210ae00d,TRAIN,TEST,CLUST_0.70_00020,LATE
CANONICAL_9028de6ddd97,TRAIN,TRAIN,CLUST_0.70_00049,IMMEDIATE_EARLY
CANONICAL_902d3c2c3e1e,VALIDATION,TEST,CLUST_0.70_00018,LATE
CANONICAL_9037462c8eef,TRAIN,TRAIN,CLUST_0.70_00005,LATE
CANONICAL_903ca13bc75d,TRAIN,TRAIN,CLUST_0.70_00008,LATE
CANONICAL_903e3f00ffa2,TRAIN,TRAIN,CLUST_0.70_00164,LATE
CANONICAL_9046bed9c4ed,TRAIN,TRAIN,CLUST_0.70_00005,LATE
CANONICAL_9050cd203002,TEST,TEST,CLUST_0.70_00052,LATE
CANONICAL_9053230b49b7,TRAIN,VALIDATION,CLUST_0.70_00017,LATE
CANONICAL_905e6fc879b4,TRAIN,TRAIN,CLUST_0.70_00007,LATE
CANONICAL_9061309be025,TRAIN,TEST,CLUST_0.70_00004,IMMEDIATE_EARLY
CANONICAL_9066fd6bea02,TRAIN,TRAIN,CLUST_0.70_00101,EARLY
CANONICAL_90673ed08d92,TRAIN,TRAIN,CLUST_0.70_00008,LATE
CANONICAL_906785a4e284,TRAIN,TRAIN,CLUST_0.70_00005,EARLY
CANONICAL_9069f287e379,TRAIN,VALIDATION,CLUST_0.70_00055,LATE
CANONICAL_906b627e6be9,TRAIN,TRAIN,CLUST_0.70_00008,LATE
CANONICAL_906c3574f9a6,TEST,TEST,CLUST_0.70_00004,IMMEDIATE_EARLY
CANONICAL_906fd54d3bb3,TRAIN,TRAIN,CLUST_0.70_00141,LATE
CANONICAL_90739489dcb5,TEST,TRAIN,CLUST_0.70_00007,IMMEDIATE_EARLY
CANONICAL_9074790a73bf,TRAIN,TRAIN,CLUST_0.70_00005,EARLY
CANONICAL_9075985cb148,TRAIN,TEST,CLUST_0.70_00015,LATE
CANONICAL_9075a0b200f9,TRAIN,VALIDATION,CLUST_0.70_00026,IMMEDIATE_EARLY
CANONICAL_907864ee5b11,VALIDATION,TRAIN,CLUST_0.70_00164,LATE
CANONICAL_90789aae6cea,TRAIN,TEST,CLUST_0.70_00001,LATE
CANONICAL_907b97cf2530,TRAIN,TRAIN,CLUST_0.70_00005,LATE
CANONICAL_907ed9bb3fdf,TRAIN,VALIDATION,CLUST_0.70_00025,LATE
CANONICAL_908f533e5442,TRAIN,TRAIN,CLUST_0.70_00005,LATE
CANONICAL_90935109e366,TRAIN,TRAIN,CLUST_0.70_00008,LATE
CANONICAL_9093e03dd7b0,TRAIN,TRAIN,CLUST_0.70_00091,LATE
CANONICAL_9093e9688e2a,TRAIN,TEST,CLUST_0.70_00009,LATE
CANONICAL_9094471730b9,TEST,TEST,CLUST_0.70_00001,LATE
CANONICAL_9099c07fa819,TRAIN,VALIDATION,CLUST_0.70_00064,LATE
CANONICAL_90a7cb4b8c37,TRAIN,VALIDATION,CLUST_0.70_00190,LATE
CANONICAL_90b9f4c67989,TRAIN,TRAIN,CLUST_0.70_00007,LATE
CANONICAL_90bf20133238,TRAIN,TRAIN,CLUST_0.70_00005,LATE
CANONICAL_90c0646e6cbc,TRAIN,TRAIN,CLUST_0.70_00005,EARLY
CANONICAL_90cc750f4355,TRAIN,TRAIN,CLUST_0.70_00005,EARLY
CANONICAL_90d20057f290,TRAIN,TEST,CLUST_0.70_00052,LATE
CANONICAL_90d663c1d366,TRAIN,TRAIN,CLUST_0.70_00277,LATE
CANONICAL_90e130c21930,TRAIN,VALIDATION,CLUST_0.70_00025,LATE
CANONICAL_90e61ce94689,VALIDATION,VALIDATION,CLUST_0.70_00055,LATE
CANONICAL_90ebf10cd5b6,TEST,TRAIN,CLUST_0.70_00008,LATE
CANONICAL_90f6b86ab5ea,TRAIN,TRAIN,CLUST_0.70_00007,LATE
CANONICAL_90f90748f500,TRAIN,TRAIN,CLUST_0.70_00008,EARLY
CANONICAL_9105ea0dff9c,TRAIN,TRAIN,CLUST_0.70_00005,LATE
CANONICAL_91060e07d418,TRAIN,TRAIN,CLUST_0.70_00005,LATE
CANONICAL_910dd315269f,TRAIN,TRAIN,CLUST_0.70_00008,LATE
CANONICAL_91123f88d67c,TRAIN,TRAIN,CLUST_0.70_00260,EARLY
CANONICAL_9117a97c3891,TRAIN,VALIDATION,CLUST_0.70_00086,LATE
CANONICAL_911cee6911bf,TRAIN,TRAIN,CLUST_0.70_00005,LATE
CANONICAL_911f8d26ed4e,VALIDATION,TRAIN,CLUST_0.70_00005,LATE
CANONICAL_9125293aeeb0,TRAIN,TEST,CLUST_0.70_00015,LATE
CANONICAL_9127ce3dbb33,TRAIN,TEST,CLUST_0.70_00001,LATE
CANONICAL_912cf78edbeb,TRAIN,TRAIN,CLUST_0.70_00222,LATE
CANONICAL_912f19d91809,TEST,TRAIN,CLUST_0.70_00005,EARLY
CANONICAL_913439815c55,TRAIN,TRAIN,CLUST_0.70_00005,LATE
CANONICAL_913698699234,TRAIN,VALIDATION,CLUST_0.70_00086,LATE
CANONICAL_9137d216c377,VALIDATION,TEST,CLUST_0.70_00015,LATE
CANONICAL_914447e01c4a,TRAIN,TRAIN,CLUST_0.70_00005,EARLY
CANONICAL_9144b3e90e83,VALIDATION,VALIDATION,CLUST_0.70_00055,LATE
CANONICAL_91455a2b1263,TEST,TEST,CLUST_0.70_00004,IMMEDIATE_EARLY
CANONICAL_9146757cb83b,TRAIN,TRAIN,CLUST_0.70_00124,LATE
CANONICAL_914dc5880521,TRAIN,TRAIN,CLUST_0.70_00008,LATE
CANONICAL_914ebb032ac7,TRAIN,VALIDATION,CLUST_0.70_00031,LATE
CANONICAL_915059f9a811,VALIDATION,TRAIN,CLUST_0.70_00005,LATE
CANONICAL_91524a27bd28,VALIDATION,TRAIN,CLUST_0.70_00005,EARLY
CANONICAL_915463153a5e,TEST,TRAIN,CLUST_0.70_00024,LATE
CANONICAL_91599034c8dd,TRAIN,TRAIN,CLUST_0.70_00005,EARLY
CANONICAL_915b6a1935e0,TRAIN,TRAIN,CLUST_0.70_00008,LATE
CANONICAL_91633e067ae7,TRAIN,TEST,CLUST_0.70_00004,IMMEDIATE_EARLY
CANONICAL_9165e0ce2e52,TRAIN,TEST,CLUST_0.70_00004,IMMEDIATE_EARLY
CANONICAL_9167e80cacf1,TEST,TRAIN,CLUST_0.70_00007,LATE
CANONICAL_9168c7d28ee0,TRAIN,TRAIN,CLUST_0.70_00005,EARLY
CANONICAL_916e62490c5e,TEST,TRAIN,CLUST_0.70_00005,LATE
CANONICAL_9178325df532,TRAIN,TRAIN,CLUST_0.70_00008,LATE
CANONICAL_917cb617a2cb,TRAIN,TEST,CLUST_0.70_00018,EARLY
CANONICAL_918254b33343,TRAIN,TRAIN,CLUST_0.70_00008,LATE
CANONICAL_9183df097183,TRAIN,TRAIN,CLUST_0.70_00008,LATE
CANONICAL_918a8348c201,TRAIN,TRAIN,CLUST_0.70_00005,LATE
CANONICAL_918dc2226f07,TEST,TRAIN,CLUST_0.70_00005,EARLY
CANONICAL_9191c6c39e86,VALIDATION,TRAIN,CLUST_0.70_00005,LATE
CANONICAL_9195189e20ca,TRAIN,VALIDATION,CLUST_0.70_00064,LATE
CANONICAL_919933bcdb25,TEST,TRAIN,CLUST_0.70_00007,EARLY
CANONICAL_919d16366383,TRAIN,TRAIN,CLUST_0.70_00109,LATE
CANONICAL_91a0998b010b,TRAIN,TEST,CLUST_0.70_00004,IMMEDIATE_EARLY
CANONICAL_91a171a3c912,TRAIN,TRAIN,CLUST_0.70_00005,EARLY
CANONICAL_91a2ab666260,TEST,VALIDATION,CLUST_0.70_00006,IMMEDIATE_EARLY
CANONICAL_91a42cef1184,TEST,TRAIN,CLUST_0.70_00007,LATE
CANONICAL_91a7af54291d,TRAIN,TRAIN,CLUST_0.70_00075,LATE
CANONICAL_91a8a2262dcd,TEST,VALIDATION,CLUST_0.70_00127,LATE
CANONICAL_91a98b1d5b4b,TEST,TEST,CLUST_0.70_00015,LATE
CANONICAL_91af90b04d28,TRAIN,VALIDATION,CLUST_0.70_00079,LATE
CANONICAL_91b32881d2d5,TRAIN,TRAIN,CLUST_0.70_00005,EARLY
CANONICAL_91b419614340,TRAIN,TEST,CLUST_0.70_00001,LATE
CANONICAL_91b66f91ed66,TRAIN,TRAIN,CLUST_0.70_00005,LATE
CANONICAL_91b7b505069d,VALIDATION,TRAIN,CLUST_0.70_00005,LATE
CANONICAL_91bc5ebe1811,TEST,VALIDATION,CLUST_0.70_00169,LATE
CANONICAL_91bf57d70d7d,VALIDATION,TRAIN,CLUST_0.70_00008,LATE
CANONICAL_91c2110c540e,TEST,TEST,CLUST_0.70_00080,LATE
CANONICAL_91d0341cf9b0,TRAIN,TRAIN,CLUST_0.70_00024,LATE
CANONICAL_91d2a1ceb43a,TRAIN,VALIDATION,CLUST_0.70_00064,LATE
CANONICAL_91d56a10a1e3,TRAIN,TRAIN,CLUST_0.70_00090,LATE
CANONICAL_91d7a616cd9b,TRAIN,TRAIN,CLUST_0.70_00005,LATE
CANONICAL_91ddef65a2ad,TRAIN,TRAIN,CLUST_0.70_00005,EARLY
CANONICAL_91e06da09b1e,TRAIN,TRAIN,CLUST_0.70_00236,LATE
CANONICAL_91e43ac47697,TRAIN,TRAIN,CLUST_0.70_00005,LATE
CANONICAL_91e59147af26,TRAIN,TEST,CLUST_0.70_00052,LATE
CANONICAL_91e75f8cc16a,TRAIN,TEST,CLUST_0.70_00018,LATE
CANONICAL_91e7dd3e62a5,VALIDATION,TRAIN,CLUST_0.70_00005,EARLY
CANONICAL_91eb0b161f96,TRAIN,TRAIN,CLUST_0.70_00005,LATE
CANONICAL_91f0ff59a273,TEST,TRAIN,CLUST_0.70_00008,LATE
CANONICAL_91f7900a5b64,VALIDATION,TRAIN,CLUST_0.70_00005,EARLY
CANONICAL_91f8cfdb7e54,TRAIN,TEST,CLUST_0.70_00052,LATE
CANONICAL_91faf9adb515,TRAIN,TRAIN,CLUST_0.70_00005,EARLY
CANONICAL_920491757d39,TRAIN,TEST,CLUST_0.70_00018,EARLY
CANONICAL_9206402e89c4,TRAIN,TRAIN,CLUST_0.70_00008,LATE
CANONICAL_92088f9739a6,TRAIN,VALIDATION,CLUST_0.70_00016,EARLY
CANONICAL_920987c4b2e1,TRAIN,TEST,CLUST_0.70_00052,LATE
CANONICAL_920abec0e318,TRAIN,VALIDATION,CLUST_0.70_00006,IMMEDIATE_EARLY
CANONICAL_920f8132d49d,TRAIN,TRAIN,CLUST_0.70_00005,EARLY
CANONICAL_9211f0cc60df,TEST,TRAIN,CLUST_0.70_00005,EARLY
CANONICAL_921a7b1ae190,TRAIN,TRAIN,CLUST_0.70_00008,LATE
CANONICAL_921f2f33e283,TRAIN,TRAIN,CLUST_0.70_00008,LATE
CANONICAL_922347d4fcda,TEST,VALIDATION,CLUST_0.70_00058,LATE
CANONICAL_92267f91e38d,TRAIN,TRAIN,CLUST_0.70_00247,EARLY
CANONICAL_922a604fe88b,TRAIN,TRAIN,CLUST_0.70_00007,EARLY
CANONICAL_9231dc912ff1,TRAIN,TRAIN,CLUST_0.70_00008,IMMEDIATE_EARLY
CANONICAL_923447a7ac78,TEST,TRAIN,CLUST_0.70_00008,LATE
CANONICAL_9234bc17dd1b,TRAIN,TRAIN,CLUST_0.70_00005,EARLY
CANONICAL_923ae5689e7f,TRAIN,TRAIN,CLUST_0.70_00008,LATE
CANONICAL_923e213c3c55,TRAIN,VALIDATION,CLUST_0.70_00017,LATE
CANONICAL_9240c01806e5,TRAIN,TEST,CLUST_0.70_00004,IMMEDIATE_EARLY
CANONICAL_924793ad685f,TRAIN,TRAIN,CLUST_0.70_00005,EARLY
CANONICAL_9251106421cc,TRAIN,TRAIN,CLUST_0.70_00008,LATE
CANONICAL_925b95bc90a7,VALIDATION,TRAIN,CLUST_0.70_00005,LATE
CANONICAL_925bb3240a07,TRAIN,TRAIN,CLUST_0.70_00179,LATE
CANONICAL_925db251f8b2,TRAIN,VALIDATION,CLUST_0.70_00029,LATE
CANONICAL_92608a8a3113,TRAIN,TEST,CLUST_0.70_00030,EARLY
CANONICAL_926125469cb5,TRAIN,TRAIN,CLUST_0.70_00056,LATE
CANONICAL_9262c7fec894,TEST,TRAIN,CLUST_0.70_00005,EARLY
CANONICAL_9264ae1a9301,TRAIN,TEST,CLUST_0.70_00015,LATE
CANONICAL_9265cab280d6,TRAIN,TRAIN,CLUST_0.70_00005,LATE
CANONICAL_92666a6bb73a,TRAIN,TRAIN,CLUST_0.70_00005,EARLY
CANONICAL_9266f3f5960c,TRAIN,TEST,CLUST_0.70_00071,LATE
CANONICAL_926a7fbfbafb,TRAIN,TRAIN,CLUST_0.70_00098,LATE
CANONICAL_9274160043da,TEST,TRAIN,CLUST_0.70_00008,LATE
CANONICAL_9274677a310d,TRAIN,TRAIN,CLUST_0.70_00005,EARLY
CANONICAL_927b8bde0c47,TRAIN,TRAIN,CLUST_0.70_00098,LATE
CANONICAL_92836263611c,TRAIN,TEST,CLUST_0.70_00071,LATE
CANONICAL_92856b1b95a7,TRAIN,TRAIN,CLUST_0.70_00005,EARLY
CANONICAL_92863bece53c,TRAIN,VALIDATION,CLUST_0.70_00079,LATE
CANONICAL_92926159c0b9,TEST,VALIDATION,CLUST_0.70_00031,LATE
CANONICAL_9292711b68f8,TRAIN,TRAIN,CLUST_0.70_00008,LATE
CANONICAL_9293f4089707,TRAIN,VALIDATION,CLUST_0.70_00059,LATE
CANONICAL_929a0372881b,TRAIN,VALIDATION,CLUST_0.70_00041,EARLY
CANONICAL_929d67eac2d6,VALIDATION,TRAIN,CLUST_0.70_00005,LATE
CANONICAL_929df3f8e996,TRAIN,TRAIN,CLUST_0.70_00062,LATE
CANONICAL_929f32859f63,TRAIN,TRAIN,CLUST_0.70_00005,EARLY
CANONICAL_92a008e15e39,TRAIN,TRAIN,CLUST_0.70_00005,LATE
CANONICAL_92a016e347e1,TRAIN,TEST,CLUST_0.70_00030,EARLY
CANONICAL_92a171883617,TRAIN,TRAIN,CLUST_0.70_00005,LATE
CANONICAL_92a72188cf33,VALIDATION,VALIDATION,CLUST_0.70_00028,EARLY
CANONICAL_92b07d30c209,TEST,TRAIN,CLUST_0.70_00008,LATE
CANONICAL_92b1b0448db3,TRAIN,TRAIN,CLUST_0.70_00007,LATE
CANONICAL_92b28efc7c50,TRAIN,TRAIN,CLUST_0.70_00008,LATE
CANONICAL_92b61affed07,TRAIN,TRAIN,CLUST_0.70_00008,LATE
CANONICAL_92b990749e3e,TRAIN,TRAIN,CLUST_0.70_00005,EARLY
CANONICAL_92c10e386869,TRAIN,TEST,CLUST_0.70_00004,IMMEDIATE_EARLY
CANONICAL_92c5dea58615,VALIDATION,VALIDATION,CLUST_0.70_00029,LATE
CANONICAL_92c94a15f4cc,TRAIN,VALIDATION,CLUST_0.70_00026,IMMEDIATE_EARLY
CANONICAL_92cafda5f91b,TRAIN,TRAIN,CLUST_0.70_00005,LATE
CANONICAL_92cb714e4860,TRAIN,TEST,CLUST_0.70_00018,LATE
CANONICAL_92cd14368268,TRAIN,VALIDATION,CLUST_0.70_00065,LATE
CANONICAL_92d299c9708d,VALIDATION,TEST,CLUST_0.70_00030,EARLY
CANONICAL_92d4a7c7d66b,TRAIN,TRAIN,CLUST_0.70_00007,LATE
CANONICAL_92d609dba24d,TRAIN,VALIDATION,CLUST_0.70_00064,LATE
CANONICAL_92d8b2aff03a,TRAIN,TEST,CLUST_0.70_00080,LATE
CANONICAL_92e16b0318b5,TRAIN,TRAIN,CLUST_0.70_00002,LATE
CANONICAL_92e744f5e9a8,TRAIN,VALIDATION,CLUST_0.70_00029,LATE
CANONICAL_92e7bbea0e86,TRAIN,TRAIN,CLUST_0.70_00005,LATE
CANONICAL_92ec47aa6de1,TEST,TRAIN,CLUST_0.70_00005,EARLY
CANONICAL_92ed8e3390a6,TRAIN,TEST,CLUST_0.70_00051,LATE
CANONICAL_92f4ba31c116,TRAIN,TRAIN,CLUST_0.70_00008,LATE
CANONICAL_92f60f981599,TRAIN,VALIDATION,CLUST_0.70_00026,IMMEDIATE_EARLY
CANONICAL_93055e592ca8,TRAIN,TRAIN,CLUST_0.70_00005,LATE
CANONICAL_930613a919a0,TEST,TEST,CLUST_0.70_00020,LATE
CANONICAL_93087d8b6362,TRAIN,TRAIN,CLUST_0.70_00007,EARLY
CANONICAL_930e1c0ee0d7,TRAIN,VALIDATION,CLUST_0.70_00017,LATE
CANONICAL_931b85b16c86,TRAIN,TRAIN,CLUST_0.70_00008,LATE
CANONICAL_93220b37cf8e,TRAIN,TEST,CLUST_0.70_00001,LATE
CANONICAL_9325418b7acd,TRAIN,TEST,CLUST_0.70_00030,EARLY
CANONICAL_9327f16ed44a,TRAIN,TRAIN,CLUST_0.70_00008,LATE
CANONICAL_932da35cc907,TRAIN,TRAIN,CLUST_0.70_00005,LATE
CANONICAL_932f0434f7b1,TRAIN,VALIDATION,CLUST_0.70_00064,LATE
CANONICAL_9331eee589a6,TRAIN,TRAIN,CLUST_0.70_00007,EARLY
CANONICAL_9336f31a6381,VALIDATION,TRAIN,CLUST_0.70_00235,LATE
CANONICAL_933753f3a316,TRAIN,TRAIN,CLUST_0.70_00005,LATE
CANONICAL_933819f06d1f,TRAIN,TRAIN,CLUST_0.70_00005,LATE
CANONICAL_933ad0a39563,TRAIN,TRAIN,CLUST_0.70_00008,LATE
CANONICAL_9340088d206c,TRAIN,TRAIN,CLUST_0.70_00007,LATE
CANONICAL_93414456934e,TEST,TEST,CLUST_0.70_00030,EARLY
CANONICAL_93423ba7ebfc,TRAIN,TRAIN,CLUST_0.70_00008,LATE
CANONICAL_93437499973b,TRAIN,TRAIN,CLUST_0.70_00005,EARLY
CANONICAL_934750420aff,VALIDATION,TRAIN,CLUST_0.70_00008,LATE
CANONICAL_9348f0c812d5,TRAIN,TRAIN,CLUST_0.70_00007,LATE
CANONICAL_934b06bf8c71,TRAIN,TRAIN,CLUST_0.70_00005,EARLY
CANONICAL_934cb1610ec0,TRAIN,TEST,CLUST_0.70_00052,LATE
CANONICAL_934e8ad3199e,TRAIN,TRAIN,CLUST_0.70_00005,EARLY
CANONICAL_9351eabb7950,TRAIN,TRAIN,CLUST_0.70_00008,LATE
CANONICAL_93557be3bb11,TRAIN,TRAIN,CLUST_0.70_00005,LATE
CANONICAL_9359ec9a9307,TRAIN,TRAIN,CLUST_0.70_00005,EARLY
CANONICAL_935b97788297,TEST,TRAIN,CLUST_0.70_00005,EARLY
CANONICAL_935c64fea063,TRAIN,TRAIN,CLUST_0.70_00005,EARLY
CANONICAL_935d76df804a,TRAIN,VALIDATION,CLUST_0.70_00064,LATE
CANONICAL_9365b9a95694,TEST,TRAIN,CLUST_0.70_00008,IMMEDIATE_EARLY
CANONICAL_93668b271b69,TRAIN,TEST,CLUST_0.70_00004,IMMEDIATE_EARLY
CANONICAL_936af80d52ee,TRAIN,TEST,CLUST_0.70_00004,IMMEDIATE_EARLY
CANONICAL_9370617413e2,TRAIN,TEST,CLUST_0.70_00071,LATE
CANONICAL_9374a24f443f,TRAIN,TRAIN,CLUST_0.70_00005,LATE
CANONICAL_9379ce8d1a21,TRAIN,TEST,CLUST_0.70_00001,LATE
CANONICAL_937b5562c880,VALIDATION,TRAIN,CLUST_0.70_00348,LATE
CANONICAL_937ba5bf0ae7,TRAIN,TRAIN,CLUST_0.70_00012,LATE
CANONICAL_937c0920a165,TRAIN,TRAIN,CLUST_0.70_00008,IMMEDIATE_EARLY
CANONICAL_937c9d2e308f,TRAIN,TRAIN,CLUST_0.70_00224,LATE
CANONICAL_9380398eb8d9,TRAIN,TRAIN,CLUST_0.70_00005,EARLY
CANONICAL_938461a19bdb,TEST,TEST,CLUST_0.70_00071,LATE
CANONICAL_9384b7f984fc,TRAIN,TRAIN,CLUST_0.70_00007,EARLY
CANONICAL_93861e0b74cd,TRAIN,TEST,CLUST_0.70_00001,LATE
CANONICAL_9387795516a4,TRAIN,TEST,CLUST_0.70_00001,LATE
CANONICAL_938c643289ae,TRAIN,TEST,CLUST_0.70_00071,LATE
CANONICAL_938dc609f3ca,TEST,TRAIN,CLUST_0.70_00008,LATE
CANONICAL_938e2119d04e,TRAIN,TRAIN,CLUST_0.70_00005,LATE
CANONICAL_938f900ffe58,TRAIN,TRAIN,CLUST_0.70_00007,IMMEDIATE_EARLY
CANONICAL_93900e81caec,TRAIN,TRAIN,CLUST_0.70_00005,EARLY
CANONICAL_93946552d7ec,TRAIN,VALIDATION,CLUST_0.70_00041,EARLY
CANONICAL_9398e9882fd0,TRAIN,TEST,CLUST_0.70_00001,LATE
CANONICAL_939984d3bb34,TRAIN,TRAIN,CLUST_0.70_00005,LATE
CANONICAL_939e015c7933,TRAIN,TRAIN,CLUST_0.70_00005,EARLY
CANONICAL_939e7101883a,TRAIN,TEST,CLUST_0.70_00009,LATE
CANONICAL_939f774a2fac,TEST,VALIDATION,CLUST_0.70_00127,LATE
CANONICAL_93a82b8aa96e,TRAIN,TRAIN,CLUST_0.70_00008,LATE
CANONICAL_93b177e64e46,TEST,TRAIN,CLUST_0.70_00008,EARLY
CANONICAL_93b2d3aa2c73,TRAIN,TRAIN,CLUST_0.70_00191,EARLY
CANONICAL_93b9414dba90,TRAIN,TEST,CLUST_0.70_00001,LATE
CANONICAL_93bbdf1896f5,TRAIN,VALIDATION,CLUST_0.70_00058,LATE
CANONICAL_93be97d4b633,TRAIN,TRAIN,CLUST_0.70_00075,LATE
CANONICAL_93c07ef517a8,TRAIN,VALIDATION,CLUST_0.70_00040,EARLY
CANONICAL_93c362794a59,TRAIN,TEST,CLUST_0.70_00020,LATE
CANONICAL_93c4ff876db8,TEST,TRAIN,CLUST_0.70_00007,LATE
CANONICAL_93cad28dcdd3,TRAIN,TEST,CLUST_0.70_00051,LATE
CANONICAL_93ceb388d9a4,TRAIN,TRAIN,CLUST_0.70_00005,LATE
CANONICAL_93d3efad0bfd,TRAIN,VALIDATION,CLUST_0.70_00086,LATE
CANONICAL_93d5108de333,TRAIN,VALIDATION,CLUST_0.70_00079,LATE
CANONICAL_93d71d2cea1a,TRAIN,TRAIN,CLUST_0.70_00008,LATE
CANONICAL_93d99a0edfdd,VALIDATION,TRAIN,CLUST_0.70_00005,LATE
CANONICAL_93ddb062a2ee,TRAIN,VALIDATION,CLUST_0.70_00026,IMMEDIATE_EARLY
CANONICAL_93ded1d328cb,TRAIN,TEST,CLUST_0.70_00001,LATE
CANONICAL_93dfd4ed2899,TRAIN,TRAIN,CLUST_0.70_00005,LATE
CANONICAL_93e2f7f19592,TRAIN,TRAIN,CLUST_0.70_00007,EARLY
CANONICAL_93e761a019cd,TRAIN,TRAIN,CLUST_0.70_00007,LATE
CANONICAL_93e8ccf598a1,TRAIN,TRAIN,CLUST_0.70_00005,EARLY
CANONICAL_93e8d6ac0a22,VALIDATION,TRAIN,CLUST_0.70_00109,LATE
CANONICAL_93ed971487b7,TRAIN,TRAIN,CLUST_0.70_00008,LATE
CANONICAL_93f026c4dad9,TRAIN,VALIDATION,CLUST_0.70_00040,EARLY
CANONICAL_93f94df60835,TEST,TRAIN,CLUST_0.70_00008,LATE
CANONICAL_93ffc5ce616e,TRAIN,VALIDATION,CLUST_0.70_00055,LATE
CANONICAL_9404d6c8297e,TRAIN,VALIDATION,CLUST_0.70_00036,EARLY
CANONICAL_940777540b42,TRAIN,TRAIN,CLUST_0.70_00005,EARLY
CANONICAL_940c93a6431c,TRAIN,TRAIN,CLUST_0.70_00007,LATE
CANONICAL_9411d7c16ad1,TRAIN,TRAIN,CLUST_0.70_00005,LATE
CANONICAL_941afb40f031,TRAIN,TRAIN,CLUST_0.70_00005,EARLY
CANONICAL_941afc1f4e85,TEST,VALIDATION,CLUST_0.70_00036,EARLY
CANONICAL_941dfbf70e50,TEST,TRAIN,CLUST_0.70_00008,LATE
CANONICAL_94204a051226,VALIDATION,TRAIN,CLUST_0.70_00008,LATE
CANONICAL_942cae4a7690,TRAIN,TRAIN,CLUST_0.70_00005,EARLY
CANONICAL_942d527bdfdc,TRAIN,TRAIN,CLUST_0.70_00005,LATE
CANONICAL_942e448ce73b,TRAIN,TEST,CLUST_0.70_00030,EARLY
CANONICAL_943017b6ec10,TRAIN,TRAIN,CLUST_0.70_00007,LATE
CANONICAL_94327a9f741d,TRAIN,VALIDATION,CLUST_0.70_00028,EARLY
CANONICAL_943342a90aa2,TRAIN,TRAIN,CLUST_0.70_00005,EARLY
CANONICAL_94339fbcf577,TRAIN,TRAIN,CLUST_0.70_00005,EARLY
CANONICAL_9434d483b8cf,TRAIN,TRAIN,CLUST_0.70_00005,LATE
CANONICAL_943df7f46a22,TEST,VALIDATION,CLUST_0.70_00065,LATE
CANONICAL_943f9cb17b7d,TRAIN,TEST,CLUST_0.70_00015,LATE
CANONICAL_944434ed0627,TRAIN,TRAIN,CLUST_0.70_00005,EARLY
CANONICAL_944670b58baa,TEST,TEST,CLUST_0.70_00071,LATE
CANONICAL_9448c188fb9b,TRAIN,TRAIN,CLUST_0.70_00134,LATE
CANONICAL_944b084428c6,TEST,TEST,CLUST_0.70_00015,LATE
CANONICAL_944b260d8c2f,TRAIN,TRAIN,CLUST_0.70_00008,EARLY
CANONICAL_945615af44b7,VALIDATION,TRAIN,CLUST_0.70_00005,LATE
CANONICAL_945b01553ed3,TEST,VALIDATION,CLUST_0.70_00064,LATE
CANONICAL_945b19119b71,TRAIN,VALIDATION,CLUST_0.70_00006,IMMEDIATE_EARLY
CANONICAL_9467678bc02a,TEST,TRAIN,CLUST_0.70_00008,LATE
CANONICAL_9470307b506d,TRAIN,TRAIN,CLUST_0.70_00062,LATE
CANONICAL_9474eaef3aa0,TRAIN,TEST,CLUST_0.70_00001,LATE
CANONICAL_9475742ac673,VALIDATION,VALIDATION,CLUST_0.70_00169,LATE
CANONICAL_947a4838d781,TRAIN,TRAIN,CLUST_0.70_00147,IMMEDIATE_EARLY
CANONICAL_9483cb6692e0,TRAIN,VALIDATION,CLUST_0.70_00064,LATE
CANONICAL_9487dd921d29,VALIDATION,VALIDATION,CLUST_0.70_00059,LATE
CANONICAL_9489ea9cac24,VALIDATION,VALIDATION,CLUST_0.70_00086,LATE
CANONICAL_948cdff1fcf1,TRAIN,VALIDATION,CLUST_0.70_00041,EARLY
CANONICAL_94954781d9e1,TEST,VALIDATION,CLUST_0.70_00041,EARLY
CANONICAL_9496503f4be1,VALIDATION,TRAIN,CLUST_0.70_00005,EARLY
CANONICAL_94ad7adecd89,VALIDATION,VALIDATION,CLUST_0.70_00059,LATE
CANONICAL_94b30f820074,TRAIN,VALIDATION,CLUST_0.70_00006,IMMEDIATE_EARLY
CANONICAL_94b408d5ca35,TRAIN,TRAIN,CLUST_0.70_00005,LATE
CANONICAL_94b46e177bb1,TRAIN,VALIDATION,CLUST_0.70_00058,LATE
CANONICAL_94bad2085261,TRAIN,TRAIN,CLUST_0.70_00008,LATE
CANONICAL_94bf9342efdf,VALIDATION,TRAIN,CLUST_0.70_00008,LATE
CANONICAL_94c06468bcf2,TRAIN,VALIDATION,CLUST_0.70_00086,LATE
CANONICAL_94c069fbc79d,VALIDATION,TRAIN,CLUST_0.70_00206,LATE
CANONICAL_94c37dc08f9f,TEST,TRAIN,CLUST_0.70_00005,EARLY
CANONICAL_94c5acf123aa,VALIDATION,TRAIN,CLUST_0.70_00338,LATE
CANONICAL_94d007afc622,TEST,TRAIN,CLUST_0.70_00008,LATE
CANONICAL_94d27d619608,TRAIN,TRAIN,CLUST_0.70_00008,LATE
CANONICAL_94de66afe6ac,TRAIN,TRAIN,CLUST_0.70_00005,EARLY
CANONICAL_94df2650ae3a,TEST,TRAIN,CLUST_0.70_00213,LATE
CANONICAL_94dfe7b46912,TRAIN,TRAIN,CLUST_0.70_00005,LATE
CANONICAL_94e49063b89a,TRAIN,TRAIN,CLUST_0.70_00008,IMMEDIATE_EARLY
CANONICAL_94ea8f21a49b,VALIDATION,VALIDATION,CLUST_0.70_00040,EARLY
CANONICAL_94ed0cd3c7fd,TRAIN,TRAIN,CLUST_0.70_00005,EARLY
CANONICAL_94f1dde99899,TRAIN,TEST,CLUST_0.70_00080,LATE
CANONICAL_94f5eb74d1a0,TRAIN,VALIDATION,CLUST_0.70_00031,LATE
CANONICAL_95080a953d95,TRAIN,TEST,CLUST_0.70_00080,LATE
CANONICAL_950c1ace9f4f,TRAIN,TRAIN,CLUST_0.70_00005,EARLY
CANONICAL_950f8f3a77d6,TRAIN,VALIDATION,CLUST_0.70_00039,LATE
CANONICAL_95176e648dd2,TEST,TRAIN,CLUST_0.70_00191,EARLY
CANONICAL_951807ad5448,TRAIN,TRAIN,CLUST_0.70_00005,EARLY
CANONICAL_951929b3e81a,TRAIN,TRAIN,CLUST_0.70_00136,LATE
CANONICAL_951b5f343dd9,TRAIN,TRAIN,CLUST_0.70_00005,EARLY
CANONICAL_9524bf445147,TRAIN,TRAIN,CLUST_0.70_00098,LATE
CANONICAL_952a4fda8b2c,TRAIN,TRAIN,CLUST_0.70_00042,LATE
CANONICAL_952bd3c06ab4,TEST,TRAIN,CLUST_0.70_00008,LATE
CANONICAL_952edfa8f3af,TRAIN,VALIDATION,CLUST_0.70_00006,IMMEDIATE_EARLY
CANONICAL_9537d192197e,TRAIN,TRAIN,CLUST_0.70_00008,LATE
CANONICAL_95390c88772a,TRAIN,TEST,CLUST_0.70_00018,LATE
CANONICAL_9539c9eed850,TEST,TRAIN,CLUST_0.70_00005,LATE
CANONICAL_953c180a4c23,TRAIN,TRAIN,CLUST_0.70_00227,LATE
CANONICAL_954109fc54a8,TEST,TRAIN,CLUST_0.70_00005,LATE
CANONICAL_95442637eedf,TRAIN,TEST,CLUST_0.70_00030,EARLY
CANONICAL_954571c4d3be,TRAIN,TRAIN,CLUST_0.70_00008,LATE
CANONICAL_95458104a9d9,TRAIN,VALIDATION,CLUST_0.70_00064,LATE
CANONICAL_95463adae036,TRAIN,TEST,CLUST_0.70_00030,EARLY
CANONICAL_955503cfea71,TRAIN,TRAIN,CLUST_0.70_00008,LATE
CANONICAL_955b858decd9,VALIDATION,TRAIN,CLUST_0.70_00005,LATE
CANONICAL_955da46207f4,TEST,TRAIN,CLUST_0.70_00007,LATE
CANONICAL_9567294b18de,TRAIN,VALIDATION,CLUST_0.70_00026,IMMEDIATE_EARLY
CANONICAL_956b43360f1f,TRAIN,TRAIN,CLUST_0.70_00008,LATE
CANONICAL_956c0b2ad554,TRAIN,TEST,CLUST_0.70_00004,IMMEDIATE_EARLY
CANONICAL_9570cc537ef7,TRAIN,TEST,CLUST_0.70_00052,LATE
CANONICAL_95775396653d,VALIDATION,TRAIN,CLUST_0.70_00047,LATE
CANONICAL_95791eb60a4a,VALIDATION,TEST,CLUST_0.70_00004,IMMEDIATE_EARLY
CANONICAL_958427c2b72d,TRAIN,TRAIN,CLUST_0.70_00223,LATE
CANONICAL_958c97cdb929,TRAIN,TRAIN,CLUST_0.70_00005,LATE
CANONICAL_958fc0d6db48,TRAIN,TRAIN,CLUST_0.70_00005,LATE
CANONICAL_95a2d97a7783,TRAIN,TRAIN,CLUST_0.70_00134,LATE
CANONICAL_95a473e75424,VALIDATION,TRAIN,CLUST_0.70_00005,EARLY
CANONICAL_95a9836add14,TRAIN,TRAIN,CLUST_0.70_00005,LATE
CANONICAL_95ae81d6fca3,TRAIN,TEST,CLUST_0.70_00004,IMMEDIATE_EARLY
CANONICAL_95af0aa1683f,TEST,TEST,CLUST_0.70_00004,IMMEDIATE_EARLY
CANONICAL_95b51c208a0a,TRAIN,TRAIN,CLUST_0.70_00005,EARLY
CANONICAL_95b62a37e1cc,TRAIN,TRAIN,CLUST_0.70_00008,LATE
CANONICAL_95b7b4991cd5,TRAIN,TEST,CLUST_0.70_00030,EARLY
CANONICAL_95ba5931af6a,TEST,VALIDATION,CLUST_0.70_00079,LATE
CANONICAL_95bac13085a7,VALIDATION,TRAIN,CLUST_0.70_00007,EARLY
CANONICAL_95bcd61dbbe3,TRAIN,VALIDATION,CLUST_0.70_00064,LATE
CANONICAL_95cb45f799b4,TEST,TRAIN,CLUST_0.70_00002,LATE
CANONICAL_95cd1db75b41,TRAIN,TRAIN,CLUST_0.70_00005,EARLY
CANONICAL_95cd8bf738d1,TRAIN,TRAIN,CLUST_0.70_00005,EARLY
CANONICAL_95cdca6649d5,TRAIN,TRAIN,CLUST_0.70_00005,EARLY
CANONICAL_95cfc013f76b,TEST,TEST,CLUST_0.70_00018,LATE
CANONICAL_95dbd3d51bf5,TRAIN,VALIDATION,CLUST_0.70_00055,LATE
CANONICAL_95e1108945fa,VALIDATION,TRAIN,CLUST_0.70_00007,LATE
CANONICAL_95e296d81acf,TRAIN,TEST,CLUST_0.70_00015,LATE
CANONICAL_95e5b0687b42,TRAIN,TRAIN,CLUST_0.70_00005,LATE
CANONICAL_95e8bc76565a,TRAIN,TRAIN,CLUST_0.70_00005,EARLY
CANONICAL_95e9491a8058,TRAIN,TEST,CLUST_0.70_00001,LATE
CANONICAL_95efe012a4bb,TRAIN,TRAIN,CLUST_0.70_00008,LATE
CANONICAL_95f246c393d2,TRAIN,TRAIN,CLUST_0.70_00008,LATE
CANONICAL_95f6f81130a4,TRAIN,VALIDATION,CLUST_0.70_00041,EARLY
CANONICAL_95fcadf86d7f,TRAIN,TEST,CLUST_0.70_00001,LATE
CANONICAL_95fd3fed07c0,TRAIN,VALIDATION,CLUST_0.70_00038,LATE
CANONICAL_96007907378e,VALIDATION,TEST,CLUST_0.70_00004,IMMEDIATE_EARLY
CANONICAL_960172f46074,TRAIN,TEST,CLUST_0.70_00015,LATE
CANONICAL_9602b30dd06d,TRAIN,TEST,CLUST_0.70_00018,LATE
CANONICAL_960315d49e22,TRAIN,VALIDATION,CLUST_0.70_00079,LATE
CANONICAL_960389e43100,TRAIN,TEST,CLUST_0.70_00018,EARLY
CANONICAL_96039c7e3f93,TRAIN,TRAIN,CLUST_0.70_00116,LATE
CANONICAL_9608be87d997,TRAIN,TRAIN,CLUST_0.70_00005,LATE
CANONICAL_9609a5ae1e65,TRAIN,TRAIN,CLUST_0.70_00005,EARLY
CANONICAL_960d530a5288,TEST,TRAIN,CLUST_0.70_00008,LATE
CANONICAL_96117ab2e8d9,TEST,VALIDATION,CLUST_0.70_00064,LATE
CANONICAL_9611ef38d4e6,TRAIN,TEST,CLUST_0.70_00052,LATE
CANONICAL_96178a866d1b,TRAIN,VALIDATION,CLUST_0.70_00029,LATE
CANONICAL_96183f6bd748,TRAIN,TEST,CLUST_0.70_00037,LATE
CANONICAL_9619155447e0,TRAIN,TEST,CLUST_0.70_00030,EARLY
CANONICAL_961bd5e40828,TEST,TRAIN,CLUST_0.70_00005,EARLY
CANONICAL_961c4188ea92,TRAIN,TRAIN,CLUST_0.70_00007,LATE
CANONICAL_9623ddeda11e,VALIDATION,TRAIN,CLUST_0.70_00007,EARLY
CANONICAL_963209d90fab,TRAIN,VALIDATION,CLUST_0.70_00025,LATE
CANONICAL_963333b5d356,TRAIN,TRAIN,CLUST_0.70_00008,LATE
CANONICAL_9634d74efc0e,TEST,TRAIN,CLUST_0.70_00005,LATE
CANONICAL_9639ccdd2fa5,TRAIN,TRAIN,CLUST_0.70_00005,LATE
CANONICAL_963aa3142b01,TRAIN,VALIDATION,CLUST_0.70_00029,LATE
CANONICAL_963c8ba4c81d,TRAIN,TRAIN,CLUST_0.70_00005,LATE
CANONICAL_9642da005778,TRAIN,TRAIN,CLUST_0.70_00007,LATE
CANONICAL_964a5942f2f2,TRAIN,VALIDATION,CLUST_0.70_00036,EARLY
CANONICAL_964c9a8d0714,TEST,TRAIN,CLUST_0.70_00427,EARLY
CANONICAL_9656cdfb0cf3,TRAIN,TRAIN,CLUST_0.70_00005,LATE
CANONICAL_965b19f7f854,TRAIN,VALIDATION,CLUST_0.70_00010,EARLY
CANONICAL_9661c655d279,TRAIN,TRAIN,CLUST_0.70_00008,LATE
CANONICAL_9675b812abca,TRAIN,TRAIN,CLUST_0.70_00005,LATE
CANONICAL_967801b9493d,TRAIN,TRAIN,CLUST_0.70_00005,LATE
CANONICAL_967dc857338a,TRAIN,VALIDATION,CLUST_0.70_00106,LATE
CANONICAL_968205c41333,TRAIN,TRAIN,CLUST_0.70_00005,EARLY
CANONICAL_96875a550023,TEST,TRAIN,CLUST_0.70_00007,LATE
CANONICAL_968acc23c6b5,TEST,TRAIN,CLUST_0.70_00102,LATE
CANONICAL_968c4c728a98,TEST,TRAIN,CLUST_0.70_00109,LATE
CANONICAL_9693a961481a,TEST,TEST,CLUST_0.70_00052,LATE
CANONICAL_9698f3a820fc,TRAIN,TRAIN,CLUST_0.70_00005,LATE
CANONICAL_9699d9afd5f3,TEST,TRAIN,CLUST_0.70_00005,EARLY
CANONICAL_969a1c84b8f1,TRAIN,TRAIN,CLUST_0.70_00005,EARLY
CANONICAL_96a47bba097a,VALIDATION,TEST,CLUST_0.70_00001,LATE
CANONICAL_96a7a4e5aee7,TEST,VALIDATION,CLUST_0.70_00038,LATE
CANONICAL_96a9fdc38cc0,TRAIN,TRAIN,CLUST_0.70_00056,LATE
CANONICAL_96ac2cfcec9e,TRAIN,TRAIN,CLUST_0.70_00222,LATE
CANONICAL_96bb603b7b29,TRAIN,TRAIN,CLUST_0.70_00008,LATE
CANONICAL_96c00f5d2db1,TRAIN,VALIDATION,CLUST_0.70_00058,LATE
CANONICAL_96c59be6814e,TEST,VALIDATION,CLUST_0.70_00041,EARLY
CANONICAL_96cb7cc1efeb,TRAIN,VALIDATION,CLUST_0.70_00017,LATE
CANONICAL_96cedb82e697,TRAIN,VALIDATION,CLUST_0.70_00006,IMMEDIATE_EARLY
CANONICAL_96d0e32cd45a,TRAIN,TEST,CLUST_0.70_00001,LATE
CANONICAL_96d494563ac7,TRAIN,TEST,CLUST_0.70_00030,EARLY
CANONICAL_96d78c6833f2,TRAIN,TEST,CLUST_0.70_00001,LATE
CANONICAL_96d7b2368d1d,VALIDATION,TRAIN,CLUST_0.70_00247,EARLY
CANONICAL_96d7d36b9421,TRAIN,TRAIN,CLUST_0.70_00005,EARLY
CANONICAL_96d9dc909023,VALIDATION,TRAIN,CLUST_0.70_00005,LATE
CANONICAL_96db034e39b8,TRAIN,TEST,CLUST_0.70_00071,LATE
CANONICAL_96dbcb995eed,VALIDATION,TRAIN,CLUST_0.70_00005,EARLY
CANONICAL_96dc16ce6c6e,TRAIN,TRAIN,CLUST_0.70_00008,LATE
CANONICAL_96de3f7e1d14,TEST,TEST,CLUST_0.70_00015,LATE
CANONICAL_96df7f155020,TRAIN,TRAIN,CLUST_0.70_00227,LATE
CANONICAL_96e552b48dc4,TRAIN,TRAIN,CLUST_0.70_00005,LATE
CANONICAL_96e7fb63d4d0,TRAIN,VALIDATION,CLUST_0.70_00064,LATE
CANONICAL_96ebcb975cea,TEST,VALIDATION,CLUST_0.70_00031,LATE
CANONICAL_96efb7667337,TRAIN,VALIDATION,CLUST_0.70_00055,LATE
CANONICAL_96f249f80c16,TEST,TRAIN,CLUST_0.70_00005,LATE
CANONICAL_96f8caa74aa9,TRAIN,TRAIN,CLUST_0.70_00005,LATE
CANONICAL_96fb5513e78d,TRAIN,TRAIN,CLUST_0.70_00008,LATE
CANONICAL_96fe7ceb9596,TRAIN,TEST,CLUST_0.70_00001,LATE
CANONICAL_970062cede04,TRAIN,TRAIN,CLUST_0.70_00095,LATE
CANONICAL_970c6f9df33c,VALIDATION,TRAIN,CLUST_0.70_00008,LATE
CANONICAL_970df418e14a,TRAIN,VALIDATION,CLUST_0.70_00025,LATE
CANONICAL_970fa94aa94c,TEST,TRAIN,CLUST_0.70_00007,LATE
CANONICAL_971489876038,TRAIN,TRAIN,CLUST_0.70_00007,LATE
CANONICAL_97182e1de0a6,TRAIN,TRAIN,CLUST_0.70_00191,EARLY
CANONICAL_971a85a82bd5,TEST,TEST,CLUST_0.70_00018,LATE
CANONICAL_971c7a3496c8,TRAIN,TRAIN,CLUST_0.70_00008,LATE
CANONICAL_971e000f9d3c,TRAIN,TEST,CLUST_0.70_00030,EARLY
CANONICAL_971e42d4c627,TEST,VALIDATION,CLUST_0.70_00029,LATE
CANONICAL_972372722e0a,TRAIN,TRAIN,CLUST_0.70_00007,LATE
CANONICAL_972848c1fd79,TRAIN,TRAIN,CLUST_0.70_00005,EARLY
CANONICAL_97290197edf6,TRAIN,TRAIN,CLUST_0.70_00008,LATE
CANONICAL_97304680b0cc,TRAIN,TEST,CLUST_0.70_00015,LATE
CANONICAL_97306d0643e5,TRAIN,VALIDATION,CLUST_0.70_00031,LATE
CANONICAL_973081e28a57,TRAIN,TRAIN,CLUST_0.70_00005,EARLY
CANONICAL_973826f7b16c,TRAIN,TEST,CLUST_0.70_00001,LATE
CANONICAL_9738fb288b2c,TRAIN,TRAIN,CLUST_0.70_00005,EARLY
CANONICAL_973f977452e1,TRAIN,TEST,CLUST_0.70_00004,IMMEDIATE_EARLY
CANONICAL_973fd383a582,TRAIN,TRAIN,CLUST_0.70_00236,IMMEDIATE_EARLY
CANONICAL_974b3a1dd63c,TEST,TRAIN,CLUST_0.70_00098,LATE
CANONICAL_974e006f3ad5,TRAIN,TEST,CLUST_0.70_00001,LATE
CANONICAL_9752a38b888b,TRAIN,TEST,CLUST_0.70_00052,LATE
CANONICAL_9757b79f3ece,TRAIN,VALIDATION,CLUST_0.70_00006,IMMEDIATE_EARLY
CANONICAL_975abaa39a58,TRAIN,TEST,CLUST_0.70_00009,LATE
CANONICAL_975de0e97262,TRAIN,TRAIN,CLUST_0.70_00005,EARLY
CANONICAL_97690fb20dc4,TRAIN,VALIDATION,CLUST_0.70_00026,IMMEDIATE_EARLY
CANONICAL_976d484ef6b6,TRAIN,TRAIN,CLUST_0.70_00007,LATE
CANONICAL_97714725f7f1,TRAIN,VALIDATION,CLUST_0.70_00059,LATE
CANONICAL_9776cb232a78,TRAIN,TRAIN,CLUST_0.70_00008,LATE
CANONICAL_977952b7acec,TRAIN,TRAIN,CLUST_0.70_00005,EARLY
CANONICAL_977c21da51f9,TEST,VALIDATION,CLUST_0.70_00006,IMMEDIATE_EARLY
CANONICAL_977df3f4de22,TRAIN,TRAIN,CLUST_0.70_00005,EARLY
CANONICAL_978340f3b3b4,TRAIN,VALIDATION,CLUST_0.70_00190,LATE
CANONICAL_978515c9231e,TEST,TRAIN,CLUST_0.70_00007,LATE
CANONICAL_9785829a2671,TEST,VALIDATION,CLUST_0.70_00065,LATE
CANONICAL_97886105a5f4,TRAIN,TRAIN,CLUST_0.70_00005,LATE
CANONICAL_978907772b70,TRAIN,TRAIN,CLUST_0.70_00008,LATE
CANONICAL_9789a913dbde,VALIDATION,TRAIN,CLUST_0.70_00091,LATE
CANONICAL_978c39c9ec9d,TEST,TEST,CLUST_0.70_00001,LATE
CANONICAL_978cbd060d10,TRAIN,TRAIN,CLUST_0.70_00097,LATE
CANONICAL_978ccf124ed6,TEST,TRAIN,CLUST_0.70_00008,LATE
CANONICAL_978e3513bebd,TRAIN,TEST,CLUST_0.70_00015,LATE
CANONICAL_9793fe7e94ec,TRAIN,TRAIN,CLUST_0.70_00007,EARLY
CANONICAL_979571aac5fa,TRAIN,TEST,CLUST_0.70_00001,LATE
CANONICAL_97969e66844c,TRAIN,VALIDATION,CLUST_0.70_00029,LATE
CANONICAL_9799b704de56,TRAIN,TRAIN,CLUST_0.70_00005,LATE
CANONICAL_979bb01c7789,TEST,TEST,CLUST_0.70_00004,IMMEDIATE_EARLY
CANONICAL_97a4c24c3cd3,TRAIN,TRAIN,CLUST_0.70_00005,EARLY
CANONICAL_97af43732715,TRAIN,TRAIN,CLUST_0.70_00164,LATE
CANONICAL_97bf126588f8,TRAIN,TRAIN,CLUST_0.70_00008,LATE
CANONICAL_97c015d46c28,TRAIN,TRAIN,CLUST_0.70_00008,LATE
CANONICAL_97c32d01eb3f,TRAIN,VALIDATION,CLUST_0.70_00017,LATE
CANONICAL_97c4b3e67ca7,TRAIN,TEST,CLUST_0.70_00009,LATE
CANONICAL_97c71d05e79a,TRAIN,TRAIN,CLUST_0.70_00005,EARLY
CANONICAL_97cfaa3c1489,TRAIN,TRAIN,CLUST_0.70_00008,LATE
CANONICAL_97d6363f91f1,TRAIN,TRAIN,CLUST_0.70_00005,LATE
CANONICAL_97d68aa3d49e,TRAIN,VALIDATION,CLUST_0.70_00106,LATE
CANONICAL_97e0bb8b0159,TRAIN,TRAIN,CLUST_0.70_00005,EARLY
CANONICAL_97e81dc9fe1d,TRAIN,TEST,CLUST_0.70_00071,LATE
CANONICAL_97f1d2793f48,VALIDATION,TEST,CLUST_0.70_00030,EARLY
CANONICAL_97f9fda9d2a1,TRAIN,TRAIN,CLUST_0.70_00005,EARLY
CANONICAL_97fa8299925e,TRAIN,VALIDATION,CLUST_0.70_00006,IMMEDIATE_EARLY
CANONICAL_97faad348e92,TRAIN,TRAIN,CLUST_0.70_00008,LATE
CANONICAL_980078655255,TRAIN,TRAIN,CLUST_0.70_00005,EARLY
CANONICAL_9809a2147cf6,TRAIN,TEST,CLUST_0.70_00030,EARLY
CANONICAL_980a5a649b68,TRAIN,TRAIN,CLUST_0.70_00005,EARLY
CANONICAL_980cc7e1aec9,TRAIN,TRAIN,CLUST_0.70_00116,LATE
CANONICAL_9814c0804554,TRAIN,TRAIN,CLUST_0.70_00007,LATE
CANONICAL_9817f7cad170,TRAIN,VALIDATION,CLUST_0.70_00041,EARLY
CANONICAL_98182226b47c,VALIDATION,TRAIN,CLUST_0.70_00005,LATE
CANONICAL_981e580954e8,TRAIN,TEST,CLUST_0.70_00030,EARLY
CANONICAL_98205a604615,TEST,TEST,CLUST_0.70_00001,LATE
CANONICAL_9823e9d131fd,TRAIN,TRAIN,CLUST_0.70_00005,LATE
CANONICAL_98288ca8917e,VALIDATION,TRAIN,CLUST_0.70_00109,LATE
CANONICAL_9829b5ad6614,VALIDATION,TRAIN,CLUST_0.70_00005,LATE
CANONICAL_982f786a2bee,TRAIN,TRAIN,CLUST_0.70_00005,LATE
CANONICAL_98311f5d15e6,TRAIN,TRAIN,CLUST_0.70_00008,LATE
CANONICAL_983da267e3d4,TRAIN,TRAIN,CLUST_0.70_00008,LATE
CANONICAL_983dc76c2891,TRAIN,TEST,CLUST_0.70_00051,LATE
CANONICAL_984067e06208,TRAIN,TRAIN,CLUST_0.70_00005,EARLY
CANONICAL_9840b58c9620,TRAIN,VALIDATION,CLUST_0.70_00010,EARLY
CANONICAL_9842fafa6b76,VALIDATION,TRAIN,CLUST_0.70_00007,LATE
CANONICAL_9846736c6a9e,TRAIN,TRAIN,CLUST_0.70_00005,EARLY
CANONICAL_984ddb155f90,TRAIN,TRAIN,CLUST_0.70_00134,LATE
CANONICAL_984edda2b70b,TRAIN,VALIDATION,CLUST_0.70_00036,EARLY
CANONICAL_985f4ea434b6,VALIDATION,TRAIN,CLUST_0.70_00008,LATE
CANONICAL_9860bc478af2,TRAIN,VALIDATION,CLUST_0.70_00017,LATE
CANONICAL_9860e7799080,TRAIN,VALIDATION,CLUST_0.70_00029,LATE
CANONICAL_98636d132867,TEST,TRAIN,CLUST_0.70_00007,LATE
CANONICAL_986581fb057a,TRAIN,TEST,CLUST_0.70_00001,LATE
CANONICAL_986a55e65231,TRAIN,TRAIN,CLUST_0.70_00005,EARLY
CANONICAL_986f3c3c8286,TRAIN,TRAIN,CLUST_0.70_00002,LATE
CANONICAL_9871fe6f170a,TRAIN,VALIDATION,CLUST_0.70_00006,IMMEDIATE_EARLY
CANONICAL_98758fe4f8ce,TRAIN,TRAIN,CLUST_0.70_00007,EARLY
CANONICAL_987689db8ac5,TRAIN,TEST,CLUST_0.70_00009,LATE
CANONICAL_987c313727a1,TRAIN,VALIDATION,CLUST_0.70_00040,EARLY
CANONICAL_98847e6fd499,TRAIN,TRAIN,CLUST_0.70_00005,EARLY
CANONICAL_988ab4f71c61,TRAIN,TEST,CLUST_0.70_00030,EARLY
CANONICAL_988edeea0852,TEST,TEST,CLUST_0.70_00001,LATE
CANONICAL_988fef131d82,TRAIN,TRAIN,CLUST_0.70_00008,LATE
CANONICAL_98a2c4e635b4,VALIDATION,VALIDATION,CLUST_0.70_00039,LATE
CANONICAL_98ad2eb55c7b,TRAIN,VALIDATION,CLUST_0.70_00059,LATE
CANONICAL_98af5609e564,TRAIN,TRAIN,CLUST_0.70_00005,EARLY
CANONICAL_98b6d5079b9d,TRAIN,TRAIN,CLUST_0.70_00008,LATE
CANONICAL_98b8fe7221a7,TRAIN,VALIDATION,CLUST_0.70_00038,LATE
CANONICAL_98c98a99b9b0,TRAIN,TEST,CLUST_0.70_00037,LATE
CANONICAL_98d08cffaa95,VALIDATION,TEST,CLUST_0.70_00071,LATE
CANONICAL_98d0b7e238f1,VALIDATION,TEST,CLUST_0.70_00004,IMMEDIATE_EARLY
CANONICAL_98d747ccf34b,VALIDATION,TRAIN,CLUST_0.70_00005,EARLY
CANONICAL_98da6979ac40,TRAIN,TEST,CLUST_0.70_00030,EARLY
CANONICAL_98de284a5138,TRAIN,TRAIN,CLUST_0.70_00091,LATE
CANONICAL_98de6f2b7366,TRAIN,TRAIN,CLUST_0.70_00005,EARLY
CANONICAL_98e1d7e0838b,TRAIN,TRAIN,CLUST_0.70_00005,EARLY
CANONICAL_98f5478a8da7,VALIDATION,TRAIN,CLUST_0.70_00008,LATE
CANONICAL_98f8d6051024,TRAIN,VALIDATION,CLUST_0.70_00006,IMMEDIATE_EARLY
CANONICAL_98fde6d41b6c,TRAIN,TEST,CLUST_0.70_00001,LATE
CANONICAL_990fcea0a0a1,TRAIN,TRAIN,CLUST_0.70_00005,LATE
CANONICAL_9911032a5ae6,TRAIN,TRAIN,CLUST_0.70_00109,LATE
CANONICAL_99168ce1f2ec,TRAIN,TEST,CLUST_0.70_00071,LATE
CANONICAL_9918c13edf72,TRAIN,TRAIN,CLUST_0.70_00005,EARLY
CANONICAL_992332cf74c9,TRAIN,TRAIN,CLUST_0.70_00062,LATE
CANONICAL_992675f4c7d1,VALIDATION,TRAIN,CLUST_0.70_00075,LATE
CANONICAL_9926aa7cb584,TEST,VALIDATION,CLUST_0.70_00106,LATE
CANONICAL_992700818018,VALIDATION,VALIDATION,CLUST_0.70_00025,LATE
CANONICAL_992744c10473,TRAIN,TEST,CLUST_0.70_00080,LATE
CANONICAL_992963e55cfc,TRAIN,TRAIN,CLUST_0.70_00008,LATE
CANONICAL_992ab1628b66,TEST,TRAIN,CLUST_0.70_00005,EARLY
CANONICAL_992b95be4d6f,TRAIN,VALIDATION,CLUST_0.70_00031,LATE
CANONICAL_992cb5138fe1,VALIDATION,TEST,CLUST_0.70_00071,LATE
CANONICAL_9931f507642d,TEST,TRAIN,CLUST_0.70_00108,LATE
CANONICAL_99327616a771,TRAIN,TRAIN,CLUST_0.70_00008,LATE
CANONICAL_99330d842a28,TEST,TRAIN,CLUST_0.70_00005,EARLY
CANONICAL_99391b46b0a7,TRAIN,VALIDATION,CLUST_0.70_00031,LATE
CANONICAL_9939d917d786,VALIDATION,TRAIN,CLUST_0.70_00005,EARLY
CANONICAL_993c2052772c,TRAIN,VALIDATION,CLUST_0.70_00079,LATE
CANONICAL_993c7e9e4123,TEST,TRAIN,CLUST_0.70_00007,EARLY
CANONICAL_993de7ca0757,TRAIN,TRAIN,CLUST_0.70_00005,EARLY
CANONICAL_993e41bf4971,TRAIN,TRAIN,CLUST_0.70_00352,LATE
CANONICAL_993ef22d3772,TRAIN,TEST,CLUST_0.70_00009,LATE
CANONICAL_993f7f0a9e7a,TRAIN,VALIDATION,CLUST_0.70_00065,LATE
CANONICAL_99416dd98a8b,VALIDATION,TEST,CLUST_0.70_00009,LATE
CANONICAL_99428e5d9381,TRAIN,VALIDATION,CLUST_0.70_00041,EARLY
CANONICAL_994620d82d86,VALIDATION,TRAIN,CLUST_0.70_00005,LATE
CANONICAL_99468b2acb7f,TRAIN,TRAIN,CLUST_0.70_00005,EARLY
CANONICAL_9948c6e59d19,TEST,TRAIN,CLUST_0.70_00125,LATE
CANONICAL_9955c5ee8f65,TRAIN,TRAIN,CLUST_0.70_00150,EARLY
CANONICAL_995840cd49ae,TRAIN,TRAIN,CLUST_0.70_00008,LATE
CANONICAL_995cef52249c,TRAIN,TRAIN,CLUST_0.70_00007,EARLY
CANONICAL_995d6c09d9b4,TRAIN,TRAIN,CLUST_0.70_00002,LATE
CANONICAL_99608fd212b5,TRAIN,TEST,CLUST_0.70_00004,IMMEDIATE_EARLY
CANONICAL_997a26218f27,TRAIN,VALIDATION,CLUST_0.70_00006,IMMEDIATE_EARLY
CANONICAL_998b521d9417,TEST,TEST,CLUST_0.70_00018,LATE
CANONICAL_998b5a42f978,TRAIN,TEST,CLUST_0.70_00030,EARLY
CANONICAL_998cdd98cef3,TRAIN,TRAIN,CLUST_0.70_00005,EARLY
CANONICAL_998e136c9c85,TRAIN,TEST,CLUST_0.70_00018,EARLY
CANONICAL_9991a4484e57,TRAIN,VALIDATION,CLUST_0.70_00127,LATE
CANONICAL_99921f313743,TRAIN,TRAIN,CLUST_0.70_00272,LATE
CANONICAL_99928a8f6786,VALIDATION,TRAIN,CLUST_0.70_00392,EARLY
CANONICAL_99949fe1feca,TRAIN,TRAIN,CLUST_0.70_00056,LATE
CANONICAL_9998f0208ff2,VALIDATION,TRAIN,CLUST_0.70_00056,LATE
CANONICAL_999fc8ee47c5,TRAIN,TEST,CLUST_0.70_00052,LATE
CANONICAL_99a1a93d7b58,TRAIN,VALIDATION,CLUST_0.70_00079,LATE
CANONICAL_99a2bd91ca77,VALIDATION,TRAIN,CLUST_0.70_00005,EARLY
CANONICAL_99a48b3529da,TEST,TRAIN,CLUST_0.70_00005,LATE
CANONICAL_99a4c5874fa5,TRAIN,VALIDATION,CLUST_0.70_00127,LATE
CANONICAL_99a704f02390,TRAIN,TEST,CLUST_0.70_00052,LATE
CANONICAL_99a75a788b96,TRAIN,TRAIN,CLUST_0.70_00005,LATE
CANONICAL_99b1a462e661,TEST,TRAIN,CLUST_0.70_00005,LATE
CANONICAL_99b434d88d9f,VALIDATION,VALIDATION,CLUST_0.70_00006,IMMEDIATE_EARLY
CANONICAL_99b98d690a7c,TRAIN,TRAIN,CLUST_0.70_00008,LATE
CANONICAL_99c0227030f8,TRAIN,VALIDATION,CLUST_0.70_00106,LATE
CANONICAL_99ca87d8ae10,TRAIN,TRAIN,CLUST_0.70_00005,LATE
CANONICAL_99cf9211e147,TRAIN,TRAIN,CLUST_0.70_00005,EARLY
CANONICAL_99d085c20992,TRAIN,VALIDATION,CLUST_0.70_00039,LATE
CANONICAL_99d6f9aa819d,TEST,VALIDATION,CLUST_0.70_00017,LATE
CANONICAL_99e36197040a,TRAIN,TRAIN,CLUST_0.70_00008,LATE
CANONICAL_99ecead7fc67,TRAIN,TRAIN,CLUST_0.70_00008,LATE
CANONICAL_99f8de61cdad,TRAIN,TRAIN,CLUST_0.70_00008,LATE
CANONICAL_99ff0f7ea57e,TRAIN,TRAIN,CLUST_0.70_00047,LATE
CANONICAL_9a00242383f9,VALIDATION,TRAIN,CLUST_0.70_00005,LATE
CANONICAL_9a059169858f,TRAIN,TRAIN,CLUST_0.70_00005,EARLY
CANONICAL_9a0695ac5284,TRAIN,TEST,CLUST_0.70_00001,LATE
CANONICAL_9a0f0353f1ae,TRAIN,TRAIN,CLUST_0.70_00235,LATE
CANONICAL_9a103ccea636,TRAIN,VALIDATION,CLUST_0.70_00065,LATE
CANONICAL_9a2606410333,TRAIN,TEST,CLUST_0.70_00018,LATE
CANONICAL_9a2a5f25919f,VALIDATION,TRAIN,CLUST_0.70_00005,LATE
CANONICAL_9a2cbb9bd83e,VALIDATION,TEST,CLUST_0.70_00015,LATE
CANONICAL_9a2feec00795,TRAIN,VALIDATION,CLUST_0.70_00029,LATE
CANONICAL_9a3558366aab,VALIDATION,TRAIN,CLUST_0.70_00005,EARLY
CANONICAL_9a38c60a68e4,TEST,TRAIN,CLUST_0.70_00005,EARLY
CANONICAL_9a3b24adf926,TRAIN,TRAIN,CLUST_0.70_00300,LATE
CANONICAL_9a3c8b6bcb29,TEST,TRAIN,CLUST_0.70_00005,EARLY
CANONICAL_9a468140d274,TRAIN,VALIDATION,CLUST_0.70_00055,LATE
CANONICAL_9a488b921226,TRAIN,TRAIN,CLUST_0.70_00005,EARLY
CANONICAL_9a49f5617130,TRAIN,TEST,CLUST_0.70_00001,LATE
CANONICAL_9a4d4b4d46bb,TRAIN,TRAIN,CLUST_0.70_00008,LATE
CANONICAL_9a5044dfa08b,TEST,TEST,CLUST_0.70_00018,LATE
CANONICAL_9a563716a44f,VALIDATION,TEST,CLUST_0.70_00009,LATE
CANONICAL_9a5645082e67,VALIDATION,TEST,CLUST_0.70_00018,LATE
CANONICAL_9a57a2b83394,TRAIN,TRAIN,CLUST_0.70_00008,LATE
CANONICAL_9a76328af6f3,TRAIN,TEST,CLUST_0.70_00030,EARLY
CANONICAL_9a76d39ca523,TRAIN,VALIDATION,CLUST_0.70_00058,LATE
CANONICAL_9a7951df1bf0,TRAIN,TEST,CLUST_0.70_00004,IMMEDIATE_EARLY
CANONICAL_9a80c6870b5a,TRAIN,VALIDATION,CLUST_0.70_00079,LATE
CANONICAL_9a8346bca173,TRAIN,TEST,CLUST_0.70_00001,LATE
CANONICAL_9a957dbb079f,TRAIN,VALIDATION,CLUST_0.70_00040,EARLY
CANONICAL_9a9a0ed6dbcb,VALIDATION,VALIDATION,CLUST_0.70_00065,LATE
CANONICAL_9a9dad94fb4a,TRAIN,TRAIN,CLUST_0.70_00008,LATE
CANONICAL_9a9f51ed2c4e,VALIDATION,TEST,CLUST_0.70_00004,IMMEDIATE_EARLY
CANONICAL_9a9feaac3783,TEST,VALIDATION,CLUST_0.70_00028,EARLY
CANONICAL_9aa0247ca76f,TRAIN,VALIDATION,CLUST_0.70_00010,LATE
CANONICAL_9aa122b8d80e,VALIDATION,VALIDATION,CLUST_0.70_00086,LATE
CANONICAL_9aa74dc6e37a,TEST,TRAIN,CLUST_0.70_00005,EARLY
CANONICAL_9aa7a69ef0dd,TRAIN,TEST,CLUST_0.70_00001,LATE
CANONICAL_9aa948448129,TRAIN,VALIDATION,CLUST_0.70_00106,LATE
CANONICAL_9aaefba2b19d,TRAIN,VALIDATION,CLUST_0.70_00028,EARLY
CANONICAL_9ab103df9ea6,TRAIN,VALIDATION,CLUST_0.70_00036,EARLY
CANONICAL_9ab2d9134f5b,TEST,TEST,CLUST_0.70_00015,LATE
CANONICAL_9ab72e32fdad,TRAIN,TRAIN,CLUST_0.70_00005,LATE
CANONICAL_9ab82dbf1160,TRAIN,TRAIN,CLUST_0.70_00005,LATE
CANONICAL_9ac798435cca,TRAIN,TRAIN,CLUST_0.70_00005,EARLY
CANONICAL_9ac80cb760b0,TEST,TRAIN,CLUST_0.70_00227,LATE
CANONICAL_9ac875aa8379,TRAIN,TRAIN,CLUST_0.70_00008,LATE
CANONICAL_9ac9e2cfc04b,TRAIN,TRAIN,CLUST_0.70_00005,EARLY
CANONICAL_9aca297bd99c,VALIDATION,VALIDATION,CLUST_0.70_00079,LATE
CANONICAL_9aca54006a51,TRAIN,TEST,CLUST_0.70_00004,IMMEDIATE_EARLY
CANONICAL_9acf2f6c3bb5,TRAIN,VALIDATION,CLUST_0.70_00026,IMMEDIATE_EARLY
CANONICAL_9ad7d76d1206,TRAIN,VALIDATION,CLUST_0.70_00190,LATE
CANONICAL_9adb8a1f4376,TRAIN,VALIDATION,CLUST_0.70_00064,LATE
CANONICAL_9adf289725df,TRAIN,TRAIN,CLUST_0.70_00008,LATE
CANONICAL_9ae61a7be0e0,TRAIN,TRAIN,CLUST_0.70_00011,EARLY
CANONICAL_9ae694d8a971,TRAIN,TRAIN,CLUST_0.70_00005,EARLY
CANONICAL_9ae6b6fc546f,TRAIN,VALIDATION,CLUST_0.70_00026,IMMEDIATE_EARLY
CANONICAL_9aea0d3cd605,TRAIN,TRAIN,CLUST_0.70_00005,LATE
CANONICAL_9aebc7958eec,TRAIN,TRAIN,CLUST_0.70_00087,LATE
CANONICAL_9aec52cce1fa,TRAIN,VALIDATION,CLUST_0.70_00086,LATE
CANONICAL_9af0080e809b,TRAIN,VALIDATION,CLUST_0.70_00058,LATE
CANONICAL_9af19a35f502,TRAIN,TRAIN,CLUST_0.70_00005,LATE
CANONICAL_9af49fc3be85,TRAIN,TRAIN,CLUST_0.70_00007,LATE
CANONICAL_9afd593ab81a,TRAIN,TRAIN,CLUST_0.70_00005,EARLY
CANONICAL_9afe0e485876,TRAIN,TRAIN,CLUST_0.70_00005,LATE
CANONICAL_9b08e7a2f869,TRAIN,TRAIN,CLUST_0.70_00005,LATE
CANONICAL_9b0de7e64cb3,TRAIN,TRAIN,CLUST_0.70_00024,LATE
CANONICAL_9b11798294fc,TRAIN,TRAIN,CLUST_0.70_00005,EARLY
CANONICAL_9b123043df59,TRAIN,TRAIN,CLUST_0.70_00008,LATE
CANONICAL_9b12b5537f7a,TEST,TRAIN,CLUST_0.70_00007,LATE
CANONICAL_9b175e4fab59,TEST,TRAIN,CLUST_0.70_00007,LATE
CANONICAL_9b1b1e8a8ab7,TEST,TRAIN,CLUST_0.70_00005,LATE
CANONICAL_9b1c2ce5c0ef,TEST,TEST,CLUST_0.70_00015,LATE
CANONICAL_9b1e226a6ff1,TRAIN,TRAIN,CLUST_0.70_00005,EARLY
CANONICAL_9b1f69cdaecf,TRAIN,TRAIN,CLUST_0.70_00007,LATE
CANONICAL_9b2320daf686,TRAIN,TRAIN,CLUST_0.70_00008,LATE
CANONICAL_9b238edd1be1,VALIDATION,TRAIN,CLUST_0.70_00224,LATE
CANONICAL_9b24085fff31,TEST,VALIDATION,CLUST_0.70_00006,IMMEDIATE_EARLY
CANONICAL_9b2666f6c5bc,TRAIN,VALIDATION,CLUST_0.70_00041,EARLY
CANONICAL_9b2c5dce0b85,VALIDATION,VALIDATION,CLUST_0.70_00017,LATE
CANONICAL_9b2cfe0a0d4c,TRAIN,TRAIN,CLUST_0.70_00005,EARLY
CANONICAL_9b2e61386800,TRAIN,VALIDATION,CLUST_0.70_00127,LATE
CANONICAL_9b309f1469c8,TRAIN,VALIDATION,CLUST_0.70_00029,LATE
CANONICAL_9b3d48819ee2,TEST,VALIDATION,CLUST_0.70_00059,LATE
CANONICAL_9b3e3190e2ac,TRAIN,TRAIN,CLUST_0.70_00005,LATE
CANONICAL_9b4552def37e,TRAIN,VALIDATION,CLUST_0.70_00025,LATE
CANONICAL_9b499953289e,TRAIN,TEST,CLUST_0.70_00018,LATE
CANONICAL_9b5085de4f44,TRAIN,VALIDATION,CLUST_0.70_00079,LATE
CANONICAL_9b52205b7e95,TRAIN,TEST,CLUST_0.70_00030,EARLY
CANONICAL_9b5792ad0daa,TRAIN,TRAIN,CLUST_0.70_00005,LATE
CANONICAL_9b5e80acf2b0,TRAIN,VALIDATION,CLUST_0.70_00031,LATE
CANONICAL_9b6440cbef47,TRAIN,VALIDATION,CLUST_0.70_00064,LATE
CANONICAL_9b67a76bc020,TRAIN,TRAIN,CLUST_0.70_00005,EARLY
CANONICAL_9b6e20a8f1b5,VALIDATION,TRAIN,CLUST_0.70_00005,LATE
CANONICAL_9b74469f6789,TRAIN,TRAIN,CLUST_0.70_00083,LATE
CANONICAL_9b811a47d852,TRAIN,TRAIN,CLUST_0.70_00008,LATE
CANONICAL_9b84bcd7fdef,VALIDATION,TRAIN,CLUST_0.70_00008,LATE
CANONICAL_9b8629e41c1f,VALIDATION,TRAIN,CLUST_0.70_00005,LATE
CANONICAL_9b86753ec9ec,TRAIN,TRAIN,CLUST_0.70_00056,LATE
CANONICAL_9b8c99d9e85a,TRAIN,VALIDATION,CLUST_0.70_00006,IMMEDIATE_EARLY
CANONICAL_9b90b3baeaec,TRAIN,TRAIN,CLUST_0.70_00008,LATE
CANONICAL_9b914151c027,TRAIN,TRAIN,CLUST_0.70_00007,EARLY
CANONICAL_9b914cd97721,TRAIN,TRAIN,CLUST_0.70_00007,LATE
CANONICAL_9b953776e66c,TRAIN,VALIDATION,CLUST_0.70_00169,LATE
CANONICAL_9b95762d7fca,TEST,TRAIN,CLUST_0.70_00007,LATE
CANONICAL_9b98a01b4df9,TRAIN,TRAIN,CLUST_0.70_00197,IMMEDIATE_EARLY
CANONICAL_9b99c4bff927,TRAIN,VALIDATION,CLUST_0.70_00041,EARLY
CANONICAL_9b9a2c69c5cd,TRAIN,TRAIN,CLUST_0.70_00005,LATE
CANONICAL_9b9b901a1f99,TEST,TRAIN,CLUST_0.70_00005,LATE
CANONICAL_9ba4e60a91b5,TEST,TEST,CLUST_0.70_00051,LATE
CANONICAL_9badb981e409,TRAIN,VALIDATION,CLUST_0.70_00025,LATE
CANONICAL_9bb4c2262b9d,TRAIN,VALIDATION,CLUST_0.70_00028,EARLY
CANONICAL_9bb77d3253be,TRAIN,TRAIN,CLUST_0.70_00008,LATE
CANONICAL_9bba0e5ea971,TRAIN,TRAIN,CLUST_0.70_00005,LATE
CANONICAL_9bbbed303265,TRAIN,VALIDATION,CLUST_0.70_00079,LATE
CANONICAL_9bc732686ab1,VALIDATION,TRAIN,CLUST_0.70_00005,EARLY
CANONICAL_9bc82f3c6a53,TEST,TRAIN,CLUST_0.70_00008,LATE
CANONICAL_9bce21171060,TRAIN,VALIDATION,CLUST_0.70_00079,LATE
CANONICAL_9bd018ba8bc9,VALIDATION,TRAIN,CLUST_0.70_00008,LATE
CANONICAL_9bd4d5318fc5,TRAIN,TRAIN,CLUST_0.70_00247,EARLY
CANONICAL_9bdc1991ecd9,TRAIN,TRAIN,CLUST_0.70_00005,EARLY
CANONICAL_9bdd3b4933f2,TRAIN,TEST,CLUST_0.70_00030,EARLY
CANONICAL_9be207282da2,TRAIN,TEST,CLUST_0.70_00001,LATE
CANONICAL_9be20d0d1560,TRAIN,TRAIN,CLUST_0.70_00090,LATE
CANONICAL_9be2aa04e8ce,TRAIN,TRAIN,CLUST_0.70_00008,LATE
CANONICAL_9be64ed4a190,TRAIN,TRAIN,CLUST_0.70_00118,LATE
CANONICAL_9bed7747ec8f,TEST,VALIDATION,CLUST_0.70_00064,LATE
CANONICAL_9bf1f7c29ac3,TRAIN,TRAIN,CLUST_0.70_00005,LATE
CANONICAL_9bf3435866a2,TRAIN,VALIDATION,CLUST_0.70_00026,IMMEDIATE_EARLY
CANONICAL_9bf6d1f2c4c4,TRAIN,TRAIN,CLUST_0.70_00005,EARLY
CANONICAL_9bfe278c3a4d,TRAIN,VALIDATION,CLUST_0.70_00017,LATE
CANONICAL_9bfe3b742f7b,TRAIN,TRAIN,CLUST_0.70_00154,EARLY
CANONICAL_9bfedce837cb,TRAIN,TEST,CLUST_0.70_00004,IMMEDIATE_EARLY
CANONICAL_9c04ba800d96,TEST,TEST,CLUST_0.70_00001,LATE
CANONICAL_9c06042fdfbd,TRAIN,TRAIN,CLUST_0.70_00005,LATE
CANONICAL_9c07750a8079,TRAIN,TRAIN,CLUST_0.70_00049,IMMEDIATE_EARLY
CANONICAL_9c17d6eaf54a,TRAIN,TRAIN,CLUST_0.70_00007,EARLY
CANONICAL_9c1c8af3d777,TEST,TRAIN,CLUST_0.70_00005,EARLY
CANONICAL_9c1ea91fc7e7,TEST,TRAIN,CLUST_0.70_00005,LATE
CANONICAL_9c1fabca2644,TRAIN,TEST,CLUST_0.70_00030,EARLY
CANONICAL_9c21673603f4,TRAIN,VALIDATION,CLUST_0.70_00064,LATE
CANONICAL_9c23b5fb0da1,TRAIN,TRAIN,CLUST_0.70_00005,EARLY
CANONICAL_9c2a03906006,VALIDATION,TEST,CLUST_0.70_00030,EARLY
CANONICAL_9c2a7aee80c2,VALIDATION,VALIDATION,CLUST_0.70_00006,IMMEDIATE_EARLY
CANONICAL_9c2a9b72f611,TRAIN,TRAIN,CLUST_0.70_00133,LATE
CANONICAL_9c2fcc03233d,TRAIN,TRAIN,CLUST_0.70_00005,LATE
CANONICAL_9c305c06622e,TRAIN,VALIDATION,CLUST_0.70_00026,IMMEDIATE_EARLY
CANONICAL_9c359fed85dd,TRAIN,TRAIN,CLUST_0.70_00005,LATE
CANONICAL_9c3a40594f78,TRAIN,TEST,CLUST_0.70_00018,LATE
CANONICAL_9c3b5cdb3a92,TRAIN,TRAIN,CLUST_0.70_00091,LATE
CANONICAL_9c3d37e47d92,TRAIN,TRAIN,CLUST_0.70_00005,EARLY
CANONICAL_9c44733d0972,TRAIN,TRAIN,CLUST_0.70_00005,LATE
CANONICAL_9c46dd0c4e1f,TEST,TRAIN,CLUST_0.70_00056,LATE
CANONICAL_9c470b66da16,VALIDATION,VALIDATION,CLUST_0.70_00006,IMMEDIATE_EARLY
CANONICAL_9c47a95cf30d,TRAIN,TRAIN,CLUST_0.70_00005,LATE
CANONICAL_9c4a3f9019da,TRAIN,TEST,CLUST_0.70_00018,LATE
CANONICAL_9c511305c979,TRAIN,TEST,CLUST_0.70_00030,EARLY
CANONICAL_9c5758a1fdbf,VALIDATION,TEST,CLUST_0.70_00001,LATE
CANONICAL_9c63388a16ea,TRAIN,TRAIN,CLUST_0.70_00008,LATE
CANONICAL_9c640636a831,VALIDATION,TEST,CLUST_0.70_00004,IMMEDIATE_EARLY
CANONICAL_9c7024b6ab90,TEST,TEST,CLUST_0.70_00030,EARLY
CANONICAL_9c73eea2c74c,TRAIN,TRAIN,CLUST_0.70_00007,LATE
CANONICAL_9c744be6bbb7,VALIDATION,TRAIN,CLUST_0.70_00047,LATE
CANONICAL_9c7557c21b9a,TRAIN,TEST,CLUST_0.70_00030,EARLY
CANONICAL_9c79f5630322,TRAIN,VALIDATION,CLUST_0.70_00190,LATE
CANONICAL_9c7d40d98b56,TRAIN,TEST,CLUST_0.70_00037,LATE
CANONICAL_9c81df2d7370,TRAIN,VALIDATION,CLUST_0.70_00079,LATE
CANONICAL_9c882b174b94,TEST,TRAIN,CLUST_0.70_00008,LATE
CANONICAL_9c890d47b367,TRAIN,TRAIN,CLUST_0.70_00008,LATE
CANONICAL_9c90db113d69,TRAIN,VALIDATION,CLUST_0.70_00026,IMMEDIATE_EARLY
CANONICAL_9c919fa2600d,TRAIN,TEST,CLUST_0.70_00030,EARLY
CANONICAL_9c9e0845c723,TRAIN,TRAIN,CLUST_0.70_00005,LATE
CANONICAL_9c9f88cf571e,TRAIN,VALIDATION,CLUST_0.70_00006,IMMEDIATE_EARLY
CANONICAL_9cb91b7de7aa,TEST,TRAIN,CLUST_0.70_00008,LATE
CANONICAL_9cbb0e4c3a52,TRAIN,VALIDATION,CLUST_0.70_00031,LATE
CANONICAL_9cbea86f18ce,TRAIN,TRAIN,CLUST_0.70_00005,EARLY
CANONICAL_9cc2126b0c96,TRAIN,TRAIN,CLUST_0.70_00007,LATE
CANONICAL_9cc86adbe7a1,TRAIN,TRAIN,CLUST_0.70_00102,LATE
CANONICAL_9ccbc03d2921,TEST,TRAIN,CLUST_0.70_00045,EARLY
CANONICAL_9ccc7f043051,TRAIN,TRAIN,CLUST_0.70_00056,LATE
CANONICAL_9ccf9adc846f,TRAIN,VALIDATION,CLUST_0.70_00106,LATE
CANONICAL_9cd197bac907,TRAIN,TRAIN,CLUST_0.70_00008,LATE
CANONICAL_9cd793d62b19,TRAIN,TEST,CLUST_0.70_00030,EARLY
CANONICAL_9cd9e8ddb64b,TRAIN,VALIDATION,CLUST_0.70_00079,LATE
CANONICAL_9cda54baed83,TRAIN,TRAIN,CLUST_0.70_00002,LATE
CANONICAL_9cdafd347b66,VALIDATION,TEST,CLUST_0.70_00001,LATE
CANONICAL_9ce24f5465af,TRAIN,TEST,CLUST_0.70_00009,LATE
CANONICAL_9cec50c8f160,TRAIN,TRAIN,CLUST_0.70_00007,LATE
CANONICAL_9cf0b1b92410,TEST,TRAIN,CLUST_0.70_00005,EARLY
CANONICAL_9cf1c8c2a9d3,VALIDATION,TEST,CLUST_0.70_00030,EARLY
CANONICAL_9cf434808de2,TRAIN,VALIDATION,CLUST_0.70_00039,LATE
CANONICAL_9cfb87c22e68,TRAIN,TEST,CLUST_0.70_00001,LATE
CANONICAL_9cfc93eb5094,TRAIN,TRAIN,CLUST_0.70_00005,EARLY
CANONICAL_9cfe324eed72,TRAIN,VALIDATION,CLUST_0.70_00064,LATE
CANONICAL_9cfe6f93711c,TEST,TRAIN,CLUST_0.70_00056,LATE
CANONICAL_9d077a661a92,VALIDATION,TRAIN,CLUST_0.70_00008,LATE
CANONICAL_9d09132ab730,TRAIN,TRAIN,CLUST_0.70_00005,LATE
CANONICAL_9d0e262ac09b,TRAIN,VALIDATION,CLUST_0.70_00010,EARLY
CANONICAL_9d16899954b8,TRAIN,TRAIN,CLUST_0.70_00008,LATE
CANONICAL_9d1936d01f82,TRAIN,TRAIN,CLUST_0.70_00005,EARLY
CANONICAL_9d1ac4ed0534,TRAIN,TRAIN,CLUST_0.70_00005,LATE
CANONICAL_9d1bcd51f6dd,TRAIN,VALIDATION,CLUST_0.70_00029,LATE
CANONICAL_9d2008570739,VALIDATION,TRAIN,CLUST_0.70_00236,IMMEDIATE_EARLY
CANONICAL_9d20a43c04d6,TRAIN,TRAIN,CLUST_0.70_00008,LATE
CANONICAL_9d274391fc96,TEST,TRAIN,CLUST_0.70_00005,LATE
CANONICAL_9d280c931a68,TRAIN,VALIDATION,CLUST_0.70_00026,IMMEDIATE_EARLY
CANONICAL_9d28adaa1dc2,TEST,TEST,CLUST_0.70_00001,LATE
CANONICAL_9d2b4a9c29df,TRAIN,TRAIN,CLUST_0.70_00007,LATE
CANONICAL_9d2ee046b867,TRAIN,TRAIN,CLUST_0.70_00005,LATE
CANONICAL_9d403b55609b,TRAIN,TRAIN,CLUST_0.70_00008,LATE
CANONICAL_9d4e744adb5a,TEST,VALIDATION,CLUST_0.70_00064,LATE
CANONICAL_9d56027e8a24,VALIDATION,TRAIN,CLUST_0.70_00062,LATE
CANONICAL_9d56254f4136,TRAIN,TEST,CLUST_0.70_00001,LATE
CANONICAL_9d5e9f67a5a3,TRAIN,TRAIN,CLUST_0.70_00008,LATE
CANONICAL_9d5f4c2c006f,TRAIN,TEST,CLUST_0.70_00018,LATE
CANONICAL_9d5ff97add98,TRAIN,TRAIN,CLUST_0.70_00007,EARLY
CANONICAL_9d6491645c25,VALIDATION,TRAIN,CLUST_0.70_00005,EARLY
CANONICAL_9d67e4253d38,TRAIN,TEST,CLUST_0.70_00001,LATE
CANONICAL_9d6d98c870d7,TEST,TRAIN,CLUST_0.70_00344,LATE
CANONICAL_9d7249ad9dd6,TRAIN,TRAIN,CLUST_0.70_00005,EARLY
CANONICAL_9d78a1e52c65,TEST,TRAIN,CLUST_0.70_00008,LATE
CANONICAL_9d7ab4b734a9,TRAIN,TEST,CLUST_0.70_00030,EARLY
CANONICAL_9d7c4d4e16ba,TRAIN,TRAIN,CLUST_0.70_00005,LATE
CANONICAL_9d7c9d60815d,TRAIN,TRAIN,CLUST_0.70_00005,EARLY
CANONICAL_9d7cd5af6f54,TRAIN,TEST,CLUST_0.70_00015,LATE
CANONICAL_9d80a5e0cfec,TRAIN,TRAIN,CLUST_0.70_00007,LATE
CANONICAL_9d8128166354,TRAIN,TRAIN,CLUST_0.70_00005,LATE
CANONICAL_9d817e585414,VALIDATION,TRAIN,CLUST_0.70_00008,LATE
CANONICAL_9d88630d615f,VALIDATION,TRAIN,CLUST_0.70_00070,LATE
CANONICAL_9d8c10d099e9,TRAIN,VALIDATION,CLUST_0.70_00006,IMMEDIATE_EARLY
CANONICAL_9d8d081cfa5e,TRAIN,TEST,CLUST_0.70_00004,IMMEDIATE_EARLY
CANONICAL_9da08048fe1e,TRAIN,TRAIN,CLUST_0.70_00005,LATE
CANONICAL_9da1fc48a917,TRAIN,TRAIN,CLUST_0.70_00005,LATE
CANONICAL_9da47a83d934,TEST,TRAIN,CLUST_0.70_00005,LATE
CANONICAL_9da7ea5afaf2,TEST,VALIDATION,CLUST_0.70_00025,LATE
CANONICAL_9dae4aaac97c,VALIDATION,TRAIN,CLUST_0.70_00005,LATE
CANONICAL_9db1c2f45209,TRAIN,TRAIN,CLUST_0.70_00005,LATE
CANONICAL_9db2a8358020,TRAIN,TEST,CLUST_0.70_00052,LATE
CANONICAL_9db83492cf50,TEST,VALIDATION,CLUST_0.70_00029,LATE
CANONICAL_9db8f02afdba,TRAIN,VALIDATION,CLUST_0.70_00025,LATE
CANONICAL_9db970e47881,TEST,TRAIN,CLUST_0.70_00056,LATE
CANONICAL_9dc1b63b9bac,VALIDATION,TEST,CLUST_0.70_00052,LATE
CANONICAL_9dc5ba70e263,TRAIN,TRAIN,CLUST_0.70_00008,LATE
CANONICAL_9dce16d55a57,TRAIN,TRAIN,CLUST_0.70_00005,EARLY
CANONICAL_9dd09a190298,TRAIN,TRAIN,CLUST_0.70_00231,IMMEDIATE_EARLY
CANONICAL_9de09f5fa3f3,TRAIN,VALIDATION,CLUST_0.70_00026,IMMEDIATE_EARLY
CANONICAL_9de28bdfedf5,TRAIN,TRAIN,CLUST_0.70_00008,LATE
CANONICAL_9de9893edeb2,TRAIN,TEST,CLUST_0.70_00037,LATE
CANONICAL_9decf369676b,TRAIN,TEST,CLUST_0.70_00052,LATE
CANONICAL_9ded75687a82,VALIDATION,TRAIN,CLUST_0.70_00005,EARLY
CANONICAL_9dedb520992f,TRAIN,TRAIN,CLUST_0.70_00005,EARLY
CANONICAL_9df11d668632,TRAIN,TEST,CLUST_0.70_00052,LATE
CANONICAL_9df56fcf29d4,VALIDATION,TRAIN,CLUST_0.70_00005,EARLY
CANONICAL_9dfb25923c20,TEST,TRAIN,CLUST_0.70_00008,LATE
CANONICAL_9dfde0542bf4,TRAIN,TRAIN,CLUST_0.70_00005,LATE
CANONICAL_9e01c5f0f92d,VALIDATION,TRAIN,CLUST_0.70_00008,LATE
CANONICAL_9e06b02ed3e0,TRAIN,VALIDATION,CLUST_0.70_00041,EARLY
CANONICAL_9e09f4b04463,TRAIN,TRAIN,CLUST_0.70_00005,LATE
CANONICAL_9e0c1eadf744,TRAIN,TRAIN,CLUST_0.70_00007,LATE
CANONICAL_9e110c2ba502,TRAIN,TRAIN,CLUST_0.70_00007,LATE
CANONICAL_9e12eb3b9249,TRAIN,TRAIN,CLUST_0.70_00008,LATE
CANONICAL_9e168cf11186,TEST,VALIDATION,CLUST_0.70_00038,LATE
CANONICAL_9e169e902aa4,TRAIN,TEST,CLUST_0.70_00015,LATE
CANONICAL_9e1a9b08e94a,TEST,TEST,CLUST_0.70_00001,LATE
CANONICAL_9e1cb8bfebe8,TRAIN,TRAIN,CLUST_0.70_00008,LATE
CANONICAL_9e229daa8b5b,TEST,TRAIN,CLUST_0.70_00008,LATE
CANONICAL_9e266f50d516,TRAIN,TEST,CLUST_0.70_00001,LATE
CANONICAL_9e3222cba2b1,TRAIN,TRAIN,CLUST_0.70_00235,LATE
CANONICAL_9e3661c03ac0,TRAIN,TEST,CLUST_0.70_00020,LATE
CANONICAL_9e369d96b6ab,TRAIN,TRAIN,CLUST_0.70_00005,EARLY
CANONICAL_9e3ea12103a8,TRAIN,VALIDATION,CLUST_0.70_00031,LATE
CANONICAL_9e51dd26fa3f,VALIDATION,TRAIN,CLUST_0.70_00005,LATE
CANONICAL_9e576d442355,TRAIN,VALIDATION,CLUST_0.70_00025,LATE
CANONICAL_9e5a14defb4b,TRAIN,TRAIN,CLUST_0.70_00008,LATE
CANONICAL_9e5ac4d8c985,TRAIN,TEST,CLUST_0.70_00018,LATE
CANONICAL_9e5b1fd01552,TRAIN,VALIDATION,CLUST_0.70_00006,IMMEDIATE_EARLY
CANONICAL_9e5d253bec7c,TRAIN,VALIDATION,CLUST_0.70_00026,IMMEDIATE_EARLY
CANONICAL_9e5ec12d96ba,TRAIN,VALIDATION,CLUST_0.70_00016,EARLY
CANONICAL_9e653dc7bfcf,VALIDATION,TRAIN,CLUST_0.70_00005,EARLY
CANONICAL_9e672c7fe172,TRAIN,VALIDATION,CLUST_0.70_00006,IMMEDIATE_EARLY
CANONICAL_9e6d2a86e103,TEST,TEST,CLUST_0.70_00037,LATE
CANONICAL_9e703cccb4e7,TRAIN,VALIDATION,CLUST_0.70_00041,EARLY
CANONICAL_9e71f1611d7c,TEST,TEST,CLUST_0.70_00020,LATE
CANONICAL_9e7571e755bf,TRAIN,TRAIN,CLUST_0.70_00005,EARLY
CANONICAL_9e7bfce20987,TRAIN,VALIDATION,CLUST_0.70_00127,LATE
CANONICAL_9e7e3edb6ef8,VALIDATION,TRAIN,CLUST_0.70_00024,LATE
CANONICAL_9e820887a340,TEST,TRAIN,CLUST_0.70_00176,EARLY
CANONICAL_9e845296ff2e,TRAIN,TEST,CLUST_0.70_00004,IMMEDIATE_EARLY
CANONICAL_9e867809a4c7,TRAIN,VALIDATION,CLUST_0.70_00029,LATE
CANONICAL_9e8845d97593,TRAIN,TEST,CLUST_0.70_00052,LATE
CANONICAL_9e92be0d34bc,TRAIN,TRAIN,CLUST_0.70_00077,LATE
CANONICAL_9e92e8d9229f,TRAIN,TRAIN,CLUST_0.70_00192,IMMEDIATE_EARLY
CANONICAL_9e94d34934c2,TRAIN,TRAIN,CLUST_0.70_00008,LATE
CANONICAL_9e97ae1da742,TRAIN,TRAIN,CLUST_0.70_00005,EARLY
CANONICAL_9e9f4b569bcf,VALIDATION,TRAIN,CLUST_0.70_00005,LATE
CANONICAL_9ea2850f07df,TRAIN,TRAIN,CLUST_0.70_00005,LATE
CANONICAL_9ea35c29502a,TRAIN,TRAIN,CLUST_0.70_00005,LATE
CANONICAL_9eab7a67641a,TRAIN,VALIDATION,CLUST_0.70_00026,IMMEDIATE_EARLY
CANONICAL_9eae9f651db8,TEST,TEST,CLUST_0.70_00037,LATE
CANONICAL_9eb30f1abe3c,TRAIN,VALIDATION,CLUST_0.70_00025,LATE
CANONICAL_9eb78b2e534d,VALIDATION,TRAIN,CLUST_0.70_00047,LATE
CANONICAL_9eb9beb2c35f,TEST,VALIDATION,CLUST_0.70_00065,LATE
CANONICAL_9ebdc7391a85,TRAIN,TRAIN,CLUST_0.70_00008,LATE
CANONICAL_9ebf0ffe99f7,TRAIN,TEST,CLUST_0.70_00001,LATE
CANONICAL_9ebf668286c0,TRAIN,TRAIN,CLUST_0.70_00008,LATE
CANONICAL_9ec29f1dd80e,TRAIN,TRAIN,CLUST_0.70_00005,EARLY
CANONICAL_9ece3b602cd8,VALIDATION,TRAIN,CLUST_0.70_00005,LATE
CANONICAL_9ed31a11dba8,VALIDATION,TEST,CLUST_0.70_00001,LATE
CANONICAL_9ed63b141063,TEST,TRAIN,CLUST_0.70_00007,LATE
CANONICAL_9ed9a1e481f1,TRAIN,TEST,CLUST_0.70_00015,LATE
CANONICAL_9edfb8d5f394,TRAIN,TRAIN,CLUST_0.70_00008,LATE
CANONICAL_9edfe704e0f0,TRAIN,TRAIN,CLUST_0.70_00008,LATE
CANONICAL_9ee1495a0a50,TRAIN,TRAIN,CLUST_0.70_00005,LATE
CANONICAL_9ee489561720,TRAIN,TRAIN,CLUST_0.70_00005,LATE
CANONICAL_9ee6e9b180fe,TRAIN,TEST,CLUST_0.70_00052,LATE
CANONICAL_9eed37deded0,TRAIN,TRAIN,CLUST_0.70_00005,LATE
CANONICAL_9eedfd0ddc3c,TRAIN,VALIDATION,CLUST_0.70_00006,IMMEDIATE_EARLY
CANONICAL_9ef030e1aac0,TRAIN,VALIDATION,CLUST_0.70_00127,LATE
CANONICAL_9ef0ef1f6f97,TRAIN,TRAIN,CLUST_0.70_00005,LATE
CANONICAL_9ef989cecdee,TEST,VALIDATION,CLUST_0.70_00017,LATE
CANONICAL_9efcf5a77d63,TEST,TEST,CLUST_0.70_00004,IMMEDIATE_EARLY
CANONICAL_9f056ad2989b,TRAIN,TRAIN,CLUST_0.70_00164,LATE
CANONICAL_9f08bfd596ee,TRAIN,TRAIN,CLUST_0.70_00021,EARLY
CANONICAL_9f0a201ca004,TRAIN,TRAIN,CLUST_0.70_00005,LATE
CANONICAL_9f0da1652720,TRAIN,TRAIN,CLUST_0.70_00005,EARLY
CANONICAL_9f0dde562400,TRAIN,VALIDATION,CLUST_0.70_00036,EARLY
CANONICAL_9f126349d7ce,TRAIN,TRAIN,CLUST_0.70_00005,EARLY
CANONICAL_9f1631604a29,TEST,TRAIN,CLUST_0.70_00005,EARLY
CANONICAL_9f18520d6c05,TRAIN,TRAIN,CLUST_0.70_00024,LATE
CANONICAL_9f1d533a1fb2,TRAIN,TRAIN,CLUST_0.70_00005,EARLY
CANONICAL_9f1e4e2fa6c5,TRAIN,TRAIN,CLUST_0.70_00002,LATE
CANONICAL_9f219543fa24,TRAIN,TRAIN,CLUST_0.70_00091,LATE
CANONICAL_9f22b69488e5,TRAIN,TRAIN,CLUST_0.70_00112,LATE
CANONICAL_9f22c0cb7d21,TRAIN,TRAIN,CLUST_0.70_00008,LATE
CANONICAL_9f28dd1d962d,TRAIN,TRAIN,CLUST_0.70_00007,LATE
CANONICAL_9f2a9f79f970,TRAIN,TRAIN,CLUST_0.70_00005,LATE
CANONICAL_9f2c0105575f,VALIDATION,VALIDATION,CLUST_0.70_00026,IMMEDIATE_EARLY
CANONICAL_9f3fa90ecae0,TEST,TRAIN,CLUST_0.70_00326,LATE
CANONICAL_9f4ce8f287ab,TRAIN,TRAIN,CLUST_0.70_00002,LATE
CANONICAL_9f4f38e653b2,TRAIN,TEST,CLUST_0.70_00015,LATE
CANONICAL_9f505cebe51a,TRAIN,TRAIN,CLUST_0.70_00005,LATE
CANONICAL_9f51dd47b922,VALIDATION,TRAIN,CLUST_0.70_00235,LATE
CANONICAL_9f54250bfd17,TEST,TRAIN,CLUST_0.70_00005,EARLY
CANONICAL_9f5b3ef33807,TEST,VALIDATION,CLUST_0.70_00041,EARLY
CANONICAL_9f5f9fc2ce49,TRAIN,TRAIN,CLUST_0.70_00005,EARLY
CANONICAL_9f62a91a8f66,TRAIN,VALIDATION,CLUST_0.70_00025,LATE
CANONICAL_9f62ee655819,TRAIN,TRAIN,CLUST_0.70_00136,LATE
CANONICAL_9f646f72ac90,TEST,TEST,CLUST_0.70_00071,LATE
CANONICAL_9f67698d9a1c,VALIDATION,TRAIN,CLUST_0.70_00005,EARLY
CANONICAL_9f6cf9a5b9eb,TEST,TEST,CLUST_0.70_00030,EARLY
CANONICAL_9f767813c83a,TRAIN,TEST,CLUST_0.70_00030,EARLY
CANONICAL_9f7762f44f01,TRAIN,TRAIN,CLUST_0.70_00005,EARLY
CANONICAL_9f794d42475d,TRAIN,TEST,CLUST_0.70_00020,LATE
CANONICAL_9f7fc90af44f,VALIDATION,TRAIN,CLUST_0.70_00005,LATE
CANONICAL_9f83d1181d93,TRAIN,TEST,CLUST_0.70_00030,EARLY
CANONICAL_9f8bd67b0d73,TRAIN,TEST,CLUST_0.70_00080,LATE
CANONICAL_9f91ec78df66,TRAIN,TEST,CLUST_0.70_00001,LATE
CANONICAL_9f931cd4479f,TRAIN,VALIDATION,CLUST_0.70_00026,IMMEDIATE_EARLY
CANONICAL_9f94497e434a,VALIDATION,VALIDATION,CLUST_0.70_00127,LATE
CANONICAL_9f984a118df9,TRAIN,TRAIN,CLUST_0.70_00007,LATE
CANONICAL_9f9b6c8d86d9,TRAIN,TRAIN,CLUST_0.70_00008,LATE
CANONICAL_9fa0712cb84f,TRAIN,TRAIN,CLUST_0.70_00005,EARLY
CANONICAL_9fa2533be057,TRAIN,TEST,CLUST_0.70_00030,EARLY
CANONICAL_9fa5fa5adc0d,TRAIN,TRAIN,CLUST_0.70_00005,LATE
CANONICAL_9fa7218f98ec,TRAIN,TEST,CLUST_0.70_00037,LATE
CANONICAL_9fa9e30ce4bf,TRAIN,TRAIN,CLUST_0.70_00236,IMMEDIATE_EARLY
CANONICAL_9fad39d73eca,TRAIN,TRAIN,CLUST_0.70_00005,EARLY
CANONICAL_9fb2c87d1592,TRAIN,VALIDATION,CLUST_0.70_00031,LATE
CANONICAL_9fb591a968c2,VALIDATION,TEST,CLUST_0.70_00001,LATE
CANONICAL_9fb843f1a550,TRAIN,TEST,CLUST_0.70_00052,LATE
CANONICAL_9fc35083afa1,VALIDATION,TRAIN,CLUST_0.70_00008,LATE
CANONICAL_9fc7122c44fd,TRAIN,TEST,CLUST_0.70_00001,LATE
CANONICAL_9fcb2127c42c,VALIDATION,TRAIN,CLUST_0.70_00008,LATE
CANONICAL_9fcbe8f0030c,TRAIN,TRAIN,CLUST_0.70_00007,IMMEDIATE_EARLY
CANONICAL_9fd172980500,TRAIN,TRAIN,CLUST_0.70_00007,IMMEDIATE_EARLY
CANONICAL_9fd820a8f8f9,TRAIN,TRAIN,CLUST_0.70_00008,LATE
CANONICAL_9fd94c10038f,TRAIN,TRAIN,CLUST_0.70_00005,EARLY
CANONICAL_9fdc9e65f092,TEST,TRAIN,CLUST_0.70_00005,EARLY
CANONICAL_9fdfa06c03a4,TRAIN,TRAIN,CLUST_0.70_00007,EARLY
CANONICAL_9fdfb49df5ed,TRAIN,TEST,CLUST_0.70_00051,LATE
CANONICAL_9fe6e1bce754,TRAIN,TRAIN,CLUST_0.70_00027,EARLY
CANONICAL_9ff0fb9bb8e2,TRAIN,TRAIN,CLUST_0.70_00008,LATE
CANONICAL_9ff289e285e3,TRAIN,TEST,CLUST_0.70_00018,EARLY
CANONICAL_9ff7be03de21,TRAIN,TRAIN,CLUST_0.70_00062,LATE
CANONICAL_9ff92cf599b5,TRAIN,TRAIN,CLUST_0.70_00008,LATE
CANONICAL_9fffabc38051,TRAIN,TRAIN,CLUST_0.70_00047,LATE
CANONICAL_a001196e93b5,TRAIN,TRAIN,CLUST_0.70_00007,LATE
CANONICAL_a004b6ac83bc,TRAIN,TRAIN,CLUST_0.70_00236,IMMEDIATE_EARLY
CANONICAL_a00cea9631cc,TRAIN,VALIDATION,CLUST_0.70_00006,IMMEDIATE_EARLY
CANONICAL_a0109a3af5cc,TEST,TRAIN,CLUST_0.70_00008,LATE
CANONICAL_a011cc845297,TRAIN,TRAIN,CLUST_0.70_00005,EARLY
CANONICAL_a011e3975023,TEST,TRAIN,CLUST_0.70_00134,LATE
CANONICAL_a01394a0f2ad,TRAIN,TRAIN,CLUST_0.70_00007,LATE
CANONICAL_a01461c0ba8f,TEST,TRAIN,CLUST_0.70_00005,EARLY
CANONICAL_a01dcafcf074,TEST,TRAIN,CLUST_0.70_00056,LATE
CANONICAL_a01e58090706,TRAIN,TRAIN,CLUST_0.70_00007,EARLY
CANONICAL_a02317bb2293,VALIDATION,VALIDATION,CLUST_0.70_00010,EARLY
CANONICAL_a0238dbe5b8a,TRAIN,TEST,CLUST_0.70_00004,IMMEDIATE_EARLY
CANONICAL_a02c32243dcf,TRAIN,VALIDATION,CLUST_0.70_00040,EARLY
CANONICAL_a02ce77aeadd,TRAIN,TEST,CLUST_0.70_00009,LATE
CANONICAL_a030ca7fd94d,TRAIN,VALIDATION,CLUST_0.70_00006,IMMEDIATE_EARLY
CANONICAL_a031ce39c1b4,VALIDATION,TRAIN,CLUST_0.70_00124,LATE
CANONICAL_a038a45c068b,TRAIN,VALIDATION,CLUST_0.70_00127,LATE
CANONICAL_a03d8b9d3291,TEST,TRAIN,CLUST_0.70_00005,LATE
CANONICAL_a03e7cfe6ae4,TRAIN,TRAIN,CLUST_0.70_00005,EARLY
CANONICAL_a048d12bfca2,TRAIN,TRAIN,CLUST_0.70_00008,LATE
CANONICAL_a04c427c1a27,TRAIN,VALIDATION,CLUST_0.70_00040,EARLY
CANONICAL_a04dc1b01dd4,VALIDATION,VALIDATION,CLUST_0.70_00064,LATE
CANONICAL_a052b74a3cb8,TRAIN,TEST,CLUST_0.70_00030,EARLY
CANONICAL_a05415b56d08,VALIDATION,TRAIN,CLUST_0.70_00024,LATE
CANONICAL_a05ab3086e57,VALIDATION,TRAIN,CLUST_0.70_00008,LATE
CANONICAL_a06146b89ed6,TRAIN,TRAIN,CLUST_0.70_00164,LATE
CANONICAL_a0633d817051,TRAIN,VALIDATION,CLUST_0.70_00065,LATE
CANONICAL_a0640f92711b,VALIDATION,TRAIN,CLUST_0.70_00005,LATE
CANONICAL_a064352118ef,TRAIN,VALIDATION,CLUST_0.70_00055,LATE
CANONICAL_a06c43d7b774,TRAIN,TRAIN,CLUST_0.70_00283,LATE
CANONICAL_a06cde97aa57,TRAIN,VALIDATION,CLUST_0.70_00038,LATE
CANONICAL_a06e793fe458,TEST,TRAIN,CLUST_0.70_00091,LATE
CANONICAL_a06e86955666,VALIDATION,TRAIN,CLUST_0.70_00008,LATE
CANONICAL_a07237fa983a,TEST,TRAIN,CLUST_0.70_00060,EARLY
CANONICAL_a072920b861b,TRAIN,VALIDATION,CLUST_0.70_00029,LATE
CANONICAL_a074f02562df,TRAIN,TRAIN,CLUST_0.70_00005,EARLY
CANONICAL_a0753f37040c,TRAIN,TEST,CLUST_0.70_00001,LATE
CANONICAL_a0763056509d,TRAIN,TEST,CLUST_0.70_00001,LATE
CANONICAL_a077f3cb9930,TRAIN,VALIDATION,CLUST_0.70_00038,LATE
CANONICAL_a07a5f69ce1a,VALIDATION,TEST,CLUST_0.70_00001,LATE
CANONICAL_a07b7c1d7dfc,TRAIN,TRAIN,CLUST_0.70_00222,LATE
CANONICAL_a07e9e5aa8bf,TRAIN,TRAIN,CLUST_0.70_00005,LATE
CANONICAL_a082e8a1b4c5,VALIDATION,TRAIN,CLUST_0.70_00284,LATE
CANONICAL_a08353637c25,TRAIN,TRAIN,CLUST_0.70_00235,LATE
CANONICAL_a0851eba1ff8,TRAIN,TRAIN,CLUST_0.70_00005,LATE
CANONICAL_a086629a4972,TRAIN,VALIDATION,CLUST_0.70_00006,IMMEDIATE_EARLY
CANONICAL_a088221862e1,VALIDATION,TRAIN,CLUST_0.70_00005,LATE
CANONICAL_a090f90f5a31,VALIDATION,VALIDATION,CLUST_0.70_00026,IMMEDIATE_EARLY
CANONICAL_a0923a43f7bc,TRAIN,TRAIN,CLUST_0.70_00005,LATE
CANONICAL_a095ebe35e2a,VALIDATION,TRAIN,CLUST_0.70_00007,EARLY
CANONICAL_a09f10375779,TRAIN,TEST,CLUST_0.70_00015,LATE
CANONICAL_a0a1e0a8ed85,TRAIN,TRAIN,CLUST_0.70_00056,LATE
CANONICAL_a0a202ca5258,TRAIN,TRAIN,CLUST_0.70_00005,EARLY
CANONICAL_a0a9496b2b38,TRAIN,TRAIN,CLUST_0.70_00007,EARLY
CANONICAL_a0b2de0dde2f,TRAIN,TEST,CLUST_0.70_00004,IMMEDIATE_EARLY
CANONICAL_a0b4bd38f5e2,TRAIN,TRAIN,CLUST_0.70_00005,LATE
CANONICAL_a0b4f40ad5c7,TRAIN,TEST,CLUST_0.70_00020,LATE
CANONICAL_a0b6bbc909a5,TRAIN,VALIDATION,CLUST_0.70_00026,IMMEDIATE_EARLY
CANONICAL_a0bd0665bc02,TRAIN,TEST,CLUST_0.70_00001,LATE
CANONICAL_a0bea549dbd6,TRAIN,TRAIN,CLUST_0.70_00008,LATE
CANONICAL_a0c835f7a518,TRAIN,TRAIN,CLUST_0.70_00112,LATE
CANONICAL_a0caa2720797,VALIDATION,TEST,CLUST_0.70_00030,EARLY
CANONICAL_a0ccdb3d46b0,TEST,TEST,CLUST_0.70_00004,IMMEDIATE_EARLY
CANONICAL_a0cf213536c5,TRAIN,TRAIN,CLUST_0.70_00005,LATE
CANONICAL_a0d2a4d6873b,TRAIN,TEST,CLUST_0.70_00037,LATE
CANONICAL_a0d8e4b8bffc,TRAIN,TRAIN,CLUST_0.70_00005,EARLY
CANONICAL_a0da2154c9eb,VALIDATION,TRAIN,CLUST_0.70_00005,EARLY
CANONICAL_a0db1b82b988,TRAIN,TEST,CLUST_0.70_00080,LATE
CANONICAL_a0dc9f8ea83b,TEST,TRAIN,CLUST_0.70_00008,LATE
CANONICAL_a0dcb404509c,TRAIN,TRAIN,CLUST_0.70_00008,LATE
CANONICAL_a0e7c245d51d,VALIDATION,TRAIN,CLUST_0.70_00087,LATE
CANONICAL_a0eefe7c0fbc,TRAIN,TEST,CLUST_0.70_00018,EARLY
CANONICAL_a0f210de9a64,TRAIN,TRAIN,CLUST_0.70_00007,LATE
CANONICAL_a0f4bf043a2e,TEST,TRAIN,CLUST_0.70_00109,LATE
CANONICAL_a0f92fda97b0,TRAIN,VALIDATION,CLUST_0.70_00169,LATE
CANONICAL_a0fac30c9487,TEST,TRAIN,CLUST_0.70_00008,LATE
CANONICAL_a0fe50503fab,TRAIN,TRAIN,CLUST_0.70_00102,LATE
CANONICAL_a1043b46a460,TRAIN,VALIDATION,CLUST_0.70_00006,IMMEDIATE_EARLY
CANONICAL_a1054ce24f09,TRAIN,TRAIN,CLUST_0.70_00005,LATE
CANONICAL_a106bf6418d3,TRAIN,TEST,CLUST_0.70_00030,EARLY
CANONICAL_a10b67c8b44e,TRAIN,TRAIN,CLUST_0.70_00005,EARLY
CANONICAL_a10e6bd2122a,TRAIN,TRAIN,CLUST_0.70_00134,LATE
CANONICAL_a11638af6145,TRAIN,TRAIN,CLUST_0.70_00005,EARLY
CANONICAL_a11b17c217ce,TRAIN,TRAIN,CLUST_0.70_00062,LATE
CANONICAL_a11c8a09c71e,TEST,VALIDATION,CLUST_0.70_00041,EARLY
CANONICAL_a11f85c7807d,TEST,TRAIN,CLUST_0.70_00005,EARLY
CANONICAL_a1223f50f331,TRAIN,VALIDATION,CLUST_0.70_00031,LATE
CANONICAL_a123aff02bf5,TRAIN,TRAIN,CLUST_0.70_00047,LATE
CANONICAL_a129e6094767,VALIDATION,TEST,CLUST_0.70_00018,LATE
CANONICAL_a12ef7e49bca,TRAIN,TRAIN,CLUST_0.70_00008,LATE
CANONICAL_a13a01694215,TRAIN,TRAIN,CLUST_0.70_00024,LATE
CANONICAL_a13cf234e62a,TRAIN,TRAIN,CLUST_0.70_00007,LATE
CANONICAL_a13d1e6c4cd6,TRAIN,TRAIN,CLUST_0.70_00008,LATE
CANONICAL_a13fc02103fa,TEST,TEST,CLUST_0.70_00030,EARLY
CANONICAL_a1417f1a2077,TEST,TRAIN,CLUST_0.70_00005,LATE
CANONICAL_a1419b8a20c5,TEST,TRAIN,CLUST_0.70_00005,EARLY
CANONICAL_a141cd457af7,VALIDATION,TEST,CLUST_0.70_00030,EARLY
CANONICAL_a1492f7e7c6a,TRAIN,TRAIN,CLUST_0.70_00005,LATE
CANONICAL_a14b580ade9d,TRAIN,TEST,CLUST_0.70_00004,IMMEDIATE_EARLY
CANONICAL_a14d16dbb283,TRAIN,TRAIN,CLUST_0.70_00098,LATE
CANONICAL_a1517a510b45,TRAIN,VALIDATION,CLUST_0.70_00026,IMMEDIATE_EARLY
CANONICAL_a15333241781,TRAIN,TRAIN,CLUST_0.70_00091,LATE
CANONICAL_a15678c1a0b2,TEST,TRAIN,CLUST_0.70_00007,LATE
CANONICAL_a15d3376c891,TRAIN,VALIDATION,CLUST_0.70_00079,LATE
CANONICAL_a15f2b1aeec4,TRAIN,TEST,CLUST_0.70_00051,LATE
CANONICAL_a162c972d006,TRAIN,TEST,CLUST_0.70_00015,LATE
CANONICAL_a162e2770863,TRAIN,TRAIN,CLUST_0.70_00068,LATE
CANONICAL_a164927e1ffe,TRAIN,TRAIN,CLUST_0.70_00005,EARLY
CANONICAL_a16ce431892b,TRAIN,TRAIN,CLUST_0.70_00008,LATE
CANONICAL_a16f4e8cdbe7,TRAIN,TRAIN,CLUST_0.70_00227,LATE
CANONICAL_a1717991156e,TRAIN,TRAIN,CLUST_0.70_00005,EARLY
CANONICAL_a173704468b5,VALIDATION,VALIDATION,CLUST_0.70_00058,LATE
CANONICAL_a179e669afd8,TEST,VALIDATION,CLUST_0.70_00106,LATE
CANONICAL_a17b452b71e4,VALIDATION,TRAIN,CLUST_0.70_00007,EARLY
CANONICAL_a17f9625108c,TRAIN,TEST,CLUST_0.70_00004,IMMEDIATE_EARLY
CANONICAL_a18571990ec4,TEST,VALIDATION,CLUST_0.70_00055,LATE
CANONICAL_a185afba2866,TRAIN,TRAIN,CLUST_0.70_00005,EARLY
CANONICAL_a18a2f26f8f3,TRAIN,TRAIN,CLUST_0.70_00008,LATE
CANONICAL_a18c2266de97,TRAIN,VALIDATION,CLUST_0.70_00086,LATE
CANONICAL_a18e3642d013,TRAIN,TRAIN,CLUST_0.70_00007,LATE
CANONICAL_a191beafe9e3,TEST,TEST,CLUST_0.70_00030,EARLY
CANONICAL_a1932484786a,TRAIN,TRAIN,CLUST_0.70_00007,LATE
CANONICAL_a1969b61c155,TRAIN,TRAIN,CLUST_0.70_00097,LATE
CANONICAL_a19af5901b1d,TRAIN,VALIDATION,CLUST_0.70_00025,LATE
CANONICAL_a1a16f3624d4,TRAIN,TEST,CLUST_0.70_00018,LATE
CANONICAL_a1a1a2670908,TRAIN,VALIDATION,CLUST_0.70_00025,LATE
CANONICAL_a1a71913b494,TRAIN,TRAIN,CLUST_0.70_00007,LATE
CANONICAL_a1a8442a5dc7,TRAIN,VALIDATION,CLUST_0.70_00079,LATE
CANONICAL_a1ab982b2965,TRAIN,VALIDATION,CLUST_0.70_00064,LATE
CANONICAL_a1acc2fc130d,TRAIN,TEST,CLUST_0.70_00052,LATE
CANONICAL_a1ada231b1fd,TEST,VALIDATION,CLUST_0.70_00079,LATE
CANONICAL_a1b08a390bf1,TRAIN,VALIDATION,CLUST_0.70_00017,LATE
CANONICAL_a1b2452d88ea,TRAIN,TRAIN,CLUST_0.70_00005,LATE
CANONICAL_a1ba13b85cba,TRAIN,VALIDATION,CLUST_0.70_00029,LATE
CANONICAL_a1bab3c04600,TRAIN,TRAIN,CLUST_0.70_00005,EARLY
CANONICAL_a1bc68400ae0,TRAIN,TEST,CLUST_0.70_00030,EARLY
CANONICAL_a1c0713360c0,TEST,TRAIN,CLUST_0.70_00005,EARLY
CANONICAL_a1c38da8c7b7,TRAIN,VALIDATION,CLUST_0.70_00006,IMMEDIATE_EARLY
CANONICAL_a1c3fb7fe547,TEST,TRAIN,CLUST_0.70_00366,EARLY
CANONICAL_a1c4f75d247f,TRAIN,TEST,CLUST_0.70_00004,IMMEDIATE_EARLY
CANONICAL_a1c7690dc298,VALIDATION,TRAIN,CLUST_0.70_00007,LATE
CANONICAL_a1cc686e118b,TRAIN,VALIDATION,CLUST_0.70_00086,LATE
CANONICAL_a1d79f0344f3,TRAIN,VALIDATION,CLUST_0.70_00010,EARLY
CANONICAL_a1dd7f93e60c,TEST,TRAIN,CLUST_0.70_00008,LATE
CANONICAL_a1de37bb8fa1,VALIDATION,TEST,CLUST_0.70_00001,LATE
CANONICAL_a1dfcfb95758,TRAIN,TRAIN,CLUST_0.70_00005,LATE
CANONICAL_a1e8aa5005c8,TRAIN,TRAIN,CLUST_0.70_00005,LATE
CANONICAL_a1eb8627cd36,TEST,TRAIN,CLUST_0.70_00005,LATE
CANONICAL_a1f20f656026,TRAIN,TRAIN,CLUST_0.70_00005,EARLY
CANONICAL_a1f95b2d37fb,VALIDATION,TRAIN,CLUST_0.70_00005,LATE
CANONICAL_a1faa264135f,TRAIN,TRAIN,CLUST_0.70_00008,LATE
CANONICAL_a204fde6a002,TEST,TEST,CLUST_0.70_00030,EARLY
CANONICAL_a2059a662936,TRAIN,TRAIN,CLUST_0.70_00134,LATE
CANONICAL_a2060c645db6,TRAIN,TRAIN,CLUST_0.70_00008,LATE
CANONICAL_a20688dc27b2,VALIDATION,TRAIN,CLUST_0.70_00007,LATE
CANONICAL_a20812e6ba5f,TRAIN,VALIDATION,CLUST_0.70_00010,LATE
CANONICAL_a20ddeb433dc,TRAIN,TRAIN,CLUST_0.70_00007,LATE
CANONICAL_a2100541f5d0,TRAIN,TEST,CLUST_0.70_00018,LATE
CANONICAL_a214b3decb46,TRAIN,TRAIN,CLUST_0.70_00007,EARLY
CANONICAL_a2150072c947,TRAIN,TRAIN,CLUST_0.70_00231,IMMEDIATE_EARLY
CANONICAL_a21728ac80b1,TRAIN,VALIDATION,CLUST_0.70_00064,LATE
CANONICAL_a217ed30f82c,TRAIN,TRAIN,CLUST_0.70_00197,IMMEDIATE_EARLY
CANONICAL_a219695a750c,TRAIN,VALIDATION,CLUST_0.70_00026,IMMEDIATE_EARLY
CANONICAL_a21d87e633b2,TEST,VALIDATION,CLUST_0.70_00059,LATE
CANONICAL_a2213afc41c0,TRAIN,TRAIN,CLUST_0.70_00005,LATE
CANONICAL_a221c84853b7,TRAIN,TEST,CLUST_0.70_00004,IMMEDIATE_EARLY
CANONICAL_a222ede2b5e0,TRAIN,TEST,CLUST_0.70_00001,LATE
CANONICAL_a228b7d61748,TEST,VALIDATION,CLUST_0.70_00127,LATE
CANONICAL_a228f82a2462,TEST,TRAIN,CLUST_0.70_00008,LATE
CANONICAL_a22b5999c4bb,TRAIN,TRAIN,CLUST_0.70_00008,EARLY
CANONICAL_a22fadb949ba,TRAIN,TRAIN,CLUST_0.70_00047,LATE
CANONICAL_a23a0ca20324,TRAIN,TEST,CLUST_0.70_00080,LATE
CANONICAL_a23e739e348c,TRAIN,TRAIN,CLUST_0.70_00007,EARLY
CANONICAL_a2426be7662a,TRAIN,TRAIN,CLUST_0.70_00005,EARLY
CANONICAL_a2470ae01ae4,TEST,VALIDATION,CLUST_0.70_00010,LATE
CANONICAL_a247e816e6d1,TEST,TRAIN,CLUST_0.70_00136,LATE
CANONICAL_a2482d950c82,TRAIN,TEST,CLUST_0.70_00030,EARLY
CANONICAL_a24a4cff5e21,TRAIN,TRAIN,CLUST_0.70_00005,EARLY
CANONICAL_a24b1b56699a,VALIDATION,TRAIN,CLUST_0.70_00109,LATE
CANONICAL_a24c7432befb,VALIDATION,TEST,CLUST_0.70_00071,LATE
CANONICAL_a24ebdb7bc1b,TRAIN,TEST,CLUST_0.70_00030,EARLY
CANONICAL_a254598552e4,TRAIN,TRAIN,CLUST_0.70_00008,LATE
CANONICAL_a254fe26ab21,TRAIN,TEST,CLUST_0.70_00001,LATE
CANONICAL_a25af215dcf2,TRAIN,VALIDATION,CLUST_0.70_00058,LATE
CANONICAL_a25bd17e4cec,TRAIN,VALIDATION,CLUST_0.70_00039,LATE
CANONICAL_a25c87748444,TRAIN,TRAIN,CLUST_0.70_00007,LATE
CANONICAL_a25e98b0a7a7,VALIDATION,TEST,CLUST_0.70_00004,IMMEDIATE_EARLY
CANONICAL_a2603f40c9ec,TRAIN,VALIDATION,CLUST_0.70_00055,LATE
CANONICAL_a26323851a0c,TRAIN,TRAIN,CLUST_0.70_00091,LATE
CANONICAL_a263ab17b858,TRAIN,TRAIN,CLUST_0.70_00005,LATE
CANONICAL_a26498735884,TRAIN,TRAIN,CLUST_0.70_00008,LATE
CANONICAL_a266679fe750,TRAIN,TRAIN,CLUST_0.70_00005,EARLY
CANONICAL_a26c1d999756,TRAIN,TRAIN,CLUST_0.70_00007,LATE
CANONICAL_a26e8c12d2f6,TRAIN,TRAIN,CLUST_0.70_00005,LATE
CANONICAL_a276e6c42f26,VALIDATION,TRAIN,CLUST_0.70_00005,EARLY
CANONICAL_a27a608ed2c4,TRAIN,TRAIN,CLUST_0.70_00062,LATE
CANONICAL_a287347cfa1c,TRAIN,VALIDATION,CLUST_0.70_00041,EARLY
CANONICAL_a28926f773dc,TRAIN,TRAIN,CLUST_0.70_00249,LATE
CANONICAL_a2897d495ee1,TRAIN,TEST,CLUST_0.70_00004,IMMEDIATE_EARLY
CANONICAL_a28e2031a549,TRAIN,TRAIN,CLUST_0.70_00005,LATE
CANONICAL_a28e404d3e29,VALIDATION,TEST,CLUST_0.70_00018,LATE
CANONICAL_a28edeee81d5,TRAIN,TRAIN,CLUST_0.70_00005,LATE
CANONICAL_a29dfcf440a8,TRAIN,TRAIN,CLUST_0.70_00005,EARLY
CANONICAL_a2a0427ae4b0,TEST,TRAIN,CLUST_0.70_00164,LATE
CANONICAL_a2a2510a21fa,VALIDATION,TRAIN,CLUST_0.70_00149,LATE
CANONICAL_a2a3863a13d2,TRAIN,VALIDATION,CLUST_0.70_00055,IMMEDIATE_EARLY
CANONICAL_a2ad679cacd5,VALIDATION,VALIDATION,CLUST_0.70_00106,LATE
CANONICAL_a2b1160310ce,TRAIN,VALIDATION,CLUST_0.70_00039,LATE
CANONICAL_a2b12a6bcc4d,TRAIN,TRAIN,CLUST_0.70_00005,EARLY
CANONICAL_a2b21524a15a,TRAIN,TRAIN,CLUST_0.70_00005,LATE
CANONICAL_a2b52e7747ee,TRAIN,TEST,CLUST_0.70_00015,LATE
CANONICAL_a2b66c7cb45a,TRAIN,TRAIN,CLUST_0.70_00005,LATE
CANONICAL_a2b8c3e5aff8,TRAIN,TRAIN,CLUST_0.70_00005,EARLY
CANONICAL_a2bab9d155b1,TRAIN,TEST,CLUST_0.70_00004,IMMEDIATE_EARLY
CANONICAL_a2c908adc185,TRAIN,TEST,CLUST_0.70_00001,LATE
CANONICAL_a2cc2bf9c2cf,VALIDATION,TEST,CLUST_0.70_00001,LATE
CANONICAL_a2d643aca025,TRAIN,TEST,CLUST_0.70_00030,EARLY
CANONICAL_a2e1327f794f,TRAIN,VALIDATION,CLUST_0.70_00031,LATE
CANONICAL_a2e87d4b0f3d,TRAIN,TRAIN,CLUST_0.70_00005,LATE
CANONICAL_a2ee9edb2739,VALIDATION,TRAIN,CLUST_0.70_00075,LATE
CANONICAL_a2efc8061815,TEST,VALIDATION,CLUST_0.70_00079,LATE
CANONICAL_a2f0a4674686,TRAIN,TRAIN,CLUST_0.70_00005,EARLY
CANONICAL_a2f83d345541,TEST,VALIDATION,CLUST_0.70_00079,LATE
CANONICAL_a2fa65bb6bd0,TEST,TEST,CLUST_0.70_00018,LATE
CANONICAL_a2fb18012472,TRAIN,TRAIN,CLUST_0.70_00005,LATE
CANONICAL_a2fc9cec2e9b,TRAIN,TRAIN,CLUST_0.70_00008,LATE
CANONICAL_a2ff2abb0921,VALIDATION,TRAIN,CLUST_0.70_00005,LATE
CANONICAL_a30089ce5424,TRAIN,TRAIN,CLUST_0.70_00005,EARLY
CANONICAL_a3072b659450,VALIDATION,TRAIN,CLUST_0.70_00175,LATE
CANONICAL_a30bcf1b0a69,TRAIN,VALIDATION,CLUST_0.70_00086,LATE
CANONICAL_a30e10bae533,TRAIN,TRAIN,CLUST_0.70_00008,LATE
CANONICAL_a30f2c8c2c24,TRAIN,VALIDATION,CLUST_0.70_00064,LATE
CANONICAL_a3143fee49d0,TRAIN,TEST,CLUST_0.70_00030,EARLY
CANONICAL_a315c3a1521b,TRAIN,TEST,CLUST_0.70_00009,LATE
CANONICAL_a31726de68d2,TRAIN,VALIDATION,CLUST_0.70_00006,IMMEDIATE_EARLY
CANONICAL_a31ed22bee6a,TRAIN,TEST,CLUST_0.70_00018,LATE
CANONICAL_a329ef70ee90,TEST,VALIDATION,CLUST_0.70_00079,LATE
CANONICAL_a32a4f15a84b,VALIDATION,VALIDATION,CLUST_0.70_00010,EARLY
CANONICAL_a332eb0a56f9,TRAIN,TRAIN,CLUST_0.70_00008,LATE
CANONICAL_a33389e523db,TRAIN,VALIDATION,CLUST_0.70_00064,LATE
CANONICAL_a33a8c951e9d,TRAIN,TRAIN,CLUST_0.70_00005,EARLY
CANONICAL_a33c6e7de7a3,TRAIN,TRAIN,CLUST_0.70_00005,EARLY
CANONICAL_a33db7235e22,TEST,TRAIN,CLUST_0.70_00164,LATE
CANONICAL_a33deb5b0e8d,TRAIN,TRAIN,CLUST_0.70_00005,LATE
CANONICAL_a340a2dd23b6,TEST,VALIDATION,CLUST_0.70_00006,IMMEDIATE_EARLY
CANONICAL_a343129a6f6e,VALIDATION,TRAIN,CLUST_0.70_00005,LATE
CANONICAL_a34ef41911ce,VALIDATION,TRAIN,CLUST_0.70_00005,EARLY
CANONICAL_a3540fa5c0ff,TRAIN,TRAIN,CLUST_0.70_00005,EARLY
CANONICAL_a3574f68a31c,VALIDATION,TRAIN,CLUST_0.70_00050,EARLY
CANONICAL_a357fb252ddc,TRAIN,TEST,CLUST_0.70_00030,EARLY
CANONICAL_a35887edcf29,TRAIN,TRAIN,CLUST_0.70_00005,EARLY
CANONICAL_a358d38b3d38,TRAIN,TRAIN,CLUST_0.70_00184,LATE
CANONICAL_a35bbe6a53c7,TEST,TRAIN,CLUST_0.70_00005,EARLY
CANONICAL_a360553798a0,TRAIN,VALIDATION,CLUST_0.70_00079,LATE
CANONICAL_a361421e92fb,TRAIN,TRAIN,CLUST_0.70_00005,EARLY
CANONICAL_a3624dc78889,TEST,VALIDATION,CLUST_0.70_00017,LATE
CANONICAL_a363f6374eb6,TRAIN,TRAIN,CLUST_0.70_00005,LATE
CANONICAL_a36642eda9c0,VALIDATION,VALIDATION,CLUST_0.70_00190,LATE
CANONICAL_a366b8fc5c58,TRAIN,TRAIN,CLUST_0.70_00005,LATE
CANONICAL_a3675f005acb,TRAIN,TRAIN,CLUST_0.70_00005,EARLY
CANONICAL_a36c0a8420f9,TEST,TEST,CLUST_0.70_00004,IMMEDIATE_EARLY
CANONICAL_a372692ad554,TRAIN,TRAIN,CLUST_0.70_00005,EARLY
CANONICAL_a37aa1a66382,TRAIN,TRAIN,CLUST_0.70_00005,LATE
CANONICAL_a37ec5f74d9d,TRAIN,TRAIN,CLUST_0.70_00191,EARLY
CANONICAL_a37f3dbf0a18,TRAIN,TEST,CLUST_0.70_00004,IMMEDIATE_EARLY
CANONICAL_a385ba7109c2,TRAIN,VALIDATION,CLUST_0.70_00127,LATE
CANONICAL_a3941d799d49,TRAIN,TEST,CLUST_0.70_00001,LATE
CANONICAL_a396e2a94baf,TRAIN,VALIDATION,CLUST_0.70_00026,IMMEDIATE_EARLY
CANONICAL_a399938df9f8,TRAIN,TRAIN,CLUST_0.70_00005,LATE
CANONICAL_a399c817ec5c,TRAIN,TRAIN,CLUST_0.70_00005,EARLY
CANONICAL_a39f86d0ce9f,TEST,TRAIN,CLUST_0.70_00005,EARLY
CANONICAL_a3a9b3940bad,TRAIN,TRAIN,CLUST_0.70_00008,LATE
CANONICAL_a3b833caf6b7,TRAIN,TRAIN,CLUST_0.70_00093,LATE
CANONICAL_a3bc11f66b95,TRAIN,TEST,CLUST_0.70_00001,LATE
CANONICAL_a3be7baa5c4b,VALIDATION,TRAIN,CLUST_0.70_00008,LATE
CANONICAL_a3c235e5208c,TRAIN,VALIDATION,CLUST_0.70_00059,LATE
CANONICAL_a3c7ea43009e,TRAIN,TEST,CLUST_0.70_00030,EARLY
CANONICAL_a3d79bd5dbf7,TRAIN,VALIDATION,CLUST_0.70_00058,LATE
CANONICAL_a3da5c15c437,TRAIN,TRAIN,CLUST_0.70_00008,LATE
CANONICAL_a3dae7b66e49,TRAIN,TRAIN,CLUST_0.70_00005,LATE
CANONICAL_a3dc1418562c,TRAIN,TRAIN,CLUST_0.70_00005,LATE
CANONICAL_a3e0ede0fb97,TRAIN,TRAIN,CLUST_0.70_00005,EARLY
CANONICAL_a3e8e4866343,TRAIN,TRAIN,CLUST_0.70_00007,IMMEDIATE_EARLY
CANONICAL_a3ef641bc2cd,TRAIN,TEST,CLUST_0.70_00030,EARLY
CANONICAL_a3f0ff4fa43c,TRAIN,VALIDATION,CLUST_0.70_00017,LATE
CANONICAL_a3f96098ee8e,TRAIN,VALIDATION,CLUST_0.70_00065,LATE
CANONICAL_a4021fe763d2,TRAIN,VALIDATION,CLUST_0.70_00065,LATE
CANONICAL_a405e2eb7e7c,TRAIN,VALIDATION,CLUST_0.70_00036,EARLY
CANONICAL_a40d2d1170a6,TRAIN,TRAIN,CLUST_0.70_00007,IMMEDIATE_EARLY
CANONICAL_a41982f10fc5,TEST,TEST,CLUST_0.70_00020,LATE
CANONICAL_a41e4fe60171,TEST,TRAIN,CLUST_0.70_00008,LATE
CANONICAL_a42198c9e838,TRAIN,VALIDATION,CLUST_0.70_00029,LATE
CANONICAL_a421f33af728,TRAIN,TRAIN,CLUST_0.70_00007,LATE
CANONICAL_a4259fc818a2,TRAIN,TRAIN,CLUST_0.70_00005,EARLY
CANONICAL_a429ad5fedbf,TRAIN,TRAIN,CLUST_0.70_00005,EARLY
CANONICAL_a42bbe0b7dbc,TRAIN,VALIDATION,CLUST_0.70_00028,EARLY
CANONICAL_a42c51f69e73,TRAIN,TRAIN,CLUST_0.70_00008,LATE
CANONICAL_a42d16e7df97,TRAIN,TEST,CLUST_0.70_00015,LATE
CANONICAL_a42dfa45f8f8,TEST,TEST,CLUST_0.70_00030,EARLY
CANONICAL_a4336038e406,TRAIN,TRAIN,CLUST_0.70_00236,IMMEDIATE_EARLY
CANONICAL_a43719aa94ad,TRAIN,TEST,CLUST_0.70_00001,LATE
CANONICAL_a439aa16fd8b,TRAIN,TRAIN,CLUST_0.70_00005,LATE
CANONICAL_a43caf5a3e62,TEST,TRAIN,CLUST_0.70_00005,EARLY
CANONICAL_a4470db2c491,TRAIN,TRAIN,CLUST_0.70_00008,LATE
CANONICAL_a44b9dc26dc0,TRAIN,VALIDATION,CLUST_0.70_00055,LATE
CANONICAL_a454327766c9,TRAIN,TRAIN,CLUST_0.70_00005,EARLY
CANONICAL_a45c6abd9808,TRAIN,TRAIN,CLUST_0.70_00008,LATE
CANONICAL_a45cf8890aaf,TRAIN,TRAIN,CLUST_0.70_00005,EARLY
CANONICAL_a45ecfc7c256,TRAIN,TRAIN,CLUST_0.70_00005,LATE
CANONICAL_a4604f4bb48e,TRAIN,TRAIN,CLUST_0.70_00008,LATE
CANONICAL_a46a04b6376a,TRAIN,VALIDATION,CLUST_0.70_00017,LATE
CANONICAL_a46c4dc3d699,TRAIN,TRAIN,CLUST_0.70_00008,LATE
CANONICAL_a4718da73f29,TRAIN,VALIDATION,CLUST_0.70_00055,LATE
CANONICAL_a47b01a0b12a,TEST,VALIDATION,CLUST_0.70_00026,IMMEDIATE_EARLY
CANONICAL_a47c6fdceb75,TRAIN,VALIDATION,CLUST_0.70_00127,LATE
CANONICAL_a47e32855bbb,TRAIN,TRAIN,CLUST_0.70_00008,LATE
CANONICAL_a484deef18d9,TEST,VALIDATION,CLUST_0.70_00039,LATE
CANONICAL_a485e352f859,TEST,VALIDATION,CLUST_0.70_00079,LATE
CANONICAL_a486e15c4012,TRAIN,TRAIN,CLUST_0.70_00007,LATE
CANONICAL_a488447dfde9,TRAIN,VALIDATION,CLUST_0.70_00064,LATE
CANONICAL_a4987c139118,TRAIN,TEST,CLUST_0.70_00004,IMMEDIATE_EARLY
CANONICAL_a4a978e86d92,TRAIN,VALIDATION,CLUST_0.70_00058,LATE
CANONICAL_a4b921281c58,TRAIN,TEST,CLUST_0.70_00004,IMMEDIATE_EARLY
CANONICAL_a4b945f00b72,TRAIN,TRAIN,CLUST_0.70_00005,LATE
CANONICAL_a4bc1d422018,TEST,TRAIN,CLUST_0.70_00007,LATE
CANONICAL_a4bce8f2c457,TRAIN,VALIDATION,CLUST_0.70_00006,IMMEDIATE_EARLY
CANONICAL_a4c48afe4a66,VALIDATION,TRAIN,CLUST_0.70_00005,EARLY
CANONICAL_a4c5b360cec8,TEST,TRAIN,CLUST_0.70_00005,EARLY
CANONICAL_a4cb67bd0caf,TRAIN,TEST,CLUST_0.70_00015,LATE
CANONICAL_a4cb70c17bbb,TRAIN,VALIDATION,CLUST_0.70_00026,IMMEDIATE_EARLY
CANONICAL_a4cb8f9db3f0,TRAIN,TRAIN,CLUST_0.70_00005,EARLY
CANONICAL_a4d05a67bf60,TRAIN,TRAIN,CLUST_0.70_00005,EARLY
CANONICAL_a4d35af2a2db,TRAIN,TRAIN,CLUST_0.70_00008,LATE
CANONICAL_a4d8a9d309ce,TRAIN,VALIDATION,CLUST_0.70_00029,LATE
CANONICAL_a4db32226aa3,TRAIN,TEST,CLUST_0.70_00004,IMMEDIATE_EARLY
CANONICAL_a4e1d399ebe7,VALIDATION,VALIDATION,CLUST_0.70_00038,LATE
CANONICAL_a4e32e9229be,TRAIN,TEST,CLUST_0.70_00030,EARLY
CANONICAL_a4e500dd7804,VALIDATION,TEST,CLUST_0.70_00037,LATE
CANONICAL_a4e68fa53ab5,TRAIN,TRAIN,CLUST_0.70_00005,LATE
CANONICAL_a4e7eebb945e,TEST,TRAIN,CLUST_0.70_00008,LATE
CANONICAL_a4e8de245787,VALIDATION,TRAIN,CLUST_0.70_00005,EARLY
CANONICAL_a4f582c2a8ba,TRAIN,TRAIN,CLUST_0.70_00100,LATE
CANONICAL_a4f7fc579071,TRAIN,TEST,CLUST_0.70_00004,IMMEDIATE_EARLY
CANONICAL_a4fee515b28a,TRAIN,TRAIN,CLUST_0.70_00005,LATE
CANONICAL_a502398a2e14,TRAIN,TRAIN,CLUST_0.70_00008,LATE
CANONICAL_a50383ef23d5,TRAIN,TRAIN,CLUST_0.70_00005,LATE
CANONICAL_a504f2fcb6b0,TEST,TRAIN,CLUST_0.70_00007,LATE
CANONICAL_a50a88a891f9,TRAIN,TEST,CLUST_0.70_00071,LATE
CANONICAL_a514f12a036e,TRAIN,VALIDATION,CLUST_0.70_00010,LATE
CANONICAL_a516b0e2385e,TRAIN,TRAIN,CLUST_0.70_00005,EARLY
CANONICAL_a52860310cad,TRAIN,TRAIN,CLUST_0.70_00109,LATE
CANONICAL_a52b0354d995,TRAIN,VALIDATION,CLUST_0.70_00025,LATE
CANONICAL_a52d099e41c8,TRAIN,TRAIN,CLUST_0.70_00005,LATE
CANONICAL_a52f6b635eb2,TRAIN,TEST,CLUST_0.70_00001,LATE
CANONICAL_a530744f09b9,TRAIN,TRAIN,CLUST_0.70_00005,EARLY
CANONICAL_a530b63da16f,TEST,TEST,CLUST_0.70_00004,IMMEDIATE_EARLY
CANONICAL_a53440ca2e8e,TRAIN,TRAIN,CLUST_0.70_00005,LATE
CANONICAL_a5352486342e,TEST,VALIDATION,CLUST_0.70_00029,LATE
CANONICAL_a538feb3570c,TRAIN,TRAIN,CLUST_0.70_00005,EARLY
CANONICAL_a53b5f89f872,VALIDATION,TEST,CLUST_0.70_00004,IMMEDIATE_EARLY
CANONICAL_a53d652fd397,TEST,VALIDATION,CLUST_0.70_00016,EARLY
CANONICAL_a544d6dd75c8,TRAIN,TEST,CLUST_0.70_00030,EARLY
CANONICAL_a546679ed6f0,TRAIN,TRAIN,CLUST_0.70_00005,LATE
CANONICAL_a547464ad407,TEST,TRAIN,CLUST_0.70_00005,LATE
CANONICAL_a54cbbefc71a,TRAIN,TRAIN,CLUST_0.70_00005,EARLY
CANONICAL_a54d1199f94e,TRAIN,TRAIN,CLUST_0.70_00005,LATE
CANONICAL_a54f20f16852,TRAIN,TRAIN,CLUST_0.70_00005,EARLY
CANONICAL_a54f3a294218,TRAIN,TEST,CLUST_0.70_00052,LATE
CANONICAL_a554a718be83,TRAIN,TEST,CLUST_0.70_00009,LATE
CANONICAL_a555c49387f8,TRAIN,TRAIN,CLUST_0.70_00005,LATE
CANONICAL_a55a7812af87,TRAIN,TRAIN,CLUST_0.70_00033,IMMEDIATE_EARLY
CANONICAL_a55dbf17873b,TRAIN,TEST,CLUST_0.70_00080,LATE
CANONICAL_a562c9b197bc,TRAIN,TRAIN,CLUST_0.70_00005,EARLY
CANONICAL_a566960ee6c2,TEST,TRAIN,CLUST_0.70_00008,LATE
CANONICAL_a569fbfca674,TRAIN,TRAIN,CLUST_0.70_00047,LATE
CANONICAL_a56d25a8fd9b,TEST,TRAIN,CLUST_0.70_00008,LATE
CANONICAL_a570533aa73e,TRAIN,TRAIN,CLUST_0.70_00005,EARLY
CANONICAL_a5712f5d92cc,TRAIN,TRAIN,CLUST_0.70_00262,LATE
CANONICAL_a5713e3e2da7,TRAIN,VALIDATION,CLUST_0.70_00026,IMMEDIATE_EARLY
CANONICAL_a577b5530575,TRAIN,TRAIN,CLUST_0.70_00008,LATE
CANONICAL_a57c0df3977e,TRAIN,TRAIN,CLUST_0.70_00062,LATE
CANONICAL_a58ac2aea34f,VALIDATION,TEST,CLUST_0.70_00004,IMMEDIATE_EARLY
CANONICAL_a58cb92aa11b,TRAIN,TRAIN,CLUST_0.70_00008,LATE
CANONICAL_a58d786d4bab,VALIDATION,TRAIN,CLUST_0.70_00005,LATE
CANONICAL_a590ee6029f7,TRAIN,VALIDATION,CLUST_0.70_00169,LATE
CANONICAL_a59233303892,TRAIN,TRAIN,CLUST_0.70_00005,LATE
CANONICAL_a59989880028,TRAIN,TRAIN,CLUST_0.70_00005,EARLY
CANONICAL_a59b0ac7a282,TRAIN,TRAIN,CLUST_0.70_00005,LATE
CANONICAL_a59d954c7206,TEST,VALIDATION,CLUST_0.70_00106,LATE
CANONICAL_a5a096db6f79,TRAIN,TRAIN,CLUST_0.70_00008,LATE
CANONICAL_a5a90daa1db2,TRAIN,TRAIN,CLUST_0.70_00008,LATE
CANONICAL_a5ac376aa0d6,TRAIN,TRAIN,CLUST_0.70_00005,EARLY
CANONICAL_a5ae0e06fec5,TRAIN,TRAIN,CLUST_0.70_00117,LATE
CANONICAL_a5af289796f7,TRAIN,TRAIN,CLUST_0.70_00005,LATE
CANONICAL_a5bb50e4bef3,TEST,VALIDATION,CLUST_0.70_00127,LATE
CANONICAL_a5c1ca465142,VALIDATION,VALIDATION,CLUST_0.70_00017,LATE
CANONICAL_a5c1fd92b96f,TRAIN,TRAIN,CLUST_0.70_00005,EARLY
CANONICAL_a5c273a6ff2e,TRAIN,TRAIN,CLUST_0.70_00164,LATE
CANONICAL_a5d285285995,TRAIN,TEST,CLUST_0.70_00001,LATE
CANONICAL_a5d3d9b36f45,TRAIN,VALIDATION,CLUST_0.70_00190,LATE
CANONICAL_a5d5b934967a,TRAIN,TEST,CLUST_0.70_00015,LATE
CANONICAL_a5d6d23e8a03,TRAIN,TEST,CLUST_0.70_00015,LATE
CANONICAL_a5d8e9d351b2,TRAIN,TRAIN,CLUST_0.70_00005,EARLY
CANONICAL_a5e79d5dc5ee,TRAIN,TRAIN,CLUST_0.70_00008,IMMEDIATE_EARLY
CANONICAL_a5ea752f1293,TRAIN,TEST,CLUST_0.70_00004,IMMEDIATE_EARLY
CANONICAL_a5f1ef6fa569,VALIDATION,VALIDATION,CLUST_0.70_00040,EARLY
CANONICAL_a5f43d27ff99,VALIDATION,TRAIN,CLUST_0.70_00005,LATE
CANONICAL_a5f8bbd67679,TRAIN,VALIDATION,CLUST_0.70_00006,IMMEDIATE_EARLY
CANONICAL_a5fa6027631e,TRAIN,TRAIN,CLUST_0.70_00102,LATE
CANONICAL_a5fa70132c37,TRAIN,TRAIN,CLUST_0.70_00007,LATE
CANONICAL_a5fdf66143cd,TRAIN,TRAIN,CLUST_0.70_00005,EARLY
CANONICAL_a60335d287ef,TRAIN,TRAIN,CLUST_0.70_00007,LATE
CANONICAL_a6062e1933d7,VALIDATION,TRAIN,CLUST_0.70_00008,LATE
CANONICAL_a60f466b7ac3,TEST,TRAIN,CLUST_0.70_00005,LATE
CANONICAL_a61018bdcab9,TRAIN,TRAIN,CLUST_0.70_00005,LATE
CANONICAL_a6101dc37bf7,TEST,TEST,CLUST_0.70_00018,LATE
CANONICAL_a611b737b09e,TRAIN,TRAIN,CLUST_0.70_00008,LATE
CANONICAL_a6127d3f5e82,VALIDATION,VALIDATION,CLUST_0.70_00065,LATE
CANONICAL_a61653ce6671,TRAIN,TEST,CLUST_0.70_00071,LATE
CANONICAL_a61774354c57,TEST,TEST,CLUST_0.70_00004,IMMEDIATE_EARLY
CANONICAL_a618aae14f7a,TRAIN,TRAIN,CLUST_0.70_00008,LATE
CANONICAL_a61c6c8ca6ac,TRAIN,VALIDATION,CLUST_0.70_00065,LATE
CANONICAL_a61ca662fe96,TRAIN,TEST,CLUST_0.70_00004,IMMEDIATE_EARLY
CANONICAL_a61fb0ce42d5,TEST,TRAIN,CLUST_0.70_00047,LATE
CANONICAL_a6216f1852d9,TRAIN,TRAIN,CLUST_0.70_00008,LATE
CANONICAL_a622392526b0,TRAIN,TEST,CLUST_0.70_00001,LATE
CANONICAL_a627f99b95fe,TRAIN,TRAIN,CLUST_0.70_00005,EARLY
CANONICAL_a62ce46c9873,TRAIN,TEST,CLUST_0.70_00030,EARLY
CANONICAL_a63b5edb7c65,TRAIN,TEST,CLUST_0.70_00004,IMMEDIATE_EARLY
CANONICAL_a640cd293de9,TEST,TRAIN,CLUST_0.70_00008,LATE
CANONICAL_a643352586d9,TRAIN,TRAIN,CLUST_0.70_00365,EARLY
CANONICAL_a6465bbcd22d,TEST,VALIDATION,CLUST_0.70_00041,EARLY
CANONICAL_a648e5b1c4f7,TRAIN,VALIDATION,CLUST_0.70_00006,IMMEDIATE_EARLY
CANONICAL_a649c0c19e98,TRAIN,TRAIN,CLUST_0.70_00005,EARLY
CANONICAL_a64b49468a34,TRAIN,TRAIN,CLUST_0.70_00024,LATE
CANONICAL_a64eb5c138ad,VALIDATION,TRAIN,CLUST_0.70_00008,LATE
CANONICAL_a64f8b8c4fac,TEST,VALIDATION,CLUST_0.70_00031,LATE
CANONICAL_a656a35fec3a,VALIDATION,TEST,CLUST_0.70_00018,EARLY
CANONICAL_a65ea46b0c53,TRAIN,TRAIN,CLUST_0.70_00005,EARLY
CANONICAL_a65f2f294a85,TRAIN,TRAIN,CLUST_0.70_00005,EARLY
CANONICAL_a660340cace4,TRAIN,TRAIN,CLUST_0.70_00005,EARLY
CANONICAL_a6614bec6376,TRAIN,TRAIN,CLUST_0.70_00005,EARLY
CANONICAL_a662b94b28f0,VALIDATION,TRAIN,CLUST_0.70_00008,LATE
CANONICAL_a66c51831328,TRAIN,TRAIN,CLUST_0.70_00005,EARLY
CANONICAL_a673c04b71a6,VALIDATION,TRAIN,CLUST_0.70_00005,LATE
CANONICAL_a677b204c505,TRAIN,TRAIN,CLUST_0.70_00008,LATE
CANONICAL_a67e1f35b96c,TRAIN,VALIDATION,CLUST_0.70_00017,LATE
CANONICAL_a6856482b9aa,TRAIN,TEST,CLUST_0.70_00030,EARLY
CANONICAL_a68b17eb0066,TEST,TRAIN,CLUST_0.70_00008,LATE
CANONICAL_a68e9077e100,TRAIN,VALIDATION,CLUST_0.70_00190,LATE
CANONICAL_a68ec535ac16,VALIDATION,VALIDATION,CLUST_0.70_00055,LATE
CANONICAL_a699b2429e49,VALIDATION,TEST,CLUST_0.70_00004,IMMEDIATE_EARLY
CANONICAL_a69a393107e1,TRAIN,TRAIN,CLUST_0.70_00005,LATE
CANONICAL_a69b5e877046,TRAIN,TRAIN,CLUST_0.70_00005,LATE
CANONICAL_a69b6efef6db,VALIDATION,TRAIN,CLUST_0.70_00008,LATE
CANONICAL_a69bc7b3f1c2,VALIDATION,VALIDATION,CLUST_0.70_00064,LATE
CANONICAL_a6a083f31a5d,TRAIN,TRAIN,CLUST_0.70_00008,LATE
CANONICAL_a6a7bf6c8bdf,TRAIN,TRAIN,CLUST_0.70_00008,EARLY
CANONICAL_a6aa930f6fd9,TRAIN,TRAIN,CLUST_0.70_00005,LATE
CANONICAL_a6ac79e4d4f4,TRAIN,TRAIN,CLUST_0.70_00008,LATE
CANONICAL_a6adbc5342f7,TRAIN,TEST,CLUST_0.70_00051,LATE
CANONICAL_a6afabdd92ec,TRAIN,TRAIN,CLUST_0.70_00005,EARLY
CANONICAL_a6b2748bb024,TRAIN,TRAIN,CLUST_0.70_00185,LATE
CANONICAL_a6b2e79f48f8,TRAIN,TRAIN,CLUST_0.70_00005,LATE
CANONICAL_a6b6cb710e16,TRAIN,TRAIN,CLUST_0.70_00007,EARLY
CANONICAL_a6bad6cdbc56,TEST,VALIDATION,CLUST_0.70_00058,LATE
CANONICAL_a6bd89561f12,TRAIN,TEST,CLUST_0.70_00009,LATE
CANONICAL_a6be48d0072b,TRAIN,TRAIN,CLUST_0.70_00008,LATE
CANONICAL_a6be9c701448,VALIDATION,TRAIN,CLUST_0.70_00005,LATE
CANONICAL_a6c830beacdf,TRAIN,TEST,CLUST_0.70_00018,LATE
CANONICAL_a6c980575548,VALIDATION,TRAIN,CLUST_0.70_00005,EARLY
CANONICAL_a6d259510b0e,TRAIN,VALIDATION,CLUST_0.70_00031,LATE
CANONICAL_a6d82a18af6a,TRAIN,VALIDATION,CLUST_0.70_00029,LATE
CANONICAL_a6d8db4e5e36,TRAIN,TRAIN,CLUST_0.70_00062,LATE
CANONICAL_a6d957d2a93b,TRAIN,TRAIN,CLUST_0.70_00222,LATE
CANONICAL_a6dd35ddfa63,TRAIN,TEST,CLUST_0.70_00001,LATE
CANONICAL_a6e1a9ea42c1,TRAIN,TRAIN,CLUST_0.70_00005,LATE
CANONICAL_a6e421a6ed53,TRAIN,TRAIN,CLUST_0.70_00008,LATE
CANONICAL_a6e5ebf790ed,VALIDATION,TRAIN,CLUST_0.70_00005,LATE
CANONICAL_a6eb164febd2,TRAIN,TRAIN,CLUST_0.70_00005,EARLY
CANONICAL_a6eb1e34a065,TRAIN,VALIDATION,CLUST_0.70_00127,LATE
CANONICAL_a6ec1c2be2a4,TEST,TRAIN,CLUST_0.70_00005,LATE
CANONICAL_a6ee3a8bcade,TRAIN,TRAIN,CLUST_0.70_00241,LATE
CANONICAL_a6f5184165df,TEST,VALIDATION,CLUST_0.70_00127,LATE
CANONICAL_a6f572a8191d,TRAIN,TRAIN,CLUST_0.70_00008,LATE
CANONICAL_a6f62804d4b6,TRAIN,TRAIN,CLUST_0.70_00005,EARLY
CANONICAL_a6f8f331d79b,TRAIN,TRAIN,CLUST_0.70_00005,EARLY
CANONICAL_a6fcf48a68ee,TRAIN,TRAIN,CLUST_0.70_00007,EARLY
CANONICAL_a6fdd1c98042,TRAIN,TRAIN,CLUST_0.70_00191,EARLY
CANONICAL_a700f54fc1dd,TRAIN,TRAIN,CLUST_0.70_00134,LATE
CANONICAL_a70308410eae,TRAIN,TRAIN,CLUST_0.70_00047,LATE
CANONICAL_a703616e61bb,TRAIN,TEST,CLUST_0.70_00015,LATE
CANONICAL_a705b0f6aaa2,TRAIN,TRAIN,CLUST_0.70_00005,EARLY
CANONICAL_a707efa56802,VALIDATION,VALIDATION,CLUST_0.70_00127,LATE
CANONICAL_a709989dd0f5,VALIDATION,VALIDATION,CLUST_0.70_00065,LATE
CANONICAL_a709ec5a613f,TRAIN,TRAIN,CLUST_0.70_00005,EARLY
CANONICAL_a71aa30c84f9,TEST,TRAIN,CLUST_0.70_00005,EARLY
CANONICAL_a721860934a7,VALIDATION,VALIDATION,CLUST_0.70_00006,IMMEDIATE_EARLY
CANONICAL_a7222ca526b6,TRAIN,TRAIN,CLUST_0.70_00235,LATE
CANONICAL_a726273284c5,TRAIN,VALIDATION,CLUST_0.70_00029,LATE
CANONICAL_a72a03fb3a08,VALIDATION,TEST,CLUST_0.70_00080,LATE
CANONICAL_a72df6256a96,TRAIN,VALIDATION,CLUST_0.70_00028,EARLY
CANONICAL_a7312c554ec5,VALIDATION,TRAIN,CLUST_0.70_00005,LATE
CANONICAL_a736b1ae71b4,TRAIN,TEST,CLUST_0.70_00030,EARLY
CANONICAL_a73887dd1394,TRAIN,TRAIN,CLUST_0.70_00008,LATE
CANONICAL_a7391ed1db96,TRAIN,TRAIN,CLUST_0.70_00090,LATE
CANONICAL_a73cf11a9af0,VALIDATION,TRAIN,CLUST_0.70_00008,LATE
CANONICAL_a73cfc022ee5,TRAIN,VALIDATION,CLUST_0.70_00036,EARLY
CANONICAL_a73f0ddc5e98,TRAIN,TRAIN,CLUST_0.70_00008,LATE
CANONICAL_a7481d7e5ae6,VALIDATION,TRAIN,CLUST_0.70_00301,LATE
CANONICAL_a74c28dc9e95,TRAIN,TRAIN,CLUST_0.70_00008,LATE
CANONICAL_a75081bab350,TRAIN,TRAIN,CLUST_0.70_00008,LATE
CANONICAL_a75285e1f499,TRAIN,TRAIN,CLUST_0.70_00005,EARLY
CANONICAL_a75a13ecfeef,TRAIN,TRAIN,CLUST_0.70_00047,LATE
CANONICAL_a75a96d21063,TRAIN,TRAIN,CLUST_0.70_00005,EARLY
CANONICAL_a76592c837a7,TRAIN,VALIDATION,CLUST_0.70_00017,LATE
CANONICAL_a7776f7035c3,TRAIN,TRAIN,CLUST_0.70_00117,LATE
CANONICAL_a77a62771579,TRAIN,VALIDATION,CLUST_0.70_00058,LATE
CANONICAL_a784b620ec5e,TRAIN,TRAIN,CLUST_0.70_00005,EARLY
CANONICAL_a78d5e6e8556,TRAIN,TEST,CLUST_0.70_00052,LATE
CANONICAL_a792a0223a52,TRAIN,TRAIN,CLUST_0.70_00005,EARLY
CANONICAL_a79321f5e2b1,TRAIN,TRAIN,CLUST_0.70_00060,EARLY
CANONICAL_a79486850d61,TRAIN,TRAIN,CLUST_0.70_00191,EARLY
CANONICAL_a79599bb6e1a,TRAIN,TEST,CLUST_0.70_00080,LATE
CANONICAL_a79bdc1cc326,TRAIN,TRAIN,CLUST_0.70_00005,LATE
CANONICAL_a7a39d995c2b,TRAIN,VALIDATION,CLUST_0.70_00040,EARLY
CANONICAL_a7a443b4f049,TEST,VALIDATION,CLUST_0.70_00029,LATE
CANONICAL_a7a879e20a5b,TRAIN,TRAIN,CLUST_0.70_00197,IMMEDIATE_EARLY
CANONICAL_a7b0e5418ece,TRAIN,TRAIN,CLUST_0.70_00008,LATE
CANONICAL_a7b60eaee465,TRAIN,TEST,CLUST_0.70_00001,LATE
CANONICAL_a7bc9daa079e,TEST,TRAIN,CLUST_0.70_00005,LATE
CANONICAL_a7bd96d3544f,TRAIN,TRAIN,CLUST_0.70_00147,IMMEDIATE_EARLY
CANONICAL_a7c48db830c6,TRAIN,TRAIN,CLUST_0.70_00008,LATE
CANONICAL_a7c728dd8ddc,TRAIN,VALIDATION,CLUST_0.70_00026,IMMEDIATE_EARLY
CANONICAL_a7c8a2c79505,VALIDATION,TRAIN,CLUST_0.70_00007,LATE
CANONICAL_a7d21f366f14,VALIDATION,TRAIN,CLUST_0.70_00005,EARLY
CANONICAL_a7d8a6261a8f,TRAIN,TEST,CLUST_0.70_00037,LATE
CANONICAL_a7e57f421e82,TRAIN,TEST,CLUST_0.70_00071,LATE
CANONICAL_a7e71b1c6f9a,TRAIN,TRAIN,CLUST_0.70_00005,LATE
CANONICAL_a7ea0978c75e,TRAIN,VALIDATION,CLUST_0.70_00040,EARLY
CANONICAL_a7f309236537,TRAIN,TRAIN,CLUST_0.70_00005,EARLY
CANONICAL_a7f362600041,VALIDATION,VALIDATION,CLUST_0.70_00006,IMMEDIATE_EARLY
CANONICAL_a7f421fab28f,TRAIN,VALIDATION,CLUST_0.70_00086,LATE
CANONICAL_a7fc36abf5c0,TRAIN,TRAIN,CLUST_0.70_00007,LATE
CANONICAL_a80cfdddd0d2,TRAIN,TRAIN,CLUST_0.70_00005,LATE
CANONICAL_a80f18b51656,TRAIN,TRAIN,CLUST_0.70_00005,LATE
CANONICAL_a810749394f8,TRAIN,TRAIN,CLUST_0.70_00005,LATE
CANONICAL_a8133c0e8ec7,TRAIN,TRAIN,CLUST_0.70_00005,LATE
CANONICAL_a81468fb4038,TEST,VALIDATION,CLUST_0.70_00059,LATE
CANONICAL_a819cb5d140e,TRAIN,TEST,CLUST_0.70_00030,EARLY
CANONICAL_a819fda61959,TRAIN,VALIDATION,CLUST_0.70_00127,LATE
CANONICAL_a8360dc80561,TEST,VALIDATION,CLUST_0.70_00041,EARLY
CANONICAL_a8369252d9e2,TEST,VALIDATION,CLUST_0.70_00017,LATE
CANONICAL_a837b1de61db,TRAIN,TRAIN,CLUST_0.70_00091,LATE
CANONICAL_a83cd205339f,TRAIN,VALIDATION,CLUST_0.70_00064,LATE
CANONICAL_a83f38894496,TEST,TRAIN,CLUST_0.70_00008,LATE
CANONICAL_a8404fdb8fdd,TEST,VALIDATION,CLUST_0.70_00006,IMMEDIATE_EARLY
CANONICAL_a8412eca4dcc,VALIDATION,TRAIN,CLUST_0.70_00005,LATE
CANONICAL_a841a2f94019,TEST,TRAIN,CLUST_0.70_00235,LATE
CANONICAL_a844d22f0217,TRAIN,TEST,CLUST_0.70_00004,IMMEDIATE_EARLY
CANONICAL_a8479253a844,TRAIN,TEST,CLUST_0.70_00018,LATE
CANONICAL_a849df23b93f,VALIDATION,TRAIN,CLUST_0.70_00214,LATE
CANONICAL_a84aba20c997,TRAIN,TRAIN,CLUST_0.70_00007,LATE
CANONICAL_a84bf14c27f2,TRAIN,TRAIN,CLUST_0.70_00008,LATE
CANONICAL_a84bf802fd84,TEST,TRAIN,CLUST_0.70_00056,LATE
CANONICAL_a856611f1e61,TRAIN,VALIDATION,CLUST_0.70_00106,LATE
CANONICAL_a8567b3ed9ce,TRAIN,TEST,CLUST_0.70_00071,LATE
CANONICAL_a857765c6216,TRAIN,VALIDATION,CLUST_0.70_00079,LATE
CANONICAL_a859ed87f374,TRAIN,TRAIN,CLUST_0.70_00008,LATE
CANONICAL_a85a406b898c,TRAIN,TRAIN,CLUST_0.70_00005,LATE
CANONICAL_a85f33268b3a,TRAIN,TRAIN,CLUST_0.70_00090,LATE
CANONICAL_a8603e444b5d,TRAIN,VALIDATION,CLUST_0.70_00059,LATE
CANONICAL_a8620aa1f4c3,TRAIN,TRAIN,CLUST_0.70_00005,LATE
CANONICAL_a8645c12e30f,VALIDATION,TRAIN,CLUST_0.70_00007,LATE
CANONICAL_a8665aea56d2,VALIDATION,VALIDATION,CLUST_0.70_00029,LATE
CANONICAL_a868dbeafe66,TRAIN,TRAIN,CLUST_0.70_00090,LATE
CANONICAL_a86ed6e61e09,TRAIN,TRAIN,CLUST_0.70_00005,EARLY
CANONICAL_a87123efdddb,TRAIN,TRAIN,CLUST_0.70_00008,LATE
CANONICAL_a87f7232fb74,TRAIN,TEST,CLUST_0.70_00015,LATE
CANONICAL_a883e53a3251,TRAIN,TEST,CLUST_0.70_00052,LATE
CANONICAL_a887e82f666a,TRAIN,TRAIN,CLUST_0.70_00008,LATE
CANONICAL_a889681d1c99,TRAIN,TEST,CLUST_0.70_00051,LATE
CANONICAL_a88d22a9d83c,TRAIN,VALIDATION,CLUST_0.70_00040,EARLY
CANONICAL_a88f67cadf7c,VALIDATION,TRAIN,CLUST_0.70_00008,LATE
CANONICAL_a8931165b551,TRAIN,TEST,CLUST_0.70_00001,LATE
CANONICAL_a89542318520,TRAIN,TRAIN,CLUST_0.70_00005,EARLY
CANONICAL_a8960aa0913b,TEST,TRAIN,CLUST_0.70_00005,LATE
CANONICAL_a89ba81a0051,VALIDATION,VALIDATION,CLUST_0.70_00006,IMMEDIATE_EARLY
CANONICAL_a89d19bf2493,TEST,TRAIN,CLUST_0.70_00007,LATE
CANONICAL_a8a291310dff,TEST,TRAIN,CLUST_0.70_00005,LATE
CANONICAL_a8a2a5b210d2,TRAIN,TRAIN,CLUST_0.70_00005,EARLY
CANONICAL_a8aaf8bed350,TEST,TRAIN,CLUST_0.70_00007,EARLY
CANONICAL_a8acfe0c4787,TRAIN,TEST,CLUST_0.70_00052,LATE
CANONICAL_a8b09522fb92,TRAIN,TRAIN,CLUST_0.70_00008,LATE
CANONICAL_a8ba26f4d9b1,TEST,TEST,CLUST_0.70_00071,LATE
CANONICAL_a8be46fabb20,TRAIN,TEST,CLUST_0.70_00001,LATE
CANONICAL_a8c75f80c717,TEST,TRAIN,CLUST_0.70_00008,LATE
CANONICAL_a8ca93d096d6,TRAIN,TEST,CLUST_0.70_00020,LATE
CANONICAL_a8cc3ad59c8f,VALIDATION,TRAIN,CLUST_0.70_00005,EARLY
CANONICAL_a8ce9fe36f38,TEST,TEST,CLUST_0.70_00051,LATE
CANONICAL_a8d28829d3da,TRAIN,VALIDATION,CLUST_0.70_00025,LATE
CANONICAL_a8e40cbdd7be,TRAIN,TRAIN,CLUST_0.70_00005,EARLY
CANONICAL_a8e9ed114b78,TRAIN,TRAIN,CLUST_0.70_00005,EARLY
CANONICAL_a8eb0f376c8f,TEST,TEST,CLUST_0.70_00052,LATE
CANONICAL_a8eb8f89acdf,TRAIN,TEST,CLUST_0.70_00015,LATE
CANONICAL_a8ee7443a213,TRAIN,TEST,CLUST_0.70_00018,LATE
CANONICAL_a8efdf1b4300,TRAIN,TEST,CLUST_0.70_00052,LATE
CANONICAL_a8f587536f11,TRAIN,TEST,CLUST_0.70_00052,LATE
CANONICAL_a8f5c07b7168,TRAIN,TRAIN,CLUST_0.70_00008,LATE
CANONICAL_a8f9d5ee018c,TRAIN,TRAIN,CLUST_0.70_00060,EARLY
CANONICAL_a8ff49a8c99b,TRAIN,TEST,CLUST_0.70_00030,EARLY
CANONICAL_a90660f5b401,TEST,TRAIN,CLUST_0.70_00007,IMMEDIATE_EARLY
CANONICAL_a90697e2fa11,TRAIN,VALIDATION,CLUST_0.70_00190,LATE
CANONICAL_a90d2de34f49,TRAIN,TRAIN,CLUST_0.70_00241,LATE
CANONICAL_a90d6bbb489b,TRAIN,VALIDATION,CLUST_0.70_00055,LATE
CANONICAL_a90e110feb4d,TRAIN,TRAIN,CLUST_0.70_00008,LATE
CANONICAL_a9114aba5792,TRAIN,TRAIN,CLUST_0.70_00005,EARLY
CANONICAL_a913897a2437,TRAIN,VALIDATION,CLUST_0.70_00025,LATE
CANONICAL_a91530f3474a,TRAIN,TRAIN,CLUST_0.70_00007,EARLY
CANONICAL_a91f3c03aab1,TEST,TRAIN,CLUST_0.70_00005,LATE
CANONICAL_a923ed0232ca,VALIDATION,VALIDATION,CLUST_0.70_00064,LATE
CANONICAL_a9273a29803f,TRAIN,TRAIN,CLUST_0.70_00198,EARLY
CANONICAL_a92894066e11,VALIDATION,TRAIN,CLUST_0.70_00005,LATE
CANONICAL_a92d15ab352a,TRAIN,TRAIN,CLUST_0.70_00024,LATE
CANONICAL_a92eb28cd5b6,TRAIN,TRAIN,CLUST_0.70_00007,LATE
CANONICAL_a9313fd6808a,VALIDATION,TRAIN,CLUST_0.70_00005,LATE
CANONICAL_a93247209006,TRAIN,VALIDATION,CLUST_0.70_00016,EARLY
CANONICAL_a936f1aeed8e,TRAIN,TRAIN,CLUST_0.70_00007,LATE
CANONICAL_a93b4cdcea80,TEST,TEST,CLUST_0.70_00030,EARLY
CANONICAL_a93bfb0d0bb7,TRAIN,TRAIN,CLUST_0.70_00008,IMMEDIATE_EARLY
CANONICAL_a93c65a97e58,TEST,VALIDATION,CLUST_0.70_00055,LATE
CANONICAL_a93de7ed341e,VALIDATION,TEST,CLUST_0.70_00004,IMMEDIATE_EARLY
CANONICAL_a940ee70209f,TEST,VALIDATION,CLUST_0.70_00029,LATE
CANONICAL_a94475243972,VALIDATION,VALIDATION,CLUST_0.70_00026,IMMEDIATE_EARLY
CANONICAL_a94716cc8aad,TRAIN,TEST,CLUST_0.70_00052,LATE
CANONICAL_a94a79c5f337,TRAIN,TRAIN,CLUST_0.70_00008,LATE
CANONICAL_a94aacc92f3f,TRAIN,TRAIN,CLUST_0.70_00008,LATE
CANONICAL_a94dc3f99db9,TEST,VALIDATION,CLUST_0.70_00025,LATE
CANONICAL_a94eb80d6fbe,TRAIN,VALIDATION,CLUST_0.70_00028,EARLY
CANONICAL_a9506e884406,TRAIN,VALIDATION,CLUST_0.70_00029,LATE
CANONICAL_a95125d99ea0,VALIDATION,TRAIN,CLUST_0.70_00008,LATE
CANONICAL_a956117cac21,TRAIN,TRAIN,CLUST_0.70_00005,LATE
CANONICAL_a95dfa82e1b4,TRAIN,TEST,CLUST_0.70_00004,IMMEDIATE_EARLY
CANONICAL_a95f0904b344,TRAIN,VALIDATION,CLUST_0.70_00026,IMMEDIATE_EARLY
CANONICAL_a964d8cc2563,TRAIN,TRAIN,CLUST_0.70_00008,LATE
CANONICAL_a9663869a010,VALIDATION,TRAIN,CLUST_0.70_00005,EARLY
CANONICAL_a96695d8e7b8,TRAIN,TEST,CLUST_0.70_00051,LATE
CANONICAL_a966ad2e701b,TRAIN,TRAIN,CLUST_0.70_00005,LATE
CANONICAL_a96969b21b7a,TRAIN,TRAIN,CLUST_0.70_00005,LATE
CANONICAL_a96dc04a85d0,TRAIN,TRAIN,CLUST_0.70_00236,IMMEDIATE_EARLY
CANONICAL_a96ed29d79dc,TRAIN,TEST,CLUST_0.70_00018,LATE
CANONICAL_a974e5124db3,TRAIN,VALIDATION,CLUST_0.70_00086,LATE
CANONICAL_a978f2e6daf7,TRAIN,TRAIN,CLUST_0.70_00005,LATE
CANONICAL_a97b120cb208,TEST,TRAIN,CLUST_0.70_00005,EARLY
CANONICAL_a97d46cd4357,TRAIN,VALIDATION,CLUST_0.70_00016,EARLY
CANONICAL_a9813d272ddb,VALIDATION,TEST,CLUST_0.70_00001,LATE
CANONICAL_a9814a846a7f,VALIDATION,TRAIN,CLUST_0.70_00098,LATE
CANONICAL_a986c56d2b8b,TEST,TEST,CLUST_0.70_00030,EARLY
CANONICAL_a988881c57c7,VALIDATION,TRAIN,CLUST_0.70_00008,LATE
CANONICAL_a98cd57ad3bf,TRAIN,VALIDATION,CLUST_0.70_00055,LATE
CANONICAL_a98d7d06becb,TRAIN,TRAIN,CLUST_0.70_00005,EARLY
CANONICAL_a99267e81aad,TRAIN,TRAIN,CLUST_0.70_00305,EARLY
CANONICAL_a9944cd3e0d3,TRAIN,TRAIN,CLUST_0.70_00005,LATE
CANONICAL_a99acac89d28,TRAIN,VALIDATION,CLUST_0.70_00058,LATE
CANONICAL_a99e221191ba,TRAIN,VALIDATION,CLUST_0.70_00086,LATE
CANONICAL_a99ff70ba9ba,TRAIN,TEST,CLUST_0.70_00030,EARLY
CANONICAL_a9a2a724e458,TRAIN,TRAIN,CLUST_0.70_00008,LATE
CANONICAL_a9a2cdf62c68,TEST,TEST,CLUST_0.70_00018,LATE
CANONICAL_a9a801c109df,TRAIN,TRAIN,CLUST_0.70_00005,LATE
CANONICAL_a9a9d2553511,TRAIN,TRAIN,CLUST_0.70_00005,EARLY
CANONICAL_a9aed654c067,TRAIN,TRAIN,CLUST_0.70_00007,LATE
CANONICAL_a9b4afadbb2c,TRAIN,TRAIN,CLUST_0.70_00102,LATE
CANONICAL_a9b611ccf068,TRAIN,TRAIN,CLUST_0.70_00005,EARLY
CANONICAL_a9b624050a18,VALIDATION,TRAIN,CLUST_0.70_00007,LATE
CANONICAL_a9b789f3212a,TRAIN,VALIDATION,CLUST_0.70_00017,LATE
CANONICAL_a9bb2b46ee8e,TRAIN,VALIDATION,CLUST_0.70_00025,LATE
CANONICAL_a9bee3100031,TRAIN,TRAIN,CLUST_0.70_00024,LATE
CANONICAL_a9bf3bb37d8c,TRAIN,TRAIN,CLUST_0.70_00005,LATE
CANONICAL_a9c2c43687ea,TEST,TRAIN,CLUST_0.70_00008,LATE
CANONICAL_a9d3ca5a1bd5,TRAIN,TRAIN,CLUST_0.70_00005,LATE
CANONICAL_a9d4532a995d,TEST,VALIDATION,CLUST_0.70_00169,LATE
CANONICAL_a9da19dd0df0,TRAIN,TEST,CLUST_0.70_00015,LATE
CANONICAL_a9e0c533c613,TRAIN,TRAIN,CLUST_0.70_00005,LATE
CANONICAL_a9e1ad714e54,TRAIN,TRAIN,CLUST_0.70_00008,LATE
CANONICAL_a9e4e00588e4,TRAIN,TEST,CLUST_0.70_00018,LATE
CANONICAL_a9e924b02244,TEST,VALIDATION,CLUST_0.70_00041,EARLY
CANONICAL_a9e9b91b742a,TRAIN,TRAIN,CLUST_0.70_00005,LATE
CANONICAL_a9e9f7fc2dfa,TRAIN,TRAIN,CLUST_0.70_00005,LATE
CANONICAL_a9ef3388c77a,TRAIN,VALIDATION,CLUST_0.70_00031,LATE
CANONICAL_a9f076048ddb,VALIDATION,TEST,CLUST_0.70_00004,IMMEDIATE_EARLY
CANONICAL_a9f3c3fb0531,TRAIN,TRAIN,CLUST_0.70_00008,LATE
CANONICAL_a9f6b7292be3,TRAIN,TRAIN,CLUST_0.70_00005,LATE
CANONICAL_aa0159fa5db0,TRAIN,TRAIN,CLUST_0.70_00005,EARLY
CANONICAL_aa0c62474ce2,TRAIN,TRAIN,CLUST_0.70_00008,LATE
CANONICAL_aa1356cdaa2e,TRAIN,TRAIN,CLUST_0.70_00005,LATE
CANONICAL_aa19ac126b16,TEST,VALIDATION,CLUST_0.70_00025,LATE
CANONICAL_aa1d03843044,TRAIN,VALIDATION,CLUST_0.70_00038,LATE
CANONICAL_aa1f4503d301,TRAIN,TRAIN,CLUST_0.70_00008,LATE
CANONICAL_aa2d6d07f89b,VALIDATION,TRAIN,CLUST_0.70_00007,LATE
CANONICAL_aa383d6fca0f,TEST,VALIDATION,CLUST_0.70_00028,EARLY
CANONICAL_aa42cc9b42f3,TRAIN,TRAIN,CLUST_0.70_00098,LATE
CANONICAL_aa43376fb04c,TRAIN,VALIDATION,CLUST_0.70_00127,LATE
CANONICAL_aa4fb16f9f41,TRAIN,VALIDATION,CLUST_0.70_00031,LATE
CANONICAL_aa562855ff8f,TEST,VALIDATION,CLUST_0.70_00038,LATE
CANONICAL_aa58a0b05c7b,VALIDATION,TEST,CLUST_0.70_00015,LATE
CANONICAL_aa5bef2574f7,VALIDATION,VALIDATION,CLUST_0.70_00031,LATE
CANONICAL_aa5f213f022a,TRAIN,TRAIN,CLUST_0.70_00005,EARLY
CANONICAL_aa60001a8e4f,TRAIN,VALIDATION,CLUST_0.70_00064,LATE
CANONICAL_aa609371f91f,TEST,TRAIN,CLUST_0.70_00007,LATE
CANONICAL_aa71b214751d,VALIDATION,TRAIN,CLUST_0.70_00005,EARLY
CANONICAL_aa78e4dce0b4,TRAIN,TRAIN,CLUST_0.70_00005,LATE
CANONICAL_aa849830dbdf,TRAIN,TRAIN,CLUST_0.70_00008,LATE
CANONICAL_aa87975b48aa,TRAIN,TEST,CLUST_0.70_00030,EARLY
CANONICAL_aa8e5f50f405,TEST,TRAIN,CLUST_0.70_00008,LATE
CANONICAL_aa8f6308a712,TRAIN,TEST,CLUST_0.70_00052,LATE
CANONICAL_aa953fb2249e,TRAIN,TRAIN,CLUST_0.70_00005,LATE
CANONICAL_aa9580a13e8b,TRAIN,VALIDATION,CLUST_0.70_00010,EARLY
CANONICAL_aa984ba16a25,TRAIN,VALIDATION,CLUST_0.70_00028,EARLY
CANONICAL_aa9903bdd0a6,TEST,TRAIN,CLUST_0.70_00008,LATE
CANONICAL_aaa42135a129,VALIDATION,TRAIN,CLUST_0.70_00021,EARLY
CANONICAL_aaa778c11f91,TEST,VALIDATION,CLUST_0.70_00065,LATE
CANONICAL_aaa9cd8c8d5f,TRAIN,TRAIN,CLUST_0.70_00007,LATE
CANONICAL_aaad31004fe6,TRAIN,TRAIN,CLUST_0.70_00005,LATE
CANONICAL_aab16df1c33e,TRAIN,TRAIN,CLUST_0.70_00007,LATE
CANONICAL_aab2ea6145e7,TRAIN,VALIDATION,CLUST_0.70_00059,LATE
CANONICAL_aab9cffe115d,TEST,TEST,CLUST_0.70_00004,IMMEDIATE_EARLY
CANONICAL_aac4885ee8d8,TEST,TRAIN,CLUST_0.70_00005,LATE
CANONICAL_aac576b80078,TRAIN,VALIDATION,CLUST_0.70_00017,LATE
CANONICAL_aaced8b081ea,TRAIN,TRAIN,CLUST_0.70_00057,LATE
CANONICAL_aacf181218cf,TRAIN,TRAIN,CLUST_0.70_00008,LATE
CANONICAL_aacf5f49d96f,TEST,VALIDATION,CLUST_0.70_00025,LATE
CANONICAL_aad731502209,VALIDATION,VALIDATION,CLUST_0.70_00036,EARLY
CANONICAL_aadf85651946,VALIDATION,VALIDATION,CLUST_0.70_00017,LATE
CANONICAL_aae54e1a61f5,TRAIN,TRAIN,CLUST_0.70_00008,LATE
CANONICAL_aaec394569bc,TRAIN,TEST,CLUST_0.70_00080,LATE
CANONICAL_aafd24bae640,TRAIN,VALIDATION,CLUST_0.70_00017,LATE
CANONICAL_aafffd7460bd,TRAIN,VALIDATION,CLUST_0.70_00010,EARLY
CANONICAL_ab01f87c2d84,TRAIN,TEST,CLUST_0.70_00030,EARLY
CANONICAL_ab0d9df76d2b,TRAIN,TRAIN,CLUST_0.70_00062,LATE
CANONICAL_ab171ee5a8b9,TRAIN,TRAIN,CLUST_0.70_00008,LATE
CANONICAL_ab17424f994f,TRAIN,TRAIN,CLUST_0.70_00007,IMMEDIATE_EARLY
CANONICAL_ab1aeaadbcfa,TRAIN,VALIDATION,CLUST_0.70_00026,IMMEDIATE_EARLY
CANONICAL_ab1c4c9933fa,TEST,TEST,CLUST_0.70_00051,LATE
CANONICAL_ab1fdd821398,VALIDATION,TRAIN,CLUST_0.70_00005,EARLY
CANONICAL_ab208bc30e43,TRAIN,TRAIN,CLUST_0.70_00005,LATE
CANONICAL_ab20ac45fb44,TRAIN,TRAIN,CLUST_0.70_00033,IMMEDIATE_EARLY
CANONICAL_ab24c89d5c71,TEST,TRAIN,CLUST_0.70_00008,LATE
CANONICAL_ab29caeeb43a,TRAIN,VALIDATION,CLUST_0.70_00010,EARLY
CANONICAL_ab29e73d482c,TRAIN,TEST,CLUST_0.70_00004,IMMEDIATE_EARLY
CANONICAL_ab39b3fd4d30,VALIDATION,TRAIN,CLUST_0.70_00005,LATE
CANONICAL_ab49a70f7b57,TEST,TRAIN,CLUST_0.70_00222,LATE
CANONICAL_ab4c59fdc080,TRAIN,TRAIN,CLUST_0.70_00102,LATE
CANONICAL_ab4e25e7b41a,TRAIN,TRAIN,CLUST_0.70_00005,EARLY
CANONICAL_ab554c30971a,TRAIN,TRAIN,CLUST_0.70_00005,EARLY
CANONICAL_ab5ae34f8ff5,TRAIN,TRAIN,CLUST_0.70_00005,EARLY
CANONICAL_ab5c0d53e12a,TRAIN,VALIDATION,CLUST_0.70_00106,LATE
CANONICAL_ab5e31bc2129,TRAIN,TRAIN,CLUST_0.70_00005,LATE
CANONICAL_ab65b7b4ba21,TRAIN,TRAIN,CLUST_0.70_00062,LATE
CANONICAL_ab6b82f51009,TRAIN,TEST,CLUST_0.70_00030,EARLY
CANONICAL_ab6c454a7445,VALIDATION,VALIDATION,CLUST_0.70_00028,EARLY
CANONICAL_ab6cb34403cb,TEST,TRAIN,CLUST_0.70_00007,LATE
CANONICAL_ab70d61c3de3,TRAIN,VALIDATION,CLUST_0.70_00127,LATE
CANONICAL_ab71f28860b9,TRAIN,TEST,CLUST_0.70_00018,LATE
CANONICAL_ab72f726822f,TRAIN,TRAIN,CLUST_0.70_00005,EARLY
CANONICAL_ab79a8400b14,TRAIN,TEST,CLUST_0.70_00030,EARLY
CANONICAL_ab7fa7e677ed,TRAIN,TEST,CLUST_0.70_00052,LATE
CANONICAL_ab812cb028f4,TRAIN,TEST,CLUST_0.70_00004,IMMEDIATE_EARLY
CANONICAL_ab8212e816e4,TRAIN,TRAIN,CLUST_0.70_00007,LATE
CANONICAL_ab833cdb7923,VALIDATION,VALIDATION,CLUST_0.70_00006,IMMEDIATE_EARLY
CANONICAL_ab83e62ad818,TRAIN,TEST,CLUST_0.70_00037,LATE
CANONICAL_ab85e6761e83,TRAIN,VALIDATION,CLUST_0.70_00031,LATE
CANONICAL_ab877c94ad24,TRAIN,TRAIN,CLUST_0.70_00005,LATE
CANONICAL_ab8fa74f35eb,TEST,TEST,CLUST_0.70_00020,LATE
CANONICAL_ab90408feaf8,TRAIN,TRAIN,CLUST_0.70_00008,LATE
CANONICAL_ab96d447b97e,TRAIN,TRAIN,CLUST_0.70_00007,EARLY
CANONICAL_ab9770b29b88,VALIDATION,TRAIN,CLUST_0.70_00005,EARLY
CANONICAL_ab9c1928de48,TRAIN,TEST,CLUST_0.70_00004,IMMEDIATE_EARLY
CANONICAL_aba25c12db21,VALIDATION,VALIDATION,CLUST_0.70_00041,EARLY
CANONICAL_aba2c2190458,TRAIN,TRAIN,CLUST_0.70_00008,LATE
CANONICAL_abaaf867b14c,TRAIN,VALIDATION,CLUST_0.70_00038,LATE
CANONICAL_abafa0431827,TEST,TRAIN,CLUST_0.70_00005,LATE
CANONICAL_abb0aed03537,TEST,TRAIN,CLUST_0.70_00005,LATE
CANONICAL_abb69972bdff,TRAIN,VALIDATION,CLUST_0.70_00017,LATE
CANONICAL_abb7305a9d58,TRAIN,TEST,CLUST_0.70_00052,LATE
CANONICAL_abba2bf7555a,TEST,TEST,CLUST_0.70_00015,LATE
CANONICAL_abbb6adc88f8,TEST,TRAIN,CLUST_0.70_00042,LATE
CANONICAL_abbc02341093,TRAIN,TRAIN,CLUST_0.70_00261,LATE
CANONICAL_abbf8d1a19d6,VALIDATION,VALIDATION,CLUST_0.70_00038,LATE
CANONICAL_abc2e112e69d,TRAIN,TEST,CLUST_0.70_00051,LATE
CANONICAL_abc3bfd2c1ea,TRAIN,TRAIN,CLUST_0.70_00005,EARLY
CANONICAL_abd0b84398c6,TRAIN,TRAIN,CLUST_0.70_00007,EARLY
CANONICAL_abd3341d70e7,TRAIN,VALIDATION,CLUST_0.70_00040,EARLY
CANONICAL_abe4bf5dc9ae,TRAIN,TEST,CLUST_0.70_00004,IMMEDIATE_EARLY
CANONICAL_abea9914ecd8,TRAIN,TRAIN,CLUST_0.70_00005,EARLY
CANONICAL_abea9b643530,TRAIN,TRAIN,CLUST_0.70_00005,LATE
CANONICAL_abeb78bc03a3,TEST,TRAIN,CLUST_0.70_00008,LATE
CANONICAL_abf658a5063c,TRAIN,TEST,CLUST_0.70_00004,IMMEDIATE_EARLY
CANONICAL_abf837d5d1c1,TRAIN,TRAIN,CLUST_0.70_00005,LATE
CANONICAL_abf98d6b7b99,VALIDATION,TRAIN,CLUST_0.70_00007,LATE
CANONICAL_ac02e48b2877,VALIDATION,TRAIN,CLUST_0.70_00008,LATE
CANONICAL_ac030853b5ac,TEST,TRAIN,CLUST_0.70_00007,EARLY
CANONICAL_ac051ecf6a24,TRAIN,VALIDATION,CLUST_0.70_00041,EARLY
CANONICAL_ac0a581099e0,VALIDATION,TRAIN,CLUST_0.70_00008,LATE
CANONICAL_ac0a79a7ea6e,TRAIN,TRAIN,CLUST_0.70_00005,LATE
CANONICAL_ac0abf04bc08,TEST,TRAIN,CLUST_0.70_00007,LATE
CANONICAL_ac16cad51e43,TRAIN,VALIDATION,CLUST_0.70_00029,LATE
CANONICAL_ac1b80625748,TRAIN,TRAIN,CLUST_0.70_00047,LATE
CANONICAL_ac1bc3553950,VALIDATION,TRAIN,CLUST_0.70_00005,LATE
CANONICAL_ac2603e91191,TRAIN,TEST,CLUST_0.70_00018,LATE
CANONICAL_ac2cb4a3a989,TEST,TRAIN,CLUST_0.70_00005,EARLY
CANONICAL_ac2fd097e1e0,TRAIN,VALIDATION,CLUST_0.70_00055,LATE
CANONICAL_ac391ed17f02,TRAIN,TRAIN,CLUST_0.70_00005,EARLY
CANONICAL_ac3ac6170d86,TRAIN,TRAIN,CLUST_0.70_00008,LATE
CANONICAL_ac3b26fad2ce,TEST,TRAIN,CLUST_0.70_00008,LATE
CANONICAL_ac42a01f65c2,TRAIN,TRAIN,CLUST_0.70_00056,LATE
CANONICAL_ac4fa7dbcb6a,TEST,TEST,CLUST_0.70_00004,IMMEDIATE_EARLY
CANONICAL_ac5e46d31617,TRAIN,TRAIN,CLUST_0.70_00147,IMMEDIATE_EARLY
CANONICAL_ac65d3e01785,TRAIN,TRAIN,CLUST_0.70_00090,LATE
CANONICAL_ac674420025f,TEST,VALIDATION,CLUST_0.70_00055,LATE
CANONICAL_ac6b28e5af98,TEST,TRAIN,CLUST_0.70_00047,LATE
CANONICAL_ac6ef59e1a7a,TEST,TRAIN,CLUST_0.70_00007,EARLY
CANONICAL_ac714988fcf1,VALIDATION,TRAIN,CLUST_0.70_00005,LATE
CANONICAL_ac7aba29ceee,TEST,TRAIN,CLUST_0.70_00005,EARLY
CANONICAL_ac7bd243f4cd,TEST,TEST,CLUST_0.70_00030,EARLY
CANONICAL_ac7c172cfbf7,TRAIN,VALIDATION,CLUST_0.70_00029,LATE
CANONICAL_ac835106b241,TRAIN,TRAIN,CLUST_0.70_00005,EARLY
CANONICAL_ac85f2ca7f5d,TRAIN,TRAIN,CLUST_0.70_00231,IMMEDIATE_EARLY
CANONICAL_ac88cfeae792,TEST,TRAIN,CLUST_0.70_00005,LATE
CANONICAL_ac8bef6ee240,VALIDATION,VALIDATION,CLUST_0.70_00041,EARLY
CANONICAL_ac8fa1f8313f,VALIDATION,VALIDATION,CLUST_0.70_00106,LATE
CANONICAL_ac9587bcdd7f,VALIDATION,TRAIN,CLUST_0.70_00090,LATE
CANONICAL_ac99a8320963,VALIDATION,VALIDATION,CLUST_0.70_00127,LATE
CANONICAL_ac9b6eff23f8,TRAIN,VALIDATION,CLUST_0.70_00006,IMMEDIATE_EARLY
CANONICAL_ac9da578f10f,TRAIN,VALIDATION,CLUST_0.70_00064,LATE
CANONICAL_ac9e098ec340,VALIDATION,TRAIN,CLUST_0.70_00005,EARLY
CANONICAL_aca2ff19446b,VALIDATION,TRAIN,CLUST_0.70_00005,EARLY
CANONICAL_acacddcb4503,TRAIN,VALIDATION,CLUST_0.70_00065,LATE
CANONICAL_acadd4f6a956,TRAIN,TEST,CLUST_0.70_00001,LATE
CANONICAL_acb4e075c874,TRAIN,VALIDATION,CLUST_0.70_00026,IMMEDIATE_EARLY
CANONICAL_acb6a28f17e4,TRAIN,TEST,CLUST_0.70_00030,EARLY
CANONICAL_acbb8b11940a,TRAIN,TRAIN,CLUST_0.70_00005,LATE
CANONICAL_acc085cde8f3,TRAIN,TEST,CLUST_0.70_00001,LATE
CANONICAL_acc163d5681a,TRAIN,VALIDATION,CLUST_0.70_00017,LATE
CANONICAL_acc2f43683dc,TRAIN,VALIDATION,CLUST_0.70_00040,EARLY
CANONICAL_acc899389a6a,VALIDATION,TEST,CLUST_0.70_00052,LATE
CANONICAL_acccc122c38b,VALIDATION,TRAIN,CLUST_0.70_00008,LATE
CANONICAL_acd4fcf59eae,TRAIN,TEST,CLUST_0.70_00030,EARLY
CANONICAL_acd7e19f3a71,TRAIN,TEST,CLUST_0.70_00030,EARLY
CANONICAL_acd94d7a5cec,TRAIN,TRAIN,CLUST_0.70_00007,LATE
CANONICAL_acdb69edf546,TRAIN,TRAIN,CLUST_0.70_00008,LATE
CANONICAL_acdefa32f62c,TRAIN,TRAIN,CLUST_0.70_00008,LATE
CANONICAL_ace7881c9fa8,TRAIN,TRAIN,CLUST_0.70_00008,LATE
CANONICAL_acec585411a8,TEST,TRAIN,CLUST_0.70_00182,EARLY
CANONICAL_acf12bf0b028,TRAIN,TEST,CLUST_0.70_00015,LATE
CANONICAL_acf2dc4b84ee,VALIDATION,TRAIN,CLUST_0.70_00008,LATE
CANONICAL_acf943fa4b6c,TRAIN,VALIDATION,CLUST_0.70_00190,LATE
CANONICAL_acf98a6d6130,TRAIN,TRAIN,CLUST_0.70_00024,LATE
CANONICAL_acfa9f18bdac,TRAIN,TEST,CLUST_0.70_00004,IMMEDIATE_EARLY
CANONICAL_acfbb258e162,TRAIN,TRAIN,CLUST_0.70_00218,IMMEDIATE_EARLY
CANONICAL_ad004947dee8,VALIDATION,TEST,CLUST_0.70_00001,LATE
CANONICAL_ad022042eb6c,VALIDATION,VALIDATION,CLUST_0.70_00041,EARLY
CANONICAL_ad04703ad0ec,VALIDATION,TRAIN,CLUST_0.70_00005,EARLY
CANONICAL_ad0a1f23c519,TRAIN,TRAIN,CLUST_0.70_00310,LATE
CANONICAL_ad0dda22c67e,TEST,TRAIN,CLUST_0.70_00005,EARLY
CANONICAL_ad10b88da4ec,TEST,VALIDATION,CLUST_0.70_00006,IMMEDIATE_EARLY
CANONICAL_ad1439de1d9b,TRAIN,TRAIN,CLUST_0.70_00005,LATE
CANONICAL_ad143ffeaa7d,VALIDATION,TEST,CLUST_0.70_00052,LATE
CANONICAL_ad162aeab2a5,VALIDATION,TRAIN,CLUST_0.70_00056,LATE
CANONICAL_ad1630e25271,TRAIN,VALIDATION,CLUST_0.70_00064,LATE
CANONICAL_ad1bf0bbde82,TRAIN,TRAIN,CLUST_0.70_00005,EARLY
CANONICAL_ad1e3a8b05c2,TEST,VALIDATION,CLUST_0.70_00064,LATE
CANONICAL_ad225d307d82,TRAIN,TRAIN,CLUST_0.70_00008,LATE
CANONICAL_ad231e7be226,TRAIN,VALIDATION,CLUST_0.70_00026,IMMEDIATE_EARLY
CANONICAL_ad2eee4e694b,TRAIN,TRAIN,CLUST_0.70_00008,LATE
CANONICAL_ad367edfdb38,TRAIN,TRAIN,CLUST_0.70_00007,LATE
CANONICAL_ad3aea10889a,TRAIN,TRAIN,CLUST_0.70_00005,EARLY
CANONICAL_ad3b09eeab6d,TRAIN,TRAIN,CLUST_0.70_00147,IMMEDIATE_EARLY
CANONICAL_ad3b64e94187,TRAIN,TRAIN,CLUST_0.70_00008,IMMEDIATE_EARLY
CANONICAL_ad45bc1e065e,TRAIN,VALIDATION,CLUST_0.70_00059,LATE
CANONICAL_ad48ce509c91,TRAIN,TEST,CLUST_0.70_00030,EARLY
CANONICAL_ad5184541ea9,TRAIN,TEST,CLUST_0.70_00052,LATE
CANONICAL_ad530858104c,TRAIN,TRAIN,CLUST_0.70_00109,LATE
CANONICAL_ad5ba674e888,TEST,TRAIN,CLUST_0.70_00008,IMMEDIATE_EARLY
CANONICAL_ad5e90b85b5a,TRAIN,TRAIN,CLUST_0.70_00005,EARLY
CANONICAL_ad616fc4be8f,TRAIN,TRAIN,CLUST_0.70_00222,LATE
CANONICAL_ad6902a6a463,TRAIN,TEST,CLUST_0.70_00001,LATE
CANONICAL_ad6abf315190,TRAIN,TRAIN,CLUST_0.70_00008,LATE
CANONICAL_ad6be6cd20b4,TRAIN,TRAIN,CLUST_0.70_00008,IMMEDIATE_EARLY
CANONICAL_ad70ac1af4ef,TRAIN,TRAIN,CLUST_0.70_00005,LATE
CANONICAL_ad71047b07fa,TRAIN,TEST,CLUST_0.70_00004,IMMEDIATE_EARLY
CANONICAL_ad740cba0c4e,TEST,TRAIN,CLUST_0.70_00008,LATE
CANONICAL_ad781242ec8f,TRAIN,VALIDATION,CLUST_0.70_00058,LATE
CANONICAL_ad7d156b7438,VALIDATION,TEST,CLUST_0.70_00080,LATE
CANONICAL_ad7fb428afc4,TRAIN,TRAIN,CLUST_0.70_00007,EARLY
CANONICAL_ad842ce66d94,TRAIN,TRAIN,CLUST_0.70_00191,EARLY
CANONICAL_ad8851c049f5,TRAIN,TRAIN,CLUST_0.70_00005,EARLY
CANONICAL_ad8d54cad6fe,TRAIN,TRAIN,CLUST_0.70_00005,LATE
CANONICAL_ad919daec1ec,TRAIN,TEST,CLUST_0.70_00030,EARLY
CANONICAL_ad931d5b3438,TEST,TRAIN,CLUST_0.70_00056,LATE
CANONICAL_ad932d0e903f,TRAIN,TRAIN,CLUST_0.70_00222,LATE
CANONICAL_ad94a6b338ce,VALIDATION,TRAIN,CLUST_0.70_00005,EARLY
CANONICAL_ad9b0b800fd1,TRAIN,TEST,CLUST_0.70_00001,LATE
CANONICAL_ad9b96f48978,TEST,TRAIN,CLUST_0.70_00008,LATE
CANONICAL_ada12b65af1b,TRAIN,TRAIN,CLUST_0.70_00007,EARLY
CANONICAL_ada8b56b0b19,TRAIN,TEST,CLUST_0.70_00020,LATE
CANONICAL_ada95029e92a,TRAIN,TRAIN,CLUST_0.70_00005,LATE
CANONICAL_adab1848ca03,TRAIN,TRAIN,CLUST_0.70_00007,LATE
CANONICAL_adabba91d95e,TRAIN,TEST,CLUST_0.70_00030,EARLY
CANONICAL_adaf40001ecf,TRAIN,TEST,CLUST_0.70_00001,LATE
CANONICAL_adb5cc72ca4e,TEST,TRAIN,CLUST_0.70_00007,LATE
CANONICAL_adb5f1159612,TRAIN,TEST,CLUST_0.70_00001,LATE
CANONICAL_adb8422c85b8,TRAIN,VALIDATION,CLUST_0.70_00006,IMMEDIATE_EARLY
CANONICAL_adbd25da5d65,VALIDATION,TRAIN,CLUST_0.70_00008,LATE
CANONICAL_adc3a686e478,TRAIN,VALIDATION,CLUST_0.70_00010,EARLY
CANONICAL_adc44781f2da,TEST,TRAIN,CLUST_0.70_00047,LATE
CANONICAL_adc6aaa126ba,TRAIN,TRAIN,CLUST_0.70_00253,LATE
CANONICAL_adc926ec4aff,TEST,TEST,CLUST_0.70_00052,LATE
CANONICAL_adc980c86a2a,TRAIN,TRAIN,CLUST_0.70_00109,LATE
CANONICAL_adc9a6b99ade,TEST,TRAIN,CLUST_0.70_00005,LATE
CANONICAL_adcb1f617de1,TRAIN,TEST,CLUST_0.70_00052,LATE
CANONICAL_adcdc46d78a4,TEST,TRAIN,CLUST_0.70_00008,LATE
CANONICAL_adce18480caf,TRAIN,TEST,CLUST_0.70_00080,LATE
CANONICAL_add2f91112ba,VALIDATION,TRAIN,CLUST_0.70_00062,LATE
CANONICAL_add3d8f105fd,TRAIN,TRAIN,CLUST_0.70_00005,LATE
CANONICAL_ade22a16cb95,TRAIN,VALIDATION,CLUST_0.70_00058,LATE
CANONICAL_ade328b0d6a2,TRAIN,TEST,CLUST_0.70_00015,LATE
CANONICAL_ade53b89bfb4,TRAIN,TRAIN,CLUST_0.70_00005,EARLY
CANONICAL_adef618829d6,VALIDATION,VALIDATION,CLUST_0.70_00127,LATE
CANONICAL_adf76cf00ad6,TRAIN,VALIDATION,CLUST_0.70_00006,IMMEDIATE_EARLY
CANONICAL_adf7f4f60366,TRAIN,VALIDATION,CLUST_0.70_00059,LATE
CANONICAL_adfb94a2107f,TRAIN,VALIDATION,CLUST_0.70_00058,LATE
CANONICAL_adfe709c88f9,TRAIN,VALIDATION,CLUST_0.70_00006,LATE
CANONICAL_ae004669d24c,TRAIN,VALIDATION,CLUST_0.70_00010,EARLY
CANONICAL_ae03228cd8d8,TRAIN,TRAIN,CLUST_0.70_00007,LATE
CANONICAL_ae06ce866f14,TEST,TEST,CLUST_0.70_00080,LATE
CANONICAL_ae084278c409,TEST,TRAIN,CLUST_0.70_00008,IMMEDIATE_EARLY
CANONICAL_ae0a03e9bf05,TRAIN,TRAIN,CLUST_0.70_00007,LATE
CANONICAL_ae0a08665e3d,TEST,TRAIN,CLUST_0.70_00007,LATE
CANONICAL_ae0e3f4d5021,TRAIN,TRAIN,CLUST_0.70_00008,LATE
CANONICAL_ae11566f34c9,TEST,TRAIN,CLUST_0.70_00005,LATE
CANONICAL_ae13f7f9bcc6,TRAIN,TEST,CLUST_0.70_00018,LATE
CANONICAL_ae165f40ffa2,VALIDATION,TRAIN,CLUST_0.70_00005,EARLY
CANONICAL_ae17d43b8c36,TRAIN,TRAIN,CLUST_0.70_00008,LATE
CANONICAL_ae183a7c7207,TRAIN,TRAIN,CLUST_0.70_00005,EARLY
CANONICAL_ae1e1d1b3f4b,TRAIN,TRAIN,CLUST_0.70_00005,LATE
CANONICAL_ae26c62675b6,TRAIN,TRAIN,CLUST_0.70_00005,EARLY
CANONICAL_ae2833639a90,TRAIN,TRAIN,CLUST_0.70_00109,LATE
CANONICAL_ae29d05effca,TRAIN,TRAIN,CLUST_0.70_00005,EARLY
CANONICAL_ae2a20954efa,VALIDATION,TRAIN,CLUST_0.70_00005,EARLY
CANONICAL_ae2e9b5d952d,TRAIN,TEST,CLUST_0.70_00015,LATE
CANONICAL_ae393dde3613,TRAIN,TEST,CLUST_0.70_00071,LATE
CANONICAL_ae3e936ea45f,TRAIN,TRAIN,CLUST_0.70_00005,LATE
CANONICAL_ae427742a6d2,TRAIN,VALIDATION,CLUST_0.70_00106,LATE
CANONICAL_ae435db69143,TEST,TRAIN,CLUST_0.70_00007,EARLY
CANONICAL_ae4d097127f8,TRAIN,TEST,CLUST_0.70_00030,EARLY
CANONICAL_ae4f8f84e9f1,VALIDATION,TRAIN,CLUST_0.70_00007,IMMEDIATE_EARLY
CANONICAL_ae4fc01c7ea9,TRAIN,TRAIN,CLUST_0.70_00005,EARLY
CANONICAL_ae5533264d27,TRAIN,TRAIN,CLUST_0.70_00082,EARLY
CANONICAL_ae58f1853f3e,TRAIN,TRAIN,CLUST_0.70_00005,EARLY
CANONICAL_ae5ee56dbead,VALIDATION,TRAIN,CLUST_0.70_00007,LATE
CANONICAL_ae66634048f9,TRAIN,TRAIN,CLUST_0.70_00232,EARLY
CANONICAL_ae6e2c9de81b,TRAIN,TRAIN,CLUST_0.70_00008,LATE
CANONICAL_ae701da86a5e,TRAIN,VALIDATION,CLUST_0.70_00006,IMMEDIATE_EARLY
CANONICAL_ae8161b04bcb,TRAIN,VALIDATION,CLUST_0.70_00055,LATE
CANONICAL_ae8565d0baa5,TEST,TRAIN,CLUST_0.70_00008,LATE
CANONICAL_ae87f30759e9,TEST,TRAIN,CLUST_0.70_00021,EARLY
CANONICAL_ae9737f007b3,VALIDATION,TRAIN,CLUST_0.70_00007,LATE
CANONICAL_ae9956b4f286,TRAIN,TRAIN,CLUST_0.70_00068,LATE
CANONICAL_ae9970467ba9,TRAIN,VALIDATION,CLUST_0.70_00017,LATE
CANONICAL_ae9a602806fe,TRAIN,TEST,CLUST_0.70_00071,LATE
CANONICAL_ae9e5f54a69e,TRAIN,TRAIN,CLUST_0.70_00005,LATE
CANONICAL_ae9ffac6291a,TRAIN,TEST,CLUST_0.70_00071,LATE
CANONICAL_aea189bfe528,TRAIN,VALIDATION,CLUST_0.70_00190,LATE
CANONICAL_aea1b517ac2f,TEST,TRAIN,CLUST_0.70_00005,EARLY
CANONICAL_aea2554835a1,TRAIN,TEST,CLUST_0.70_00030,EARLY
CANONICAL_aea30e907612,TRAIN,TRAIN,CLUST_0.70_00374,EARLY
CANONICAL_aea78dae61f1,TEST,TRAIN,CLUST_0.70_00097,LATE
CANONICAL_aea91d0889fe,TEST,TRAIN,CLUST_0.70_00005,EARLY
CANONICAL_aebfa5cbe0cb,VALIDATION,VALIDATION,CLUST_0.70_00086,LATE
CANONICAL_aec4e69d18c4,TRAIN,TRAIN,CLUST_0.70_00008,LATE
CANONICAL_aec5ae47caf4,VALIDATION,TEST,CLUST_0.70_00001,LATE
CANONICAL_aedeb35891a0,TEST,VALIDATION,CLUST_0.70_00059,LATE
CANONICAL_aee23bcad13a,TRAIN,VALIDATION,CLUST_0.70_00016,EARLY
CANONICAL_aee988e113b3,VALIDATION,TRAIN,CLUST_0.70_00008,IMMEDIATE_EARLY
CANONICAL_aeeba0346906,TRAIN,TEST,CLUST_0.70_00001,LATE
CANONICAL_aeec9cea7c3d,TRAIN,VALIDATION,CLUST_0.70_00055,LATE
CANONICAL_aeecb042374f,TRAIN,VALIDATION,CLUST_0.70_00127,LATE
CANONICAL_aef016434866,VALIDATION,TRAIN,CLUST_0.70_00005,EARLY
CANONICAL_aef1afa3b79e,TRAIN,TRAIN,CLUST_0.70_00005,EARLY
CANONICAL_aef1d4dd78aa,TRAIN,TRAIN,CLUST_0.70_00005,EARLY
CANONICAL_aef38c50f600,TRAIN,TRAIN,CLUST_0.70_00158,LATE
CANONICAL_aef3b212d2d3,TEST,TEST,CLUST_0.70_00001,LATE
CANONICAL_aef6cbc2fa38,TRAIN,TRAIN,CLUST_0.70_00024,LATE
CANONICAL_af0a0943539d,TRAIN,TEST,CLUST_0.70_00004,IMMEDIATE_EARLY
CANONICAL_af0a8f3e480f,TEST,TRAIN,CLUST_0.70_00253,LATE
CANONICAL_af0b9d16b39e,TRAIN,TRAIN,CLUST_0.70_00008,LATE
CANONICAL_af0f8d236aef,TRAIN,TRAIN,CLUST_0.70_00005,IMMEDIATE_EARLY
CANONICAL_af0fe2a5b28a,TRAIN,TRAIN,CLUST_0.70_00107,LATE
CANONICAL_af10a84796a3,VALIDATION,TEST,CLUST_0.70_00018,LATE
CANONICAL_af14014da934,TRAIN,TEST,CLUST_0.70_00015,LATE
CANONICAL_af143b306150,VALIDATION,TEST,CLUST_0.70_00030,EARLY
CANONICAL_af194df89ea2,VALIDATION,VALIDATION,CLUST_0.70_00041,EARLY
CANONICAL_af19b1c4d35d,TEST,VALIDATION,CLUST_0.70_00086,LATE
CANONICAL_af1d99e4d03c,TRAIN,TEST,CLUST_0.70_00001,LATE
CANONICAL_af2b6ea178c2,TRAIN,TRAIN,CLUST_0.70_00005,EARLY
CANONICAL_af399ccde1ea,TRAIN,TRAIN,CLUST_0.70_00008,LATE
CANONICAL_af3b4c6a49fd,TRAIN,TRAIN,CLUST_0.70_00008,LATE
CANONICAL_af3c9ef6d866,TEST,TEST,CLUST_0.70_00018,LATE
CANONICAL_af3e12032ced,TRAIN,TEST,CLUST_0.70_00004,IMMEDIATE_EARLY
CANONICAL_af3f9c5305ba,TRAIN,TRAIN,CLUST_0.70_00005,LATE
CANONICAL_af4573c4982c,VALIDATION,TEST,CLUST_0.70_00030,EARLY
CANONICAL_af46ed4ec00f,TRAIN,TRAIN,CLUST_0.70_00005,LATE
CANONICAL_af4a8ff920d6,TRAIN,TEST,CLUST_0.70_00051,LATE
CANONICAL_af50c5af11cf,TRAIN,TEST,CLUST_0.70_00001,LATE
CANONICAL_af61cf52133d,VALIDATION,VALIDATION,CLUST_0.70_00028,EARLY
CANONICAL_af632512733f,TRAIN,TRAIN,CLUST_0.70_00235,LATE
CANONICAL_af6537e28e6a,TRAIN,TRAIN,CLUST_0.70_00012,LATE
CANONICAL_af6538464934,TRAIN,TRAIN,CLUST_0.70_00005,LATE
CANONICAL_af6574ca87ec,TRAIN,TEST,CLUST_0.70_00015,LATE
CANONICAL_af6883dce283,TRAIN,VALIDATION,CLUST_0.70_00064,LATE
CANONICAL_af6e86173c96,TRAIN,VALIDATION,CLUST_0.70_00064,LATE
CANONICAL_af6f3d890e76,VALIDATION,TEST,CLUST_0.70_00001,LATE
CANONICAL_af7161fbb777,TRAIN,VALIDATION,CLUST_0.70_00065,LATE
CANONICAL_af725aa2e9b5,TRAIN,TRAIN,CLUST_0.70_00098,LATE
CANONICAL_af73cb4cd494,TRAIN,VALIDATION,CLUST_0.70_00127,LATE
CANONICAL_af7431b73205,VALIDATION,TRAIN,CLUST_0.70_00049,IMMEDIATE_EARLY
CANONICAL_af764e6794a9,TRAIN,TRAIN,CLUST_0.70_00005,EARLY
CANONICAL_af82216520a7,TRAIN,TRAIN,CLUST_0.70_00008,LATE
CANONICAL_af86d4b5fce8,TRAIN,TEST,CLUST_0.70_00004,IMMEDIATE_EARLY
CANONICAL_af89cf99417c,TRAIN,VALIDATION,CLUST_0.70_00040,EARLY
CANONICAL_af8b10764aa7,VALIDATION,TRAIN,CLUST_0.70_00008,LATE
CANONICAL_af8dc9a093e2,TEST,TEST,CLUST_0.70_00004,IMMEDIATE_EARLY
CANONICAL_af8ef05ec6f8,VALIDATION,TRAIN,CLUST_0.70_00102,LATE
CANONICAL_af8fc13942af,TRAIN,TRAIN,CLUST_0.70_00062,LATE
CANONICAL_af96332bdedf,TRAIN,TRAIN,CLUST_0.70_00005,EARLY
CANONICAL_af967b0fd5ad,TRAIN,TRAIN,CLUST_0.70_00300,LATE
CANONICAL_af98aac0f3dd,TRAIN,TRAIN,CLUST_0.70_00007,IMMEDIATE_EARLY
CANONICAL_af9b9b0da7a1,VALIDATION,TRAIN,CLUST_0.70_00005,LATE
CANONICAL_af9dff9e10ed,TEST,TRAIN,CLUST_0.70_00045,EARLY
CANONICAL_af9eec747e9a,VALIDATION,TRAIN,CLUST_0.70_00047,LATE
CANONICAL_afa12aff64d0,TRAIN,TRAIN,CLUST_0.70_00008,IMMEDIATE_EARLY
CANONICAL_afaee5d98335,TEST,VALIDATION,CLUST_0.70_00127,LATE
CANONICAL_afaf587a8b84,VALIDATION,TRAIN,CLUST_0.70_00008,LATE
CANONICAL_afaf615998c7,TEST,VALIDATION,CLUST_0.70_00055,LATE
CANONICAL_afaf854e34a3,TRAIN,TRAIN,CLUST_0.70_00082,EARLY
CANONICAL_afb54fe5f8da,TRAIN,VALIDATION,CLUST_0.70_00086,LATE
CANONICAL_afb742a2eecc,TRAIN,TRAIN,CLUST_0.70_00005,LATE
CANONICAL_afbddf2f4da0,TRAIN,TRAIN,CLUST_0.70_00008,LATE
CANONICAL_afbffdf838c3,TRAIN,TRAIN,CLUST_0.70_00007,LATE
CANONICAL_afc9c5dba8b5,TRAIN,VALIDATION,CLUST_0.70_00016,EARLY
CANONICAL_afcf5e9e26e5,TRAIN,VALIDATION,CLUST_0.70_00026,IMMEDIATE_EARLY
CANONICAL_afcff08aa6c8,TRAIN,TRAIN,CLUST_0.70_00433,LATE
CANONICAL_afd058d8a98e,TRAIN,VALIDATION,CLUST_0.70_00086,LATE
CANONICAL_afda2e59fb3b,TRAIN,TRAIN,CLUST_0.70_00007,LATE
CANONICAL_afddb8e0935c,TRAIN,TRAIN,CLUST_0.70_00005,EARLY
CANONICAL_afdeefd70bd9,TRAIN,TRAIN,CLUST_0.70_00005,EARLY
CANONICAL_afdf17cf990a,TRAIN,TRAIN,CLUST_0.70_00005,LATE
CANONICAL_afe25a2435af,VALIDATION,TRAIN,CLUST_0.70_00005,EARLY
CANONICAL_afe96f37db2c,TRAIN,VALIDATION,CLUST_0.70_00017,LATE
CANONICAL_afead023dffa,TEST,VALIDATION,CLUST_0.70_00029,LATE
CANONICAL_aff9ac46a9fd,TRAIN,TRAIN,CLUST_0.70_00227,LATE
CANONICAL_affe5ed7857a,TRAIN,TRAIN,CLUST_0.70_00005,LATE
CANONICAL_b00daa007ecf,VALIDATION,TRAIN,CLUST_0.70_00100,LATE
CANONICAL_b00fff8f5725,TEST,TEST,CLUST_0.70_00030,EARLY
CANONICAL_b01722f9be2f,TEST,TRAIN,CLUST_0.70_00005,EARLY
CANONICAL_b01d17cf1b62,TRAIN,TEST,CLUST_0.70_00004,IMMEDIATE_EARLY
CANONICAL_b01e53db2da6,TRAIN,TEST,CLUST_0.70_00001,LATE
CANONICAL_b01e9d969749,TRAIN,VALIDATION,CLUST_0.70_00016,EARLY
CANONICAL_b022df4a6304,VALIDATION,TRAIN,CLUST_0.70_00005,LATE
CANONICAL_b0282ec5be32,TEST,TEST,CLUST_0.70_00030,EARLY
CANONICAL_b0293db508a6,TRAIN,TRAIN,CLUST_0.70_00005,EARLY
CANONICAL_b02b7364bfec,TRAIN,TEST,CLUST_0.70_00052,LATE
CANONICAL_b0349a17c9ca,TRAIN,TRAIN,CLUST_0.70_00005,EARLY
CANONICAL_b034a0988218,TRAIN,TRAIN,CLUST_0.70_00007,LATE
CANONICAL_b037354bb2ca,TRAIN,VALIDATION,CLUST_0.70_00029,LATE
CANONICAL_b0402ed4ab1b,TRAIN,TRAIN,CLUST_0.70_00005,EARLY
CANONICAL_b042c1b896f1,TRAIN,TEST,CLUST_0.70_00052,LATE
CANONICAL_b0439c87adf6,TRAIN,TRAIN,CLUST_0.70_00024,LATE
CANONICAL_b0481d4994c2,TRAIN,TRAIN,CLUST_0.70_00005,LATE
CANONICAL_b048e999e452,TRAIN,TRAIN,CLUST_0.70_00005,EARLY
CANONICAL_b049b6e9b0ce,TRAIN,VALIDATION,CLUST_0.70_00058,LATE
CANONICAL_b04b51d73722,TRAIN,TRAIN,CLUST_0.70_00005,LATE
CANONICAL_b04c09c6fe8d,TEST,TRAIN,CLUST_0.70_00008,LATE
CANONICAL_b058b2838c55,TRAIN,TRAIN,CLUST_0.70_00008,LATE
CANONICAL_b05ca272c2ca,TRAIN,TRAIN,CLUST_0.70_00008,LATE
CANONICAL_b066e279ae73,TRAIN,TEST,CLUST_0.70_00004,IMMEDIATE_EARLY
CANONICAL_b0698350722b,TRAIN,TRAIN,CLUST_0.70_00005,EARLY
CANONICAL_b06a74a60856,TRAIN,VALIDATION,CLUST_0.70_00064,LATE
CANONICAL_b06d05e9431b,TRAIN,TRAIN,CLUST_0.70_00005,EARLY
CANONICAL_b07286b4e0a7,TEST,TRAIN,CLUST_0.70_00005,EARLY
CANONICAL_b0735a44d98d,VALIDATION,TEST,CLUST_0.70_00051,LATE
CANONICAL_b07ab161de5d,TRAIN,TRAIN,CLUST_0.70_00005,EARLY
CANONICAL_b07ad629e1e4,VALIDATION,VALIDATION,CLUST_0.70_00106,LATE
CANONICAL_b07b13bb2fac,TRAIN,TRAIN,CLUST_0.70_00005,LATE
CANONICAL_b07e19a2b8fc,TRAIN,VALIDATION,CLUST_0.70_00086,LATE
CANONICAL_b08027b5ebef,TRAIN,TRAIN,CLUST_0.70_00005,LATE
CANONICAL_b082eaba7e4e,TRAIN,VALIDATION,CLUST_0.70_00017,LATE
CANONICAL_b08581cfc9f7,VALIDATION,TRAIN,CLUST_0.70_00005,EARLY
CANONICAL_b0883feeb0b0,TEST,TEST,CLUST_0.70_00030,EARLY
CANONICAL_b099ec0c00a8,TRAIN,VALIDATION,CLUST_0.70_00038,LATE
CANONICAL_b09e2aa14b54,TRAIN,TRAIN,CLUST_0.70_00005,EARLY
CANONICAL_b0a1bab4a985,TEST,TRAIN,CLUST_0.70_00163,EARLY
CANONICAL_b0a2605f3927,TRAIN,TRAIN,CLUST_0.70_00005,LATE
CANONICAL_b0a458d6c8dc,TRAIN,TRAIN,CLUST_0.70_00007,LATE
CANONICAL_b0afed0471c6,TRAIN,TRAIN,CLUST_0.70_00024,LATE
CANONICAL_b0b5536ca1b4,TRAIN,TRAIN,CLUST_0.70_00005,LATE
CANONICAL_b0b69c02d665,TEST,TEST,CLUST_0.70_00020,LATE
CANONICAL_b0b75a643d7f,TRAIN,VALIDATION,CLUST_0.70_00006,IMMEDIATE_EARLY
CANONICAL_b0ba213bc7ac,TRAIN,TEST,CLUST_0.70_00030,EARLY
CANONICAL_b0bbcf68d365,TRAIN,TEST,CLUST_0.70_00030,EARLY
CANONICAL_b0ca9244b7fc,TRAIN,TEST,CLUST_0.70_00004,IMMEDIATE_EARLY
CANONICAL_b0cd6d09aa9e,TRAIN,TEST,CLUST_0.70_00009,LATE
CANONICAL_b0ce05f0419d,VALIDATION,TRAIN,CLUST_0.70_00005,LATE
CANONICAL_b0cedbdb6920,TRAIN,VALIDATION,CLUST_0.70_00079,LATE
CANONICAL_b0d52b9d55aa,TRAIN,TRAIN,CLUST_0.70_00112,LATE
CANONICAL_b0d8a0ad0a91,TRAIN,TEST,CLUST_0.70_00001,LATE
CANONICAL_b0dee77d4541,TRAIN,TRAIN,CLUST_0.70_00134,LATE
CANONICAL_b0e1260f57a1,TRAIN,VALIDATION,CLUST_0.70_00025,LATE
CANONICAL_b0e984e5daf2,TEST,TRAIN,CLUST_0.70_00005,EARLY
CANONICAL_b0ecf9fe119f,TRAIN,TEST,CLUST_0.70_00004,IMMEDIATE_EARLY
CANONICAL_b0ef252e0a78,TRAIN,VALIDATION,CLUST_0.70_00025,LATE
CANONICAL_b0f5057fbaea,TRAIN,VALIDATION,CLUST_0.70_00006,IMMEDIATE_EARLY
CANONICAL_b0f676e95752,TRAIN,TRAIN,CLUST_0.70_00008,LATE
CANONICAL_b0fdfaabead6,TRAIN,VALIDATION,CLUST_0.70_00079,LATE
CANONICAL_b1039b4a9e03,TRAIN,TRAIN,CLUST_0.70_00008,LATE
CANONICAL_b1042c97263c,TRAIN,TRAIN,CLUST_0.70_00008,LATE
CANONICAL_b1058c359ac0,TRAIN,TRAIN,CLUST_0.70_00005,EARLY
CANONICAL_b10951859a35,TRAIN,TRAIN,CLUST_0.70_00007,LATE
CANONICAL_b110ffaca202,TRAIN,TRAIN,CLUST_0.70_00008,LATE
CANONICAL_b114021cf52c,TEST,TRAIN,CLUST_0.70_00005,EARLY
CANONICAL_b116b3b11332,TRAIN,TEST,CLUST_0.70_00020,LATE
CANONICAL_b118cd6e962d,TRAIN,TRAIN,CLUST_0.70_00005,LATE
CANONICAL_b11a9472e8f7,TRAIN,TEST,CLUST_0.70_00004,IMMEDIATE_EARLY
CANONICAL_b11bff92bfee,TRAIN,TRAIN,CLUST_0.70_00008,LATE
CANONICAL_b11d654e5109,TRAIN,TEST,CLUST_0.70_00051,LATE
CANONICAL_b11dfe4d1eb8,TRAIN,TEST,CLUST_0.70_00020,LATE
CANONICAL_b11ed3e32d4b,TRAIN,TEST,CLUST_0.70_00030,EARLY
CANONICAL_b11f01198c9b,TRAIN,TEST,CLUST_0.70_00004,IMMEDIATE_EARLY
CANONICAL_b121a988d5a8,VALIDATION,TRAIN,CLUST_0.70_00005,EARLY
CANONICAL_b1265a7d1f06,TRAIN,TRAIN,CLUST_0.70_00002,LATE
CANONICAL_b12ff43870bc,TRAIN,TRAIN,CLUST_0.70_00008,LATE
CANONICAL_b13121c94cc9,TRAIN,TRAIN,CLUST_0.70_00024,LATE
CANONICAL_b131c3f22840,TRAIN,TRAIN,CLUST_0.70_00005,EARLY
CANONICAL_b1366800b13d,VALIDATION,VALIDATION,CLUST_0.70_00106,LATE
CANONICAL_b1396b2c04e7,TRAIN,TEST,CLUST_0.70_00020,LATE
CANONICAL_b13f4e2b564a,TRAIN,TRAIN,CLUST_0.70_00007,LATE
CANONICAL_b1412245de42,TRAIN,TRAIN,CLUST_0.70_00008,LATE
CANONICAL_b142df9f807a,TRAIN,TEST,CLUST_0.70_00037,LATE
CANONICAL_b14597dfadbf,TRAIN,TRAIN,CLUST_0.70_00008,LATE
CANONICAL_b146b02e0005,TEST,TEST,CLUST_0.70_00004,IMMEDIATE_EARLY
CANONICAL_b1471c807760,TEST,TRAIN,CLUST_0.70_00081,LATE
CANONICAL_b147cd211388,TRAIN,VALIDATION,CLUST_0.70_00006,IMMEDIATE_EARLY
CANONICAL_b14b0efc12f7,TRAIN,TRAIN,CLUST_0.70_00005,EARLY
CANONICAL_b14e726db8ad,TEST,TRAIN,CLUST_0.70_00239,LATE
CANONICAL_b14e9a1fa5b7,TRAIN,TRAIN,CLUST_0.70_00235,LATE
CANONICAL_b150ae055a6c,TEST,VALIDATION,CLUST_0.70_00039,LATE
CANONICAL_b151f1bb8354,VALIDATION,TEST,CLUST_0.70_00001,LATE
CANONICAL_b15e479d313b,TRAIN,TRAIN,CLUST_0.70_00005,LATE
CANONICAL_b15e6b0b2e62,TEST,VALIDATION,CLUST_0.70_00086,LATE
CANONICAL_b161b05e858b,TRAIN,TEST,CLUST_0.70_00030,EARLY
CANONICAL_b16a9be4d198,TRAIN,VALIDATION,CLUST_0.70_00038,LATE
CANONICAL_b16b880d861c,TRAIN,TRAIN,CLUST_0.70_00005,LATE
CANONICAL_b16bcb6f85d6,VALIDATION,TEST,CLUST_0.70_00052,LATE
CANONICAL_b16c2861ca3f,TRAIN,TRAIN,CLUST_0.70_00005,LATE
CANONICAL_b1704b719e2c,TRAIN,TRAIN,CLUST_0.70_00005,LATE
CANONICAL_b173e7778e15,TRAIN,TEST,CLUST_0.70_00052,LATE
CANONICAL_b179d59dee88,TRAIN,VALIDATION,CLUST_0.70_00025,LATE
CANONICAL_b1805b0fa43d,TRAIN,TEST,CLUST_0.70_00020,LATE
CANONICAL_b180c9eac84f,TRAIN,TRAIN,CLUST_0.70_00011,EARLY
CANONICAL_b182b8c64dc2,TRAIN,TEST,CLUST_0.70_00030,EARLY
CANONICAL_b1872702a8bb,TRAIN,VALIDATION,CLUST_0.70_00026,IMMEDIATE_EARLY
CANONICAL_b1877e637e35,TRAIN,TEST,CLUST_0.70_00071,LATE
CANONICAL_b18f9b1f8816,TEST,TRAIN,CLUST_0.70_00005,EARLY
CANONICAL_b19040585e5d,TRAIN,VALIDATION,CLUST_0.70_00038,LATE
CANONICAL_b190919e43b7,TRAIN,TRAIN,CLUST_0.70_00005,EARLY
CANONICAL_b1951cb9062f,TRAIN,VALIDATION,CLUST_0.70_00026,IMMEDIATE_EARLY
CANONICAL_b199282c3e72,TRAIN,TRAIN,CLUST_0.70_00007,LATE
CANONICAL_b19a8750ed9b,TEST,VALIDATION,CLUST_0.70_00038,LATE
CANONICAL_b19b1ddd65f7,TEST,VALIDATION,CLUST_0.70_00079,LATE
CANONICAL_b19c66ce1d10,TRAIN,VALIDATION,CLUST_0.70_00079,LATE
CANONICAL_b19dfe4972e6,TRAIN,VALIDATION,CLUST_0.70_00059,LATE
CANONICAL_b19e868f405e,TRAIN,TRAIN,CLUST_0.70_00005,LATE
CANONICAL_b19ea261c332,TRAIN,VALIDATION,CLUST_0.70_00106,LATE
CANONICAL_b19f156df5bf,TRAIN,TRAIN,CLUST_0.70_00005,LATE
CANONICAL_b1a596195872,TRAIN,TRAIN,CLUST_0.70_00008,LATE
CANONICAL_b1a5dda81e84,TRAIN,TRAIN,CLUST_0.70_00008,LATE
CANONICAL_b1a73f8ff1a1,TRAIN,TRAIN,CLUST_0.70_00005,LATE
CANONICAL_b1b1ec23a195,TRAIN,TRAIN,CLUST_0.70_00090,LATE
CANONICAL_b1b7c6117a18,VALIDATION,TEST,CLUST_0.70_00001,LATE
CANONICAL_b1bd37e7598a,TRAIN,TRAIN,CLUST_0.70_00062,LATE
CANONICAL_b1bfe08b82ff,TRAIN,TEST,CLUST_0.70_00051,LATE
CANONICAL_b1c589dfe99f,VALIDATION,TRAIN,CLUST_0.70_00005,LATE
CANONICAL_b1c6177f126e,TRAIN,TRAIN,CLUST_0.70_00168,LATE
CANONICAL_b1c757351603,TRAIN,TEST,CLUST_0.70_00004,IMMEDIATE_EARLY
CANONICAL_b1d00610bf69,TRAIN,VALIDATION,CLUST_0.70_00086,LATE
CANONICAL_b1dbba20fe8a,TRAIN,TEST,CLUST_0.70_00018,LATE
CANONICAL_b1dbd4f0a08c,VALIDATION,VALIDATION,CLUST_0.70_00127,LATE
CANONICAL_b1e0f0237fa5,TRAIN,TRAIN,CLUST_0.70_00005,EARLY
CANONICAL_b1e3a13d15e8,TRAIN,TRAIN,CLUST_0.70_00005,EARLY
CANONICAL_b1e5db12f908,TRAIN,VALIDATION,CLUST_0.70_00038,LATE
CANONICAL_b1e6e92e23c3,TRAIN,TRAIN,CLUST_0.70_00005,LATE
CANONICAL_b1e76aa34c4f,TRAIN,VALIDATION,CLUST_0.70_00006,IMMEDIATE_EARLY
CANONICAL_b1e92eb07430,TRAIN,TRAIN,CLUST_0.70_00005,LATE
CANONICAL_b1eaafabc8e8,TRAIN,VALIDATION,CLUST_0.70_00055,LATE
CANONICAL_b1f14fad2892,VALIDATION,TRAIN,CLUST_0.70_00231,IMMEDIATE_EARLY
CANONICAL_b1f4d9046f8e,VALIDATION,TEST,CLUST_0.70_00015,LATE
CANONICAL_b1f5effa1da3,TRAIN,VALIDATION,CLUST_0.70_00106,LATE
CANONICAL_b1f6eb5fd12d,TRAIN,VALIDATION,CLUST_0.70_00029,LATE
CANONICAL_b201a32d865c,TRAIN,TRAIN,CLUST_0.70_00005,EARLY
CANONICAL_b20c0dfb9a7e,VALIDATION,VALIDATION,CLUST_0.70_00055,LATE
CANONICAL_b20d784218a0,TRAIN,VALIDATION,CLUST_0.70_00010,EARLY
CANONICAL_b215e7dc5531,TRAIN,TRAIN,CLUST_0.70_00007,EARLY
CANONICAL_b2178e871333,VALIDATION,TEST,CLUST_0.70_00030,EARLY
CANONICAL_b21864983573,TRAIN,TRAIN,CLUST_0.70_00164,LATE
CANONICAL_b21b2a0f416d,VALIDATION,TRAIN,CLUST_0.70_00005,LATE
CANONICAL_b21d9c44df42,TRAIN,TEST,CLUST_0.70_00001,LATE
CANONICAL_b21de4e5f36e,TRAIN,TRAIN,CLUST_0.70_00005,LATE
CANONICAL_b22189b99d03,TRAIN,TEST,CLUST_0.70_00001,LATE
CANONICAL_b22eb9e422c6,TRAIN,VALIDATION,CLUST_0.70_00079,LATE
CANONICAL_b2303db83297,VALIDATION,TEST,CLUST_0.70_00030,EARLY
CANONICAL_b23715cbf043,TRAIN,VALIDATION,CLUST_0.70_00028,EARLY
CANONICAL_b239909b0e8a,TRAIN,TRAIN,CLUST_0.70_00008,LATE
CANONICAL_b240034936c7,VALIDATION,VALIDATION,CLUST_0.70_00025,LATE
CANONICAL_b245b0ae2a82,TRAIN,TEST,CLUST_0.70_00071,LATE
CANONICAL_b24897803e50,TRAIN,TRAIN,CLUST_0.70_00005,LATE
CANONICAL_b24898dc18ef,TRAIN,TRAIN,CLUST_0.70_00008,LATE
CANONICAL_b24b145331bc,TRAIN,VALIDATION,CLUST_0.70_00026,IMMEDIATE_EARLY
CANONICAL_b24bd600e4ab,TEST,VALIDATION,CLUST_0.70_00017,LATE
CANONICAL_b24caa4a71c2,TRAIN,TEST,CLUST_0.70_00018,LATE
CANONICAL_b24e47335992,TRAIN,TEST,CLUST_0.70_00015,LATE
CANONICAL_b2566526b25a,TRAIN,TRAIN,CLUST_0.70_00007,LATE
CANONICAL_b259ccc2bf40,TRAIN,TRAIN,CLUST_0.70_00092,LATE
CANONICAL_b25d284526cc,TRAIN,VALIDATION,CLUST_0.70_00041,EARLY
CANONICAL_b262892d28e8,TRAIN,TEST,CLUST_0.70_00001,LATE
CANONICAL_b266c039ca4d,TRAIN,TEST,CLUST_0.70_00001,LATE
CANONICAL_b2678960dc1f,TRAIN,TEST,CLUST_0.70_00018,LATE
CANONICAL_b267e9dc6f32,TRAIN,TRAIN,CLUST_0.70_00008,LATE
CANONICAL_b2690f9ee504,TRAIN,TRAIN,CLUST_0.70_00005,LATE
CANONICAL_b26b55f9d302,TRAIN,TEST,CLUST_0.70_00018,LATE
CANONICAL_b26ca8bc5778,TRAIN,TEST,CLUST_0.70_00030,EARLY
CANONICAL_b26ff88d8a7f,TRAIN,TEST,CLUST_0.70_00037,LATE
CANONICAL_b274d65342b0,TEST,TEST,CLUST_0.70_00037,LATE
CANONICAL_b276d2c68d25,TEST,TEST,CLUST_0.70_00080,LATE
CANONICAL_b27838b301ad,TRAIN,VALIDATION,CLUST_0.70_00086,LATE
CANONICAL_b27c3cf3cecc,TRAIN,TRAIN,CLUST_0.70_00005,EARLY
CANONICAL_b286a7f7c430,TRAIN,VALIDATION,CLUST_0.70_00079,LATE
CANONICAL_b28a48b7a7ad,TRAIN,TRAIN,CLUST_0.70_00075,LATE
CANONICAL_b294dc64a578,TRAIN,TRAIN,CLUST_0.70_00197,IMMEDIATE_EARLY
CANONICAL_b29cbb07cbe8,TEST,TRAIN,CLUST_0.70_00056,LATE
CANONICAL_b29d7b634b74,TEST,TRAIN,CLUST_0.70_00008,LATE
CANONICAL_b29fbe75647b,TRAIN,TRAIN,CLUST_0.70_00062,LATE
CANONICAL_b2a181130975,TRAIN,VALIDATION,CLUST_0.70_00064,LATE
CANONICAL_b2a298d90dfd,TEST,TRAIN,CLUST_0.70_00007,EARLY
CANONICAL_b2a5ed8d6e05,TRAIN,TRAIN,CLUST_0.70_00213,LATE
CANONICAL_b2a6313e94c7,TRAIN,VALIDATION,CLUST_0.70_00017,LATE
CANONICAL_b2a71cc2b5f3,TEST,TRAIN,CLUST_0.70_00007,LATE
CANONICAL_b2aa62613ee9,TEST,TRAIN,CLUST_0.70_00303,EARLY
CANONICAL_b2af6a90098a,VALIDATION,TRAIN,CLUST_0.70_00088,EARLY
CANONICAL_b2b5fb3564fd,TRAIN,TRAIN,CLUST_0.70_00005,LATE
CANONICAL_b2b7a9aa187b,TRAIN,VALIDATION,CLUST_0.70_00038,LATE
CANONICAL_b2bafe65f28d,TRAIN,TEST,CLUST_0.70_00052,LATE
CANONICAL_b2bc1b8ac646,TRAIN,TRAIN,CLUST_0.70_00102,LATE
CANONICAL_b2c2191932eb,TRAIN,TRAIN,CLUST_0.70_00005,EARLY
CANONICAL_b2c43b0fb2e2,TRAIN,VALIDATION,CLUST_0.70_00127,LATE
CANONICAL_b2c49c823e22,VALIDATION,VALIDATION,CLUST_0.70_00006,IMMEDIATE_EARLY
CANONICAL_b2c5caadaae2,TEST,TEST,CLUST_0.70_00015,LATE
CANONICAL_b2c6ab5f57fc,TEST,VALIDATION,CLUST_0.70_00006,IMMEDIATE_EARLY
CANONICAL_b2ce31c6dd3c,TRAIN,TEST,CLUST_0.70_00052,LATE
CANONICAL_b2d23a8f3322,VALIDATION,VALIDATION,CLUST_0.70_00040,EARLY
CANONICAL_b2d37cfc6b76,TEST,TRAIN,CLUST_0.70_00102,LATE
CANONICAL_b2d47965f0d6,TRAIN,TEST,CLUST_0.70_00004,IMMEDIATE_EARLY
CANONICAL_b2d5add4be93,TRAIN,TRAIN,CLUST_0.70_00005,LATE
CANONICAL_b2d97b225a43,TRAIN,TEST,CLUST_0.70_00004,IMMEDIATE_EARLY
CANONICAL_b2db381cb7d4,VALIDATION,TEST,CLUST_0.70_00015,LATE
CANONICAL_b2dc65e212d5,TRAIN,TRAIN,CLUST_0.70_00005,LATE
CANONICAL_b2de0321dc59,TRAIN,TRAIN,CLUST_0.70_00056,LATE
CANONICAL_b2def30d857d,TEST,TRAIN,CLUST_0.70_00005,EARLY
CANONICAL_b2e743e5bb53,TRAIN,TRAIN,CLUST_0.70_00008,LATE
CANONICAL_b2ea53070734,TRAIN,TRAIN,CLUST_0.70_00005,EARLY
CANONICAL_b2eef2812ed5,TRAIN,VALIDATION,CLUST_0.70_00029,LATE
CANONICAL_b2fe900af35d,TRAIN,TEST,CLUST_0.70_00001,LATE
CANONICAL_b301c084605f,TRAIN,TRAIN,CLUST_0.70_00091,LATE
CANONICAL_b30f053dc4c8,TRAIN,TRAIN,CLUST_0.70_00005,EARLY
CANONICAL_b316f9829508,VALIDATION,TRAIN,CLUST_0.70_00008,EARLY
CANONICAL_b31785c00b5c,TEST,TRAIN,CLUST_0.70_00008,LATE
CANONICAL_b31bd6bffce8,VALIDATION,TRAIN,CLUST_0.70_00098,LATE
CANONICAL_b31be3bdd6c1,TRAIN,VALIDATION,CLUST_0.70_00010,EARLY
CANONICAL_b321500a9d2d,TRAIN,TRAIN,CLUST_0.70_00091,LATE
CANONICAL_b321e0a87740,TRAIN,VALIDATION,CLUST_0.70_00029,LATE
CANONICAL_b3222c0fac96,TEST,TEST,CLUST_0.70_00018,LATE
CANONICAL_b3224f9e0948,TRAIN,TRAIN,CLUST_0.70_00008,LATE
CANONICAL_b3248ecb527a,TRAIN,TRAIN,CLUST_0.70_00008,LATE
CANONICAL_b3298f92e454,TRAIN,TRAIN,CLUST_0.70_00005,EARLY
CANONICAL_b3320260bea7,TEST,TRAIN,CLUST_0.70_00005,EARLY
CANONICAL_b33c03e5f72a,TRAIN,TEST,CLUST_0.70_00071,LATE
CANONICAL_b33da6ba17df,TEST,TRAIN,CLUST_0.70_00005,EARLY
CANONICAL_b33e6bb517c5,VALIDATION,VALIDATION,CLUST_0.70_00169,LATE
CANONICAL_b34e73d09437,TEST,TRAIN,CLUST_0.70_00008,LATE
CANONICAL_b34f521975ba,TRAIN,TRAIN,CLUST_0.70_00007,EARLY
CANONICAL_b35a7da03609,TEST,VALIDATION,CLUST_0.70_00029,LATE
CANONICAL_b35f3c686ca4,TRAIN,TRAIN,CLUST_0.70_00008,LATE
CANONICAL_b3617d5679e6,TRAIN,TRAIN,CLUST_0.70_00008,LATE
CANONICAL_b3654798711c,VALIDATION,TEST,CLUST_0.70_00030,EARLY
CANONICAL_b36ff8a94d97,VALIDATION,TEST,CLUST_0.70_00052,LATE
CANONICAL_b371744dab01,TRAIN,TRAIN,CLUST_0.70_00008,LATE
CANONICAL_b383c786cb26,TRAIN,TEST,CLUST_0.70_00001,LATE
CANONICAL_b3879f9343eb,TRAIN,TRAIN,CLUST_0.70_00008,LATE
CANONICAL_b387af74e1da,TRAIN,TRAIN,CLUST_0.70_00007,LATE
CANONICAL_b388e2e3556b,TRAIN,TRAIN,CLUST_0.70_00005,EARLY
CANONICAL_b38a3e0228d8,VALIDATION,TRAIN,CLUST_0.70_00090,LATE
CANONICAL_b38c81f6c3e6,TRAIN,TRAIN,CLUST_0.70_00007,LATE
CANONICAL_b38e17d9d4aa,TRAIN,TRAIN,CLUST_0.70_00005,LATE
CANONICAL_b39266f0cd2e,VALIDATION,VALIDATION,CLUST_0.70_00038,LATE
CANONICAL_b39405c08b4c,TRAIN,TRAIN,CLUST_0.70_00056,LATE
CANONICAL_b394177071f6,TRAIN,TRAIN,CLUST_0.70_00007,LATE
CANONICAL_b397e1c61177,TRAIN,TRAIN,CLUST_0.70_00005,LATE
CANONICAL_b39a6d298095,TRAIN,TRAIN,CLUST_0.70_00005,LATE
CANONICAL_b39aedd0a0e4,VALIDATION,TRAIN,CLUST_0.70_00005,EARLY
CANONICAL_b3a0fadb9777,TRAIN,VALIDATION,CLUST_0.70_00026,IMMEDIATE_EARLY
CANONICAL_b3a803e3e138,TRAIN,TRAIN,CLUST_0.70_00005,EARLY
CANONICAL_b3aa6fed3e46,TRAIN,TRAIN,CLUST_0.70_00005,EARLY
CANONICAL_b3aaa3c03fbc,TRAIN,TRAIN,CLUST_0.70_00005,LATE
CANONICAL_b3abbfc22ebe,TRAIN,TRAIN,CLUST_0.70_00008,LATE
CANONICAL_b3ae6038cf86,TRAIN,TRAIN,CLUST_0.70_00008,EARLY
CANONICAL_b3aee1bd7bce,TRAIN,VALIDATION,CLUST_0.70_00029,LATE
CANONICAL_b3af7b264c9f,TRAIN,TEST,CLUST_0.70_00030,EARLY
CANONICAL_b3b2d3858690,TRAIN,TRAIN,CLUST_0.70_00007,LATE
CANONICAL_b3bbe4773913,TEST,VALIDATION,CLUST_0.70_00169,LATE
CANONICAL_b3bd35c01a32,TRAIN,VALIDATION,CLUST_0.70_00059,LATE
CANONICAL_b3bdf7741ff1,TRAIN,TRAIN,CLUST_0.70_00109,LATE
CANONICAL_b3beb13c6903,TRAIN,TRAIN,CLUST_0.70_00084,LATE
CANONICAL_b3c1e1106e9a,TRAIN,TRAIN,CLUST_0.70_00005,LATE
CANONICAL_b3c3a0d99d0e,TRAIN,TRAIN,CLUST_0.70_00008,LATE
CANONICAL_b3c7680e13fd,TRAIN,TEST,CLUST_0.70_00030,EARLY
CANONICAL_b3ceac04154c,VALIDATION,TRAIN,CLUST_0.70_00005,LATE
CANONICAL_b3d4063d8300,VALIDATION,VALIDATION,CLUST_0.70_00026,IMMEDIATE_EARLY
CANONICAL_b3ed6b38fc6f,VALIDATION,VALIDATION,CLUST_0.70_00086,LATE
CANONICAL_b3f04748978a,VALIDATION,TRAIN,CLUST_0.70_00005,EARLY
CANONICAL_b3f343e33229,TRAIN,TRAIN,CLUST_0.70_00005,EARLY
CANONICAL_b3ff18134240,TRAIN,TEST,CLUST_0.70_00004,IMMEDIATE_EARLY
CANONICAL_b3ff4e7bd641,TRAIN,VALIDATION,CLUST_0.70_00169,LATE
CANONICAL_b40618454912,TRAIN,TEST,CLUST_0.70_00015,LATE
CANONICAL_b40b8c9b9abe,TRAIN,TRAIN,CLUST_0.70_00008,IMMEDIATE_EARLY
CANONICAL_b40de3ee0d5a,TRAIN,TRAIN,CLUST_0.70_00005,LATE
CANONICAL_b4186138f799,TRAIN,TRAIN,CLUST_0.70_00005,EARLY
CANONICAL_b42838cdbc47,TRAIN,TRAIN,CLUST_0.70_00005,EARLY
CANONICAL_b42ac2f9661b,TEST,TRAIN,CLUST_0.70_00005,EARLY
CANONICAL_b42da517a0ad,TRAIN,TRAIN,CLUST_0.70_00005,LATE
CANONICAL_b43020716e15,TRAIN,VALIDATION,CLUST_0.70_00127,LATE
CANONICAL_b4327e267e0e,TRAIN,TRAIN,CLUST_0.70_00005,LATE
CANONICAL_b4378a892e03,TRAIN,TEST,CLUST_0.70_00030,EARLY
CANONICAL_b441807d6482,TRAIN,TRAIN,CLUST_0.70_00005,LATE
CANONICAL_b443337b2bb2,TEST,VALIDATION,CLUST_0.70_00006,IMMEDIATE_EARLY
CANONICAL_b4447f1ed1e8,TRAIN,TEST,CLUST_0.70_00009,LATE
CANONICAL_b447088cc50f,TRAIN,VALIDATION,CLUST_0.70_00041,EARLY
CANONICAL_b449e35014d0,VALIDATION,TRAIN,CLUST_0.70_00008,LATE
CANONICAL_b44bbf0409ba,TRAIN,TEST,CLUST_0.70_00052,LATE
CANONICAL_b4526d3e1709,TRAIN,TRAIN,CLUST_0.70_00005,EARLY
CANONICAL_b4550f8edb32,TRAIN,TRAIN,CLUST_0.70_00005,EARLY
CANONICAL_b4572d19cfd3,TRAIN,TRAIN,CLUST_0.70_00008,LATE
CANONICAL_b45a0ad876d7,VALIDATION,TRAIN,CLUST_0.70_00005,LATE
CANONICAL_b45e59e6674d,TRAIN,VALIDATION,CLUST_0.70_00041,EARLY
CANONICAL_b46284e23f5c,TEST,TRAIN,CLUST_0.70_00007,EARLY
CANONICAL_b468b94483be,TEST,VALIDATION,CLUST_0.70_00040,EARLY
CANONICAL_b46aa4a494ea,TRAIN,VALIDATION,CLUST_0.70_00017,LATE
CANONICAL_b46d2717e69c,VALIDATION,TRAIN,CLUST_0.70_00005,EARLY
CANONICAL_b470efe0d5ea,TRAIN,TEST,CLUST_0.70_00018,LATE
CANONICAL_b476d8c598ee,TRAIN,VALIDATION,CLUST_0.70_00065,LATE
CANONICAL_b477e5347966,TRAIN,TEST,CLUST_0.70_00018,LATE
CANONICAL_b47c22948834,TRAIN,VALIDATION,CLUST_0.70_00016,EARLY
CANONICAL_b47e1b057db3,TRAIN,TEST,CLUST_0.70_00001,LATE
CANONICAL_b47e2dc44ac8,TRAIN,TEST,CLUST_0.70_00052,LATE
CANONICAL_b47f554f46f0,TRAIN,TRAIN,CLUST_0.70_00047,LATE
CANONICAL_b484ec740b2e,TEST,TEST,CLUST_0.70_00015,LATE
CANONICAL_b48e77d04de2,TRAIN,VALIDATION,CLUST_0.70_00190,LATE
CANONICAL_b48f055b6848,TRAIN,TRAIN,CLUST_0.70_00005,EARLY
CANONICAL_b492556ecc8c,VALIDATION,TRAIN,CLUST_0.70_00008,LATE
CANONICAL_b4947f027965,TRAIN,VALIDATION,CLUST_0.70_00055,LATE
CANONICAL_b494db160130,VALIDATION,VALIDATION,CLUST_0.70_00036,EARLY
CANONICAL_b4a04c3721ee,TRAIN,TRAIN,CLUST_0.70_00236,LATE
CANONICAL_b4a4b47808b1,TEST,TEST,CLUST_0.70_00030,EARLY
CANONICAL_b4ad9a03618e,VALIDATION,TRAIN,CLUST_0.70_00008,LATE
CANONICAL_b4b0dec46610,TRAIN,TEST,CLUST_0.70_00052,LATE
CANONICAL_b4b32927344f,TRAIN,TEST,CLUST_0.70_00001,LATE
CANONICAL_b4b3f5bd8c30,TRAIN,TEST,CLUST_0.70_00051,LATE
CANONICAL_b4bc983833f6,TRAIN,TRAIN,CLUST_0.70_00008,LATE
CANONICAL_b4bd79ff56a6,TRAIN,VALIDATION,CLUST_0.70_00064,LATE
CANONICAL_b4ceda1bb285,TRAIN,VALIDATION,CLUST_0.70_00006,IMMEDIATE_EARLY
CANONICAL_b4d07339aee9,TRAIN,TRAIN,CLUST_0.70_00005,EARLY
CANONICAL_b4d6c409299a,TRAIN,TEST,CLUST_0.70_00018,LATE
CANONICAL_b4d777e71a72,TEST,VALIDATION,CLUST_0.70_00065,LATE
CANONICAL_b4dea7dc8efc,TRAIN,VALIDATION,CLUST_0.70_00026,IMMEDIATE_EARLY
CANONICAL_b4e7a039621f,TRAIN,TRAIN,CLUST_0.70_00098,LATE
CANONICAL_b4e7cf4a06e0,VALIDATION,TEST,CLUST_0.70_00018,LATE
CANONICAL_b4e9dcb3ee48,TRAIN,VALIDATION,CLUST_0.70_00010,EARLY
CANONICAL_b4e9ec4176f8,TEST,TRAIN,CLUST_0.70_00005,LATE
CANONICAL_b4eac7998e95,TRAIN,VALIDATION,CLUST_0.70_00064,LATE
CANONICAL_b4eb98935560,VALIDATION,VALIDATION,CLUST_0.70_00040,EARLY
CANONICAL_b4ebe9f96dd1,TRAIN,TRAIN,CLUST_0.70_00008,LATE
CANONICAL_b4ef08edfcf9,TRAIN,TRAIN,CLUST_0.70_00005,EARLY
CANONICAL_b4ef21c5ee0a,TRAIN,TEST,CLUST_0.70_00020,LATE
CANONICAL_b4f1a938a378,TRAIN,TRAIN,CLUST_0.70_00008,LATE
CANONICAL_b4f7f4aa3c5d,TEST,TEST,CLUST_0.70_00015,LATE
CANONICAL_b4fe3ddcfd57,TRAIN,TRAIN,CLUST_0.70_00164,LATE
CANONICAL_b504b49b6a34,VALIDATION,TEST,CLUST_0.70_00004,IMMEDIATE_EARLY
CANONICAL_b505dc9ee507,TRAIN,TRAIN,CLUST_0.70_00005,EARLY
CANONICAL_b507d2a0b657,TEST,TEST,CLUST_0.70_00071,LATE
CANONICAL_b511d06caf4b,VALIDATION,TRAIN,CLUST_0.70_00102,LATE
CANONICAL_b5176670f0eb,TEST,TRAIN,CLUST_0.70_00008,LATE
CANONICAL_b5194465ad60,TRAIN,TRAIN,CLUST_0.70_00008,LATE
CANONICAL_b51968a69818,TRAIN,TRAIN,CLUST_0.70_00008,LATE
CANONICAL_b51b647b947c,TRAIN,TRAIN,CLUST_0.70_00005,LATE
CANONICAL_b51d241eaaff,TRAIN,VALIDATION,CLUST_0.70_00127,LATE
CANONICAL_b51da6a5ee29,TRAIN,TRAIN,CLUST_0.70_00241,LATE
CANONICAL_b523d9b479fd,TRAIN,TRAIN,CLUST_0.70_00008,LATE
CANONICAL_b52bbb3126f7,TRAIN,TEST,CLUST_0.70_00071,LATE
CANONICAL_b534c9abadec,TRAIN,TEST,CLUST_0.70_00001,LATE
CANONICAL_b534e377181e,TEST,TRAIN,CLUST_0.70_00124,LATE
CANONICAL_b537e0825130,TRAIN,TRAIN,CLUST_0.70_00160,EARLY
CANONICAL_b54128bcd573,TRAIN,VALIDATION,CLUST_0.70_00040,EARLY
CANONICAL_b5463f07f45d,TEST,TRAIN,CLUST_0.70_00008,LATE
CANONICAL_b546469b95d9,TRAIN,TRAIN,CLUST_0.70_00005,LATE
CANONICAL_b5484d331f6a,VALIDATION,TRAIN,CLUST_0.70_00005,EARLY
CANONICAL_b54ab54eff00,TRAIN,TRAIN,CLUST_0.70_00008,LATE
CANONICAL_b54bcdf16145,TRAIN,TRAIN,CLUST_0.70_00007,LATE
CANONICAL_b54ee1866d03,TRAIN,TRAIN,CLUST_0.70_00416,LATE
CANONICAL_b5551c583199,TRAIN,TRAIN,CLUST_0.70_00083,LATE
CANONICAL_b55711361bce,TRAIN,TRAIN,CLUST_0.70_00008,LATE
CANONICAL_b55814859672,TRAIN,TEST,CLUST_0.70_00030,EARLY
CANONICAL_b5604a75fe0f,TEST,VALIDATION,CLUST_0.70_00025,LATE
CANONICAL_b564df93c9ed,TRAIN,VALIDATION,CLUST_0.70_00006,IMMEDIATE_EARLY
CANONICAL_b56a2d6ed677,VALIDATION,TRAIN,CLUST_0.70_00005,EARLY
CANONICAL_b56b19ad4981,TRAIN,VALIDATION,CLUST_0.70_00064,LATE
CANONICAL_b56efdbc5c44,TEST,TRAIN,CLUST_0.70_00008,LATE
CANONICAL_b56effd7f027,TEST,TEST,CLUST_0.70_00004,IMMEDIATE_EARLY
CANONICAL_b57093cd32fc,TEST,TRAIN,CLUST_0.70_00227,LATE
CANONICAL_b5730a3525e8,TRAIN,TRAIN,CLUST_0.70_00005,EARLY
CANONICAL_b5771cea4459,VALIDATION,TRAIN,CLUST_0.70_00005,LATE
CANONICAL_b579f629fd09,VALIDATION,VALIDATION,CLUST_0.70_00065,LATE
CANONICAL_b57a40de7122,TRAIN,TRAIN,CLUST_0.70_00008,LATE
CANONICAL_b585c0ba752b,TRAIN,VALIDATION,CLUST_0.70_00025,LATE
CANONICAL_b58a2e29dd03,TRAIN,TRAIN,CLUST_0.70_00005,EARLY
CANONICAL_b58e937a7f5c,TRAIN,VALIDATION,CLUST_0.70_00025,LATE
CANONICAL_b58fb7d2ebd6,TRAIN,TRAIN,CLUST_0.70_00008,LATE
CANONICAL_b5997cdd7e60,TRAIN,TRAIN,CLUST_0.70_00222,LATE
CANONICAL_b59c6904af4f,TEST,TRAIN,CLUST_0.70_00005,EARLY
CANONICAL_b59e94e5f32c,TRAIN,TRAIN,CLUST_0.70_00005,LATE
CANONICAL_b5a0d20c6252,TRAIN,VALIDATION,CLUST_0.70_00031,LATE
CANONICAL_b5a10c409cf9,TRAIN,VALIDATION,CLUST_0.70_00065,LATE
CANONICAL_b5a576a27f9f,TRAIN,VALIDATION,CLUST_0.70_00025,LATE
CANONICAL_b5a8c42a23bd,TRAIN,VALIDATION,CLUST_0.70_00029,LATE
CANONICAL_b5b0ca574579,TRAIN,TEST,CLUST_0.70_00015,LATE
CANONICAL_b5b14fda2be8,TRAIN,VALIDATION,CLUST_0.70_00017,LATE
CANONICAL_b5b59e34d665,TEST,TEST,CLUST_0.70_00020,LATE
CANONICAL_b5b6c4d25712,TRAIN,TRAIN,CLUST_0.70_00005,EARLY
CANONICAL_b5b9e3850658,VALIDATION,TRAIN,CLUST_0.70_00008,LATE
CANONICAL_b5ba03059211,TRAIN,TRAIN,CLUST_0.70_00005,LATE
CANONICAL_b5ba09bacdcb,VALIDATION,TEST,CLUST_0.70_00030,EARLY
CANONICAL_b5bc15de9e6b,TRAIN,TRAIN,CLUST_0.70_00024,LATE
CANONICAL_b5be3dbf2377,TRAIN,TRAIN,CLUST_0.70_00139,LATE
CANONICAL_b5befe38872b,TRAIN,TRAIN,CLUST_0.70_00008,LATE
CANONICAL_b5bf9fe0235b,TRAIN,TRAIN,CLUST_0.70_00098,LATE
CANONICAL_b5bfe13cefd6,TRAIN,VALIDATION,CLUST_0.70_00058,LATE
CANONICAL_b5c279fb2eb5,TRAIN,TEST,CLUST_0.70_00001,LATE
CANONICAL_b5c6146b6237,TRAIN,TRAIN,CLUST_0.70_00005,EARLY
CANONICAL_b5c8ef60feda,VALIDATION,VALIDATION,CLUST_0.70_00040,EARLY
CANONICAL_b5cc2cd3be6d,TRAIN,VALIDATION,CLUST_0.70_00041,EARLY
CANONICAL_b5d0efe5859e,TRAIN,TRAIN,CLUST_0.70_00008,LATE
CANONICAL_b5d1436ede78,VALIDATION,TRAIN,CLUST_0.70_00008,LATE
CANONICAL_b5d6844d7a63,VALIDATION,TEST,CLUST_0.70_00052,LATE
CANONICAL_b5d79979638f,TRAIN,TRAIN,CLUST_0.70_00005,EARLY
CANONICAL_b5d930bafbc1,VALIDATION,TEST,CLUST_0.70_00030,EARLY
CANONICAL_b5dbe4a59811,TEST,TRAIN,CLUST_0.70_00005,LATE
CANONICAL_b5df728858e9,TRAIN,VALIDATION,CLUST_0.70_00029,LATE
CANONICAL_b5e00d791ae0,TRAIN,TRAIN,CLUST_0.70_00008,LATE
CANONICAL_b5e32b982d2d,TRAIN,TEST,CLUST_0.70_00020,LATE
CANONICAL_b5e3a4ef9c2f,TRAIN,TEST,CLUST_0.70_00001,LATE
CANONICAL_b5e94183672f,VALIDATION,TRAIN,CLUST_0.70_00005,EARLY
CANONICAL_b5eb851be75b,TRAIN,TRAIN,CLUST_0.70_00007,EARLY
CANONICAL_b5ee0690015c,VALIDATION,TRAIN,CLUST_0.70_00005,EARLY
CANONICAL_b5f9926a0321,VALIDATION,TRAIN,CLUST_0.70_00008,LATE
CANONICAL_b5fea12e730d,TRAIN,VALIDATION,CLUST_0.70_00055,LATE
CANONICAL_b5fefa31578f,TRAIN,TEST,CLUST_0.70_00001,LATE
CANONICAL_b6000005ddc0,TRAIN,TRAIN,CLUST_0.70_00005,EARLY
CANONICAL_b6057831f4ee,TEST,TEST,CLUST_0.70_00080,LATE
CANONICAL_b60633e2e6cb,TEST,VALIDATION,CLUST_0.70_00026,IMMEDIATE_EARLY
CANONICAL_b60eda8edfae,TRAIN,TEST,CLUST_0.70_00001,LATE
CANONICAL_b60edf12b345,VALIDATION,TRAIN,CLUST_0.70_00005,EARLY
CANONICAL_b611da565f79,TEST,TEST,CLUST_0.70_00030,EARLY
CANONICAL_b6127c1c3396,TRAIN,VALIDATION,CLUST_0.70_00127,LATE
CANONICAL_b61f376e858c,TRAIN,VALIDATION,CLUST_0.70_00040,EARLY
CANONICAL_b6325f2ad693,TRAIN,TRAIN,CLUST_0.70_00005,EARLY
CANONICAL_b632ff093c93,TRAIN,TRAIN,CLUST_0.70_00005,LATE
CANONICAL_b634e73541a8,TEST,TRAIN,CLUST_0.70_00005,LATE
CANONICAL_b63c8e95c085,TRAIN,TEST,CLUST_0.70_00015,LATE
CANONICAL_b63d93451c7b,VALIDATION,VALIDATION,CLUST_0.70_00055,LATE
CANONICAL_b63febb92fdf,TRAIN,TEST,CLUST_0.70_00004,IMMEDIATE_EARLY
CANONICAL_b6418fe18be8,TEST,TEST,CLUST_0.70_00004,IMMEDIATE_EARLY
CANONICAL_b644ac703348,TRAIN,TRAIN,CLUST_0.70_00047,LATE
CANONICAL_b648a920425f,TRAIN,TRAIN,CLUST_0.70_00005,LATE
CANONICAL_b649fe08dbc6,TEST,TRAIN,CLUST_0.70_00005,EARLY
CANONICAL_b64a765cd74c,TRAIN,TRAIN,CLUST_0.70_00005,EARLY
CANONICAL_b64c51a0c9a4,TRAIN,VALIDATION,CLUST_0.70_00064,LATE
CANONICAL_b65087a69416,TEST,TEST,CLUST_0.70_00004,IMMEDIATE_EARLY
CANONICAL_b656ebcc606b,VALIDATION,TRAIN,CLUST_0.70_00005,EARLY
CANONICAL_b65e1bfc31ed,TRAIN,VALIDATION,CLUST_0.70_00190,LATE
CANONICAL_b6700f0c44d5,TRAIN,TRAIN,CLUST_0.70_00008,LATE
CANONICAL_b671295d72db,TEST,TEST,CLUST_0.70_00001,LATE
CANONICAL_b67270591aaa,TRAIN,TRAIN,CLUST_0.70_00008,LATE
CANONICAL_b67372d5d041,VALIDATION,TRAIN,CLUST_0.70_00102,LATE
CANONICAL_b6750562f8d0,VALIDATION,TRAIN,CLUST_0.70_00008,LATE
CANONICAL_b67724bb9853,TRAIN,TEST,CLUST_0.70_00052,LATE
CANONICAL_b67f455c4095,TRAIN,TRAIN,CLUST_0.70_00008,LATE
CANONICAL_b681024baf27,TRAIN,TRAIN,CLUST_0.70_00062,LATE
CANONICAL_b681d5731dca,TRAIN,TRAIN,CLUST_0.70_00005,LATE
CANONICAL_b6830b58d3db,TEST,TRAIN,CLUST_0.70_00005,LATE
CANONICAL_b683efcbf297,TRAIN,VALIDATION,CLUST_0.70_00064,LATE
CANONICAL_b68460249672,TRAIN,TRAIN,CLUST_0.70_00005,LATE
CANONICAL_b68bb10f2e94,VALIDATION,TRAIN,CLUST_0.70_00047,LATE
CANONICAL_b6935647e276,VALIDATION,TRAIN,CLUST_0.70_00005,LATE
CANONICAL_b69ff356bf87,TRAIN,TRAIN,CLUST_0.70_00005,LATE
CANONICAL_b6a028c80bb5,TRAIN,TRAIN,CLUST_0.70_00102,LATE
CANONICAL_b6a1b72889c0,VALIDATION,TRAIN,CLUST_0.70_00005,LATE
CANONICAL_b6a1cdb3a138,TRAIN,VALIDATION,CLUST_0.70_00006,IMMEDIATE_EARLY
CANONICAL_b6a606b21376,TRAIN,TEST,CLUST_0.70_00004,IMMEDIATE_EARLY
CANONICAL_b6b02a0314b5,TRAIN,TRAIN,CLUST_0.70_00292,LATE
CANONICAL_b6b403e49066,TRAIN,TEST,CLUST_0.70_00015,LATE
CANONICAL_b6b4c2b3dab7,TRAIN,TRAIN,CLUST_0.70_00005,EARLY
CANONICAL_b6b6f6dfd831,TRAIN,TRAIN,CLUST_0.70_00008,LATE
CANONICAL_b6ba322aa199,TRAIN,TRAIN,CLUST_0.70_00008,LATE
CANONICAL_b6c4138ed7b6,TEST,VALIDATION,CLUST_0.70_00064,LATE
CANONICAL_b6cc1ee1ad09,TEST,TEST,CLUST_0.70_00030,EARLY
CANONICAL_b6d19d221db5,VALIDATION,TEST,CLUST_0.70_00071,LATE
CANONICAL_b6d69f17435e,TEST,TRAIN,CLUST_0.70_00008,LATE
CANONICAL_b6ddb0ee1f20,TEST,TRAIN,CLUST_0.70_00008,LATE
CANONICAL_b6dea0f56c21,VALIDATION,TRAIN,CLUST_0.70_00235,LATE
CANONICAL_b6e20960038c,TRAIN,TEST,CLUST_0.70_00051,LATE
CANONICAL_b6e3cc997a01,TRAIN,TRAIN,CLUST_0.70_00005,EARLY
CANONICAL_b6e980b71413,TRAIN,TRAIN,CLUST_0.70_00008,LATE
CANONICAL_b6ed862a4c19,TRAIN,TRAIN,CLUST_0.70_00008,LATE
CANONICAL_b6ef11635072,TRAIN,TRAIN,CLUST_0.70_00133,LATE
CANONICAL_b6f5bb5e31cd,VALIDATION,TRAIN,CLUST_0.70_00008,LATE
CANONICAL_b6f84a9a7178,VALIDATION,TEST,CLUST_0.70_00018,LATE
CANONICAL_b70720a7ad4b,TEST,TEST,CLUST_0.70_00071,LATE
CANONICAL_b707ff434782,TRAIN,VALIDATION,CLUST_0.70_00059,LATE
CANONICAL_b71201df31b0,TRAIN,VALIDATION,CLUST_0.70_00086,LATE
CANONICAL_b71316e16f4d,TRAIN,TRAIN,CLUST_0.70_00005,LATE
CANONICAL_b7146608ceb4,TRAIN,TEST,CLUST_0.70_00001,LATE
CANONICAL_b71559f9cc19,TRAIN,TRAIN,CLUST_0.70_00047,LATE
CANONICAL_b718b50cc12b,TRAIN,TRAIN,CLUST_0.70_00060,EARLY
CANONICAL_b71920208627,TEST,VALIDATION,CLUST_0.70_00010,EARLY
CANONICAL_b72285e2d98a,TRAIN,TRAIN,CLUST_0.70_00005,EARLY
CANONICAL_b725d933e28b,TRAIN,TRAIN,CLUST_0.70_00005,LATE
CANONICAL_b726cca5bf8e,TRAIN,TRAIN,CLUST_0.70_00008,LATE
CANONICAL_b729fee8b012,TRAIN,TRAIN,CLUST_0.70_00241,LATE
CANONICAL_b72be30551ad,TRAIN,TRAIN,CLUST_0.70_00008,LATE
CANONICAL_b730aa33be4e,TRAIN,TEST,CLUST_0.70_00020,LATE
CANONICAL_b7333e17e10a,TRAIN,VALIDATION,CLUST_0.70_00038,LATE
CANONICAL_b733d8b33f08,TRAIN,TRAIN,CLUST_0.70_00116,LATE
CANONICAL_b73a5d7a2b78,TRAIN,VALIDATION,CLUST_0.70_00169,LATE
CANONICAL_b73f9c6ab0d5,VALIDATION,TRAIN,CLUST_0.70_00007,LATE
CANONICAL_b7429a407b6e,TEST,VALIDATION,CLUST_0.70_00010,LATE
CANONICAL_b74334d031ad,TEST,VALIDATION,CLUST_0.70_00079,LATE
CANONICAL_b74a516a8554,TRAIN,TEST,CLUST_0.70_00030,EARLY
CANONICAL_b74c54302b5c,TEST,TEST,CLUST_0.70_00018,EARLY
CANONICAL_b74edc078254,TRAIN,TRAIN,CLUST_0.70_00005,EARLY
CANONICAL_b751319c7979,TEST,VALIDATION,CLUST_0.70_00026,IMMEDIATE_EARLY
CANONICAL_b754f1b4876b,TEST,VALIDATION,CLUST_0.70_00017,LATE
CANONICAL_b75dbcf79d54,TRAIN,TRAIN,CLUST_0.70_00007,EARLY
CANONICAL_b7646a0af460,TRAIN,TRAIN,CLUST_0.70_00008,LATE
CANONICAL_b765c5145adc,TRAIN,TRAIN,CLUST_0.70_00008,LATE
CANONICAL_b7669686874d,TRAIN,VALIDATION,CLUST_0.70_00010,LATE
CANONICAL_b7692f2ce969,TRAIN,TRAIN,CLUST_0.70_00005,EARLY
CANONICAL_b76a9068e9a3,TEST,TEST,CLUST_0.70_00004,IMMEDIATE_EARLY
CANONICAL_b76ec18f0b42,TRAIN,VALIDATION,CLUST_0.70_00079,LATE
CANONICAL_b76faefafad5,TRAIN,TRAIN,CLUST_0.70_00008,IMMEDIATE_EARLY
CANONICAL_b7702ea0f57c,TRAIN,VALIDATION,CLUST_0.70_00065,LATE
CANONICAL_b774c9811caa,TRAIN,TRAIN,CLUST_0.70_00008,LATE
CANONICAL_b7763daacd72,TRAIN,TRAIN,CLUST_0.70_00117,LATE
CANONICAL_b7772b355738,TRAIN,TRAIN,CLUST_0.70_00008,LATE
CANONICAL_b77bdcf730b6,TRAIN,VALIDATION,CLUST_0.70_00006,IMMEDIATE_EARLY
CANONICAL_b77cb97d3f10,TRAIN,VALIDATION,CLUST_0.70_00106,LATE
CANONICAL_b782a5384037,TRAIN,TRAIN,CLUST_0.70_00005,EARLY
CANONICAL_b78d88e7858f,VALIDATION,TRAIN,CLUST_0.70_00008,LATE
CANONICAL_b78da341b039,TRAIN,TRAIN,CLUST_0.70_00005,LATE
CANONICAL_b7918108496e,TRAIN,TRAIN,CLUST_0.70_00008,LATE
CANONICAL_b795ec2771ef,VALIDATION,VALIDATION,CLUST_0.70_00106,LATE
CANONICAL_b796a6c77559,TEST,TRAIN,CLUST_0.70_00005,EARLY
CANONICAL_b797e61768fd,TRAIN,TRAIN,CLUST_0.70_00005,EARLY
CANONICAL_b797ffad357b,TRAIN,TRAIN,CLUST_0.70_00008,LATE
CANONICAL_b79839bcc7e5,TRAIN,TRAIN,CLUST_0.70_00005,LATE
CANONICAL_b79d2664dce1,TRAIN,TRAIN,CLUST_0.70_00005,LATE
CANONICAL_b7a3edbb88ae,TRAIN,TEST,CLUST_0.70_00004,IMMEDIATE_EARLY
CANONICAL_b7a59b3cbe6d,TEST,VALIDATION,CLUST_0.70_00059,LATE
CANONICAL_b7a6327253e4,TRAIN,TRAIN,CLUST_0.70_00005,EARLY
CANONICAL_b7abb8ba8c55,TRAIN,TRAIN,CLUST_0.70_00008,LATE
CANONICAL_b7ad0900da52,TRAIN,TRAIN,CLUST_0.70_00005,LATE
CANONICAL_b7b20d57277b,TRAIN,TEST,CLUST_0.70_00004,IMMEDIATE_EARLY
CANONICAL_b7b231f70cd9,TRAIN,TEST,CLUST_0.70_00001,LATE
CANONICAL_b7b25bc24ac3,TRAIN,TRAIN,CLUST_0.70_00008,LATE
CANONICAL_b7b5ab6b42a5,TEST,VALIDATION,CLUST_0.70_00059,LATE
CANONICAL_b7b5f9798fa5,TRAIN,VALIDATION,CLUST_0.70_00006,IMMEDIATE_EARLY
CANONICAL_b7befd66d87f,TEST,TEST,CLUST_0.70_00004,IMMEDIATE_EARLY
CANONICAL_b7c21fca3ad2,TRAIN,TRAIN,CLUST_0.70_00005,EARLY
CANONICAL_b7c53845e954,TEST,TEST,CLUST_0.70_00004,IMMEDIATE_EARLY
CANONICAL_b7c7d11a3893,TRAIN,VALIDATION,CLUST_0.70_00025,LATE
CANONICAL_b7d43b5bb2d5,VALIDATION,TRAIN,CLUST_0.70_00005,EARLY
CANONICAL_b7d45d6f2d0d,TRAIN,TRAIN,CLUST_0.70_00005,LATE
CANONICAL_b7e71d091e6b,TRAIN,TRAIN,CLUST_0.70_00005,EARLY
CANONICAL_b7f0e8a04589,TRAIN,TRAIN,CLUST_0.70_00005,EARLY
CANONICAL_b7f1c56b37c0,TEST,TEST,CLUST_0.70_00004,IMMEDIATE_EARLY
CANONICAL_b7f2b354afa0,TRAIN,TEST,CLUST_0.70_00004,IMMEDIATE_EARLY
CANONICAL_b7f39344b8e6,TRAIN,VALIDATION,CLUST_0.70_00079,LATE
CANONICAL_b7f43c486da1,TRAIN,VALIDATION,CLUST_0.70_00038,LATE
CANONICAL_b7f4c0ac1953,TRAIN,TRAIN,CLUST_0.70_00008,LATE
CANONICAL_b7f5454f6be3,TEST,TRAIN,CLUST_0.70_00005,EARLY
CANONICAL_b7f94cd3df37,TRAIN,TRAIN,CLUST_0.70_00007,LATE
CANONICAL_b823857ce1aa,TRAIN,TRAIN,CLUST_0.70_00134,LATE
CANONICAL_b82ed3b9be33,TRAIN,TRAIN,CLUST_0.70_00147,IMMEDIATE_EARLY
CANONICAL_b8308fd9dfca,TRAIN,TRAIN,CLUST_0.70_00005,LATE
CANONICAL_b831adaa8ec2,TRAIN,TEST,CLUST_0.70_00051,LATE
CANONICAL_b833c0c072d0,TRAIN,TRAIN,CLUST_0.70_00247,EARLY
CANONICAL_b835936cbc52,VALIDATION,VALIDATION,CLUST_0.70_00025,LATE
CANONICAL_b844a561520d,TEST,VALIDATION,CLUST_0.70_00026,IMMEDIATE_EARLY
CANONICAL_b8478a2f592c,VALIDATION,TEST,CLUST_0.70_00015,LATE
CANONICAL_b848b4171182,TRAIN,TRAIN,CLUST_0.70_00075,LATE
CANONICAL_b84ccd28dbf7,VALIDATION,TEST,CLUST_0.70_00030,EARLY
CANONICAL_b84d1d266da7,TEST,TRAIN,CLUST_0.70_00056,LATE
CANONICAL_b857b5f71448,TRAIN,VALIDATION,CLUST_0.70_00010,EARLY
CANONICAL_b85af37863e2,TRAIN,TRAIN,CLUST_0.70_00007,LATE
CANONICAL_b85ee8613728,TRAIN,TEST,CLUST_0.70_00018,LATE
CANONICAL_b86083148627,VALIDATION,TEST,CLUST_0.70_00030,EARLY
CANONICAL_b86760fbb839,TRAIN,TRAIN,CLUST_0.70_00005,LATE
CANONICAL_b867de9c3cf9,TEST,TEST,CLUST_0.70_00030,EARLY
CANONICAL_b86a36710e48,TRAIN,TRAIN,CLUST_0.70_00005,EARLY
CANONICAL_b86ce1bc64eb,TRAIN,TRAIN,CLUST_0.70_00056,LATE
CANONICAL_b86e8b2a135c,VALIDATION,TRAIN,CLUST_0.70_00005,EARLY
CANONICAL_b87293534ec5,TEST,TRAIN,CLUST_0.70_00024,LATE
CANONICAL_b8776ae1b078,TRAIN,TEST,CLUST_0.70_00037,LATE
CANONICAL_b881cdf22e4b,TRAIN,VALIDATION,CLUST_0.70_00036,EARLY
CANONICAL_b88300da2aa6,TRAIN,TEST,CLUST_0.70_00004,IMMEDIATE_EARLY
CANONICAL_b88415d3e8ae,TRAIN,TRAIN,CLUST_0.70_00005,LATE
CANONICAL_b888d18f2db8,TRAIN,TRAIN,CLUST_0.70_00005,EARLY
CANONICAL_b888e0266742,TEST,TEST,CLUST_0.70_00004,IMMEDIATE_EARLY
CANONICAL_b88e1b501dbe,VALIDATION,VALIDATION,CLUST_0.70_00006,IMMEDIATE_EARLY
CANONICAL_b8927e106387,TRAIN,TRAIN,CLUST_0.70_00008,LATE
CANONICAL_b894c77e6357,VALIDATION,TRAIN,CLUST_0.70_00005,LATE
CANONICAL_b894caabbf7e,VALIDATION,TRAIN,CLUST_0.70_00008,LATE
CANONICAL_b89675d40026,TRAIN,TEST,CLUST_0.70_00052,LATE
CANONICAL_b898d3d3b070,TRAIN,TEST,CLUST_0.70_00004,IMMEDIATE_EARLY
CANONICAL_b89c7579394f,TRAIN,TRAIN,CLUST_0.70_00005,EARLY
CANONICAL_b8a470bab1b5,TEST,TRAIN,CLUST_0.70_00235,LATE
CANONICAL_b8a677e6a88b,TRAIN,TRAIN,CLUST_0.70_00005,EARLY
CANONICAL_b8a875a423a4,TRAIN,TRAIN,CLUST_0.70_00005,LATE
CANONICAL_b8a9d838a3ed,TEST,TRAIN,CLUST_0.70_00008,LATE
CANONICAL_b8ad418c1012,TEST,TRAIN,CLUST_0.70_00008,LATE
CANONICAL_b8afb7b3986b,TRAIN,TRAIN,CLUST_0.70_00008,LATE
CANONICAL_b8b5cfdc3cc6,TRAIN,TRAIN,CLUST_0.70_00008,LATE
CANONICAL_b8b69fba100f,TRAIN,VALIDATION,CLUST_0.70_00006,IMMEDIATE_EARLY
CANONICAL_b8c6e8c5209d,TRAIN,TRAIN,CLUST_0.70_00005,LATE
CANONICAL_b8c827eba39d,TRAIN,TRAIN,CLUST_0.70_00008,LATE
CANONICAL_b8ca16391107,VALIDATION,TRAIN,CLUST_0.70_00005,EARLY
CANONICAL_b8d19611abba,TRAIN,TRAIN,CLUST_0.70_00008,LATE
CANONICAL_b8dd76d1d85b,TRAIN,TEST,CLUST_0.70_00001,LATE
CANONICAL_b8de1d63ab77,TEST,TRAIN,CLUST_0.70_00208,EARLY
CANONICAL_b8de4708ea84,TRAIN,TRAIN,CLUST_0.70_00005,EARLY
CANONICAL_b8e39534625a,TEST,VALIDATION,CLUST_0.70_00039,LATE
CANONICAL_b8ea7a6c3f47,TEST,TRAIN,CLUST_0.70_00007,LATE
CANONICAL_b8eb94febbdd,TRAIN,TRAIN,CLUST_0.70_00007,IMMEDIATE_EARLY
CANONICAL_b8ed2989da9b,TRAIN,VALIDATION,CLUST_0.70_00006,IMMEDIATE_EARLY
CANONICAL_b8f000438bee,TRAIN,TRAIN,CLUST_0.70_00005,EARLY
CANONICAL_b8f036a9e84f,TEST,TRAIN,CLUST_0.70_00005,LATE
CANONICAL_b8fdb0394ea5,VALIDATION,VALIDATION,CLUST_0.70_00026,IMMEDIATE_EARLY
CANONICAL_b8ff77d2083a,TEST,VALIDATION,CLUST_0.70_00006,IMMEDIATE_EARLY
CANONICAL_b9002418bdea,TRAIN,VALIDATION,CLUST_0.70_00086,LATE
CANONICAL_b902a204d8e9,TEST,TRAIN,CLUST_0.70_00112,LATE
CANONICAL_b9039781c982,TRAIN,TRAIN,CLUST_0.70_00005,LATE
CANONICAL_b90d5f920798,VALIDATION,TEST,CLUST_0.70_00080,LATE
CANONICAL_b911945fee2d,TRAIN,TRAIN,CLUST_0.70_00005,EARLY
CANONICAL_b9138976c971,VALIDATION,TRAIN,CLUST_0.70_00005,LATE
CANONICAL_b91464765d63,TRAIN,TEST,CLUST_0.70_00020,LATE
CANONICAL_b91589121079,VALIDATION,TRAIN,CLUST_0.70_00005,LATE
CANONICAL_b917387ce922,TRAIN,VALIDATION,CLUST_0.70_00064,LATE
CANONICAL_b9191e611469,VALIDATION,TEST,CLUST_0.70_00018,LATE
CANONICAL_b91ab2d5821d,TRAIN,TRAIN,CLUST_0.70_00005,LATE
CANONICAL_b91acbad02cc,TRAIN,TEST,CLUST_0.70_00001,LATE
CANONICAL_b91fc4853af5,TRAIN,VALIDATION,CLUST_0.70_00016,EARLY
CANONICAL_b91fe6085905,TEST,TRAIN,CLUST_0.70_00005,EARLY
CANONICAL_b9203198bb4a,TRAIN,TRAIN,CLUST_0.70_00005,EARLY
CANONICAL_b92087068d50,VALIDATION,TEST,CLUST_0.70_00020,LATE
CANONICAL_b920abe2a78b,VALIDATION,TRAIN,CLUST_0.70_00235,LATE
CANONICAL_b92136c0a6b1,TEST,TRAIN,CLUST_0.70_00005,LATE
CANONICAL_b925642a82c7,TRAIN,TRAIN,CLUST_0.70_00005,LATE
CANONICAL_b925deea1bb2,TRAIN,TRAIN,CLUST_0.70_00014,IMMEDIATE_EARLY
CANONICAL_b92b589bd2e8,VALIDATION,TRAIN,CLUST_0.70_00109,LATE
CANONICAL_b9313f62f14b,TRAIN,TRAIN,CLUST_0.70_00005,LATE
CANONICAL_b93933465d10,TEST,TRAIN,CLUST_0.70_00147,IMMEDIATE_EARLY
CANONICAL_b944bdfb9845,VALIDATION,TRAIN,CLUST_0.70_00088,EARLY
CANONICAL_b945a2acb81e,VALIDATION,TRAIN,CLUST_0.70_00005,EARLY
CANONICAL_b94a091fbf94,TEST,VALIDATION,CLUST_0.70_00025,LATE
CANONICAL_b95287c9b784,TRAIN,VALIDATION,CLUST_0.70_00031,LATE
CANONICAL_b953b7d3ff5b,TRAIN,TEST,CLUST_0.70_00018,LATE
CANONICAL_b956f1acf28f,TEST,VALIDATION,CLUST_0.70_00026,IMMEDIATE_EARLY
CANONICAL_b957e58e05bc,TRAIN,TRAIN,CLUST_0.70_00005,EARLY
CANONICAL_b95a750ed137,TRAIN,TEST,CLUST_0.70_00052,LATE
CANONICAL_b95dd8698c3c,TRAIN,TRAIN,CLUST_0.70_00008,IMMEDIATE_EARLY
CANONICAL_b95f674ffe73,TRAIN,VALIDATION,CLUST_0.70_00029,LATE
CANONICAL_b960a47c72ca,TRAIN,TRAIN,CLUST_0.70_00092,LATE
CANONICAL_b9611b4834a6,TRAIN,TRAIN,CLUST_0.70_00005,EARLY
CANONICAL_b964c9d1e9ce,TRAIN,TRAIN,CLUST_0.70_00008,LATE
CANONICAL_b9666acbd319,TEST,TRAIN,CLUST_0.70_00008,LATE
CANONICAL_b967d4372fd7,TRAIN,TEST,CLUST_0.70_00020,LATE
CANONICAL_b968cfb29008,TEST,TRAIN,CLUST_0.70_00043,EARLY
CANONICAL_b96e4d895c00,VALIDATION,TRAIN,CLUST_0.70_00008,LATE
CANONICAL_b9742062224f,TRAIN,VALIDATION,CLUST_0.70_00010,LATE
CANONICAL_b97a30686aee,TRAIN,VALIDATION,CLUST_0.70_00086,LATE
CANONICAL_b9822948162c,TRAIN,VALIDATION,CLUST_0.70_00065,LATE
CANONICAL_b9856d9b1179,TRAIN,TRAIN,CLUST_0.70_00007,LATE
CANONICAL_b98624730307,TEST,VALIDATION,CLUST_0.70_00086,LATE
CANONICAL_b98744b4d9d1,TRAIN,TRAIN,CLUST_0.70_00005,LATE
CANONICAL_b98bfcf09965,TRAIN,VALIDATION,CLUST_0.70_00127,LATE
CANONICAL_b98e483cbc60,TRAIN,TRAIN,CLUST_0.70_00021,EARLY
CANONICAL_b99177aeac0e,TEST,VALIDATION,CLUST_0.70_00055,LATE
CANONICAL_b991a5cfb5f6,TRAIN,VALIDATION,CLUST_0.70_00058,LATE
CANONICAL_b9938114395c,TRAIN,TRAIN,CLUST_0.70_00008,LATE
CANONICAL_b9a01f235c4e,TRAIN,TRAIN,CLUST_0.70_00008,LATE
CANONICAL_b9a8c931689e,TRAIN,TEST,CLUST_0.70_00018,LATE
CANONICAL_b9aacd5bebaf,TRAIN,TRAIN,CLUST_0.70_00005,EARLY
CANONICAL_b9ac40540c57,TRAIN,TRAIN,CLUST_0.70_00008,LATE
CANONICAL_b9acc05af075,TRAIN,TRAIN,CLUST_0.70_00005,EARLY
CANONICAL_b9b284cdb556,TRAIN,TRAIN,CLUST_0.70_00005,EARLY
CANONICAL_b9b7bc0e95f1,TRAIN,TRAIN,CLUST_0.70_00005,EARLY
CANONICAL_b9bc2dcecd37,VALIDATION,TEST,CLUST_0.70_00018,EARLY
CANONICAL_b9c0a14ff695,TRAIN,VALIDATION,CLUST_0.70_00059,LATE
CANONICAL_b9c0bda9a98c,TRAIN,VALIDATION,CLUST_0.70_00006,IMMEDIATE_EARLY
CANONICAL_b9c429e135ac,TRAIN,TRAIN,CLUST_0.70_00005,EARLY
CANONICAL_b9c5cc8d53ef,TRAIN,TEST,CLUST_0.70_00030,EARLY
CANONICAL_b9c65fc411c6,TRAIN,TRAIN,CLUST_0.70_00007,LATE
CANONICAL_b9c7930fc1aa,TEST,TRAIN,CLUST_0.70_00008,LATE
CANONICAL_b9c8d4ff8268,TEST,TRAIN,CLUST_0.70_00007,LATE
CANONICAL_b9c9663f49a7,TRAIN,TRAIN,CLUST_0.70_00230,LATE
CANONICAL_b9d641b43810,TRAIN,TRAIN,CLUST_0.70_00005,LATE
CANONICAL_b9d68c77b88e,TRAIN,VALIDATION,CLUST_0.70_00026,IMMEDIATE_EARLY
CANONICAL_b9deed8238b4,TRAIN,TRAIN,CLUST_0.70_00007,LATE
CANONICAL_b9e1d4379cc5,TEST,TEST,CLUST_0.70_00030,EARLY
CANONICAL_b9e23066a14c,VALIDATION,TRAIN,CLUST_0.70_00005,EARLY
CANONICAL_b9e2d7af5868,TEST,TRAIN,CLUST_0.70_00005,EARLY
CANONICAL_b9e5479b2f1b,TRAIN,TRAIN,CLUST_0.70_00005,EARLY
CANONICAL_b9e93d4bcbf6,TRAIN,TEST,CLUST_0.70_00030,EARLY
CANONICAL_b9ea81f8262f,TRAIN,TRAIN,CLUST_0.70_00068,LATE
CANONICAL_b9eabffb39ed,VALIDATION,TRAIN,CLUST_0.70_00056,LATE
CANONICAL_b9f6e11a61d1,TRAIN,TEST,CLUST_0.70_00071,LATE
CANONICAL_b9f7ac885c76,TRAIN,TRAIN,CLUST_0.70_00062,LATE
CANONICAL_b9fabb5dbcd4,TRAIN,TRAIN,CLUST_0.70_00008,LATE
CANONICAL_ba026edc31c7,TRAIN,TRAIN,CLUST_0.70_00005,EARLY
CANONICAL_ba034b6bd472,TRAIN,TRAIN,CLUST_0.70_00008,LATE
CANONICAL_ba05cbc24e73,TRAIN,TRAIN,CLUST_0.70_00230,LATE
CANONICAL_ba0baa872d46,TEST,TRAIN,CLUST_0.70_00007,LATE
CANONICAL_ba1fb7609704,TRAIN,TRAIN,CLUST_0.70_00236,IMMEDIATE_EARLY
CANONICAL_ba20fde7003f,TRAIN,TEST,CLUST_0.70_00004,IMMEDIATE_EARLY
CANONICAL_ba2323ba94c4,TRAIN,TRAIN,CLUST_0.70_00007,LATE
CANONICAL_ba2768415296,TRAIN,VALIDATION,CLUST_0.70_00031,LATE
CANONICAL_ba292f1e1187,TRAIN,VALIDATION,CLUST_0.70_00017,LATE
CANONICAL_ba304118c39e,TRAIN,TEST,CLUST_0.70_00030,EARLY
CANONICAL_ba3088e0a0ab,TRAIN,VALIDATION,CLUST_0.70_00010,LATE
CANONICAL_ba321f582fec,TRAIN,TEST,CLUST_0.70_00004,IMMEDIATE_EARLY
CANONICAL_ba34cd97c39c,VALIDATION,TRAIN,CLUST_0.70_00005,EARLY
CANONICAL_ba36818b0f30,VALIDATION,VALIDATION,CLUST_0.70_00059,LATE
CANONICAL_ba38466fb224,TRAIN,VALIDATION,CLUST_0.70_00058,LATE
CANONICAL_ba38a520079a,TRAIN,VALIDATION,CLUST_0.70_00006,IMMEDIATE_EARLY
CANONICAL_ba3ea5f1cccb,VALIDATION,TRAIN,CLUST_0.70_00005,EARLY
CANONICAL_ba411edf7a2d,VALIDATION,TEST,CLUST_0.70_00020,LATE
CANONICAL_ba459a46d676,TRAIN,TEST,CLUST_0.70_00018,LATE
CANONICAL_ba4a05388fc7,TRAIN,TRAIN,CLUST_0.70_00236,IMMEDIATE_EARLY
CANONICAL_ba4f2c2e9bcc,TRAIN,TRAIN,CLUST_0.70_00007,LATE
CANONICAL_ba51fbfd783f,TRAIN,VALIDATION,CLUST_0.70_00010,EARLY
CANONICAL_ba57d78d6027,TRAIN,TRAIN,CLUST_0.70_00008,LATE
CANONICAL_ba59b070d2a1,TRAIN,TEST,CLUST_0.70_00080,LATE
CANONICAL_ba5b7c228d47,TRAIN,TRAIN,CLUST_0.70_00021,EARLY
CANONICAL_ba5c8c487a6c,TRAIN,TRAIN,CLUST_0.70_00005,EARLY
CANONICAL_ba5cf6bbdc5e,TRAIN,TRAIN,CLUST_0.70_00005,EARLY
CANONICAL_ba5fd2518d1f,TRAIN,TRAIN,CLUST_0.70_00008,LATE
CANONICAL_ba6314088a6b,TRAIN,VALIDATION,CLUST_0.70_00127,LATE
CANONICAL_ba6a19eed276,VALIDATION,TRAIN,CLUST_0.70_00097,LATE
CANONICAL_ba6b17c1c202,TEST,TRAIN,CLUST_0.70_00222,LATE
CANONICAL_ba6ebc79f09a,TRAIN,TRAIN,CLUST_0.70_00005,EARLY
CANONICAL_ba6f7bb61ba1,TRAIN,TEST,CLUST_0.70_00001,LATE
CANONICAL_ba707588f936,TRAIN,TEST,CLUST_0.70_00030,EARLY
CANONICAL_ba748833136e,TRAIN,VALIDATION,CLUST_0.70_00055,LATE
CANONICAL_ba783d79da3c,TRAIN,TRAIN,CLUST_0.70_00005,EARLY
CANONICAL_ba7b75a0c4a3,TRAIN,TRAIN,CLUST_0.70_00033,IMMEDIATE_EARLY
CANONICAL_ba84aec67d3a,TRAIN,TRAIN,CLUST_0.70_00007,LATE
CANONICAL_ba885a3c9a93,TEST,TRAIN,CLUST_0.70_00005,EARLY
CANONICAL_ba906976f878,TRAIN,TRAIN,CLUST_0.70_00008,LATE
CANONICAL_baa2049f82dd,TEST,VALIDATION,CLUST_0.70_00041,EARLY
CANONICAL_baa36c758c02,TRAIN,TEST,CLUST_0.70_00052,LATE
CANONICAL_baa897fe5cc8,TRAIN,VALIDATION,CLUST_0.70_00006,IMMEDIATE_EARLY
CANONICAL_baa9c62e5398,TRAIN,VALIDATION,CLUST_0.70_00079,LATE
CANONICAL_baac462f3873,TRAIN,TRAIN,CLUST_0.70_00085,LATE
CANONICAL_bab261d8560b,TRAIN,VALIDATION,CLUST_0.70_00059,LATE
CANONICAL_bab3e672e637,TEST,TRAIN,CLUST_0.70_00005,EARLY
CANONICAL_bab63de6cc7c,TRAIN,VALIDATION,CLUST_0.70_00041,EARLY
CANONICAL_babc03efd179,TRAIN,TEST,CLUST_0.70_00037,LATE
CANONICAL_babcebebeb5c,VALIDATION,TRAIN,CLUST_0.70_00136,LATE
CANONICAL_babe8a7afa37,TEST,TRAIN,CLUST_0.70_00005,LATE
CANONICAL_bac149dab0bd,TRAIN,TRAIN,CLUST_0.70_00008,LATE
CANONICAL_bac210948da4,TRAIN,TRAIN,CLUST_0.70_00005,EARLY
CANONICAL_bac35295c2fa,TRAIN,TRAIN,CLUST_0.70_00008,LATE
CANONICAL_baccf35e3753,TRAIN,TRAIN,CLUST_0.70_00008,LATE
CANONICAL_bad2d77e633a,TRAIN,TRAIN,CLUST_0.70_00007,LATE
CANONICAL_bad5eee15f65,VALIDATION,TRAIN,CLUST_0.70_00007,LATE
CANONICAL_bad623060a61,VALIDATION,TEST,CLUST_0.70_00030,EARLY
CANONICAL_bad853f2b2d7,TRAIN,VALIDATION,CLUST_0.70_00041,EARLY
CANONICAL_bada2baf90ce,VALIDATION,TRAIN,CLUST_0.70_00005,LATE
CANONICAL_bae7c99370bb,TRAIN,VALIDATION,CLUST_0.70_00064,LATE
CANONICAL_baf83be06bc5,TRAIN,TRAIN,CLUST_0.70_00056,LATE
CANONICAL_bafdb1682f3a,TEST,TRAIN,CLUST_0.70_00005,LATE
CANONICAL_baffab014d54,TRAIN,TRAIN,CLUST_0.70_00005,LATE
CANONICAL_bb015b613d5f,VALIDATION,TEST,CLUST_0.70_00030,EARLY
CANONICAL_bb030f16fbd5,TEST,TRAIN,CLUST_0.70_00007,LATE
CANONICAL_bb03746de9b0,TRAIN,TRAIN,CLUST_0.70_00005,LATE
CANONICAL_bb04f0d42760,VALIDATION,TRAIN,CLUST_0.70_00090,LATE
CANONICAL_bb0d8ab0b17c,VALIDATION,TRAIN,CLUST_0.70_00008,LATE
CANONICAL_bb0e8053ee21,TEST,TRAIN,CLUST_0.70_00388,EARLY
CANONICAL_bb1256f8136b,TRAIN,TRAIN,CLUST_0.70_00231,IMMEDIATE_EARLY
CANONICAL_bb12dac8b75e,TRAIN,VALIDATION,CLUST_0.70_00065,LATE
CANONICAL_bb1769675556,TRAIN,TEST,CLUST_0.70_00030,EARLY
CANONICAL_bb18de9870f8,TRAIN,TRAIN,CLUST_0.70_00090,LATE
CANONICAL_bb202bf99608,TRAIN,TEST,CLUST_0.70_00018,LATE
CANONICAL_bb21c5e69523,TRAIN,TRAIN,CLUST_0.70_00005,EARLY
CANONICAL_bb2c10609978,TRAIN,TRAIN,CLUST_0.70_00005,LATE
CANONICAL_bb2c83f15d29,TEST,TEST,CLUST_0.70_00001,LATE
CANONICAL_bb2e238d6753,TRAIN,TEST,CLUST_0.70_00030,EARLY
CANONICAL_bb3945b9c952,TRAIN,TRAIN,CLUST_0.70_00109,LATE
CANONICAL_bb3a70091771,TRAIN,VALIDATION,CLUST_0.70_00029,LATE
CANONICAL_bb3edcf9fc63,TRAIN,TRAIN,CLUST_0.70_00370,EARLY
CANONICAL_bb4112ac983b,TEST,TRAIN,CLUST_0.70_00005,LATE
CANONICAL_bb46e9d8b48a,TRAIN,TRAIN,CLUST_0.70_00005,LATE
CANONICAL_bb49a99c6808,TRAIN,TRAIN,CLUST_0.70_00005,LATE
CANONICAL_bb5d09954786,TRAIN,TRAIN,CLUST_0.70_00005,EARLY
CANONICAL_bb5d7a1c2637,TRAIN,VALIDATION,CLUST_0.70_00058,LATE
CANONICAL_bb6548324b11,TRAIN,TRAIN,CLUST_0.70_00338,LATE
CANONICAL_bb65e373db83,VALIDATION,VALIDATION,CLUST_0.70_00064,LATE
CANONICAL_bb70d7158c72,VALIDATION,VALIDATION,CLUST_0.70_00038,LATE
CANONICAL_bb788f3058f4,TEST,TEST,CLUST_0.70_00004,IMMEDIATE_EARLY
CANONICAL_bb7fe16baee1,TRAIN,VALIDATION,CLUST_0.70_00041,EARLY
CANONICAL_bb82db46f910,TRAIN,VALIDATION,CLUST_0.70_00064,LATE
CANONICAL_bb8423f82c18,TRAIN,TRAIN,CLUST_0.70_00005,LATE
CANONICAL_bb862f38f04d,TRAIN,VALIDATION,CLUST_0.70_00041,EARLY
CANONICAL_bb8635cb0a1d,TRAIN,TRAIN,CLUST_0.70_00005,EARLY
CANONICAL_bb9045f8f183,TRAIN,TRAIN,CLUST_0.70_00241,LATE
CANONICAL_bb92f19117c5,TRAIN,TEST,CLUST_0.70_00051,LATE
CANONICAL_bb9b41a8daf3,TRAIN,TRAIN,CLUST_0.70_00005,EARLY
CANONICAL_bb9c07ae1b1f,TRAIN,TEST,CLUST_0.70_00080,LATE
CANONICAL_bb9d9a248dc3,VALIDATION,TRAIN,CLUST_0.70_00005,LATE
CANONICAL_bba31742eb8a,TRAIN,TEST,CLUST_0.70_00052,LATE
CANONICAL_bbabb6878231,TRAIN,TEST,CLUST_0.70_00052,LATE
CANONICAL_bbb87e628e51,VALIDATION,TRAIN,CLUST_0.70_00287,EARLY
CANONICAL_bbb956fb8920,TRAIN,VALIDATION,CLUST_0.70_00006,IMMEDIATE_EARLY
CANONICAL_bbbafa2f9c51,VALIDATION,TRAIN,CLUST_0.70_00008,LATE
CANONICAL_bbc2d7a4a022,VALIDATION,TEST,CLUST_0.70_00015,LATE
CANONICAL_bbccccc99544,VALIDATION,TRAIN,CLUST_0.70_00008,LATE
CANONICAL_bbd1bd6b1c58,VALIDATION,TRAIN,CLUST_0.70_00005,LATE
CANONICAL_bbd429f8cfe3,VALIDATION,TRAIN,CLUST_0.70_00008,LATE
CANONICAL_bbd49cdf5f69,TEST,TRAIN,CLUST_0.70_00005,LATE
CANONICAL_bbd847cb319d,TRAIN,TRAIN,CLUST_0.70_00005,LATE
CANONICAL_bbdabf3fc4cc,TRAIN,TRAIN,CLUST_0.70_00005,LATE
CANONICAL_bbe0d4a0b229,TRAIN,TEST,CLUST_0.70_00020,LATE
CANONICAL_bbe5d9fd1dcd,TRAIN,TRAIN,CLUST_0.70_00005,LATE
CANONICAL_bbea25ffac91,TRAIN,TRAIN,CLUST_0.70_00005,LATE
CANONICAL_bbec465ef0c1,TEST,TEST,CLUST_0.70_00004,IMMEDIATE_EARLY
CANONICAL_bbed8dc68e9c,TRAIN,TEST,CLUST_0.70_00030,EARLY
CANONICAL_bbefd24f1798,TEST,TRAIN,CLUST_0.70_00007,LATE
CANONICAL_bbfce5c30d69,VALIDATION,TRAIN,CLUST_0.70_00005,EARLY
CANONICAL_bbff156d2ad6,TRAIN,TEST,CLUST_0.70_00030,EARLY
CANONICAL_bbffdfd86fd0,TEST,TRAIN,CLUST_0.70_00005,LATE
CANONICAL_bc11949634ed,TRAIN,TRAIN,CLUST_0.70_00008,LATE
CANONICAL_bc16f2fe558a,TRAIN,TRAIN,CLUST_0.70_00005,EARLY
CANONICAL_bc1712396608,TEST,TRAIN,CLUST_0.70_00005,LATE
CANONICAL_bc181572b964,TRAIN,TRAIN,CLUST_0.70_00007,LATE
CANONICAL_bc25b32bbc6c,TRAIN,TRAIN,CLUST_0.70_00005,EARLY
CANONICAL_bc27997b6dc5,TRAIN,TRAIN,CLUST_0.70_00005,LATE
CANONICAL_bc2b3ea66ca4,TRAIN,VALIDATION,CLUST_0.70_00025,LATE
CANONICAL_bc2e5b318742,TRAIN,TRAIN,CLUST_0.70_00008,LATE
CANONICAL_bc2edbf4760f,TEST,TRAIN,CLUST_0.70_00005,EARLY
CANONICAL_bc33c150d255,TRAIN,TEST,CLUST_0.70_00030,EARLY
CANONICAL_bc3591577821,VALIDATION,TEST,CLUST_0.70_00004,IMMEDIATE_EARLY
CANONICAL_bc3a084cc499,VALIDATION,TRAIN,CLUST_0.70_00005,LATE
CANONICAL_bc497a582754,TRAIN,TRAIN,CLUST_0.70_00005,EARLY
CANONICAL_bc4a70fa5974,VALIDATION,TEST,CLUST_0.70_00018,LATE
CANONICAL_bc4d45954533,TRAIN,TRAIN,CLUST_0.70_00005,LATE
CANONICAL_bc4df0b06fa8,TEST,TRAIN,CLUST_0.70_00005,EARLY
CANONICAL_bc583bcaac85,TEST,VALIDATION,CLUST_0.70_00086,LATE
CANONICAL_bc5c8fda1201,TRAIN,TEST,CLUST_0.70_00015,LATE
CANONICAL_bc5db42e4cd5,TRAIN,VALIDATION,CLUST_0.70_00059,LATE
CANONICAL_bc5ed0a8188b,TRAIN,TRAIN,CLUST_0.70_00162,LATE
CANONICAL_bc6a492fc8f3,VALIDATION,TRAIN,CLUST_0.70_00005,EARLY
CANONICAL_bc700504e563,TRAIN,VALIDATION,CLUST_0.70_00041,EARLY
CANONICAL_bc702ecdcdaf,TEST,TRAIN,CLUST_0.70_00005,EARLY
CANONICAL_bc704a1e48a2,TEST,TEST,CLUST_0.70_00004,IMMEDIATE_EARLY
CANONICAL_bc778584bb0e,VALIDATION,TRAIN,CLUST_0.70_00005,EARLY
CANONICAL_bc7b782b8b8f,TRAIN,TEST,CLUST_0.70_00030,EARLY
CANONICAL_bc7c21ce7cc4,TEST,TEST,CLUST_0.70_00051,LATE
CANONICAL_bc7f12b1a645,TRAIN,TEST,CLUST_0.70_00030,EARLY
CANONICAL_bc8235000b05,TEST,VALIDATION,CLUST_0.70_00040,EARLY
CANONICAL_bc86bc29d03e,TRAIN,TRAIN,CLUST_0.70_00005,EARLY
CANONICAL_bc86efd25af2,TRAIN,TEST,CLUST_0.70_00018,EARLY
CANONICAL_bc8e1c6ddc46,TRAIN,TRAIN,CLUST_0.70_00008,LATE
CANONICAL_bc901ceaf73b,TEST,VALIDATION,CLUST_0.70_00025,LATE
CANONICAL_bc90c0a58dfd,VALIDATION,VALIDATION,CLUST_0.70_00026,IMMEDIATE_EARLY
CANONICAL_bc911393b826,TRAIN,TEST,CLUST_0.70_00030,EARLY
CANONICAL_bc9a250f11d7,TRAIN,VALIDATION,CLUST_0.70_00026,IMMEDIATE_EARLY
CANONICAL_bc9a5173814f,TRAIN,TRAIN,CLUST_0.70_00005,EARLY
CANONICAL_bc9c427378d6,TRAIN,TRAIN,CLUST_0.70_00005,EARLY
CANONICAL_bca032b4d38d,TRAIN,TEST,CLUST_0.70_00018,LATE
CANONICAL_bca9a0c6cca0,TRAIN,TEST,CLUST_0.70_00004,IMMEDIATE_EARLY
CANONICAL_bcae0f501a6a,TRAIN,TRAIN,CLUST_0.70_00005,EARLY
CANONICAL_bcb291c535ea,TRAIN,TRAIN,CLUST_0.70_00005,EARLY
CANONICAL_bcb56006f419,TRAIN,VALIDATION,CLUST_0.70_00006,IMMEDIATE_EARLY
CANONICAL_bcb6e11f0e36,VALIDATION,VALIDATION,CLUST_0.70_00010,EARLY
CANONICAL_bcb974df968b,VALIDATION,TRAIN,CLUST_0.70_00005,EARLY
CANONICAL_bcba69ab855f,TRAIN,TRAIN,CLUST_0.70_00005,LATE
CANONICAL_bcbc87f9f336,TRAIN,TRAIN,CLUST_0.70_00007,LATE
CANONICAL_bcc2e6c9c149,TEST,TRAIN,CLUST_0.70_00008,LATE
CANONICAL_bcc73896cdc8,TRAIN,TRAIN,CLUST_0.70_00005,LATE
CANONICAL_bccc14503905,TRAIN,TRAIN,CLUST_0.70_00056,LATE
CANONICAL_bcd301c65ac2,TEST,TRAIN,CLUST_0.70_00008,LATE
CANONICAL_bcd35868f817,TEST,TEST,CLUST_0.70_00001,LATE
CANONICAL_bcd9aca06d01,TEST,TRAIN,CLUST_0.70_00007,LATE
CANONICAL_bcdb225afe54,TRAIN,TRAIN,CLUST_0.70_00008,LATE
CANONICAL_bcdcc44dcd77,VALIDATION,TRAIN,CLUST_0.70_00005,EARLY
CANONICAL_bce082505b73,TRAIN,TRAIN,CLUST_0.70_00005,LATE
CANONICAL_bce51ef98024,TRAIN,VALIDATION,CLUST_0.70_00010,EARLY
CANONICAL_bcedecbf7a63,TRAIN,TRAIN,CLUST_0.70_00005,EARLY
CANONICAL_bcefd329b1dc,TRAIN,TRAIN,CLUST_0.70_00005,EARLY
CANONICAL_bcf128fdff9b,TRAIN,VALIDATION,CLUST_0.70_00006,IMMEDIATE_EARLY
CANONICAL_bcf152dc3dc3,TRAIN,TRAIN,CLUST_0.70_00007,LATE
CANONICAL_bcf1b73f8fde,TEST,TEST,CLUST_0.70_00052,LATE
CANONICAL_bcf678637877,TRAIN,TRAIN,CLUST_0.70_00398,LATE
CANONICAL_bcf6a30247ed,VALIDATION,VALIDATION,CLUST_0.70_00026,IMMEDIATE_EARLY
CANONICAL_bd08f6ce6e05,TRAIN,TRAIN,CLUST_0.70_00005,EARLY
CANONICAL_bd096c50f173,VALIDATION,TEST,CLUST_0.70_00001,LATE
CANONICAL_bd0b99dc827b,TRAIN,TRAIN,CLUST_0.70_00008,LATE
CANONICAL_bd0dcaa6ee54,TRAIN,VALIDATION,CLUST_0.70_00086,LATE
CANONICAL_bd0f6601fca6,TRAIN,VALIDATION,CLUST_0.70_00026,IMMEDIATE_EARLY
CANONICAL_bd118fba03c7,TRAIN,VALIDATION,CLUST_0.70_00026,IMMEDIATE_EARLY
CANONICAL_bd170e5e3808,TRAIN,TEST,CLUST_0.70_00080,LATE
CANONICAL_bd22627cda11,TRAIN,VALIDATION,CLUST_0.70_00059,LATE
CANONICAL_bd2bd65e9d82,VALIDATION,TRAIN,CLUST_0.70_00134,LATE
CANONICAL_bd2d12c4d50a,TRAIN,TRAIN,CLUST_0.70_00007,EARLY
CANONICAL_bd309c1001e2,VALIDATION,TRAIN,CLUST_0.70_00008,IMMEDIATE_EARLY
CANONICAL_bd312c42692e,TEST,TRAIN,CLUST_0.70_00008,LATE
CANONICAL_bd33ed1d63f9,TRAIN,TRAIN,CLUST_0.70_00105,LATE
CANONICAL_bd3db64d4053,TRAIN,TEST,CLUST_0.70_00001,LATE
CANONICAL_bd3dd15d674b,TRAIN,TEST,CLUST_0.70_00020,LATE
CANONICAL_bd413717d69e,TRAIN,TRAIN,CLUST_0.70_00197,IMMEDIATE_EARLY
CANONICAL_bd4e82deffa3,TRAIN,TEST,CLUST_0.70_00030,EARLY
CANONICAL_bd5016541ec1,VALIDATION,VALIDATION,CLUST_0.70_00029,LATE
CANONICAL_bd52b22c70c4,TRAIN,TRAIN,CLUST_0.70_00005,EARLY
CANONICAL_bd54db84e7f3,TRAIN,TRAIN,CLUST_0.70_00114,EARLY
CANONICAL_bd56ea52eb39,VALIDATION,TRAIN,CLUST_0.70_00008,IMMEDIATE_EARLY
CANONICAL_bd584e493826,TRAIN,TRAIN,CLUST_0.70_00008,LATE
CANONICAL_bd5ef269a69d,TRAIN,TRAIN,CLUST_0.70_00005,LATE
CANONICAL_bd6365d500a1,TRAIN,TRAIN,CLUST_0.70_00008,LATE
CANONICAL_bd64a1d22582,TRAIN,VALIDATION,CLUST_0.70_00038,LATE
CANONICAL_bd6548d486a5,TRAIN,VALIDATION,CLUST_0.70_00058,LATE
CANONICAL_bd6984e2c277,TRAIN,TRAIN,CLUST_0.70_00191,EARLY
CANONICAL_bd6d5c3cd028,TRAIN,TRAIN,CLUST_0.70_00008,LATE
CANONICAL_bd6d82bcc663,TEST,VALIDATION,CLUST_0.70_00036,EARLY
CANONICAL_bd716f77adda,TRAIN,TEST,CLUST_0.70_00030,EARLY
CANONICAL_bd71d6bcdc42,TRAIN,VALIDATION,CLUST_0.70_00031,LATE
CANONICAL_bd74662b79b8,VALIDATION,TEST,CLUST_0.70_00030,EARLY
CANONICAL_bd7c734efa21,TRAIN,TRAIN,CLUST_0.70_00005,EARLY
CANONICAL_bd858d943c67,TRAIN,TRAIN,CLUST_0.70_00007,LATE
CANONICAL_bd86b351800b,TRAIN,TRAIN,CLUST_0.70_00005,EARLY
CANONICAL_bd87f710ca0e,TRAIN,TRAIN,CLUST_0.70_00005,EARLY
CANONICAL_bd88e6486e37,TRAIN,TEST,CLUST_0.70_00001,LATE
CANONICAL_bdab1500399c,TRAIN,TRAIN,CLUST_0.70_00090,LATE
CANONICAL_bdb472912f1b,TEST,VALIDATION,CLUST_0.70_00055,LATE
CANONICAL_bdb57ed247ee,TRAIN,VALIDATION,CLUST_0.70_00058,LATE
CANONICAL_bdb798f2bb07,TRAIN,VALIDATION,CLUST_0.70_00169,LATE
CANONICAL_bdb9dc3c13fb,TRAIN,TEST,CLUST_0.70_00037,LATE
CANONICAL_bdba9fb018a5,TRAIN,TRAIN,CLUST_0.70_00222,LATE
CANONICAL_bdbc9a76f6bb,TRAIN,TRAIN,CLUST_0.70_00005,LATE
CANONICAL_bdc1b54d3b3a,TRAIN,VALIDATION,CLUST_0.70_00106,LATE
CANONICAL_bdc927a978f6,TRAIN,TRAIN,CLUST_0.70_00008,LATE
CANONICAL_bdc9693cf3de,TRAIN,TEST,CLUST_0.70_00001,LATE
CANONICAL_bdcde66cd444,TRAIN,TRAIN,CLUST_0.70_00008,LATE
CANONICAL_bdd90a0ca2d1,TRAIN,TEST,CLUST_0.70_00001,LATE
CANONICAL_bdda9a979dfd,TRAIN,TRAIN,CLUST_0.70_00014,LATE
CANONICAL_bddac6dd8d14,TRAIN,TEST,CLUST_0.70_00030,EARLY
CANONICAL_bddcd6aae7d3,VALIDATION,VALIDATION,CLUST_0.70_00026,LATE
CANONICAL_bddfcf461369,TRAIN,TRAIN,CLUST_0.70_00005,LATE
CANONICAL_bde15cbc860e,TRAIN,VALIDATION,CLUST_0.70_00028,EARLY
CANONICAL_bde2a1743be9,TRAIN,TRAIN,CLUST_0.70_00033,IMMEDIATE_EARLY
CANONICAL_bded5e838859,TRAIN,TRAIN,CLUST_0.70_00007,LATE
CANONICAL_bdedaa948a2e,TRAIN,VALIDATION,CLUST_0.70_00055,LATE
CANONICAL_bdee6ca5eff0,VALIDATION,TRAIN,CLUST_0.70_00005,EARLY
CANONICAL_bdf346d5acbe,TRAIN,TRAIN,CLUST_0.70_00008,EARLY
CANONICAL_bdf7c7cfab25,TRAIN,TRAIN,CLUST_0.70_00008,LATE
CANONICAL_bdfa1bc8d9c4,TEST,TRAIN,CLUST_0.70_00005,LATE
CANONICAL_bdfb7572aa65,TRAIN,TEST,CLUST_0.70_00001,LATE
CANONICAL_be015d297d9d,TRAIN,TRAIN,CLUST_0.70_00007,EARLY
CANONICAL_be0486ecf06a,TEST,VALIDATION,CLUST_0.70_00010,EARLY
CANONICAL_be04d1978646,TRAIN,TRAIN,CLUST_0.70_00005,EARLY
CANONICAL_be069b49b075,TRAIN,TRAIN,CLUST_0.70_00005,LATE
CANONICAL_be06b37d67e5,TEST,TRAIN,CLUST_0.70_00005,LATE
CANONICAL_be07a615552e,TRAIN,TRAIN,CLUST_0.70_00005,LATE
CANONICAL_be1198fb80a1,TRAIN,TRAIN,CLUST_0.70_00007,LATE
CANONICAL_be15080d8a6a,TRAIN,TRAIN,CLUST_0.70_00007,LATE
CANONICAL_be1aaffd5538,TRAIN,TRAIN,CLUST_0.70_00002,LATE
CANONICAL_be1b01e62463,VALIDATION,TRAIN,CLUST_0.70_00005,LATE
CANONICAL_be1c94e66e61,VALIDATION,TEST,CLUST_0.70_00071,LATE
CANONICAL_be1d882a06ed,TRAIN,TRAIN,CLUST_0.70_00008,LATE
CANONICAL_be2521d5558c,TRAIN,TRAIN,CLUST_0.70_00007,LATE
CANONICAL_be28b8e2230f,TRAIN,TRAIN,CLUST_0.70_00008,LATE
CANONICAL_be29433740c7,TRAIN,TRAIN,CLUST_0.70_00105,LATE
CANONICAL_be2b0329bef1,TRAIN,TRAIN,CLUST_0.70_00005,EARLY
CANONICAL_be2b62952380,TRAIN,VALIDATION,CLUST_0.70_00059,LATE
CANONICAL_be2e7a56bda8,TRAIN,TRAIN,CLUST_0.70_00091,LATE
CANONICAL_be356f12eebc,TEST,VALIDATION,CLUST_0.70_00059,LATE
CANONICAL_be37e656e255,TEST,VALIDATION,CLUST_0.70_00006,IMMEDIATE_EARLY
CANONICAL_be37f72ebb54,TRAIN,TRAIN,CLUST_0.70_00005,EARLY
CANONICAL_be3b39e51f40,VALIDATION,VALIDATION,CLUST_0.70_00040,EARLY
CANONICAL_be3d957803e4,TRAIN,TRAIN,CLUST_0.70_00191,EARLY
CANONICAL_be434bedbe9d,TRAIN,TEST,CLUST_0.70_00001,LATE
CANONICAL_be4cba9eadcc,VALIDATION,TRAIN,CLUST_0.70_00005,LATE
CANONICAL_be4cea74a549,TRAIN,TEST,CLUST_0.70_00052,LATE
CANONICAL_be4d19d829fe,TRAIN,TRAIN,CLUST_0.70_00005,EARLY
CANONICAL_be569ee083ac,TRAIN,TRAIN,CLUST_0.70_00005,LATE
CANONICAL_be5a8b6e45a2,TRAIN,TRAIN,CLUST_0.70_00231,IMMEDIATE_EARLY
CANONICAL_be671db1dcd8,TRAIN,TEST,CLUST_0.70_00020,LATE
CANONICAL_be6dbc58ba98,TRAIN,TEST,CLUST_0.70_00004,IMMEDIATE_EARLY
CANONICAL_be6eb85535e3,TRAIN,TEST,CLUST_0.70_00018,LATE
CANONICAL_be7467110d7e,TRAIN,TRAIN,CLUST_0.70_00005,LATE
CANONICAL_be79cf142555,TRAIN,TRAIN,CLUST_0.70_00005,EARLY
CANONICAL_be7d45417009,TRAIN,TRAIN,CLUST_0.70_00007,EARLY
CANONICAL_be7ffe4b664a,VALIDATION,TRAIN,CLUST_0.70_00007,LATE
CANONICAL_be83d963fecf,TRAIN,VALIDATION,CLUST_0.70_00079,LATE
CANONICAL_be8a9b5b0c17,TRAIN,TRAIN,CLUST_0.70_00005,EARLY
CANONICAL_be8de274cb66,VALIDATION,TRAIN,CLUST_0.70_00062,LATE
CANONICAL_be929a7ce015,TEST,VALIDATION,CLUST_0.70_00040,EARLY
CANONICAL_be940cda7ea9,TEST,TEST,CLUST_0.70_00030,EARLY
CANONICAL_be94736253d3,TRAIN,TRAIN,CLUST_0.70_00008,IMMEDIATE_EARLY
CANONICAL_be96c84697e7,TRAIN,VALIDATION,CLUST_0.70_00039,LATE
CANONICAL_bea79f315cf1,TRAIN,TRAIN,CLUST_0.70_00005,LATE
CANONICAL_beaa9c077e92,TRAIN,TRAIN,CLUST_0.70_00008,LATE
CANONICAL_beab0d5eac16,TEST,TRAIN,CLUST_0.70_00024,LATE
CANONICAL_bebc262c1e4d,TRAIN,TEST,CLUST_0.70_00052,LATE
CANONICAL_bebeec3765ff,TRAIN,TRAIN,CLUST_0.70_00007,EARLY
CANONICAL_bebf71f89166,TRAIN,TEST,CLUST_0.70_00030,EARLY
CANONICAL_bec108ce1480,TRAIN,TRAIN,CLUST_0.70_00008,LATE
CANONICAL_bec34ff3a17e,VALIDATION,TRAIN,CLUST_0.70_00005,LATE
CANONICAL_bec430da33fb,TRAIN,TEST,CLUST_0.70_00052,LATE
CANONICAL_bec698d8cd66,VALIDATION,TRAIN,CLUST_0.70_00173,LATE
CANONICAL_bec7fedfd65f,TRAIN,TEST,CLUST_0.70_00071,LATE
CANONICAL_becc5821a950,TRAIN,TRAIN,CLUST_0.70_00203,LATE
CANONICAL_bed053f6e089,VALIDATION,TEST,CLUST_0.70_00004,IMMEDIATE_EARLY
CANONICAL_bed2619c2ead,TRAIN,TRAIN,CLUST_0.70_00102,LATE
CANONICAL_bed33e2743c5,TRAIN,TEST,CLUST_0.70_00030,EARLY
CANONICAL_bed71f061030,VALIDATION,TRAIN,CLUST_0.70_00238,LATE
CANONICAL_bedb365f2c05,TRAIN,TRAIN,CLUST_0.70_00075,LATE
CANONICAL_bede04d67d47,TRAIN,TEST,CLUST_0.70_00030,EARLY
CANONICAL_bee3cb9ee3cd,TRAIN,TRAIN,CLUST_0.70_00005,EARLY
CANONICAL_bee55cfe322b,TRAIN,TRAIN,CLUST_0.70_00007,LATE
CANONICAL_beeabccc257d,TRAIN,TRAIN,CLUST_0.70_00005,EARLY
CANONICAL_beebd64224b2,TRAIN,TEST,CLUST_0.70_00001,LATE
CANONICAL_beedfbbb5143,TRAIN,VALIDATION,CLUST_0.70_00025,LATE
CANONICAL_beee3e0be513,TRAIN,VALIDATION,CLUST_0.70_00026,IMMEDIATE_EARLY
CANONICAL_bef3b6a77f2d,TRAIN,TEST,CLUST_0.70_00030,EARLY
CANONICAL_bef994da44a6,TEST,VALIDATION,CLUST_0.70_00006,IMMEDIATE_EARLY
CANONICAL_bf023faa0bca,TRAIN,VALIDATION,CLUST_0.70_00058,LATE
CANONICAL_bf0269ac203a,TEST,TRAIN,CLUST_0.70_00005,EARLY
CANONICAL_bf06d15207f2,TEST,TEST,CLUST_0.70_00030,EARLY
CANONICAL_bf091cb88b6c,TRAIN,TRAIN,CLUST_0.70_00005,LATE
CANONICAL_bf125fc17c55,TRAIN,TEST,CLUST_0.70_00001,LATE
CANONICAL_bf15676e963e,TRAIN,TEST,CLUST_0.70_00030,EARLY
CANONICAL_bf172c3c5008,TRAIN,TRAIN,CLUST_0.70_00008,LATE
CANONICAL_bf190e74444c,TRAIN,TRAIN,CLUST_0.70_00005,LATE
CANONICAL_bf1c802e3ed4,TEST,TRAIN,CLUST_0.70_00005,EARLY
CANONICAL_bf1e9e30f669,VALIDATION,TRAIN,CLUST_0.70_00008,LATE
CANONICAL_bf21bbdc3d31,TRAIN,TRAIN,CLUST_0.70_00007,LATE
CANONICAL_bf2b879fe015,TRAIN,VALIDATION,CLUST_0.70_00025,LATE
CANONICAL_bf2df7f0897c,TRAIN,TEST,CLUST_0.70_00037,LATE
CANONICAL_bf3547183e29,TRAIN,VALIDATION,CLUST_0.70_00006,IMMEDIATE_EARLY
CANONICAL_bf361b14c700,TRAIN,TEST,CLUST_0.70_00015,LATE
CANONICAL_bf391af66ae4,TRAIN,TRAIN,CLUST_0.70_00005,LATE
CANONICAL_bf4990a35276,TRAIN,TRAIN,CLUST_0.70_00120,LATE
CANONICAL_bf4e10c0eaaa,TEST,TEST,CLUST_0.70_00071,LATE
CANONICAL_bf4e38d97268,TRAIN,TEST,CLUST_0.70_00004,IMMEDIATE_EARLY
CANONICAL_bf5416b5f3f0,TRAIN,VALIDATION,CLUST_0.70_00028,EARLY
CANONICAL_bf549fe3a402,TRAIN,TRAIN,CLUST_0.70_00062,LATE
CANONICAL_bf5714b69fd4,TRAIN,TRAIN,CLUST_0.70_00008,LATE
CANONICAL_bf59b48bc477,TRAIN,TRAIN,CLUST_0.70_00005,EARLY
CANONICAL_bf6652cefd0d,TEST,TRAIN,CLUST_0.70_00005,LATE
CANONICAL_bf66a95911e6,TRAIN,TRAIN,CLUST_0.70_00005,LATE
CANONICAL_bf6ad12d865e,VALIDATION,TRAIN,CLUST_0.70_00005,LATE
CANONICAL_bf6ed7523e8d,TRAIN,TRAIN,CLUST_0.70_00047,LATE
CANONICAL_bf6f52894982,TRAIN,VALIDATION,CLUST_0.70_00006,IMMEDIATE_EARLY
CANONICAL_bf7cf0afd734,TRAIN,TEST,CLUST_0.70_00018,LATE
CANONICAL_bf7fb097945a,TRAIN,TEST,CLUST_0.70_00018,LATE
CANONICAL_bf8166b127dc,TEST,TEST,CLUST_0.70_00052,LATE
CANONICAL_bf81e57cbdc0,TEST,TEST,CLUST_0.70_00030,EARLY
CANONICAL_bf8a9a9936c2,TEST,VALIDATION,CLUST_0.70_00026,IMMEDIATE_EARLY
CANONICAL_bf8b57017f55,TRAIN,TRAIN,CLUST_0.70_00005,LATE
CANONICAL_bf8eff6125d0,TRAIN,TRAIN,CLUST_0.70_00091,LATE
CANONICAL_bf902cb13e9a,TEST,TRAIN,CLUST_0.70_00008,LATE
CANONICAL_bf9369e32374,TEST,TRAIN,CLUST_0.70_00368,LATE
CANONICAL_bf96c616465d,TRAIN,TRAIN,CLUST_0.70_00005,LATE
CANONICAL_bfa1f25c726f,VALIDATION,TRAIN,CLUST_0.70_00007,LATE
CANONICAL_bfa34d80e735,TRAIN,TRAIN,CLUST_0.70_00008,LATE
CANONICAL_bfa3c8f45056,TRAIN,TRAIN,CLUST_0.70_00091,LATE
CANONICAL_bfa5a3bf1d3e,TRAIN,TRAIN,CLUST_0.70_00005,LATE
CANONICAL_bfacecc7da87,TRAIN,TRAIN,CLUST_0.70_00005,EARLY
CANONICAL_bfadf1d016ac,TEST,TRAIN,CLUST_0.70_00109,LATE
CANONICAL_bfb518ec102a,TRAIN,TRAIN,CLUST_0.70_00227,LATE
CANONICAL_bfb53dc87e2c,TRAIN,TRAIN,CLUST_0.70_00008,LATE
CANONICAL_bfb9782956ce,TRAIN,VALIDATION,CLUST_0.70_00079,LATE
CANONICAL_bfbe8e77f89e,TEST,TRAIN,CLUST_0.70_00005,EARLY
CANONICAL_bfc6cc1bf918,TRAIN,TRAIN,CLUST_0.70_00075,LATE
CANONICAL_bfcf238f81ca,TRAIN,TRAIN,CLUST_0.70_00008,LATE
CANONICAL_bfd157cf292a,VALIDATION,VALIDATION,CLUST_0.70_00016,EARLY
CANONICAL_bfd4ed32e96c,VALIDATION,TRAIN,CLUST_0.70_00007,EARLY
CANONICAL_bfdbef24b094,TRAIN,TRAIN,CLUST_0.70_00005,LATE
CANONICAL_bfe4dc82c4af,TRAIN,TRAIN,CLUST_0.70_00241,LATE
CANONICAL_bff1b5d7c263,TRAIN,VALIDATION,CLUST_0.70_00026,IMMEDIATE_EARLY
CANONICAL_bff671454379,TRAIN,TRAIN,CLUST_0.70_00005,EARLY
CANONICAL_bff72c908fe1,TRAIN,VALIDATION,CLUST_0.70_00038,LATE
CANONICAL_bff885ddb9a3,TRAIN,TRAIN,CLUST_0.70_00008,LATE
CANONICAL_bffb61f91324,TEST,TRAIN,CLUST_0.70_00008,LATE
CANONICAL_bffd9d0029f4,TRAIN,VALIDATION,CLUST_0.70_00029,LATE
CANONICAL_bffeaee906a2,VALIDATION,TEST,CLUST_0.70_00051,LATE
CANONICAL_bfff95d0c765,TRAIN,TRAIN,CLUST_0.70_00008,LATE
CANONICAL_c0006230f224,VALIDATION,TRAIN,CLUST_0.70_00008,LATE
CANONICAL_c003594770a4,TRAIN,TRAIN,CLUST_0.70_00005,EARLY
CANONICAL_c008d2ba2117,TRAIN,VALIDATION,CLUST_0.70_00058,LATE
CANONICAL_c013b61391a5,VALIDATION,TRAIN,CLUST_0.70_00005,EARLY
CANONICAL_c01e30458c4d,TRAIN,VALIDATION,CLUST_0.70_00127,LATE
CANONICAL_c023122153dd,TEST,TEST,CLUST_0.70_00015,LATE
CANONICAL_c0297e46136b,TRAIN,TRAIN,CLUST_0.70_00008,LATE
CANONICAL_c02e288292fd,TRAIN,VALIDATION,CLUST_0.70_00059,LATE
CANONICAL_c030b5da60ca,TRAIN,TEST,CLUST_0.70_00018,LATE
CANONICAL_c03545b0a17c,TRAIN,TRAIN,CLUST_0.70_00005,LATE
CANONICAL_c03735ed0329,TRAIN,TRAIN,CLUST_0.70_00008,LATE
CANONICAL_c03ae99802af,TEST,TEST,CLUST_0.70_00030,EARLY
CANONICAL_c03d0539b2a3,VALIDATION,VALIDATION,CLUST_0.70_00025,LATE
CANONICAL_c03fe80cd9f6,TRAIN,TRAIN,CLUST_0.70_00005,EARLY
CANONICAL_c040b2d41c0d,TRAIN,TRAIN,CLUST_0.70_00005,LATE
CANONICAL_c04246a05ec1,VALIDATION,TRAIN,CLUST_0.70_00005,EARLY
CANONICAL_c043cc024e09,TRAIN,TRAIN,CLUST_0.70_00241,LATE
CANONICAL_c0462565c528,TRAIN,VALIDATION,CLUST_0.70_00064,LATE
CANONICAL_c0480f5d598b,TRAIN,TEST,CLUST_0.70_00020,LATE
CANONICAL_c0486d914381,TRAIN,TRAIN,CLUST_0.70_00005,LATE
CANONICAL_c04a141e6308,TRAIN,TRAIN,CLUST_0.70_00005,EARLY
CANONICAL_c04b6d83c3ae,TRAIN,TEST,CLUST_0.70_00001,LATE
CANONICAL_c05a558dec80,TRAIN,TEST,CLUST_0.70_00001,LATE
CANONICAL_c05c4090fcbe,VALIDATION,TRAIN,CLUST_0.70_00008,LATE
CANONICAL_c05da297ef13,TRAIN,TRAIN,CLUST_0.70_00007,EARLY
CANONICAL_c05eedf8f641,TRAIN,TRAIN,CLUST_0.70_00008,LATE
CANONICAL_c05fd394e580,VALIDATION,TRAIN,CLUST_0.70_00005,LATE
CANONICAL_c0600feeeb7c,TRAIN,TEST,CLUST_0.70_00004,IMMEDIATE_EARLY
CANONICAL_c06105449a3b,TRAIN,TRAIN,CLUST_0.70_00005,LATE
CANONICAL_c0616c76f9d5,TRAIN,TRAIN,CLUST_0.70_00008,LATE
CANONICAL_c0631ba8e85b,TRAIN,TRAIN,CLUST_0.70_00007,LATE
CANONICAL_c0645648620c,TRAIN,TRAIN,CLUST_0.70_00130,EARLY
CANONICAL_c06b99ddf429,VALIDATION,TRAIN,CLUST_0.70_00008,LATE
CANONICAL_c0712fa5b3ce,TEST,VALIDATION,CLUST_0.70_00031,LATE
CANONICAL_c0722e0aea14,TRAIN,VALIDATION,CLUST_0.70_00055,LATE
CANONICAL_c0779ee0f120,TRAIN,TRAIN,CLUST_0.70_00007,EARLY
CANONICAL_c07bd6a26d66,VALIDATION,TRAIN,CLUST_0.70_00005,LATE
CANONICAL_c084018b3dd7,VALIDATION,TEST,CLUST_0.70_00004,IMMEDIATE_EARLY
CANONICAL_c087eea77d5b,TRAIN,TEST,CLUST_0.70_00015,LATE
CANONICAL_c08bdfae0cdd,VALIDATION,TRAIN,CLUST_0.70_00005,EARLY
CANONICAL_c08c4dc97c4e,TRAIN,TEST,CLUST_0.70_00018,LATE
CANONICAL_c09198e9fb56,TEST,TRAIN,CLUST_0.70_00005,LATE
CANONICAL_c094477ced79,TRAIN,TRAIN,CLUST_0.70_00007,LATE
CANONICAL_c0988901df52,VALIDATION,VALIDATION,CLUST_0.70_00190,LATE
CANONICAL_c09c50be477f,VALIDATION,TRAIN,CLUST_0.70_00120,LATE
CANONICAL_c0a291d7b135,VALIDATION,TRAIN,CLUST_0.70_00007,LATE
CANONICAL_c0a3df462e3e,TRAIN,TEST,CLUST_0.70_00004,IMMEDIATE_EARLY
CANONICAL_c0a49c45afdc,TEST,VALIDATION,CLUST_0.70_00029,LATE
CANONICAL_c0b381ab9c76,TRAIN,TRAIN,CLUST_0.70_00008,LATE
CANONICAL_c0b588d18592,TEST,TRAIN,CLUST_0.70_00007,LATE
CANONICAL_c0bf109087ea,TRAIN,TEST,CLUST_0.70_00009,LATE
CANONICAL_c0c4fb562e30,TRAIN,TRAIN,CLUST_0.70_00005,EARLY
CANONICAL_c0c5c316f186,TRAIN,TRAIN,CLUST_0.70_00049,IMMEDIATE_EARLY
CANONICAL_c0cdbec2c32b,VALIDATION,TRAIN,CLUST_0.70_00005,LATE
CANONICAL_c0d0b115666b,TRAIN,TRAIN,CLUST_0.70_00008,LATE
CANONICAL_c0d112bc6427,TRAIN,TRAIN,CLUST_0.70_00005,LATE
CANONICAL_c0d316615367,VALIDATION,TRAIN,CLUST_0.70_00008,LATE
CANONICAL_c0d35f24a2b0,TRAIN,TRAIN,CLUST_0.70_00005,LATE
CANONICAL_c0d571f5f157,TEST,TRAIN,CLUST_0.70_00008,LATE
CANONICAL_c0da6aaa4183,TRAIN,TRAIN,CLUST_0.70_00005,EARLY
CANONICAL_c0e37981794b,TRAIN,TRAIN,CLUST_0.70_00227,LATE
CANONICAL_c0e4586577f1,TRAIN,TRAIN,CLUST_0.70_00007,LATE
CANONICAL_c0e56fabd9d8,TRAIN,VALIDATION,CLUST_0.70_00006,IMMEDIATE_EARLY
CANONICAL_c0ea61abd82a,TRAIN,TRAIN,CLUST_0.70_00005,LATE
CANONICAL_c0ec0b395cd7,TRAIN,VALIDATION,CLUST_0.70_00010,EARLY
CANONICAL_c0f5a2c42635,TRAIN,TEST,CLUST_0.70_00071,LATE
CANONICAL_c0f6bda4fc26,TRAIN,TEST,CLUST_0.70_00030,EARLY
CANONICAL_c102d2194a8e,TRAIN,TEST,CLUST_0.70_00004,IMMEDIATE_EARLY
CANONICAL_c1084257f493,TRAIN,TRAIN,CLUST_0.70_00005,LATE
CANONICAL_c10c69ecd882,VALIDATION,TRAIN,CLUST_0.70_00062,LATE
CANONICAL_c116357c0cd2,TRAIN,VALIDATION,CLUST_0.70_00079,LATE
CANONICAL_c11aa36a0993,TRAIN,TEST,CLUST_0.70_00030,EARLY
CANONICAL_c11d08036745,TRAIN,TRAIN,CLUST_0.70_00005,EARLY
CANONICAL_c11f621bed85,TRAIN,TRAIN,CLUST_0.70_00005,LATE
CANONICAL_c1215ad80a0d,TRAIN,TRAIN,CLUST_0.70_00124,LATE
CANONICAL_c1225ed0d5be,TRAIN,TRAIN,CLUST_0.70_00005,LATE
CANONICAL_c12299dc3fd3,TRAIN,TRAIN,CLUST_0.70_00007,LATE
CANONICAL_c12524dbea02,TRAIN,TEST,CLUST_0.70_00004,IMMEDIATE_EARLY
CANONICAL_c12980e4eae9,TRAIN,TRAIN,CLUST_0.70_00091,LATE
CANONICAL_c1344dc7fd0c,VALIDATION,TRAIN,CLUST_0.70_00005,EARLY
CANONICAL_c1362d7b83a7,TRAIN,TRAIN,CLUST_0.70_00005,EARLY
CANONICAL_c1373c0d2432,TRAIN,TRAIN,CLUST_0.70_00069,IMMEDIATE_EARLY
CANONICAL_c1378619332c,VALIDATION,TRAIN,CLUST_0.70_00136,LATE
CANONICAL_c140be7e6720,TRAIN,TRAIN,CLUST_0.70_00007,EARLY
CANONICAL_c146cc7bed98,TRAIN,TRAIN,CLUST_0.70_00234,LATE
CANONICAL_c14a7d31f4fa,VALIDATION,TRAIN,CLUST_0.70_00005,LATE
CANONICAL_c14cdbcc3e6d,VALIDATION,TRAIN,CLUST_0.70_00005,EARLY
CANONICAL_c14d984a203e,TRAIN,VALIDATION,CLUST_0.70_00040,EARLY
CANONICAL_c14f3c0a8a22,TRAIN,TEST,CLUST_0.70_00001,LATE
CANONICAL_c1514a405b85,VALIDATION,TEST,CLUST_0.70_00001,LATE
CANONICAL_c15412358824,VALIDATION,VALIDATION,CLUST_0.70_00006,IMMEDIATE_EARLY
CANONICAL_c15552884dfb,TEST,TRAIN,CLUST_0.70_00005,LATE
CANONICAL_c15f13174aea,TEST,VALIDATION,CLUST_0.70_00010,EARLY
CANONICAL_c16621abb10c,TEST,VALIDATION,CLUST_0.70_00031,LATE
CANONICAL_c16f2fb92dd3,TRAIN,TRAIN,CLUST_0.70_00008,LATE
CANONICAL_c17bf7f163cf,VALIDATION,TRAIN,CLUST_0.70_00005,EARLY
CANONICAL_c17ccf4fa346,TRAIN,TRAIN,CLUST_0.70_00008,LATE
CANONICAL_c17cde295699,TRAIN,VALIDATION,CLUST_0.70_00026,IMMEDIATE_EARLY
CANONICAL_c17f9c6a95ae,TRAIN,TRAIN,CLUST_0.70_00008,LATE
CANONICAL_c18150e7f98a,VALIDATION,VALIDATION,CLUST_0.70_00025,LATE
CANONICAL_c1848ca809b5,TEST,VALIDATION,CLUST_0.70_00031,LATE
CANONICAL_c18502c70846,VALIDATION,TRAIN,CLUST_0.70_00005,EARLY
CANONICAL_c187817b7aab,TRAIN,TRAIN,CLUST_0.70_00005,EARLY
CANONICAL_c188640335ba,TRAIN,TEST,CLUST_0.70_00071,LATE
CANONICAL_c18894dc609f,TRAIN,TRAIN,CLUST_0.70_00008,LATE
CANONICAL_c18d05824984,TRAIN,TRAIN,CLUST_0.70_00098,LATE
CANONICAL_c192829b639d,TRAIN,TRAIN,CLUST_0.70_00005,LATE
CANONICAL_c194c25262a6,VALIDATION,TRAIN,CLUST_0.70_00005,EARLY
CANONICAL_c198e9ecd09d,TRAIN,TRAIN,CLUST_0.70_00005,EARLY
CANONICAL_c19b9343d93a,TRAIN,VALIDATION,CLUST_0.70_00026,IMMEDIATE_EARLY
CANONICAL_c1a84cf38bc7,TRAIN,TRAIN,CLUST_0.70_00007,LATE
CANONICAL_c1a8fa4fefbb,TEST,VALIDATION,CLUST_0.70_00025,LATE
CANONICAL_c1ab3cf51f86,VALIDATION,TRAIN,CLUST_0.70_00302,LATE
CANONICAL_c1ae4f1366d6,VALIDATION,TRAIN,CLUST_0.70_00062,LATE
CANONICAL_c1ae9b0f44ec,TEST,TRAIN,CLUST_0.70_00008,LATE
CANONICAL_c1b17227eb99,TRAIN,TRAIN,CLUST_0.70_00005,EARLY
CANONICAL_c1b48b12beb2,TRAIN,TRAIN,CLUST_0.70_00008,LATE
CANONICAL_c1b601ba5c12,TRAIN,TRAIN,CLUST_0.70_00097,LATE
CANONICAL_c1b97e9cbfc6,VALIDATION,TRAIN,CLUST_0.70_00164,LATE
CANONICAL_c1c2a5c1df4f,TEST,TRAIN,CLUST_0.70_00005,EARLY
CANONICAL_c1c7648313f3,TEST,TEST,CLUST_0.70_00004,IMMEDIATE_EARLY
CANONICAL_c1c86f8c26ca,TRAIN,VALIDATION,CLUST_0.70_00028,EARLY
CANONICAL_c1c949c7970e,TEST,TRAIN,CLUST_0.70_00008,LATE
CANONICAL_c1cfd4beb893,TEST,TRAIN,CLUST_0.70_00097,LATE
CANONICAL_c1d0ed071315,TRAIN,TRAIN,CLUST_0.70_00014,IMMEDIATE_EARLY
CANONICAL_c1d21f664e3d,VALIDATION,TRAIN,CLUST_0.70_00236,IMMEDIATE_EARLY
CANONICAL_c1d95c86fd1e,TRAIN,VALIDATION,CLUST_0.70_00025,LATE
CANONICAL_c1dcd6f7365c,TRAIN,TRAIN,CLUST_0.70_00005,EARLY
CANONICAL_c1df966b632d,TRAIN,TEST,CLUST_0.70_00018,LATE
CANONICAL_c1e34c2a331c,TRAIN,TRAIN,CLUST_0.70_00005,EARLY
CANONICAL_c1e7974c331d,VALIDATION,VALIDATION,CLUST_0.70_00086,LATE
CANONICAL_c1e7f8780625,TRAIN,TEST,CLUST_0.70_00052,LATE
CANONICAL_c1e86bbff54b,TRAIN,VALIDATION,CLUST_0.70_00106,LATE
CANONICAL_c1e88e0a74d6,TRAIN,VALIDATION,CLUST_0.70_00058,LATE
CANONICAL_c1ebafdbfb9a,VALIDATION,TEST,CLUST_0.70_00020,LATE
CANONICAL_c1ed417cd8b3,TRAIN,TRAIN,CLUST_0.70_00005,LATE
CANONICAL_c1ee84df805c,TRAIN,TRAIN,CLUST_0.70_00235,LATE
CANONICAL_c1ef8f5f4c52,TRAIN,TEST,CLUST_0.70_00004,IMMEDIATE_EARLY
CANONICAL_c1f04e78ba78,TRAIN,TRAIN,CLUST_0.70_00007,LATE
CANONICAL_c1f2b5f0b87d,TRAIN,VALIDATION,CLUST_0.70_00059,LATE
CANONICAL_c1f8f530c7f7,VALIDATION,TRAIN,CLUST_0.70_00090,LATE
CANONICAL_c208da13eaca,TRAIN,TRAIN,CLUST_0.70_00005,EARLY
CANONICAL_c20b7c69df71,TEST,TRAIN,CLUST_0.70_00293,LATE
CANONICAL_c212c0393da6,TEST,TRAIN,CLUST_0.70_00005,EARLY
CANONICAL_c21a72f8f348,TRAIN,TRAIN,CLUST_0.70_00008,LATE
CANONICAL_c22089771b29,VALIDATION,TRAIN,CLUST_0.70_00005,LATE
CANONICAL_c223211a271d,TRAIN,TRAIN,CLUST_0.70_00007,LATE
CANONICAL_c22a86eb2f8b,TRAIN,TRAIN,CLUST_0.70_00091,LATE
CANONICAL_c2355d1f7858,TEST,TRAIN,CLUST_0.70_00056,LATE
CANONICAL_c23661cc95a3,TRAIN,TEST,CLUST_0.70_00051,LATE
CANONICAL_c238033afbe8,TRAIN,VALIDATION,CLUST_0.70_00040,EARLY
CANONICAL_c238c3e03175,TRAIN,TRAIN,CLUST_0.70_00007,EARLY
CANONICAL_c23deefc81b5,TRAIN,TRAIN,CLUST_0.70_00227,LATE
CANONICAL_c241c7ab5595,TRAIN,TRAIN,CLUST_0.70_00005,EARLY
CANONICAL_c247a3821a28,TRAIN,VALIDATION,CLUST_0.70_00055,LATE
CANONICAL_c2489838e1e9,TRAIN,TRAIN,CLUST_0.70_00379,LATE
CANONICAL_c24b6acfab07,TRAIN,TEST,CLUST_0.70_00001,LATE
CANONICAL_c24e3ce7b487,TRAIN,VALIDATION,CLUST_0.70_00079,LATE
CANONICAL_c2541a291a15,TEST,VALIDATION,CLUST_0.70_00079,LATE
CANONICAL_c25bf3b44982,VALIDATION,TRAIN,CLUST_0.70_00005,LATE
CANONICAL_c25ff6dff74e,TEST,TRAIN,CLUST_0.70_00005,EARLY
CANONICAL_c2696a07443a,TEST,TEST,CLUST_0.70_00004,IMMEDIATE_EARLY
CANONICAL_c26d05c997ee,TRAIN,TEST,CLUST_0.70_00037,LATE
CANONICAL_c26d8accd8a5,TRAIN,VALIDATION,CLUST_0.70_00065,LATE
CANONICAL_c2706ee44bcd,TRAIN,TRAIN,CLUST_0.70_00136,LATE
CANONICAL_c270f4c605ad,TRAIN,TRAIN,CLUST_0.70_00008,LATE
CANONICAL_c27338803a17,TRAIN,TRAIN,CLUST_0.70_00005,LATE
CANONICAL_c27399ad917d,TEST,VALIDATION,CLUST_0.70_00026,IMMEDIATE_EARLY
CANONICAL_c27be37662f5,TRAIN,VALIDATION,CLUST_0.70_00127,LATE
CANONICAL_c27d1bea0fd4,TRAIN,TRAIN,CLUST_0.70_00007,LATE
CANONICAL_c27efcd95e0e,TRAIN,TEST,CLUST_0.70_00052,LATE
CANONICAL_c28050af0c34,TRAIN,TEST,CLUST_0.70_00030,EARLY
CANONICAL_c2880407fcc2,TEST,TRAIN,CLUST_0.70_00005,EARLY
CANONICAL_c28c75855ae5,TRAIN,TRAIN,CLUST_0.70_00005,EARLY
CANONICAL_c28f172eac25,TRAIN,TEST,CLUST_0.70_00004,IMMEDIATE_EARLY
CANONICAL_c28f654e615c,TRAIN,TEST,CLUST_0.70_00015,LATE
CANONICAL_c290d27f38c1,TEST,TRAIN,CLUST_0.70_00005,EARLY
CANONICAL_c291e0e654cb,TRAIN,TRAIN,CLUST_0.70_00005,EARLY
CANONICAL_c29875deebd8,TRAIN,TRAIN,CLUST_0.70_00056,LATE
CANONICAL_c2a3f7d6210e,TRAIN,TRAIN,CLUST_0.70_00008,LATE
CANONICAL_c2a5f7d7d939,TRAIN,TEST,CLUST_0.70_00030,EARLY
CANONICAL_c2a6d25c0410,TRAIN,TRAIN,CLUST_0.70_00005,EARLY
CANONICAL_c2af83f915a9,TRAIN,TEST,CLUST_0.70_00020,LATE
CANONICAL_c2b0d9024f10,TRAIN,TEST,CLUST_0.70_00052,LATE
CANONICAL_c2b4c4f69791,TRAIN,TRAIN,CLUST_0.70_00008,LATE
CANONICAL_c2b9745506c6,TEST,TEST,CLUST_0.70_00052,LATE
CANONICAL_c2c54144369a,VALIDATION,TRAIN,CLUST_0.70_00008,LATE
CANONICAL_c2c71aa77a0d,TRAIN,TEST,CLUST_0.70_00052,LATE
CANONICAL_c2cb4f8f7846,TRAIN,TRAIN,CLUST_0.70_00008,LATE
CANONICAL_c2ce54d6734c,TRAIN,TRAIN,CLUST_0.70_00105,LATE
CANONICAL_c2ce66aedf71,TRAIN,TEST,CLUST_0.70_00030,EARLY
CANONICAL_c2d270cc45b8,TRAIN,VALIDATION,CLUST_0.70_00026,IMMEDIATE_EARLY
CANONICAL_c2daf3244c64,TRAIN,TRAIN,CLUST_0.70_00005,EARLY
CANONICAL_c2dccecbb361,TRAIN,TRAIN,CLUST_0.70_00007,LATE
CANONICAL_c2dd3df5fbce,TEST,TRAIN,CLUST_0.70_00005,EARLY
CANONICAL_c2e7f0bdf3c3,TEST,TRAIN,CLUST_0.70_00164,LATE
CANONICAL_c2e94e819cbf,TRAIN,TRAIN,CLUST_0.70_00005,LATE
CANONICAL_c2eabe67457d,TRAIN,VALIDATION,CLUST_0.70_00029,LATE
CANONICAL_c2eb13c825e1,TEST,VALIDATION,CLUST_0.70_00086,LATE
CANONICAL_c2f04bc36790,TEST,TRAIN,CLUST_0.70_00005,EARLY
CANONICAL_c2f41ff19012,TEST,TEST,CLUST_0.70_00030,EARLY
CANONICAL_c2f4264229ae,TRAIN,VALIDATION,CLUST_0.70_00029,LATE
CANONICAL_c2f5d602d7dc,TRAIN,VALIDATION,CLUST_0.70_00079,LATE
CANONICAL_c2f6021453d9,TRAIN,TRAIN,CLUST_0.70_00241,LATE
CANONICAL_c2f91d5ad9b8,VALIDATION,TRAIN,CLUST_0.70_00008,LATE
CANONICAL_c2fba61a9e17,TEST,TRAIN,CLUST_0.70_00008,LATE
CANONICAL_c2fc9b99576a,TRAIN,TEST,CLUST_0.70_00009,LATE
CANONICAL_c2fe75bef0a1,TRAIN,VALIDATION,CLUST_0.70_00040,EARLY
CANONICAL_c3004e200fd8,TRAIN,TRAIN,CLUST_0.70_00008,LATE
CANONICAL_c300859a5502,TRAIN,TRAIN,CLUST_0.70_00007,IMMEDIATE_EARLY
CANONICAL_c3038a4cc956,TRAIN,TRAIN,CLUST_0.70_00008,LATE
CANONICAL_c3042b92fc79,TRAIN,TRAIN,CLUST_0.70_00007,EARLY
CANONICAL_c3057a8b4982,TRAIN,TEST,CLUST_0.70_00030,EARLY
CANONICAL_c305a0c05d11,TRAIN,TRAIN,CLUST_0.70_00241,LATE
CANONICAL_c30733aaa9ea,TRAIN,VALIDATION,CLUST_0.70_00029,LATE
CANONICAL_c30a8c0d327a,TRAIN,TEST,CLUST_0.70_00051,LATE
CANONICAL_c30d0ae87ad6,TRAIN,TRAIN,CLUST_0.70_00008,LATE
CANONICAL_c310a450049d,TRAIN,TRAIN,CLUST_0.70_00005,LATE
CANONICAL_c31298de845d,TEST,TEST,CLUST_0.70_00018,EARLY
CANONICAL_c317c4ecd98e,TRAIN,TEST,CLUST_0.70_00015,LATE
CANONICAL_c31911c5afae,TEST,TRAIN,CLUST_0.70_00005,LATE
CANONICAL_c31b51a7a320,TRAIN,TEST,CLUST_0.70_00020,LATE
CANONICAL_c31c7d31054b,TEST,TRAIN,CLUST_0.70_00008,LATE
CANONICAL_c31d299b0a91,TRAIN,TRAIN,CLUST_0.70_00090,LATE
CANONICAL_c32045db5a8f,TRAIN,VALIDATION,CLUST_0.70_00064,LATE
CANONICAL_c325798906b1,VALIDATION,TRAIN,CLUST_0.70_00005,LATE
CANONICAL_c32811957b42,TRAIN,TRAIN,CLUST_0.70_00005,EARLY
CANONICAL_c32a2cc32aef,TRAIN,TRAIN,CLUST_0.70_00008,EARLY
CANONICAL_c32ccfd05704,TRAIN,TRAIN,CLUST_0.70_00005,EARLY
CANONICAL_c32ed4eed6c7,TRAIN,TEST,CLUST_0.70_00071,LATE
CANONICAL_c3301fcddc5f,TRAIN,TRAIN,CLUST_0.70_00007,IMMEDIATE_EARLY
CANONICAL_c3367e939401,TRAIN,TRAIN,CLUST_0.70_00005,EARLY
CANONICAL_c33f0c071432,TRAIN,TRAIN,CLUST_0.70_00005,EARLY
CANONICAL_c347e7e1e98b,TRAIN,TRAIN,CLUST_0.70_00090,LATE
CANONICAL_c34a6d827805,VALIDATION,TRAIN,CLUST_0.70_00007,EARLY
CANONICAL_c34b9b1c72ec,TRAIN,TEST,CLUST_0.70_00009,LATE
CANONICAL_c355863f79b4,TRAIN,TRAIN,CLUST_0.70_00005,EARLY
CANONICAL_c35663288de8,TRAIN,TRAIN,CLUST_0.70_00008,LATE
CANONICAL_c3586c7b2a11,TRAIN,TRAIN,CLUST_0.70_00005,EARLY
CANONICAL_c3588b191a58,VALIDATION,TRAIN,CLUST_0.70_00090,LATE
CANONICAL_c366553fac61,TRAIN,TRAIN,CLUST_0.70_00008,LATE
CANONICAL_c368cfba603e,TRAIN,TRAIN,CLUST_0.70_00005,EARLY
CANONICAL_c372afe347cd,TEST,TEST,CLUST_0.70_00030,EARLY
CANONICAL_c373007224c2,TRAIN,TRAIN,CLUST_0.70_00008,LATE
CANONICAL_c375c2625fdc,VALIDATION,TRAIN,CLUST_0.70_00005,EARLY
CANONICAL_c390575647a2,VALIDATION,TRAIN,CLUST_0.70_00121,LATE
CANONICAL_c39274d70a5a,VALIDATION,TRAIN,CLUST_0.70_00188,LATE
CANONICAL_c39e4b2cc7ab,TRAIN,TRAIN,CLUST_0.70_00008,IMMEDIATE_EARLY
CANONICAL_c3a7569069c5,TRAIN,VALIDATION,CLUST_0.70_00059,LATE
CANONICAL_c3ab05471122,VALIDATION,TRAIN,CLUST_0.70_00005,EARLY
CANONICAL_c3ad23be615e,VALIDATION,TEST,CLUST_0.70_00071,LATE
CANONICAL_c3add0af286a,TRAIN,TRAIN,CLUST_0.70_00005,LATE
CANONICAL_c3adf60703a3,TRAIN,VALIDATION,CLUST_0.70_00010,EARLY
CANONICAL_c3b4aa449282,TRAIN,TEST,CLUST_0.70_00004,IMMEDIATE_EARLY
CANONICAL_c3b836553377,TRAIN,TRAIN,CLUST_0.70_00007,LATE
CANONICAL_c3b8e3944f72,VALIDATION,TRAIN,CLUST_0.70_00008,LATE
CANONICAL_c3be03b4fc8d,TRAIN,TRAIN,CLUST_0.70_00007,LATE
CANONICAL_c3bed7cfe700,TRAIN,TEST,CLUST_0.70_00018,LATE
CANONICAL_c3c434dafafb,TRAIN,TEST,CLUST_0.70_00018,LATE
CANONICAL_c3c9825cb90a,TRAIN,TRAIN,CLUST_0.70_00007,IMMEDIATE_EARLY
CANONICAL_c3d028ca7390,VALIDATION,TEST,CLUST_0.70_00052,LATE
CANONICAL_c3d41b2bdd46,VALIDATION,TEST,CLUST_0.70_00001,LATE
CANONICAL_c3d734c58711,TRAIN,TRAIN,CLUST_0.70_00005,EARLY
CANONICAL_c3dda925fad1,TRAIN,VALIDATION,CLUST_0.70_00010,EARLY
CANONICAL_c3f7feb3bc3e,VALIDATION,TRAIN,CLUST_0.70_00005,EARLY
CANONICAL_c3f92b8b974a,VALIDATION,TEST,CLUST_0.70_00004,IMMEDIATE_EARLY
CANONICAL_c3fa020248b2,TEST,TRAIN,CLUST_0.70_00005,LATE
CANONICAL_c3fa62f384a7,TEST,TRAIN,CLUST_0.70_00008,LATE
CANONICAL_c3fc60436308,TRAIN,TRAIN,CLUST_0.70_00008,LATE
CANONICAL_c40535b9e3f8,VALIDATION,VALIDATION,CLUST_0.70_00058,LATE
CANONICAL_c4091c85becc,TEST,TRAIN,CLUST_0.70_00098,LATE
CANONICAL_c4094c66899f,TRAIN,TRAIN,CLUST_0.70_00005,LATE
CANONICAL_c40a67ba09b7,TEST,TRAIN,CLUST_0.70_00005,LATE
CANONICAL_c40ad7b959fa,VALIDATION,TRAIN,CLUST_0.70_00005,EARLY
CANONICAL_c40b6ba75de4,VALIDATION,TEST,CLUST_0.70_00015,LATE
CANONICAL_c40f05ad8452,TRAIN,VALIDATION,CLUST_0.70_00026,IMMEDIATE_EARLY
CANONICAL_c40f5e5df9ae,TRAIN,TRAIN,CLUST_0.70_00007,LATE
CANONICAL_c4107cbbb69a,TRAIN,VALIDATION,CLUST_0.70_00190,LATE
CANONICAL_c411f9cc99cc,TRAIN,TRAIN,CLUST_0.70_00005,LATE
CANONICAL_c4169b46234d,TRAIN,TRAIN,CLUST_0.70_00005,LATE
CANONICAL_c417694b4889,TRAIN,TEST,CLUST_0.70_00030,EARLY
CANONICAL_c417b934d538,TRAIN,TRAIN,CLUST_0.70_00005,LATE
CANONICAL_c417fb56a9ac,VALIDATION,TEST,CLUST_0.70_00052,LATE
CANONICAL_c4187f19548f,TRAIN,TRAIN,CLUST_0.70_00005,LATE
CANONICAL_c41c4993eedd,TRAIN,TRAIN,CLUST_0.70_00005,LATE
CANONICAL_c41f2f23d476,TEST,TEST,CLUST_0.70_00004,IMMEDIATE_EARLY
CANONICAL_c4230791846a,TRAIN,VALIDATION,CLUST_0.70_00038,LATE
CANONICAL_c42664688b0e,VALIDATION,VALIDATION,CLUST_0.70_00064,LATE
CANONICAL_c426e5a541a8,TEST,TRAIN,CLUST_0.70_00008,LATE
CANONICAL_c429d22fb46f,TRAIN,TEST,CLUST_0.70_00004,IMMEDIATE_EARLY
CANONICAL_c42b1fdafbce,TRAIN,TRAIN,CLUST_0.70_00005,LATE
CANONICAL_c42f8762730d,VALIDATION,TEST,CLUST_0.70_00030,EARLY
CANONICAL_c43055c7b648,TRAIN,TRAIN,CLUST_0.70_00007,EARLY
CANONICAL_c4342270c9c6,VALIDATION,TRAIN,CLUST_0.70_00021,EARLY
CANONICAL_c436a57952d4,VALIDATION,VALIDATION,CLUST_0.70_00040,EARLY
CANONICAL_c43867fe2f84,TRAIN,TRAIN,CLUST_0.70_00377,LATE
CANONICAL_c43a62eefe97,TEST,TEST,CLUST_0.70_00030,EARLY
CANONICAL_c43aa40a5c00,TRAIN,VALIDATION,CLUST_0.70_00041,EARLY
CANONICAL_c43bdcaee85c,TRAIN,TRAIN,CLUST_0.70_00008,LATE
CANONICAL_c43d49af7386,TEST,TEST,CLUST_0.70_00051,LATE
CANONICAL_c43df5d6e97b,VALIDATION,TRAIN,CLUST_0.70_00005,EARLY
CANONICAL_c43e84975389,TRAIN,TRAIN,CLUST_0.70_00005,EARLY
CANONICAL_c443487af8eb,TEST,TEST,CLUST_0.70_00004,IMMEDIATE_EARLY
CANONICAL_c4451d3671d0,TRAIN,TRAIN,CLUST_0.70_00008,LATE
CANONICAL_c447100950b5,TEST,TRAIN,CLUST_0.70_00008,LATE
CANONICAL_c448b742f1c0,TRAIN,TEST,CLUST_0.70_00018,LATE
CANONICAL_c44f05d633ba,TRAIN,TRAIN,CLUST_0.70_00005,EARLY
CANONICAL_c45371738459,TRAIN,TRAIN,CLUST_0.70_00236,IMMEDIATE_EARLY
CANONICAL_c459e4983033,TRAIN,TRAIN,CLUST_0.70_00227,LATE
CANONICAL_c45ffc879686,TRAIN,TRAIN,CLUST_0.70_00047,LATE
CANONICAL_c460c261d0a3,TEST,TEST,CLUST_0.70_00030,EARLY
CANONICAL_c46642c70290,VALIDATION,TEST,CLUST_0.70_00030,EARLY
CANONICAL_c467f91709e5,TRAIN,VALIDATION,CLUST_0.70_00058,LATE
CANONICAL_c4691eb26d48,TRAIN,VALIDATION,CLUST_0.70_00006,IMMEDIATE_EARLY
CANONICAL_c4697c9beaba,TRAIN,TEST,CLUST_0.70_00020,LATE
CANONICAL_c4747ce81655,TRAIN,TRAIN,CLUST_0.70_00047,LATE
CANONICAL_c4748a6b839e,TRAIN,TRAIN,CLUST_0.70_00110,EARLY
CANONICAL_c4755bbf8fd6,TRAIN,TRAIN,CLUST_0.70_00008,LATE
CANONICAL_c47bc5d1cb6c,TRAIN,TEST,CLUST_0.70_00004,IMMEDIATE_EARLY
CANONICAL_c4807e239887,TRAIN,TRAIN,CLUST_0.70_00109,LATE
CANONICAL_c4836165fa74,TRAIN,TRAIN,CLUST_0.70_00008,LATE
CANONICAL_c4864f68bbcd,TEST,TRAIN,CLUST_0.70_00008,LATE
CANONICAL_c4887e60d566,TRAIN,TRAIN,CLUST_0.70_00005,EARLY
CANONICAL_c48cf2d2364b,VALIDATION,TRAIN,CLUST_0.70_00005,EARLY
CANONICAL_c49221665790,TEST,TRAIN,CLUST_0.70_00291,LATE
CANONICAL_c493a5268661,TEST,TEST,CLUST_0.70_00015,LATE
CANONICAL_c494691f0afb,TEST,VALIDATION,CLUST_0.70_00041,EARLY
CANONICAL_c49c941df2cb,TEST,VALIDATION,CLUST_0.70_00055,LATE
CANONICAL_c4a29ecc74ab,VALIDATION,TRAIN,CLUST_0.70_00062,LATE
CANONICAL_c4a7d8dfa215,VALIDATION,TRAIN,CLUST_0.70_00005,LATE
CANONICAL_c4a8362ab79b,TEST,TEST,CLUST_0.70_00004,IMMEDIATE_EARLY
CANONICAL_c4ae7bf4cf48,TRAIN,TRAIN,CLUST_0.70_00005,EARLY
CANONICAL_c4b3164a6bb7,TRAIN,TEST,CLUST_0.70_00004,IMMEDIATE_EARLY
CANONICAL_c4b4c66ef2f2,TRAIN,TEST,CLUST_0.70_00030,EARLY
CANONICAL_c4b6881ddfaa,TRAIN,TEST,CLUST_0.70_00030,EARLY
CANONICAL_c4bba01b633e,TRAIN,TEST,CLUST_0.70_00030,EARLY
CANONICAL_c4be9ab9067b,TRAIN,TRAIN,CLUST_0.70_00091,LATE
CANONICAL_c4c2822f3301,TRAIN,TRAIN,CLUST_0.70_00047,LATE
CANONICAL_c4c30e01238f,TRAIN,TEST,CLUST_0.70_00071,LATE
CANONICAL_c4c8487b27ff,TRAIN,TEST,CLUST_0.70_00004,IMMEDIATE_EARLY
CANONICAL_c4c8937c9be2,TRAIN,TRAIN,CLUST_0.70_00005,EARLY
CANONICAL_c4e12691d1e6,TRAIN,TEST,CLUST_0.70_00004,IMMEDIATE_EARLY
CANONICAL_c4e17d67bb22,TRAIN,TEST,CLUST_0.70_00018,LATE
CANONICAL_c4e1e054160e,TRAIN,TRAIN,CLUST_0.70_00005,EARLY
CANONICAL_c4e3b29ba691,TRAIN,TRAIN,CLUST_0.70_00007,EARLY
CANONICAL_c4e91778a7ad,VALIDATION,TRAIN,CLUST_0.70_00005,EARLY
CANONICAL_c4ecbf28d353,TRAIN,VALIDATION,CLUST_0.70_00029,LATE
CANONICAL_c4ef3e16c166,TEST,TRAIN,CLUST_0.70_00008,LATE
CANONICAL_c4ef9fffbeed,TRAIN,TRAIN,CLUST_0.70_00187,LATE
CANONICAL_c4f48b566b10,TRAIN,TRAIN,CLUST_0.70_00008,LATE
CANONICAL_c4f591704acb,TRAIN,TRAIN,CLUST_0.70_00008,LATE
CANONICAL_c4f82383a494,VALIDATION,VALIDATION,CLUST_0.70_00127,LATE
CANONICAL_c4fa5f44fb59,VALIDATION,TRAIN,CLUST_0.70_00005,EARLY
CANONICAL_c4faf4dab9ce,VALIDATION,TRAIN,CLUST_0.70_00090,LATE
CANONICAL_c4fd5c49393e,TRAIN,TEST,CLUST_0.70_00030,EARLY
CANONICAL_c5033e943b65,TEST,TRAIN,CLUST_0.70_00090,LATE
CANONICAL_c50818cd90c9,TRAIN,TRAIN,CLUST_0.70_00230,LATE
CANONICAL_c509a23fdf3b,TRAIN,TRAIN,CLUST_0.70_00007,EARLY
CANONICAL_c50c52556db6,TRAIN,TEST,CLUST_0.70_00052,LATE
CANONICAL_c50cc65cc8b4,VALIDATION,TEST,CLUST_0.70_00030,EARLY
CANONICAL_c51656159dbe,TEST,TRAIN,CLUST_0.70_00005,LATE
CANONICAL_c516715fec47,TRAIN,TEST,CLUST_0.70_00004,IMMEDIATE_EARLY
CANONICAL_c519135d0f12,TRAIN,TRAIN,CLUST_0.70_00062,LATE
CANONICAL_c51b15eee2b8,VALIDATION,TRAIN,CLUST_0.70_00005,LATE
CANONICAL_c520bfb8a20b,TEST,TRAIN,CLUST_0.70_00005,EARLY
CANONICAL_c525a2ac1755,TEST,TEST,CLUST_0.70_00030,EARLY
CANONICAL_c527b47e3f84,TRAIN,TRAIN,CLUST_0.70_00091,LATE
CANONICAL_c52dd8a58d3e,TRAIN,TRAIN,CLUST_0.70_00008,LATE
CANONICAL_c53614b982c1,TRAIN,TRAIN,CLUST_0.70_00005,EARLY
CANONICAL_c539984f0ce5,TRAIN,TRAIN,CLUST_0.70_00005,LATE
CANONICAL_c539d4398db0,TRAIN,TEST,CLUST_0.70_00018,LATE
CANONICAL_c53ac29c6cf1,TRAIN,TRAIN,CLUST_0.70_00008,LATE
CANONICAL_c541a3b3a3e9,TRAIN,TEST,CLUST_0.70_00001,LATE
CANONICAL_c5444aca5197,TRAIN,TRAIN,CLUST_0.70_00005,LATE
CANONICAL_c544bc05d58a,TRAIN,TEST,CLUST_0.70_00004,IMMEDIATE_EARLY
CANONICAL_c54815c0f400,TRAIN,VALIDATION,CLUST_0.70_00017,LATE
CANONICAL_c5491ed53aa9,TRAIN,TRAIN,CLUST_0.70_00005,LATE
CANONICAL_c54a9a74716f,TRAIN,TRAIN,CLUST_0.70_00007,EARLY
CANONICAL_c54caf4d06e4,VALIDATION,VALIDATION,CLUST_0.70_00055,LATE
CANONICAL_c54dc10b8db7,TRAIN,TRAIN,CLUST_0.70_00008,LATE
CANONICAL_c557ae803125,TRAIN,TRAIN,CLUST_0.70_00005,EARLY
CANONICAL_c55a0cae259b,TEST,TEST,CLUST_0.70_00030,EARLY
CANONICAL_c55ab5f2a834,TRAIN,VALIDATION,CLUST_0.70_00039,LATE
CANONICAL_c55f723a214f,TRAIN,TRAIN,CLUST_0.70_00005,EARLY
CANONICAL_c55f8fb28fc4,TRAIN,TRAIN,CLUST_0.70_00008,LATE
CANONICAL_c562f5a77b34,TRAIN,TEST,CLUST_0.70_00001,LATE
CANONICAL_c564d361a7b4,TRAIN,TEST,CLUST_0.70_00071,LATE
CANONICAL_c566cac226d8,TRAIN,TRAIN,CLUST_0.70_00008,LATE
CANONICAL_c56b769028be,TRAIN,TEST,CLUST_0.70_00018,LATE
CANONICAL_c56d5140f031,VALIDATION,VALIDATION,CLUST_0.70_00036,EARLY
CANONICAL_c56f994f70d8,TEST,TEST,CLUST_0.70_00004,IMMEDIATE_EARLY
CANONICAL_c575f290854e,TRAIN,TRAIN,CLUST_0.70_00007,EARLY
CANONICAL_c577043eb303,TRAIN,TRAIN,CLUST_0.70_00008,LATE
CANONICAL_c577322c43b7,TRAIN,TRAIN,CLUST_0.70_00005,LATE
CANONICAL_c578e3b6c62a,TRAIN,TRAIN,CLUST_0.70_00008,LATE
CANONICAL_c57b10e389fe,TEST,TRAIN,CLUST_0.70_00008,LATE
CANONICAL_c57e95704f1b,TRAIN,TEST,CLUST_0.70_00015,LATE
CANONICAL_c586362ecc47,VALIDATION,TRAIN,CLUST_0.70_00008,LATE
CANONICAL_c587f69d62ad,TRAIN,TRAIN,CLUST_0.70_00008,LATE
CANONICAL_c588e35569b1,TRAIN,TRAIN,CLUST_0.70_00005,LATE
CANONICAL_c58bb6d6f762,TRAIN,TEST,CLUST_0.70_00001,LATE
CANONICAL_c5912f69fe77,TRAIN,TEST,CLUST_0.70_00071,LATE
CANONICAL_c5921738c221,TRAIN,TRAIN,CLUST_0.70_00236,IMMEDIATE_EARLY
CANONICAL_c5a0454adc09,TRAIN,VALIDATION,CLUST_0.70_00079,LATE
CANONICAL_c5a08453c6ff,VALIDATION,TRAIN,CLUST_0.70_00007,LATE
CANONICAL_c5a1f89744b3,TEST,TRAIN,CLUST_0.70_00005,LATE
CANONICAL_c5a4b07755d3,TRAIN,TRAIN,CLUST_0.70_00005,EARLY
CANONICAL_c5a50d7951a5,VALIDATION,TRAIN,CLUST_0.70_00005,LATE
CANONICAL_c5a8501ce01e,TRAIN,TRAIN,CLUST_0.70_00005,EARLY
CANONICAL_c5aab6508a66,TRAIN,TRAIN,CLUST_0.70_00008,LATE
CANONICAL_c5abdbb4b36d,VALIDATION,TRAIN,CLUST_0.70_00151,LATE
CANONICAL_c5b3bc67473f,VALIDATION,TRAIN,CLUST_0.70_00005,LATE
CANONICAL_c5b40fbec781,TRAIN,TRAIN,CLUST_0.70_00047,LATE
CANONICAL_c5b4d0d9cc54,TRAIN,TRAIN,CLUST_0.70_00008,LATE
CANONICAL_c5baf90a6756,TEST,VALIDATION,CLUST_0.70_00064,LATE
CANONICAL_c5c127c38715,VALIDATION,TRAIN,CLUST_0.70_00005,LATE
CANONICAL_c5c453a970a1,TRAIN,TEST,CLUST_0.70_00001,LATE
CANONICAL_c5d2bfeb2d11,TRAIN,TRAIN,CLUST_0.70_00005,EARLY
CANONICAL_c5d50c4ee0ab,TRAIN,TRAIN,CLUST_0.70_00005,EARLY
CANONICAL_c5dd0425f866,VALIDATION,VALIDATION,CLUST_0.70_00031,LATE
CANONICAL_c5df1aead51d,TRAIN,TEST,CLUST_0.70_00015,LATE
CANONICAL_c5df6507e630,TEST,TRAIN,CLUST_0.70_00005,EARLY
CANONICAL_c5e4d2377b3d,TRAIN,TEST,CLUST_0.70_00001,LATE
CANONICAL_c5e62b9f860f,TRAIN,TEST,CLUST_0.70_00001,LATE
CANONICAL_c5f1b8a78746,VALIDATION,VALIDATION,CLUST_0.70_00059,LATE
CANONICAL_c5f224e02bac,TRAIN,VALIDATION,CLUST_0.70_00025,LATE
CANONICAL_c5f5aefb9452,TRAIN,VALIDATION,CLUST_0.70_00064,LATE
CANONICAL_c5f6674e3467,TEST,TRAIN,CLUST_0.70_00007,LATE
CANONICAL_c5f686d92848,TRAIN,TRAIN,CLUST_0.70_00008,LATE
CANONICAL_c5fd513585fb,TEST,TRAIN,CLUST_0.70_00005,LATE
CANONICAL_c5ffc1a6f60f,VALIDATION,TRAIN,CLUST_0.70_00007,LATE
CANONICAL_c60126a645c0,TEST,VALIDATION,CLUST_0.70_00059,LATE
CANONICAL_c6014a493160,TRAIN,VALIDATION,CLUST_0.70_00039,LATE
CANONICAL_c60181a02cec,TEST,TRAIN,CLUST_0.70_00008,LATE
CANONICAL_c605554f6647,TEST,TEST,CLUST_0.70_00080,LATE
CANONICAL_c606ff017c82,VALIDATION,VALIDATION,CLUST_0.70_00079,LATE
CANONICAL_c60b3376cf21,TRAIN,TEST,CLUST_0.70_00004,IMMEDIATE_EARLY
CANONICAL_c6105616cf54,TRAIN,TRAIN,CLUST_0.70_00134,LATE
CANONICAL_c612ccb3fc14,TEST,TEST,CLUST_0.70_00004,IMMEDIATE_EARLY
CANONICAL_c612dd3fac1c,VALIDATION,TRAIN,CLUST_0.70_00008,LATE
CANONICAL_c614b484bf0c,TRAIN,TRAIN,CLUST_0.70_00008,LATE
CANONICAL_c615bca3f039,TRAIN,TEST,CLUST_0.70_00018,LATE
CANONICAL_c6160c76e118,TEST,TRAIN,CLUST_0.70_00005,EARLY
CANONICAL_c61648cbdb27,VALIDATION,VALIDATION,CLUST_0.70_00006,IMMEDIATE_EARLY
CANONICAL_c61af0d96a41,TRAIN,TRAIN,CLUST_0.70_00005,EARLY
CANONICAL_c61d2f4ac887,TRAIN,TRAIN,CLUST_0.70_00112,LATE
CANONICAL_c626ac676d50,TRAIN,VALIDATION,CLUST_0.70_00079,LATE
CANONICAL_c62926a985be,TRAIN,TEST,CLUST_0.70_00004,IMMEDIATE_EARLY
CANONICAL_c62a020d0e7d,VALIDATION,VALIDATION,CLUST_0.70_00040,EARLY
CANONICAL_c62f4da95135,TRAIN,TRAIN,CLUST_0.70_00056,LATE
CANONICAL_c630262895e6,TRAIN,TRAIN,CLUST_0.70_00224,LATE
CANONICAL_c6306d8f6941,TEST,TRAIN,CLUST_0.70_00005,LATE
CANONICAL_c630b0e6f8f1,TEST,TRAIN,CLUST_0.70_00005,LATE
CANONICAL_c635a9b48b10,VALIDATION,TRAIN,CLUST_0.70_00220,LATE
CANONICAL_c63c037872a9,TEST,TRAIN,CLUST_0.70_00062,LATE
CANONICAL_c63c50e434bb,TRAIN,TRAIN,CLUST_0.70_00008,LATE
CANONICAL_c643dd908ee0,VALIDATION,TRAIN,CLUST_0.70_00007,IMMEDIATE_EARLY
CANONICAL_c647ca30a724,TRAIN,TEST,CLUST_0.70_00030,EARLY
CANONICAL_c662d1921b30,TRAIN,TRAIN,CLUST_0.70_00005,EARLY
CANONICAL_c667cef0f515,TEST,TEST,CLUST_0.70_00018,LATE
CANONICAL_c66d7080c567,TRAIN,TEST,CLUST_0.70_00001,LATE
CANONICAL_c66e7b06e5ca,TRAIN,VALIDATION,CLUST_0.70_00040,EARLY
CANONICAL_c67030e651d8,VALIDATION,TRAIN,CLUST_0.70_00005,EARLY
CANONICAL_c6743cb8c96a,TRAIN,TRAIN,CLUST_0.70_00008,LATE
CANONICAL_c67441573b39,TRAIN,TRAIN,CLUST_0.70_00007,LATE
CANONICAL_c674db5d2ac1,VALIDATION,VALIDATION,CLUST_0.70_00058,LATE
CANONICAL_c6755cfb9f72,TRAIN,TRAIN,CLUST_0.70_00008,LATE
CANONICAL_c6770bd184f8,TRAIN,TRAIN,CLUST_0.70_00005,LATE
CANONICAL_c6797a4dffd3,TEST,TRAIN,CLUST_0.70_00147,IMMEDIATE_EARLY
CANONICAL_c67e8c1e0c0b,TEST,TRAIN,CLUST_0.70_00076,LATE
CANONICAL_c67f57247094,TRAIN,TEST,CLUST_0.70_00020,LATE
CANONICAL_c687c9adb297,TRAIN,VALIDATION,CLUST_0.70_00079,LATE
CANONICAL_c6963a8cf44f,TEST,VALIDATION,CLUST_0.70_00036,EARLY
CANONICAL_c6980965fe0c,TRAIN,TEST,CLUST_0.70_00018,LATE
CANONICAL_c6a617fef77c,TRAIN,TRAIN,CLUST_0.70_00005,EARLY
CANONICAL_c6a74944ed36,VALIDATION,TRAIN,CLUST_0.70_00332,LATE
CANONICAL_c6a9f848865e,TRAIN,VALIDATION,CLUST_0.70_00055,IMMEDIATE_EARLY
CANONICAL_c6ac73e7818d,TRAIN,TEST,CLUST_0.70_00037,LATE
CANONICAL_c6ad9287c45f,TRAIN,TEST,CLUST_0.70_00020,LATE
CANONICAL_c6aedd0a5323,TRAIN,TRAIN,CLUST_0.70_00005,LATE
CANONICAL_c6b014aad3f8,TRAIN,TRAIN,CLUST_0.70_00395,LATE
CANONICAL_c6b057e820eb,TRAIN,TRAIN,CLUST_0.70_00239,LATE
CANONICAL_c6b2b70ec23b,TRAIN,VALIDATION,CLUST_0.70_00006,IMMEDIATE_EARLY
CANONICAL_c6bd64c13a20,VALIDATION,VALIDATION,CLUST_0.70_00031,LATE
CANONICAL_c6c69cf30fff,TRAIN,TRAIN,CLUST_0.70_00231,IMMEDIATE_EARLY
CANONICAL_c6c9aba4402d,TRAIN,VALIDATION,CLUST_0.70_00065,LATE
CANONICAL_c6d1365656c1,TRAIN,TEST,CLUST_0.70_00071,LATE
CANONICAL_c6d1c4eafd35,TRAIN,TEST,CLUST_0.70_00018,LATE
CANONICAL_c6d211a900fb,TEST,TRAIN,CLUST_0.70_00134,LATE
CANONICAL_c6d2a5f4e5c8,TEST,TRAIN,CLUST_0.70_00075,LATE
CANONICAL_c6e14a0dbb86,TRAIN,TEST,CLUST_0.70_00001,LATE
CANONICAL_c6e1e1d3e2c7,TRAIN,TEST,CLUST_0.70_00030,EARLY
CANONICAL_c6eb55f75f27,TRAIN,TRAIN,CLUST_0.70_00005,LATE
CANONICAL_c6ebd404c9f7,TRAIN,TRAIN,CLUST_0.70_00008,LATE
CANONICAL_c6ec9fa0e3dc,TRAIN,TRAIN,CLUST_0.70_00090,LATE
CANONICAL_c6f75eb8abcb,TRAIN,TRAIN,CLUST_0.70_00008,LATE
CANONICAL_c6f9b2f88e10,TEST,VALIDATION,CLUST_0.70_00026,IMMEDIATE_EARLY
CANONICAL_c707d23890f7,VALIDATION,TRAIN,CLUST_0.70_00008,LATE
CANONICAL_c71480f52e49,TRAIN,VALIDATION,CLUST_0.70_00040,EARLY
CANONICAL_c71599fcaa0e,TRAIN,TEST,CLUST_0.70_00001,LATE
CANONICAL_c7170255dc4d,TRAIN,TEST,CLUST_0.70_00052,LATE
CANONICAL_c71894d04df0,TRAIN,TRAIN,CLUST_0.70_00007,LATE
CANONICAL_c71d40aedefa,TRAIN,TRAIN,CLUST_0.70_00005,LATE
CANONICAL_c7222305e48d,TEST,TRAIN,CLUST_0.70_00008,LATE
CANONICAL_c723c428fdba,TRAIN,TEST,CLUST_0.70_00001,LATE
CANONICAL_c725e8061499,TRAIN,VALIDATION,CLUST_0.70_00016,EARLY
CANONICAL_c726028cf8e4,TRAIN,TRAIN,CLUST_0.70_00005,LATE
CANONICAL_c727a9d27c3d,TEST,TEST,CLUST_0.70_00001,LATE
CANONICAL_c728ca183ed6,VALIDATION,TRAIN,CLUST_0.70_00008,IMMEDIATE_EARLY
CANONICAL_c72b317d3156,TRAIN,TRAIN,CLUST_0.70_00327,LATE
CANONICAL_c72cb7633cc4,TRAIN,TRAIN,CLUST_0.70_00008,LATE
CANONICAL_c72fac816bfe,VALIDATION,TEST,CLUST_0.70_00004,IMMEDIATE_EARLY
CANONICAL_c733309a9cbc,TRAIN,TRAIN,CLUST_0.70_00083,LATE
CANONICAL_c736c20894b9,TRAIN,VALIDATION,CLUST_0.70_00040,EARLY
CANONICAL_c7373653ae52,TRAIN,TEST,CLUST_0.70_00052,LATE
CANONICAL_c73dfa196b10,TRAIN,TRAIN,CLUST_0.70_00008,IMMEDIATE_EARLY
CANONICAL_c73f63242237,TRAIN,TRAIN,CLUST_0.70_00008,LATE
CANONICAL_c7447053e7b8,TRAIN,TRAIN,CLUST_0.70_00007,LATE
CANONICAL_c745cb0f7a6d,TEST,TRAIN,CLUST_0.70_00008,LATE
CANONICAL_c748675aa778,TRAIN,VALIDATION,CLUST_0.70_00065,LATE
CANONICAL_c749fcd3c317,TRAIN,TEST,CLUST_0.70_00052,LATE
CANONICAL_c74b68fb3535,TRAIN,TRAIN,CLUST_0.70_00094,LATE
CANONICAL_c74d245ccf08,VALIDATION,TRAIN,CLUST_0.70_00005,EARLY
CANONICAL_c75146ff09ce,VALIDATION,TEST,CLUST_0.70_00080,LATE
CANONICAL_c7525faa41e4,VALIDATION,TEST,CLUST_0.70_00030,EARLY
CANONICAL_c752897511af,VALIDATION,TRAIN,CLUST_0.70_00005,EARLY
CANONICAL_c753d5819b86,TRAIN,TRAIN,CLUST_0.70_00005,EARLY
CANONICAL_c765c36fba67,TRAIN,VALIDATION,CLUST_0.70_00038,LATE
CANONICAL_c768538ec68d,TRAIN,TRAIN,CLUST_0.70_00090,LATE
CANONICAL_c769fe5e34b7,TRAIN,TRAIN,CLUST_0.70_00008,LATE
CANONICAL_c77178196ab0,TRAIN,TEST,CLUST_0.70_00015,LATE
CANONICAL_c774bf742e19,TRAIN,TEST,CLUST_0.70_00030,EARLY
CANONICAL_c77a630b1d71,TRAIN,VALIDATION,CLUST_0.70_00029,LATE
CANONICAL_c77a76882173,TRAIN,TRAIN,CLUST_0.70_00005,LATE
CANONICAL_c78362d2c7cf,TRAIN,VALIDATION,CLUST_0.70_00017,LATE
CANONICAL_c784926a41a4,TEST,TEST,CLUST_0.70_00004,IMMEDIATE_EARLY
CANONICAL_c78b611c4230,TEST,TRAIN,CLUST_0.70_00007,EARLY
CANONICAL_c78bb3ee7b85,TRAIN,TRAIN,CLUST_0.70_00049,IMMEDIATE_EARLY
CANONICAL_c79480c89665,TRAIN,TRAIN,CLUST_0.70_00005,LATE
CANONICAL_c7961599dd5a,TRAIN,VALIDATION,CLUST_0.70_00040,EARLY
CANONICAL_c796af99a3fe,TRAIN,TEST,CLUST_0.70_00018,LATE
CANONICAL_c7a43461a78a,TRAIN,TRAIN,CLUST_0.70_00008,LATE
CANONICAL_c7a698b8480d,TRAIN,VALIDATION,CLUST_0.70_00064,LATE
CANONICAL_c7a9ce43635f,TRAIN,VALIDATION,CLUST_0.70_00065,LATE
CANONICAL_c7bb0e8e7efd,TRAIN,TRAIN,CLUST_0.70_00007,IMMEDIATE_EARLY
CANONICAL_c7bb81667a2a,TRAIN,TRAIN,CLUST_0.70_00005,EARLY
CANONICAL_c7be43de37de,TRAIN,TRAIN,CLUST_0.70_00007,LATE
CANONICAL_c7bf1d4aea6d,VALIDATION,TRAIN,CLUST_0.70_00112,LATE
CANONICAL_c7c25f6d54b5,TRAIN,TEST,CLUST_0.70_00052,LATE
CANONICAL_c7c6c4434f51,TRAIN,TRAIN,CLUST_0.70_00005,EARLY
CANONICAL_c7c81677eabc,TRAIN,TRAIN,CLUST_0.70_00102,LATE
CANONICAL_c7ccbc71bcd3,TRAIN,TRAIN,CLUST_0.70_00005,EARLY
CANONICAL_c7cd0924642a,TRAIN,TRAIN,CLUST_0.70_00170,EARLY
CANONICAL_c7d782d7324c,TRAIN,TRAIN,CLUST_0.70_00116,LATE
CANONICAL_c7db584f6115,TRAIN,VALIDATION,CLUST_0.70_00010,LATE
CANONICAL_c7de8c5192ca,TRAIN,TEST,CLUST_0.70_00052,LATE
CANONICAL_c7e0c7a06876,TRAIN,TRAIN,CLUST_0.70_00007,LATE
CANONICAL_c7e20d0fc0b2,TRAIN,TEST,CLUST_0.70_00051,LATE
CANONICAL_c7ebd371a6f6,TEST,VALIDATION,CLUST_0.70_00017,LATE
CANONICAL_c7ec929c5588,TRAIN,TRAIN,CLUST_0.70_00005,LATE
CANONICAL_c7f2bb7fb62a,VALIDATION,TRAIN,CLUST_0.70_00005,LATE
CANONICAL_c7f2bf37ef3b,TRAIN,TEST,CLUST_0.70_00080,LATE
CANONICAL_c7fdf7d239ce,VALIDATION,TRAIN,CLUST_0.70_00241,LATE
CANONICAL_c8000e26a4a8,TRAIN,TRAIN,CLUST_0.70_00241,LATE
CANONICAL_c80194ca264c,VALIDATION,VALIDATION,CLUST_0.70_00036,EARLY
CANONICAL_c802540f24b0,TEST,VALIDATION,CLUST_0.70_00017,LATE
CANONICAL_c80582377d82,TRAIN,VALIDATION,CLUST_0.70_00017,LATE
CANONICAL_c805d35b077a,TEST,VALIDATION,CLUST_0.70_00029,LATE
CANONICAL_c8098cd3db7c,TRAIN,TEST,CLUST_0.70_00030,EARLY
CANONICAL_c809aa22979e,TRAIN,TRAIN,CLUST_0.70_00008,LATE
CANONICAL_c80b07fed6d6,TRAIN,VALIDATION,CLUST_0.70_00059,LATE
CANONICAL_c8174744eba5,TRAIN,TRAIN,CLUST_0.70_00007,LATE
CANONICAL_c8199f7e18ae,TRAIN,TRAIN,CLUST_0.70_00110,EARLY
CANONICAL_c81e13005085,TEST,TRAIN,CLUST_0.70_00007,LATE
CANONICAL_c827dd205b6b,TRAIN,TRAIN,CLUST_0.70_00047,LATE
CANONICAL_c82abdce9ecb,TRAIN,TRAIN,CLUST_0.70_00008,LATE
CANONICAL_c83115f0c5c2,VALIDATION,TEST,CLUST_0.70_00030,EARLY
CANONICAL_c8385906985b,TRAIN,TRAIN,CLUST_0.70_00005,LATE
CANONICAL_c84268212683,TRAIN,TRAIN,CLUST_0.70_00102,LATE
CANONICAL_c84cfa6328de,TRAIN,TRAIN,CLUST_0.70_00008,LATE
CANONICAL_c84ff4ef8a92,TRAIN,TRAIN,CLUST_0.70_00008,LATE
CANONICAL_c855b6caf1d9,TRAIN,TRAIN,CLUST_0.70_00005,EARLY
CANONICAL_c855e009100d,TEST,TRAIN,CLUST_0.70_00005,LATE
CANONICAL_c85d1b5018ec,TEST,TRAIN,CLUST_0.70_00008,LATE
CANONICAL_c86bc716fdee,TRAIN,TRAIN,CLUST_0.70_00005,EARLY
CANONICAL_c86c65e0b520,TRAIN,TEST,CLUST_0.70_00020,LATE
CANONICAL_c8739d9abd2d,TEST,VALIDATION,CLUST_0.70_00038,LATE
CANONICAL_c87b75e6de7e,TRAIN,VALIDATION,CLUST_0.70_00065,LATE
CANONICAL_c87bf3262164,TRAIN,TEST,CLUST_0.70_00018,LATE
CANONICAL_c87ec4a92961,TRAIN,TRAIN,CLUST_0.70_00005,LATE
CANONICAL_c87fc32c93dc,TRAIN,TRAIN,CLUST_0.70_00005,EARLY
CANONICAL_c88794decf9a,TRAIN,TEST,CLUST_0.70_00080,LATE
CANONICAL_c88c60247f83,VALIDATION,TRAIN,CLUST_0.70_00005,EARLY
CANONICAL_c88c75107d61,VALIDATION,TRAIN,CLUST_0.70_00294,EARLY
CANONICAL_c88d4bfc3e2b,TRAIN,TRAIN,CLUST_0.70_00005,LATE
CANONICAL_c89b6526a081,TEST,TRAIN,CLUST_0.70_00008,LATE
CANONICAL_c89ff1444684,TRAIN,TEST,CLUST_0.70_00004,IMMEDIATE_EARLY
CANONICAL_c8a8b250b4e3,TEST,TEST,CLUST_0.70_00001,LATE
CANONICAL_c8acb050a575,TRAIN,TRAIN,CLUST_0.70_00005,EARLY
CANONICAL_c8b0683678b7,TEST,TRAIN,CLUST_0.70_00008,LATE
CANONICAL_c8b2f6846fa7,TRAIN,TRAIN,CLUST_0.70_00008,LATE
CANONICAL_c8b4272bea19,TRAIN,TEST,CLUST_0.70_00030,EARLY
CANONICAL_c8b646e68581,TEST,TRAIN,CLUST_0.70_00005,EARLY
CANONICAL_c8be1eef7f1d,TRAIN,TRAIN,CLUST_0.70_00008,LATE
CANONICAL_c8bff5127f0e,TRAIN,VALIDATION,CLUST_0.70_00010,EARLY
CANONICAL_c8c00fd7d0ff,TRAIN,TRAIN,CLUST_0.70_00005,EARLY
CANONICAL_c8c9b5b707a9,VALIDATION,TRAIN,CLUST_0.70_00008,LATE
CANONICAL_c8d825b8408b,VALIDATION,TRAIN,CLUST_0.70_00005,EARLY
CANONICAL_c8dc87f222c4,VALIDATION,TRAIN,CLUST_0.70_00007,LATE
CANONICAL_c8def6e315d4,TRAIN,VALIDATION,CLUST_0.70_00010,EARLY
CANONICAL_c8e613dd1ad1,TRAIN,TRAIN,CLUST_0.70_00005,LATE
CANONICAL_c8e7e7177f42,TRAIN,VALIDATION,CLUST_0.70_00127,LATE
CANONICAL_c8eb4a19e9e1,TRAIN,TRAIN,CLUST_0.70_00008,LATE
CANONICAL_c8f33d03d14f,VALIDATION,TRAIN,CLUST_0.70_00008,LATE
CANONICAL_c8f40188d356,TRAIN,VALIDATION,CLUST_0.70_00017,LATE
CANONICAL_c8f91bab0f78,TRAIN,TRAIN,CLUST_0.70_00005,LATE
CANONICAL_c906aef0e7d9,TEST,TRAIN,CLUST_0.70_00008,LATE
CANONICAL_c90e1c5478c3,TRAIN,TRAIN,CLUST_0.70_00005,LATE
CANONICAL_c91436f589a0,TRAIN,TRAIN,CLUST_0.70_00005,LATE
CANONICAL_c9153fb20347,TRAIN,TRAIN,CLUST_0.70_00007,LATE
CANONICAL_c9154f4fed4b,TRAIN,TRAIN,CLUST_0.70_00008,LATE
CANONICAL_c91aff1dfd21,TRAIN,TEST,CLUST_0.70_00020,LATE
CANONICAL_c9256048ba91,TRAIN,TRAIN,CLUST_0.70_00088,EARLY
CANONICAL_c9272c1a634b,TEST,TRAIN,CLUST_0.70_00008,IMMEDIATE_EARLY
CANONICAL_c9289f8a7648,TRAIN,TEST,CLUST_0.70_00030,EARLY
CANONICAL_c92d2faff98b,VALIDATION,TRAIN,CLUST_0.70_00008,LATE
CANONICAL_c92fbe6f4dd5,TRAIN,TRAIN,CLUST_0.70_00005,EARLY
CANONICAL_c92ffa5ae011,TRAIN,TRAIN,CLUST_0.70_00062,LATE
CANONICAL_c930259e3878,TRAIN,VALIDATION,CLUST_0.70_00017,LATE
CANONICAL_c93cd159cbdf,VALIDATION,TRAIN,CLUST_0.70_00005,EARLY
CANONICAL_c948043f9620,TRAIN,VALIDATION,CLUST_0.70_00038,LATE
CANONICAL_c948aac1497c,TRAIN,TEST,CLUST_0.70_00001,LATE
CANONICAL_c94ba8d653a8,TRAIN,TEST,CLUST_0.70_00052,LATE
CANONICAL_c951a2cb6280,TRAIN,TRAIN,CLUST_0.70_00005,LATE
CANONICAL_c9616658a2ef,TRAIN,TEST,CLUST_0.70_00001,LATE
CANONICAL_c96278945dc1,TRAIN,TRAIN,CLUST_0.70_00222,LATE
CANONICAL_c9628cd32c0b,TRAIN,TEST,CLUST_0.70_00071,LATE
CANONICAL_c9671bca7c1f,TRAIN,TRAIN,CLUST_0.70_00005,LATE
CANONICAL_c96d14e5c599,TRAIN,VALIDATION,CLUST_0.70_00064,LATE
CANONICAL_c96eabec9215,TRAIN,VALIDATION,CLUST_0.70_00055,LATE
CANONICAL_c973c40188d7,TRAIN,VALIDATION,CLUST_0.70_00055,LATE
CANONICAL_c974872b086e,TRAIN,TEST,CLUST_0.70_00015,LATE
CANONICAL_c97b304e52d3,VALIDATION,TRAIN,CLUST_0.70_00048,LATE
CANONICAL_c97e6afc15ed,TRAIN,TRAIN,CLUST_0.70_00008,EARLY
CANONICAL_c97fb85a38f7,VALIDATION,TRAIN,CLUST_0.70_00005,LATE
CANONICAL_c984ee46f3c8,TRAIN,TRAIN,CLUST_0.70_00182,EARLY
CANONICAL_c9854c7baf23,TRAIN,TRAIN,CLUST_0.70_00005,EARLY
CANONICAL_c98673c2b747,TEST,TRAIN,CLUST_0.70_00005,LATE
CANONICAL_c9874724382f,TRAIN,TRAIN,CLUST_0.70_00007,LATE
CANONICAL_c98869fa4ceb,TEST,TRAIN,CLUST_0.70_00005,LATE
CANONICAL_c98a757fbc3e,TRAIN,TEST,CLUST_0.70_00004,IMMEDIATE_EARLY
CANONICAL_c98e176418ac,TRAIN,TRAIN,CLUST_0.70_00008,LATE
CANONICAL_c991ad6ad996,TRAIN,TRAIN,CLUST_0.70_00005,EARLY
CANONICAL_c994a3d7a8bc,TRAIN,VALIDATION,CLUST_0.70_00064,LATE
CANONICAL_c99c5f26114d,TRAIN,TRAIN,CLUST_0.70_00005,EARLY
CANONICAL_c9a004389c86,TRAIN,TRAIN,CLUST_0.70_00005,EARLY
CANONICAL_c9a40408731a,TRAIN,TEST,CLUST_0.70_00015,LATE
CANONICAL_c9a55d025530,VALIDATION,TRAIN,CLUST_0.70_00005,LATE
CANONICAL_c9abf51e66ea,TRAIN,TRAIN,CLUST_0.70_00005,LATE
CANONICAL_c9b0838ba9cb,VALIDATION,VALIDATION,CLUST_0.70_00079,LATE
CANONICAL_c9b5f9447733,TEST,TRAIN,CLUST_0.70_00021,EARLY
CANONICAL_c9b8ffe03775,TRAIN,TRAIN,CLUST_0.70_00005,EARLY
CANONICAL_c9be00f362b5,TRAIN,VALIDATION,CLUST_0.70_00065,LATE
CANONICAL_c9c16898a6a3,VALIDATION,TRAIN,CLUST_0.70_00247,EARLY
CANONICAL_c9c1bd54599e,TRAIN,VALIDATION,CLUST_0.70_00058,LATE
CANONICAL_c9c43e2bc27b,TRAIN,TRAIN,CLUST_0.70_00005,EARLY
CANONICAL_c9c6cce79aa4,TRAIN,TRAIN,CLUST_0.70_00005,LATE
CANONICAL_c9c7e429a6c3,TRAIN,VALIDATION,CLUST_0.70_00026,IMMEDIATE_EARLY
CANONICAL_c9cb74d5e25a,TEST,TEST,CLUST_0.70_00051,LATE
CANONICAL_c9cdaa6dc115,TRAIN,TRAIN,CLUST_0.70_00005,EARLY
CANONICAL_c9d4337e849e,TRAIN,TEST,CLUST_0.70_00004,IMMEDIATE_EARLY
CANONICAL_c9d612142be0,VALIDATION,TRAIN,CLUST_0.70_00008,LATE
CANONICAL_c9d8150e9dd5,TRAIN,TRAIN,CLUST_0.70_00005,EARLY
CANONICAL_c9db2efc0eb6,TRAIN,TRAIN,CLUST_0.70_00229,EARLY
CANONICAL_c9db362ba1ba,TEST,TRAIN,CLUST_0.70_00005,LATE
CANONICAL_c9e447d54a43,VALIDATION,TRAIN,CLUST_0.70_00005,LATE
CANONICAL_c9e4abbe2ee8,TRAIN,TRAIN,CLUST_0.70_00005,EARLY
CANONICAL_c9ebb929c0da,TRAIN,TRAIN,CLUST_0.70_00005,LATE
CANONICAL_c9ef09764efe,TEST,TRAIN,CLUST_0.70_00005,EARLY
CANONICAL_c9f59a76c141,TRAIN,VALIDATION,CLUST_0.70_00064,LATE
CANONICAL_c9f6966b27ce,TRAIN,TRAIN,CLUST_0.70_00005,LATE
CANONICAL_c9f98c90b901,TRAIN,TRAIN,CLUST_0.70_00005,LATE
CANONICAL_c9fe54c866d8,TEST,TRAIN,CLUST_0.70_00005,EARLY
CANONICAL_c9ff0663f14c,TRAIN,TRAIN,CLUST_0.70_00120,LATE
CANONICAL_ca0614ef93b3,TRAIN,VALIDATION,CLUST_0.70_00059,LATE
CANONICAL_ca06bddc0be2,TRAIN,TRAIN,CLUST_0.70_00087,LATE
CANONICAL_ca07dfc3d861,TRAIN,TEST,CLUST_0.70_00001,LATE
CANONICAL_ca0840736788,TEST,TRAIN,CLUST_0.70_00005,LATE
CANONICAL_ca08ce6dd0dd,TRAIN,TRAIN,CLUST_0.70_00005,LATE
CANONICAL_ca14bee76d19,VALIDATION,TRAIN,CLUST_0.70_00235,LATE
CANONICAL_ca21606b9bcb,TRAIN,TRAIN,CLUST_0.70_00213,LATE
CANONICAL_ca22f9cb3845,TRAIN,TRAIN,CLUST_0.70_00005,EARLY
CANONICAL_ca2fca3e8f44,TEST,TRAIN,CLUST_0.70_00196,LATE
CANONICAL_ca314270878d,TRAIN,VALIDATION,CLUST_0.70_00010,EARLY
CANONICAL_ca3187d672b5,TRAIN,VALIDATION,CLUST_0.70_00029,LATE
CANONICAL_ca333362c073,TRAIN,TRAIN,CLUST_0.70_00005,EARLY
CANONICAL_ca36ee98f5ac,TRAIN,VALIDATION,CLUST_0.70_00025,LATE
CANONICAL_ca42f059ce9a,TEST,TRAIN,CLUST_0.70_00005,EARLY
CANONICAL_ca4478bccfa2,TRAIN,TRAIN,CLUST_0.70_00005,EARLY
CANONICAL_ca549571173b,TRAIN,TRAIN,CLUST_0.70_00008,LATE
CANONICAL_ca69b77396a8,TRAIN,TRAIN,CLUST_0.70_00109,LATE
CANONICAL_ca70d8eec7d5,VALIDATION,TEST,CLUST_0.70_00030,EARLY
CANONICAL_ca710780887f,TRAIN,TRAIN,CLUST_0.70_00005,EARLY
CANONICAL_ca72612ff74a,TRAIN,TRAIN,CLUST_0.70_00223,LATE
CANONICAL_ca78318eeb2d,TRAIN,TEST,CLUST_0.70_00001,LATE
CANONICAL_ca7ecf2f13ea,TRAIN,TEST,CLUST_0.70_00015,LATE
CANONICAL_ca8216c7048c,TEST,TEST,CLUST_0.70_00030,EARLY
CANONICAL_ca884d09f26a,TRAIN,VALIDATION,CLUST_0.70_00026,IMMEDIATE_EARLY
CANONICAL_ca8d52e9f0d2,VALIDATION,TEST,CLUST_0.70_00030,EARLY
CANONICAL_caa3ee122902,TRAIN,VALIDATION,CLUST_0.70_00055,IMMEDIATE_EARLY
CANONICAL_caa5ccd30326,TRAIN,VALIDATION,CLUST_0.70_00026,IMMEDIATE_EARLY
CANONICAL_caa8fe5c11bf,TRAIN,TEST,CLUST_0.70_00052,LATE
CANONICAL_caaee80d68fb,TRAIN,TEST,CLUST_0.70_00052,LATE
CANONICAL_cab7847e0cf9,TRAIN,TRAIN,CLUST_0.70_00005,EARLY
CANONICAL_cab8e1e08af9,TRAIN,VALIDATION,CLUST_0.70_00017,LATE
CANONICAL_caba2862554e,VALIDATION,TRAIN,CLUST_0.70_00005,LATE
CANONICAL_cabf83802363,TRAIN,VALIDATION,CLUST_0.70_00127,LATE
CANONICAL_cac9a35e16f3,TRAIN,VALIDATION,CLUST_0.70_00055,LATE
CANONICAL_cacd0512faab,TRAIN,TRAIN,CLUST_0.70_00008,LATE
CANONICAL_cacf3fc4bad6,TRAIN,TRAIN,CLUST_0.70_00005,LATE
CANONICAL_cad4e3df8979,TEST,TRAIN,CLUST_0.70_00008,LATE
CANONICAL_cad58fdc2342,VALIDATION,TRAIN,CLUST_0.70_00008,LATE
CANONICAL_cad5d861928f,TRAIN,TRAIN,CLUST_0.70_00008,LATE
CANONICAL_cad84c6f6644,TRAIN,VALIDATION,CLUST_0.70_00031,LATE
CANONICAL_cada63150886,VALIDATION,VALIDATION,CLUST_0.70_00026,IMMEDIATE_EARLY
CANONICAL_cadb6ad09af6,TRAIN,TRAIN,CLUST_0.70_00005,LATE
CANONICAL_cadd532c1859,TRAIN,TEST,CLUST_0.70_00004,IMMEDIATE_EARLY
CANONICAL_cae1b3d9497f,TEST,VALIDATION,CLUST_0.70_00106,LATE
CANONICAL_cae2cad77e23,TRAIN,TRAIN,CLUST_0.70_00005,EARLY
CANONICAL_caf6413ae269,TRAIN,TRAIN,CLUST_0.70_00008,LATE
CANONICAL_cafa3004dfcd,TEST,TRAIN,CLUST_0.70_00005,EARLY
CANONICAL_cafbf209d4fe,VALIDATION,TRAIN,CLUST_0.70_00005,LATE
CANONICAL_cb00b6264e02,TRAIN,TRAIN,CLUST_0.70_00047,LATE
CANONICAL_cb012655afe5,TRAIN,TRAIN,CLUST_0.70_00005,EARLY
CANONICAL_cb0165205f7c,TRAIN,TRAIN,CLUST_0.70_00014,LATE
CANONICAL_cb04434ecde8,TRAIN,TRAIN,CLUST_0.70_00008,LATE
CANONICAL_cb0aa652e347,TRAIN,TEST,CLUST_0.70_00004,IMMEDIATE_EARLY
CANONICAL_cb0c22a44223,TRAIN,VALIDATION,CLUST_0.70_00026,IMMEDIATE_EARLY
CANONICAL_cb13faf33b23,TRAIN,VALIDATION,CLUST_0.70_00169,LATE
CANONICAL_cb1439122bd2,TRAIN,TRAIN,CLUST_0.70_00008,LATE
CANONICAL_cb1ac4a8fad7,TRAIN,TEST,CLUST_0.70_00030,EARLY
CANONICAL_cb1de5187936,TRAIN,TRAIN,CLUST_0.70_00005,EARLY
CANONICAL_cb20d5e3be22,TRAIN,TRAIN,CLUST_0.70_00005,EARLY
CANONICAL_cb21d3e97364,TRAIN,TEST,CLUST_0.70_00051,LATE
CANONICAL_cb2229bbe5dd,TRAIN,TEST,CLUST_0.70_00071,LATE
CANONICAL_cb2835b7e33b,TRAIN,VALIDATION,CLUST_0.70_00059,LATE
CANONICAL_cb37f2492097,TRAIN,TRAIN,CLUST_0.70_00100,LATE
CANONICAL_cb408b8c88cd,TRAIN,TRAIN,CLUST_0.70_00008,LATE
CANONICAL_cb43e4878854,VALIDATION,TRAIN,CLUST_0.70_00328,LATE
CANONICAL_cb4734557033,TRAIN,TRAIN,CLUST_0.70_00008,LATE
CANONICAL_cb4a54321beb,VALIDATION,TRAIN,CLUST_0.70_00005,LATE
CANONICAL_cb4b12f44358,TRAIN,TRAIN,CLUST_0.70_00005,LATE
CANONICAL_cb574e0b030f,VALIDATION,VALIDATION,CLUST_0.70_00055,LATE
CANONICAL_cb5bf9f4b5e7,TRAIN,TRAIN,CLUST_0.70_00007,LATE
CANONICAL_cb5c6361087b,TEST,VALIDATION,CLUST_0.70_00029,LATE
CANONICAL_cb664f84a517,TEST,TRAIN,CLUST_0.70_00007,LATE
CANONICAL_cb67f80d20de,TRAIN,TEST,CLUST_0.70_00001,LATE
CANONICAL_cb8a516b5dd9,VALIDATION,TRAIN,CLUST_0.70_00007,LATE
CANONICAL_cb8b23838e36,TRAIN,TEST,CLUST_0.70_00004,IMMEDIATE_EARLY
CANONICAL_cb8c553915f6,TRAIN,TRAIN,CLUST_0.70_00005,LATE
CANONICAL_cb9777d2a2ca,TRAIN,VALIDATION,CLUST_0.70_00031,LATE
CANONICAL_cb9a401e1481,TRAIN,TRAIN,CLUST_0.70_00005,LATE
CANONICAL_cb9f1358b0f8,TRAIN,TRAIN,CLUST_0.70_00005,EARLY
CANONICAL_cbad7ca7af62,TEST,TRAIN,CLUST_0.70_00005,EARLY
CANONICAL_cbae05702f05,TRAIN,TRAIN,CLUST_0.70_00005,EARLY
CANONICAL_cbb3bb5300a4,TRAIN,TEST,CLUST_0.70_00018,LATE
CANONICAL_cbb6364ffbae,TEST,TEST,CLUST_0.70_00001,LATE
CANONICAL_cbb6ddf1718b,TRAIN,VALIDATION,CLUST_0.70_00058,LATE
CANONICAL_cbbb5ec92689,TRAIN,TEST,CLUST_0.70_00004,IMMEDIATE_EARLY
CANONICAL_cbbcc202643c,TEST,TRAIN,CLUST_0.70_00008,LATE
CANONICAL_cbbf55346b35,TRAIN,TEST,CLUST_0.70_00052,LATE
CANONICAL_cbca58af9d68,TRAIN,TRAIN,CLUST_0.70_00005,EARLY
CANONICAL_cbcb1df42556,TRAIN,TEST,CLUST_0.70_00030,EARLY
CANONICAL_cbd06e3d3873,TRAIN,VALIDATION,CLUST_0.70_00055,LATE
CANONICAL_cbe082ed034f,TRAIN,TRAIN,CLUST_0.70_00005,EARLY
CANONICAL_cbe1c29ade40,TEST,TRAIN,CLUST_0.70_00008,LATE
CANONICAL_cbe446dc0d56,TRAIN,TEST,CLUST_0.70_00052,LATE
CANONICAL_cbe5a55e305e,TRAIN,TRAIN,CLUST_0.70_00007,EARLY
CANONICAL_cbe8b1e0d9b1,VALIDATION,TRAIN,CLUST_0.70_00005,EARLY
CANONICAL_cbed967b77c7,TRAIN,TEST,CLUST_0.70_00052,LATE
CANONICAL_cbef8f1a025f,TRAIN,TRAIN,CLUST_0.70_00134,LATE
CANONICAL_cbf0224d7ef4,TRAIN,TRAIN,CLUST_0.70_00230,LATE
CANONICAL_cbf73315dad9,TRAIN,TRAIN,CLUST_0.70_00008,LATE
CANONICAL_cbfbb4bcffd3,TRAIN,TEST,CLUST_0.70_00009,LATE
CANONICAL_cbff5f4964a1,VALIDATION,VALIDATION,CLUST_0.70_00059,LATE
CANONICAL_cc063a54e05d,TRAIN,VALIDATION,CLUST_0.70_00040,EARLY
CANONICAL_cc0701f4301d,TEST,VALIDATION,CLUST_0.70_00064,LATE
CANONICAL_cc07b79260ef,TRAIN,TEST,CLUST_0.70_00004,IMMEDIATE_EARLY
CANONICAL_cc07e589ebf9,TRAIN,VALIDATION,CLUST_0.70_00017,LATE
CANONICAL_cc1340c234eb,VALIDATION,TEST,CLUST_0.70_00052,LATE
CANONICAL_cc14456f6308,TEST,VALIDATION,CLUST_0.70_00029,LATE
CANONICAL_cc1ad897b5db,TRAIN,VALIDATION,CLUST_0.70_00016,EARLY
CANONICAL_cc1e7d353548,TRAIN,TRAIN,CLUST_0.70_00091,LATE
CANONICAL_cc1ff9556ba9,TRAIN,TRAIN,CLUST_0.70_00005,EARLY
CANONICAL_cc26020b00d4,TRAIN,TRAIN,CLUST_0.70_00008,LATE
CANONICAL_cc2b289167e1,VALIDATION,TRAIN,CLUST_0.70_00005,LATE
CANONICAL_cc2b2d77da81,TRAIN,TRAIN,CLUST_0.70_00056,LATE
CANONICAL_cc2d247a0641,TRAIN,TRAIN,CLUST_0.70_00005,EARLY
CANONICAL_cc39ad6b0282,TEST,TEST,CLUST_0.70_00030,EARLY
CANONICAL_cc3cacb65e07,TRAIN,TEST,CLUST_0.70_00030,EARLY
CANONICAL_cc4030252729,TRAIN,TEST,CLUST_0.70_00052,LATE
CANONICAL_cc407cbcf424,TRAIN,VALIDATION,CLUST_0.70_00006,IMMEDIATE_EARLY
CANONICAL_cc45842ce479,TRAIN,TEST,CLUST_0.70_00004,IMMEDIATE_EARLY
CANONICAL_cc541401c7a8,TRAIN,TRAIN,CLUST_0.70_00005,EARLY
CANONICAL_cc570005ba86,TRAIN,VALIDATION,CLUST_0.70_00041,EARLY
CANONICAL_cc5ec8e6cc9f,VALIDATION,TRAIN,CLUST_0.70_00008,LATE
CANONICAL_cc68e0b03ebe,VALIDATION,VALIDATION,CLUST_0.70_00055,LATE
CANONICAL_cc6ea698e79a,TRAIN,VALIDATION,CLUST_0.70_00055,LATE
CANONICAL_cc7052a55b5c,TRAIN,VALIDATION,CLUST_0.70_00058,LATE
CANONICAL_cc713e310201,TRAIN,TEST,CLUST_0.70_00004,IMMEDIATE_EARLY
CANONICAL_cc74b0f80748,TRAIN,VALIDATION,CLUST_0.70_00006,IMMEDIATE_EARLY
CANONICAL_cc7ad6ded83c,TRAIN,TRAIN,CLUST_0.70_00005,EARLY
CANONICAL_cc7c3530d27e,TRAIN,TRAIN,CLUST_0.70_00024,LATE
CANONICAL_cc7ca6bc94a1,TRAIN,TRAIN,CLUST_0.70_00007,EARLY
CANONICAL_cc7f126ab445,VALIDATION,TRAIN,CLUST_0.70_00007,LATE
CANONICAL_cc8003dffe0b,TRAIN,TRAIN,CLUST_0.70_00098,LATE
CANONICAL_cc87b36024b1,VALIDATION,VALIDATION,CLUST_0.70_00079,LATE
CANONICAL_cc8bfe04733e,TRAIN,VALIDATION,CLUST_0.70_00026,IMMEDIATE_EARLY
CANONICAL_cc9204926c51,TRAIN,VALIDATION,CLUST_0.70_00028,EARLY
CANONICAL_cc9e1056ca9b,TRAIN,VALIDATION,CLUST_0.70_00017,LATE
CANONICAL_cc9f4833bcd2,VALIDATION,TRAIN,CLUST_0.70_00005,LATE
CANONICAL_cca47b70dc47,TRAIN,TRAIN,CLUST_0.70_00165,EARLY
CANONICAL_cca781b1b296,VALIDATION,TEST,CLUST_0.70_00030,EARLY
CANONICAL_cca90b9e856d,TEST,TEST,CLUST_0.70_00001,LATE
CANONICAL_ccad3c78b7fd,TRAIN,TEST,CLUST_0.70_00004,IMMEDIATE_EARLY
CANONICAL_ccaee1335544,TRAIN,VALIDATION,CLUST_0.70_00006,IMMEDIATE_EARLY
CANONICAL_ccb1082aaf3c,TRAIN,VALIDATION,CLUST_0.70_00190,LATE
CANONICAL_ccb3d902cbd6,TRAIN,TEST,CLUST_0.70_00030,EARLY
CANONICAL_ccb77a7d50e2,TEST,TRAIN,CLUST_0.70_00005,LATE
CANONICAL_ccbdaca30938,TRAIN,TRAIN,CLUST_0.70_00005,LATE
CANONICAL_ccbfaa42a64c,TRAIN,TRAIN,CLUST_0.70_00005,EARLY
CANONICAL_ccc1178757f3,VALIDATION,TEST,CLUST_0.70_00080,LATE
CANONICAL_ccc633dde648,TRAIN,TRAIN,CLUST_0.70_00008,LATE
CANONICAL_cccf40399272,TRAIN,TEST,CLUST_0.70_00052,LATE
CANONICAL_ccdb19691e93,TRAIN,TEST,CLUST_0.70_00015,LATE
CANONICAL_ccdfcb8cdca3,TRAIN,TEST,CLUST_0.70_00015,LATE
CANONICAL_cce0198a214e,TRAIN,TEST,CLUST_0.70_00015,LATE
CANONICAL_cceb3267a38c,TEST,VALIDATION,CLUST_0.70_00031,LATE
CANONICAL_ccf0c18ac333,TRAIN,TRAIN,CLUST_0.70_00008,LATE
CANONICAL_ccf29684e538,TRAIN,VALIDATION,CLUST_0.70_00036,EARLY
CANONICAL_ccf2c8538bc5,TRAIN,TRAIN,CLUST_0.70_00008,LATE
CANONICAL_ccf38fa827ca,TRAIN,TRAIN,CLUST_0.70_00008,LATE
CANONICAL_ccf3f37c465d,VALIDATION,VALIDATION,CLUST_0.70_00079,LATE
CANONICAL_ccfce8a039c9,TEST,TEST,CLUST_0.70_00001,LATE
CANONICAL_ccfe983e911e,VALIDATION,TRAIN,CLUST_0.70_00005,LATE
CANONICAL_ccff1aeace62,TRAIN,TRAIN,CLUST_0.70_00005,LATE
CANONICAL_cd015f1a1536,TRAIN,VALIDATION,CLUST_0.70_00064,LATE
CANONICAL_cd0560e5665b,TRAIN,VALIDATION,CLUST_0.70_00064,LATE
CANONICAL_cd07c547ca38,TRAIN,VALIDATION,CLUST_0.70_00064,LATE
CANONICAL_cd091c610ac1,VALIDATION,TRAIN,CLUST_0.70_00008,LATE
CANONICAL_cd0a2dd3b277,TRAIN,TRAIN,CLUST_0.70_00005,LATE
CANONICAL_cd0c5dfa56ac,TRAIN,TEST,CLUST_0.70_00037,LATE
CANONICAL_cd0ca4b0f1ae,TRAIN,TRAIN,CLUST_0.70_00008,LATE
CANONICAL_cd1884e4a599,TEST,VALIDATION,CLUST_0.70_00038,LATE
CANONICAL_cd1a0d28c7ae,VALIDATION,TRAIN,CLUST_0.70_00005,EARLY
CANONICAL_cd1e4de3b91f,TRAIN,TRAIN,CLUST_0.70_00241,LATE
CANONICAL_cd1e72cf0dec,TRAIN,TRAIN,CLUST_0.70_00005,EARLY
CANONICAL_cd215340e2fc,TRAIN,TEST,CLUST_0.70_00015,LATE
CANONICAL_cd222fc9750c,TRAIN,VALIDATION,CLUST_0.70_00025,LATE
CANONICAL_cd224f89aaec,TRAIN,VALIDATION,CLUST_0.70_00026,IMMEDIATE_EARLY
CANONICAL_cd251bf12d7f,TRAIN,TRAIN,CLUST_0.70_00005,LATE
CANONICAL_cd272b015a06,TRAIN,VALIDATION,CLUST_0.70_00025,LATE
CANONICAL_cd27f860a52f,TRAIN,TRAIN,CLUST_0.70_00005,LATE
CANONICAL_cd29b98f2abe,TRAIN,TRAIN,CLUST_0.70_00005,EARLY
CANONICAL_cd29d914d9a6,TRAIN,TRAIN,CLUST_0.70_00005,EARLY
CANONICAL_cd2a47b1b363,TRAIN,TEST,CLUST_0.70_00015,LATE
CANONICAL_cd2a62e3a422,TRAIN,TRAIN,CLUST_0.70_00005,LATE
CANONICAL_cd2cb0a3ec28,VALIDATION,VALIDATION,CLUST_0.70_00169,LATE
CANONICAL_cd36a615c2fe,TRAIN,TRAIN,CLUST_0.70_00134,LATE
CANONICAL_cd37627bee14,TRAIN,TRAIN,CLUST_0.70_00007,IMMEDIATE_EARLY
CANONICAL_cd377b03cd61,TRAIN,TEST,CLUST_0.70_00004,IMMEDIATE_EARLY
CANONICAL_cd37a30efc3c,TRAIN,TEST,CLUST_0.70_00030,EARLY
CANONICAL_cd3b7f7ec37b,TRAIN,TRAIN,CLUST_0.70_00406,LATE
CANONICAL_cd3de95e3618,VALIDATION,TRAIN,CLUST_0.70_00235,LATE
CANONICAL_cd417f2eb36b,TRAIN,TEST,CLUST_0.70_00018,LATE
CANONICAL_cd41c570611a,TRAIN,VALIDATION,CLUST_0.70_00064,LATE
CANONICAL_cd4682ee0f5f,TRAIN,TEST,CLUST_0.70_00020,LATE
CANONICAL_cd4b61c06201,TRAIN,TRAIN,CLUST_0.70_00008,LATE
CANONICAL_cd4c2d942282,TRAIN,TRAIN,CLUST_0.70_00048,LATE
CANONICAL_cd4ce993ebc8,TRAIN,TEST,CLUST_0.70_00037,LATE
CANONICAL_cd4f2656080e,TRAIN,TRAIN,CLUST_0.70_00056,LATE
CANONICAL_cd4f8c448ddc,TRAIN,VALIDATION,CLUST_0.70_00017,LATE
CANONICAL_cd50b84c601c,TRAIN,TEST,CLUST_0.70_00080,LATE
CANONICAL_cd67f5d30cfb,VALIDATION,TEST,CLUST_0.70_00018,LATE
CANONICAL_cd690c7e2d13,TRAIN,TRAIN,CLUST_0.70_00083,LATE
CANONICAL_cd6a80ef14b1,TRAIN,TRAIN,CLUST_0.70_00097,LATE
CANONICAL_cd6a952f865f,TRAIN,TRAIN,CLUST_0.70_00005,LATE
CANONICAL_cd6d7f62f4a3,VALIDATION,TEST,CLUST_0.70_00001,LATE
CANONICAL_cd6f2a6af4ff,TEST,TRAIN,CLUST_0.70_00008,EARLY
CANONICAL_cd70c2cde3c1,TRAIN,VALIDATION,CLUST_0.70_00031,LATE
CANONICAL_cd737358ff08,TRAIN,TRAIN,CLUST_0.70_00005,EARLY
CANONICAL_cd772710fe38,TRAIN,TRAIN,CLUST_0.70_00008,LATE
CANONICAL_cd7b7e6d90e9,TRAIN,VALIDATION,CLUST_0.70_00055,LATE
CANONICAL_cd7f0696e091,TRAIN,TRAIN,CLUST_0.70_00005,EARLY
CANONICAL_cd811a3f9c05,TRAIN,TRAIN,CLUST_0.70_00005,EARLY
CANONICAL_cd81aa744e71,TRAIN,TRAIN,CLUST_0.70_00007,EARLY
CANONICAL_cd8f28920ddc,TEST,TRAIN,CLUST_0.70_00191,EARLY
CANONICAL_cd904b3d28f8,TEST,TRAIN,CLUST_0.70_00008,LATE
CANONICAL_cd9050bdbd74,TRAIN,TRAIN,CLUST_0.70_00008,LATE
CANONICAL_cd92ecafa03f,TEST,TRAIN,CLUST_0.70_00005,LATE
CANONICAL_cd96ee2a402a,VALIDATION,TRAIN,CLUST_0.70_00091,LATE
CANONICAL_cd9eb34d0c69,TRAIN,TEST,CLUST_0.70_00052,LATE
CANONICAL_cd9f8710a9cf,TRAIN,TRAIN,CLUST_0.70_00005,EARLY
CANONICAL_cda26a09c656,TEST,VALIDATION,CLUST_0.70_00010,EARLY
CANONICAL_cda4affc3c18,TRAIN,TRAIN,CLUST_0.70_00425,LATE
CANONICAL_cda584951929,TRAIN,TRAIN,CLUST_0.70_00005,EARLY
CANONICAL_cdaedadb7cb8,TEST,TRAIN,CLUST_0.70_00005,EARLY
CANONICAL_cdaf5b321cd4,TRAIN,TRAIN,CLUST_0.70_00005,LATE
CANONICAL_cdb5676519a5,TRAIN,VALIDATION,CLUST_0.70_00017,LATE
CANONICAL_cdb60ef48687,TRAIN,VALIDATION,CLUST_0.70_00127,LATE
CANONICAL_cdbb561a849d,TRAIN,TRAIN,CLUST_0.70_00007,LATE
CANONICAL_cdbb8d48a844,TRAIN,VALIDATION,CLUST_0.70_00086,LATE
CANONICAL_cdceaa7c67f7,TRAIN,VALIDATION,CLUST_0.70_00055,LATE
CANONICAL_cdd0ac4df9c1,TRAIN,VALIDATION,CLUST_0.70_00016,EARLY
CANONICAL_cdd1e5402294,TRAIN,VALIDATION,CLUST_0.70_00040,EARLY
CANONICAL_cdd217e92280,VALIDATION,TEST,CLUST_0.70_00030,EARLY
CANONICAL_cdd408385c21,TEST,TRAIN,CLUST_0.70_00008,LATE
CANONICAL_cde283d30807,TRAIN,TRAIN,CLUST_0.70_00005,LATE
CANONICAL_cde445eb8531,TRAIN,VALIDATION,CLUST_0.70_00127,LATE
CANONICAL_cdf01dd2ac4c,TRAIN,TRAIN,CLUST_0.70_00005,LATE
CANONICAL_cdf1f6b7774d,TRAIN,TEST,CLUST_0.70_00051,LATE
CANONICAL_cdf5c178b767,TEST,TRAIN,CLUST_0.70_00191,EARLY
CANONICAL_cdf7608178db,TRAIN,TRAIN,CLUST_0.70_00005,EARLY
CANONICAL_cdf917d1ba6b,TRAIN,TRAIN,CLUST_0.70_00008,LATE
CANONICAL_ce18438024f8,TRAIN,TEST,CLUST_0.70_00001,LATE
CANONICAL_ce1d45c6eb77,TRAIN,TEST,CLUST_0.70_00001,LATE
CANONICAL_ce1d987fa818,TRAIN,TRAIN,CLUST_0.70_00008,LATE
CANONICAL_ce20fbc073d4,TRAIN,TRAIN,CLUST_0.70_00109,LATE
CANONICAL_ce2333620f6a,TRAIN,TRAIN,CLUST_0.70_00008,LATE
CANONICAL_ce25c9939959,TRAIN,TEST,CLUST_0.70_00051,LATE
CANONICAL_ce26487d8c06,TRAIN,TEST,CLUST_0.70_00052,LATE
CANONICAL_ce2c7e3fcce9,TEST,VALIDATION,CLUST_0.70_00059,LATE
CANONICAL_ce3356575de4,TRAIN,VALIDATION,CLUST_0.70_00026,IMMEDIATE_EARLY
CANONICAL_ce3817051be2,TRAIN,TRAIN,CLUST_0.70_00008,LATE
CANONICAL_ce38ce3c8b6a,TRAIN,TRAIN,CLUST_0.70_00005,LATE
CANONICAL_ce3b4b1cb4c5,TRAIN,TRAIN,CLUST_0.70_00091,LATE
CANONICAL_ce3dd6504904,TEST,VALIDATION,CLUST_0.70_00127,LATE
CANONICAL_ce4016016aa8,TEST,TRAIN,CLUST_0.70_00247,EARLY
CANONICAL_ce40de3f44e5,VALIDATION,TRAIN,CLUST_0.70_00005,EARLY
CANONICAL_ce40f034b071,TRAIN,VALIDATION,CLUST_0.70_00055,LATE
CANONICAL_ce436dcc2ef6,TRAIN,TEST,CLUST_0.70_00080,LATE
CANONICAL_ce492259b9e8,TEST,TRAIN,CLUST_0.70_00124,LATE
CANONICAL_ce4cdd8c8325,TRAIN,VALIDATION,CLUST_0.70_00025,LATE
CANONICAL_ce4d0b0f9123,TRAIN,TRAIN,CLUST_0.70_00008,LATE
CANONICAL_ce584d9592d3,TRAIN,TEST,CLUST_0.70_00030,EARLY
CANONICAL_ce5bd82b325b,VALIDATION,TRAIN,CLUST_0.70_00008,LATE
CANONICAL_ce5c7b9364f5,TRAIN,VALIDATION,CLUST_0.70_00041,EARLY
CANONICAL_ce5c7f748730,TRAIN,TEST,CLUST_0.70_00037,LATE
CANONICAL_ce5f3916cabb,VALIDATION,TEST,CLUST_0.70_00004,IMMEDIATE_EARLY
CANONICAL_ce660eba0f98,TRAIN,TRAIN,CLUST_0.70_00005,LATE
CANONICAL_ce68f80cc80d,TRAIN,TRAIN,CLUST_0.70_00005,LATE
CANONICAL_ce6cc4c4776c,TRAIN,TRAIN,CLUST_0.70_00008,LATE
CANONICAL_ce75a65d7e2d,TEST,TEST,CLUST_0.70_00001,LATE
CANONICAL_ce7bf31102a5,TEST,TRAIN,CLUST_0.70_00005,EARLY
CANONICAL_ce80d8bc8fe2,TRAIN,TRAIN,CLUST_0.70_00005,EARLY
CANONICAL_ce82639399b7,TRAIN,TRAIN,CLUST_0.70_00005,LATE
CANONICAL_ce868781e5fd,TRAIN,TEST,CLUST_0.70_00001,LATE
CANONICAL_ce8a28d331bc,VALIDATION,TEST,CLUST_0.70_00030,EARLY
CANONICAL_ce8e16ab8633,TRAIN,TRAIN,CLUST_0.70_00056,LATE
CANONICAL_ce9523443d5e,TEST,VALIDATION,CLUST_0.70_00079,LATE
CANONICAL_ce98afdbd58e,TRAIN,TRAIN,CLUST_0.70_00008,LATE
CANONICAL_ce9929b9c1c2,TRAIN,TRAIN,CLUST_0.70_00005,EARLY
CANONICAL_ce9a9a8b6ebb,TRAIN,TEST,CLUST_0.70_00080,LATE
CANONICAL_ce9e38dfa399,TEST,TRAIN,CLUST_0.70_00005,EARLY
CANONICAL_ce9e3bfcb4ef,VALIDATION,TRAIN,CLUST_0.70_00005,LATE
CANONICAL_ce9e7554cfa3,VALIDATION,TEST,CLUST_0.70_00001,LATE
CANONICAL_cea506884b44,TEST,TEST,CLUST_0.70_00052,LATE
CANONICAL_cea598c42596,TRAIN,TRAIN,CLUST_0.70_00047,LATE
CANONICAL_ceb1fc0d8c1f,TRAIN,TRAIN,CLUST_0.70_00005,LATE
CANONICAL_ceb72a53d8cb,TRAIN,TRAIN,CLUST_0.70_00008,LATE
CANONICAL_ceba70f116ab,TRAIN,VALIDATION,CLUST_0.70_00026,IMMEDIATE_EARLY
CANONICAL_cebafe09e418,TRAIN,TRAIN,CLUST_0.70_00109,LATE
CANONICAL_cebb71320441,TRAIN,VALIDATION,CLUST_0.70_00039,LATE
CANONICAL_cec307b3319c,TRAIN,TRAIN,CLUST_0.70_00007,EARLY
CANONICAL_cec70ebca4c3,TEST,VALIDATION,CLUST_0.70_00040,EARLY
CANONICAL_ceca5a8d85f2,VALIDATION,TRAIN,CLUST_0.70_00005,LATE
CANONICAL_cecc81ce60eb,TRAIN,VALIDATION,CLUST_0.70_00040,EARLY
CANONICAL_cece9650b327,TRAIN,TRAIN,CLUST_0.70_00008,LATE
CANONICAL_cecf3fab618c,VALIDATION,TRAIN,CLUST_0.70_00005,LATE
CANONICAL_ced306560b13,TEST,TRAIN,CLUST_0.70_00008,LATE
CANONICAL_ced479bed748,TRAIN,VALIDATION,CLUST_0.70_00028,EARLY
CANONICAL_cedb70725629,TRAIN,TRAIN,CLUST_0.70_00008,LATE
CANONICAL_cedc2f2294a6,TRAIN,TRAIN,CLUST_0.70_00005,LATE
CANONICAL_cede8ee176ad,TRAIN,TRAIN,CLUST_0.70_00005,EARLY
CANONICAL_cedfad06c30a,TRAIN,TEST,CLUST_0.70_00030,EARLY
CANONICAL_cee052609f1d,VALIDATION,TEST,CLUST_0.70_00080,LATE
CANONICAL_cee0d8442876,VALIDATION,TRAIN,CLUST_0.70_00214,LATE
CANONICAL_cee26c6bb900,TEST,TRAIN,CLUST_0.70_00007,LATE
CANONICAL_cee8884feaf9,VALIDATION,TRAIN,CLUST_0.70_00005,EARLY
CANONICAL_ceef5db178be,TRAIN,TRAIN,CLUST_0.70_00183,EARLY
CANONICAL_cef2bbd84b8a,VALIDATION,TRAIN,CLUST_0.70_00005,EARLY
CANONICAL_cef35e93837b,VALIDATION,TRAIN,CLUST_0.70_00008,LATE
CANONICAL_cef492a7ad92,TRAIN,TRAIN,CLUST_0.70_00185,LATE
CANONICAL_cef61b032ad9,TRAIN,TEST,CLUST_0.70_00030,EARLY
CANONICAL_cef841af6659,VALIDATION,TRAIN,CLUST_0.70_00007,EARLY
CANONICAL_cef9550043ac,VALIDATION,TRAIN,CLUST_0.70_00005,EARLY
CANONICAL_cefab845e5bf,TRAIN,TRAIN,CLUST_0.70_00008,LATE
CANONICAL_cefbac599fea,TRAIN,TEST,CLUST_0.70_00051,LATE
CANONICAL_cefc86829147,VALIDATION,TEST,CLUST_0.70_00037,LATE
CANONICAL_cf0128161098,TEST,TRAIN,CLUST_0.70_00007,EARLY
CANONICAL_cf02da3ed73b,TRAIN,TEST,CLUST_0.70_00001,LATE
CANONICAL_cf0ae50e054f,TRAIN,TRAIN,CLUST_0.70_00008,LATE
CANONICAL_cf1419758184,VALIDATION,TRAIN,CLUST_0.70_00005,EARLY
CANONICAL_cf1d6a164219,TEST,TRAIN,CLUST_0.70_00005,EARLY
CANONICAL_cf24dd694282,VALIDATION,TRAIN,CLUST_0.70_00005,EARLY
CANONICAL_cf2543d9a277,TRAIN,TEST,CLUST_0.70_00015,LATE
CANONICAL_cf2b148b7b3e,TRAIN,TRAIN,CLUST_0.70_00005,LATE
CANONICAL_cf2d2aedebda,TRAIN,TRAIN,CLUST_0.70_00007,LATE
CANONICAL_cf31846914ad,TRAIN,TRAIN,CLUST_0.70_00005,LATE
CANONICAL_cf350b717802,TRAIN,TEST,CLUST_0.70_00018,LATE
CANONICAL_cf392968c6f2,TRAIN,TRAIN,CLUST_0.70_00008,LATE
CANONICAL_cf3d5ff4ec6d,TRAIN,VALIDATION,CLUST_0.70_00017,LATE
CANONICAL_cf42ee46e489,TRAIN,VALIDATION,CLUST_0.70_00036,EARLY
CANONICAL_cf446ecf843c,TRAIN,TRAIN,CLUST_0.70_00008,LATE
CANONICAL_cf47e6c03af3,TRAIN,VALIDATION,CLUST_0.70_00040,EARLY
CANONICAL_cf5710ca99be,TEST,TEST,CLUST_0.70_00001,LATE
CANONICAL_cf5cf9b25602,TRAIN,VALIDATION,CLUST_0.70_00086,LATE
CANONICAL_cf60883893a0,TRAIN,TRAIN,CLUST_0.70_00005,LATE
CANONICAL_cf6643e2b459,TRAIN,TEST,CLUST_0.70_00001,LATE
CANONICAL_cf66ad957b2f,TRAIN,VALIDATION,CLUST_0.70_00040,EARLY
CANONICAL_cf714b0ba554,TRAIN,VALIDATION,CLUST_0.70_00028,EARLY
CANONICAL_cf7f88f8b8ee,TRAIN,VALIDATION,CLUST_0.70_00055,LATE
CANONICAL_cf8f916a0b39,TRAIN,TRAIN,CLUST_0.70_00073,LATE
CANONICAL_cf94542c5441,VALIDATION,VALIDATION,CLUST_0.70_00029,LATE
CANONICAL_cf978a8c0d6b,TRAIN,TRAIN,CLUST_0.70_00005,EARLY
CANONICAL_cf98716e2a3e,TRAIN,TRAIN,CLUST_0.70_00118,LATE
CANONICAL_cf9bcff42450,VALIDATION,VALIDATION,CLUST_0.70_00079,LATE
CANONICAL_cfa1dcaf5730,TRAIN,TRAIN,CLUST_0.70_00008,EARLY
CANONICAL_cfa480c2c340,VALIDATION,TRAIN,CLUST_0.70_00236,IMMEDIATE_EARLY
CANONICAL_cfab00d96484,TRAIN,VALIDATION,CLUST_0.70_00055,LATE
CANONICAL_cfabf1b4be3d,TRAIN,TRAIN,CLUST_0.70_00005,EARLY
CANONICAL_cfad9d8afe8a,TRAIN,TRAIN,CLUST_0.70_00005,EARLY
CANONICAL_cfb019cc1f42,TEST,TRAIN,CLUST_0.70_00005,LATE
CANONICAL_cfb1c927c0ba,TRAIN,TEST,CLUST_0.70_00001,LATE
CANONICAL_cfb3c5baabc3,TRAIN,VALIDATION,CLUST_0.70_00169,LATE
CANONICAL_cfb569a24c02,TRAIN,TEST,CLUST_0.70_00030,EARLY
CANONICAL_cfb7511ddec6,TRAIN,TRAIN,CLUST_0.70_00007,LATE
CANONICAL_cfb92010c295,TRAIN,VALIDATION,CLUST_0.70_00038,LATE
CANONICAL_cfbd0c034993,TRAIN,TRAIN,CLUST_0.70_00005,EARLY
CANONICAL_cfbd4190d308,TEST,TEST,CLUST_0.70_00001,LATE
CANONICAL_cfbe1aa6b2bb,TRAIN,TRAIN,CLUST_0.70_00005,EARLY
CANONICAL_cfbebb3a03d6,VALIDATION,VALIDATION,CLUST_0.70_00029,LATE
CANONICAL_cfc31047b910,TRAIN,TRAIN,CLUST_0.70_00005,LATE
CANONICAL_cfc352d9c2aa,TRAIN,TRAIN,CLUST_0.70_00005,EARLY
CANONICAL_cfc375dec2b2,TRAIN,TRAIN,CLUST_0.70_00008,LATE
CANONICAL_cfca3492b71f,TRAIN,TRAIN,CLUST_0.70_00005,EARLY
CANONICAL_cfd7f1925459,VALIDATION,TRAIN,CLUST_0.70_00005,LATE
CANONICAL_cfdc980388ea,TEST,TRAIN,CLUST_0.70_00005,EARLY
CANONICAL_cfe26681a5ba,VALIDATION,VALIDATION,CLUST_0.70_00010,LATE
CANONICAL_cfe56b1e57f9,TEST,TRAIN,CLUST_0.70_00005,EARLY
CANONICAL_cfe70dd9794c,VALIDATION,TRAIN,CLUST_0.70_00005,LATE
CANONICAL_cfe710ba9c42,TRAIN,TRAIN,CLUST_0.70_00008,LATE
CANONICAL_cfe9974ad8fb,TRAIN,TRAIN,CLUST_0.70_00005,EARLY
CANONICAL_cfef440f6c1b,TRAIN,TEST,CLUST_0.70_00001,LATE
CANONICAL_cff5837d5104,TRAIN,TRAIN,CLUST_0.70_00005,LATE
CANONICAL_cff5e11b73a6,TRAIN,TRAIN,CLUST_0.70_00005,LATE
CANONICAL_cff5f15a49a5,TRAIN,TRAIN,CLUST_0.70_00191,EARLY
CANONICAL_cff6852e089a,TRAIN,TRAIN,CLUST_0.70_00005,EARLY
CANONICAL_cffe89d8705b,TRAIN,TRAIN,CLUST_0.70_00005,EARLY
CANONICAL_cfffe490008b,TRAIN,TEST,CLUST_0.70_00015,LATE
CANONICAL_d0021687d1d9,TEST,TRAIN,CLUST_0.70_00008,LATE
CANONICAL_d003d8c3f3ad,TRAIN,TEST,CLUST_0.70_00004,IMMEDIATE_EARLY
CANONICAL_d0083185e288,VALIDATION,TEST,CLUST_0.70_00018,LATE
CANONICAL_d00dec780247,VALIDATION,VALIDATION,CLUST_0.70_00059,LATE
CANONICAL_d012419e14e6,TRAIN,TRAIN,CLUST_0.70_00133,LATE
CANONICAL_d01538d5c858,TRAIN,VALIDATION,CLUST_0.70_00064,LATE
CANONICAL_d0165fc03607,TEST,VALIDATION,CLUST_0.70_00028,EARLY
CANONICAL_d01a759e7f46,TRAIN,TEST,CLUST_0.70_00004,IMMEDIATE_EARLY
CANONICAL_d01c08b55158,TRAIN,TRAIN,CLUST_0.70_00005,EARLY
CANONICAL_d01e605ec2e0,TEST,TRAIN,CLUST_0.70_00223,LATE
CANONICAL_d0225b165cef,TRAIN,TEST,CLUST_0.70_00001,LATE
CANONICAL_d02692a432e4,TRAIN,TRAIN,CLUST_0.70_00005,EARLY
CANONICAL_d029cdb92ab9,VALIDATION,TRAIN,CLUST_0.70_00007,EARLY
CANONICAL_d02c85b73b7d,TEST,TEST,CLUST_0.70_00015,LATE
CANONICAL_d03069791e02,TRAIN,TRAIN,CLUST_0.70_00005,EARLY
CANONICAL_d032fd666a6b,TRAIN,TRAIN,CLUST_0.70_00336,LATE
CANONICAL_d035d74a041f,TEST,TEST,CLUST_0.70_00051,LATE
CANONICAL_d044907cae9e,TRAIN,TRAIN,CLUST_0.70_00005,EARLY
CANONICAL_d04985f987e8,TRAIN,TRAIN,CLUST_0.70_00241,LATE
CANONICAL_d0553d1a1bcd,TEST,TRAIN,CLUST_0.70_00005,EARLY
CANONICAL_d05591f5876c,VALIDATION,VALIDATION,CLUST_0.70_00055,LATE
CANONICAL_d05efe38f78b,TRAIN,VALIDATION,CLUST_0.70_00029,LATE
CANONICAL_d05f10e0e442,TRAIN,TRAIN,CLUST_0.70_00008,LATE
CANONICAL_d060b7688f1f,TRAIN,TRAIN,CLUST_0.70_00005,LATE
CANONICAL_d06b2ed35f92,VALIDATION,TEST,CLUST_0.70_00018,LATE
CANONICAL_d06cbd8f779c,TRAIN,TRAIN,CLUST_0.70_00007,LATE
CANONICAL_d06ef8838364,TRAIN,VALIDATION,CLUST_0.70_00079,LATE
CANONICAL_d06fd2dfb6c8,TRAIN,TRAIN,CLUST_0.70_00005,EARLY
CANONICAL_d07591b15da7,TEST,TRAIN,CLUST_0.70_00005,EARLY
CANONICAL_d075f23f9600,VALIDATION,TEST,CLUST_0.70_00018,LATE
CANONICAL_d0771b29d2e8,TRAIN,TEST,CLUST_0.70_00001,LATE
CANONICAL_d0804476a3f5,VALIDATION,VALIDATION,CLUST_0.70_00010,EARLY
CANONICAL_d086dc671392,TRAIN,TRAIN,CLUST_0.70_00062,LATE
CANONICAL_d08addb2f5fb,TEST,TRAIN,CLUST_0.70_00005,LATE
CANONICAL_d08b7956060c,TRAIN,TEST,CLUST_0.70_00030,EARLY
CANONICAL_d0a43c4901b8,TRAIN,TRAIN,CLUST_0.70_00056,LATE
CANONICAL_d0a4e7337559,TRAIN,TEST,CLUST_0.70_00001,LATE
CANONICAL_d0a4ec962bd2,TRAIN,TEST,CLUST_0.70_00020,LATE
CANONICAL_d0a9b753fb93,TEST,TEST,CLUST_0.70_00030,EARLY
CANONICAL_d0aac9444b76,TEST,VALIDATION,CLUST_0.70_00029,LATE
CANONICAL_d0b2c41b2da1,TRAIN,TEST,CLUST_0.70_00030,EARLY
CANONICAL_d0b753a39dfa,TRAIN,TRAIN,CLUST_0.70_00090,LATE
CANONICAL_d0b8264e923c,TRAIN,TRAIN,CLUST_0.70_00098,LATE
CANONICAL_d0ba76cbf123,TRAIN,VALIDATION,CLUST_0.70_00041,EARLY
CANONICAL_d0c0f443d694,TRAIN,TRAIN,CLUST_0.70_00378,LATE
CANONICAL_d0c7738896a8,TRAIN,VALIDATION,CLUST_0.70_00017,LATE
CANONICAL_d0ca6619be1e,TRAIN,TRAIN,CLUST_0.70_00005,EARLY
CANONICAL_d0d432c9fec5,TRAIN,TRAIN,CLUST_0.70_00032,LATE
CANONICAL_d0db413493e8,TRAIN,TRAIN,CLUST_0.70_00043,EARLY
CANONICAL_d0df571da23b,TEST,VALIDATION,CLUST_0.70_00026,IMMEDIATE_EARLY
CANONICAL_d0e5a968c4ec,TRAIN,TEST,CLUST_0.70_00018,LATE
CANONICAL_d0eb224c323a,TRAIN,TEST,CLUST_0.70_00004,IMMEDIATE_EARLY
CANONICAL_d0f5e6f7e9c2,TRAIN,VALIDATION,CLUST_0.70_00006,IMMEDIATE_EARLY
CANONICAL_d0f6cba287a2,TRAIN,TEST,CLUST_0.70_00037,LATE
CANONICAL_d0f8e6f26712,VALIDATION,TRAIN,CLUST_0.70_00007,LATE
CANONICAL_d0fc012c7f7b,VALIDATION,TEST,CLUST_0.70_00004,IMMEDIATE_EARLY
CANONICAL_d100c088b8db,VALIDATION,TRAIN,CLUST_0.70_00005,EARLY
CANONICAL_d1016d97bff7,TRAIN,TRAIN,CLUST_0.70_00222,LATE
CANONICAL_d1050e085abb,TRAIN,VALIDATION,CLUST_0.70_00064,LATE
CANONICAL_d10b4ace61d9,TRAIN,TRAIN,CLUST_0.70_00005,LATE
CANONICAL_d10ba738f8f0,TRAIN,TEST,CLUST_0.70_00001,LATE
CANONICAL_d10d3f6ad745,TRAIN,VALIDATION,CLUST_0.70_00006,IMMEDIATE_EARLY
CANONICAL_d1114289cc61,TRAIN,VALIDATION,CLUST_0.70_00016,EARLY
CANONICAL_d111b6f354a0,TEST,TRAIN,CLUST_0.70_00008,LATE
CANONICAL_d11441ff75f5,TRAIN,TRAIN,CLUST_0.70_00008,LATE
CANONICAL_d1169948d207,TRAIN,TRAIN,CLUST_0.70_00227,LATE
CANONICAL_d11dbd854a47,TRAIN,TRAIN,CLUST_0.70_00011,EARLY
CANONICAL_d11fda3b8fa6,TRAIN,TRAIN,CLUST_0.70_00005,EARLY
CANONICAL_d123e26b047f,TRAIN,TRAIN,CLUST_0.70_00005,EARLY
CANONICAL_d126dd046edf,TEST,TRAIN,CLUST_0.70_00022,LATE
CANONICAL_d12954a22734,TRAIN,TEST,CLUST_0.70_00015,LATE
CANONICAL_d12e1d0c329c,TRAIN,TEST,CLUST_0.70_00001,LATE
CANONICAL_d13334e5c606,TEST,TRAIN,CLUST_0.70_00005,LATE
CANONICAL_d13908241b49,TRAIN,TRAIN,CLUST_0.70_00107,LATE
CANONICAL_d1397e069518,TRAIN,TEST,CLUST_0.70_00052,LATE
CANONICAL_d13a651bda11,TEST,TEST,CLUST_0.70_00030,EARLY
CANONICAL_d1401250e1fb,TRAIN,TEST,CLUST_0.70_00004,IMMEDIATE_EARLY
CANONICAL_d140bb043254,TRAIN,TRAIN,CLUST_0.70_00007,LATE
CANONICAL_d1484236f99b,TRAIN,TRAIN,CLUST_0.70_00005,EARLY
CANONICAL_d149a087083e,TRAIN,TEST,CLUST_0.70_00052,LATE
CANONICAL_d14b70f87622,VALIDATION,TRAIN,CLUST_0.70_00008,LATE
CANONICAL_d14be50c8715,TRAIN,TRAIN,CLUST_0.70_00098,LATE
CANONICAL_d150d83ecf49,TRAIN,VALIDATION,CLUST_0.70_00041,EARLY
CANONICAL_d164c633b82a,TRAIN,TRAIN,CLUST_0.70_00005,EARLY
CANONICAL_d1677688820f,VALIDATION,VALIDATION,CLUST_0.70_00026,IMMEDIATE_EARLY
CANONICAL_d16b962f50b6,TEST,TRAIN,CLUST_0.70_00134,LATE
CANONICAL_d17388a460a6,TRAIN,TRAIN,CLUST_0.70_00005,LATE
CANONICAL_d17799ae55a5,VALIDATION,VALIDATION,CLUST_0.70_00010,EARLY
CANONICAL_d17f9ac9d2a6,TRAIN,TEST,CLUST_0.70_00001,LATE
CANONICAL_d18078ad41ee,TEST,TRAIN,CLUST_0.70_00008,LATE
CANONICAL_d1825447f628,TRAIN,VALIDATION,CLUST_0.70_00055,LATE
CANONICAL_d184feffaf46,TRAIN,TRAIN,CLUST_0.70_00005,EARLY
CANONICAL_d185f22f99ab,TRAIN,VALIDATION,CLUST_0.70_00010,LATE
CANONICAL_d189376fc2b1,TRAIN,TEST,CLUST_0.70_00001,LATE
CANONICAL_d190bae337d6,TRAIN,TRAIN,CLUST_0.70_00005,EARLY
CANONICAL_d19f986f3d95,TRAIN,VALIDATION,CLUST_0.70_00025,LATE
CANONICAL_d1a14b07b816,TEST,TEST,CLUST_0.70_00052,LATE
CANONICAL_d1a39333bd2d,TRAIN,VALIDATION,CLUST_0.70_00006,IMMEDIATE_EARLY
CANONICAL_d1ab30d43ef1,TEST,TEST,CLUST_0.70_00004,IMMEDIATE_EARLY
CANONICAL_d1acd94b021a,TRAIN,TRAIN,CLUST_0.70_00005,EARLY
CANONICAL_d1b22fbbf016,TRAIN,TRAIN,CLUST_0.70_00007,LATE
CANONICAL_d1b5798c6ebc,TRAIN,VALIDATION,CLUST_0.70_00079,LATE
CANONICAL_d1b7fc874b50,VALIDATION,TRAIN,CLUST_0.70_00005,EARLY
CANONICAL_d1b8a3dbfde7,TRAIN,TRAIN,CLUST_0.70_00401,LATE
CANONICAL_d1be75205f9d,TRAIN,VALIDATION,CLUST_0.70_00031,LATE
CANONICAL_d1bfc90a7f04,TRAIN,VALIDATION,CLUST_0.70_00058,LATE
CANONICAL_d1c438ce3b24,TRAIN,TEST,CLUST_0.70_00018,LATE
CANONICAL_d1c8beef0871,VALIDATION,TRAIN,CLUST_0.70_00005,EARLY
CANONICAL_d1cf328bdb22,TRAIN,TRAIN,CLUST_0.70_00008,LATE
CANONICAL_d1d068920ec7,VALIDATION,TRAIN,CLUST_0.70_00087,LATE
CANONICAL_d1d1ae5c53c0,TRAIN,TEST,CLUST_0.70_00004,IMMEDIATE_EARLY
CANONICAL_d1d2321b261f,TRAIN,TEST,CLUST_0.70_00030,EARLY
CANONICAL_d1d616b12455,TRAIN,TEST,CLUST_0.70_00001,LATE
CANONICAL_d1d7b8f94bcc,TRAIN,VALIDATION,CLUST_0.70_00064,LATE
CANONICAL_d1e537d5e9cf,VALIDATION,VALIDATION,CLUST_0.70_00039,LATE
CANONICAL_d1e654881fa1,TRAIN,TRAIN,CLUST_0.70_00005,EARLY
CANONICAL_d1e82c05f897,TEST,TRAIN,CLUST_0.70_00007,LATE
CANONICAL_d1ea781c877a,TRAIN,VALIDATION,CLUST_0.70_00026,IMMEDIATE_EARLY
CANONICAL_d1efcea73bf5,TRAIN,VALIDATION,CLUST_0.70_00041,EARLY
CANONICAL_d1f521deaf8a,VALIDATION,TRAIN,CLUST_0.70_00005,EARLY
CANONICAL_d1fedb97fe55,TRAIN,TRAIN,CLUST_0.70_00005,LATE
CANONICAL_d20273a5f0e9,TRAIN,TEST,CLUST_0.70_00071,LATE
CANONICAL_d202e989df53,TRAIN,TEST,CLUST_0.70_00030,EARLY
CANONICAL_d20c388c426d,TRAIN,TRAIN,CLUST_0.70_00005,EARLY
CANONICAL_d20feaac18e5,TRAIN,TRAIN,CLUST_0.70_00005,LATE
CANONICAL_d213fa7070e7,TEST,TRAIN,CLUST_0.70_00005,EARLY
CANONICAL_d215708958fc,TRAIN,VALIDATION,CLUST_0.70_00026,IMMEDIATE_EARLY
CANONICAL_d21c307c4a91,TRAIN,TEST,CLUST_0.70_00004,IMMEDIATE_EARLY
CANONICAL_d21fd9d2023c,TRAIN,VALIDATION,CLUST_0.70_00086,LATE
CANONICAL_d22f6f5e0e35,VALIDATION,VALIDATION,CLUST_0.70_00079,LATE
CANONICAL_d23455034854,TRAIN,TRAIN,CLUST_0.70_00008,LATE
CANONICAL_d234fcd98b44,TRAIN,TRAIN,CLUST_0.70_00005,LATE
CANONICAL_d2388d164e06,TEST,TRAIN,CLUST_0.70_00008,LATE
CANONICAL_d23a3d6d0aa4,TRAIN,TRAIN,CLUST_0.70_00007,LATE
CANONICAL_d23c6bb08d17,TRAIN,TEST,CLUST_0.70_00001,LATE
CANONICAL_d23efc939859,TRAIN,TRAIN,CLUST_0.70_00005,LATE
CANONICAL_d24a6aa7fbc4,TEST,VALIDATION,CLUST_0.70_00029,LATE
CANONICAL_d251c76206e0,TRAIN,TRAIN,CLUST_0.70_00005,LATE
CANONICAL_d25b9ffe027e,VALIDATION,TRAIN,CLUST_0.70_00008,LATE
CANONICAL_d25c1a8765e8,TRAIN,TRAIN,CLUST_0.70_00005,EARLY
CANONICAL_d25de7b1d505,TRAIN,VALIDATION,CLUST_0.70_00028,EARLY
CANONICAL_d25df786b8c0,TRAIN,TEST,CLUST_0.70_00030,EARLY
CANONICAL_d25f3a74ddaa,TRAIN,TRAIN,CLUST_0.70_00008,LATE
CANONICAL_d265ef66775e,TRAIN,TRAIN,CLUST_0.70_00005,LATE
CANONICAL_d26a4d5199c7,VALIDATION,VALIDATION,CLUST_0.70_00079,LATE
CANONICAL_d26cbbe961a9,TRAIN,TRAIN,CLUST_0.70_00005,EARLY
CANONICAL_d270ec4cab1a,TRAIN,TEST,CLUST_0.70_00004,IMMEDIATE_EARLY
CANONICAL_d27178b5b482,TRAIN,TRAIN,CLUST_0.70_00091,LATE
CANONICAL_d2750409dfac,TRAIN,TEST,CLUST_0.70_00030,EARLY
CANONICAL_d276ba5b88c9,TRAIN,TRAIN,CLUST_0.70_00227,LATE
CANONICAL_d27d8719b05c,VALIDATION,TRAIN,CLUST_0.70_00008,IMMEDIATE_EARLY
CANONICAL_d282f06f5009,TRAIN,TRAIN,CLUST_0.70_00007,LATE
CANONICAL_d288ada86a94,TEST,TEST,CLUST_0.70_00001,LATE
CANONICAL_d289a2579e28,TRAIN,TEST,CLUST_0.70_00004,IMMEDIATE_EARLY
CANONICAL_d28b08a599e5,TRAIN,TRAIN,CLUST_0.70_00147,IMMEDIATE_EARLY
CANONICAL_d28b48a5d62f,TRAIN,TRAIN,CLUST_0.70_00102,LATE
CANONICAL_d293c48e6cc3,VALIDATION,VALIDATION,CLUST_0.70_00040,EARLY
CANONICAL_d298226083db,TRAIN,VALIDATION,CLUST_0.70_00029,LATE
CANONICAL_d298b7d7e129,VALIDATION,TEST,CLUST_0.70_00051,LATE
CANONICAL_d2a113e38151,TRAIN,TEST,CLUST_0.70_00052,LATE
CANONICAL_d2a39c7d1c81,TEST,VALIDATION,CLUST_0.70_00106,LATE
CANONICAL_d2a424721ee9,TEST,TRAIN,CLUST_0.70_00008,LATE
CANONICAL_d2a7a13de578,TRAIN,VALIDATION,CLUST_0.70_00031,LATE
CANONICAL_d2ae2544fca5,TRAIN,TRAIN,CLUST_0.70_00005,EARLY
CANONICAL_d2b48bda1d3a,TRAIN,TRAIN,CLUST_0.70_00008,LATE
CANONICAL_d2b81d423dd9,VALIDATION,TEST,CLUST_0.70_00030,EARLY
CANONICAL_d2b94bba30af,TRAIN,VALIDATION,CLUST_0.70_00064,LATE
CANONICAL_d2b98b17efcc,TRAIN,TRAIN,CLUST_0.70_00005,LATE
CANONICAL_d2bb1fc4ee1f,TEST,TRAIN,CLUST_0.70_00241,LATE
CANONICAL_d2c15ac6bb72,TRAIN,TRAIN,CLUST_0.70_00008,LATE
CANONICAL_d2c28783be65,TEST,TRAIN,CLUST_0.70_00005,EARLY
CANONICAL_d2c32e03bff7,TRAIN,TRAIN,CLUST_0.70_00005,EARLY
CANONICAL_d2c871fdd62c,TRAIN,TRAIN,CLUST_0.70_00005,EARLY
CANONICAL_d2caecf2d5d8,TRAIN,TEST,CLUST_0.70_00004,IMMEDIATE_EARLY
CANONICAL_d2ceaa62d285,TEST,VALIDATION,CLUST_0.70_00041,EARLY
CANONICAL_d2d34947e670,TRAIN,VALIDATION,CLUST_0.70_00026,IMMEDIATE_EARLY
CANONICAL_d2dd5db8024e,TEST,TRAIN,CLUST_0.70_00008,LATE
CANONICAL_d2dd8b4b5b25,TRAIN,TRAIN,CLUST_0.70_00033,IMMEDIATE_EARLY
CANONICAL_d2e1ff45c776,TRAIN,TEST,CLUST_0.70_00001,LATE
CANONICAL_d2e3cab95c82,TEST,TEST,CLUST_0.70_00001,LATE
CANONICAL_d2e6322dd7ea,VALIDATION,TRAIN,CLUST_0.70_00181,LATE
CANONICAL_d2e74d39382c,TRAIN,TRAIN,CLUST_0.70_00075,LATE
CANONICAL_d2eba3e3a996,TRAIN,TEST,CLUST_0.70_00052,LATE
CANONICAL_d2ef627d98aa,TRAIN,VALIDATION,CLUST_0.70_00010,EARLY
CANONICAL_d2f3f355df64,VALIDATION,TEST,CLUST_0.70_00015,LATE
CANONICAL_d2fa8fcd77cf,TRAIN,TRAIN,CLUST_0.70_00008,LATE
CANONICAL_d2fc6ec16de7,TRAIN,TRAIN,CLUST_0.70_00007,LATE
CANONICAL_d2fd53ce53a7,TRAIN,TEST,CLUST_0.70_00004,IMMEDIATE_EARLY
CANONICAL_d2fee8cddef4,TRAIN,VALIDATION,CLUST_0.70_00055,LATE
CANONICAL_d300fd63be29,TRAIN,TRAIN,CLUST_0.70_00007,EARLY
CANONICAL_d30235010194,TEST,VALIDATION,CLUST_0.70_00025,LATE
CANONICAL_d305ea2499ec,TRAIN,TEST,CLUST_0.70_00001,LATE
CANONICAL_d30bd1e93590,TRAIN,TEST,CLUST_0.70_00030,EARLY
CANONICAL_d310ef89576e,TRAIN,TRAIN,CLUST_0.70_00033,IMMEDIATE_EARLY
CANONICAL_d3167fdb52f8,TRAIN,TEST,CLUST_0.70_00009,LATE
CANONICAL_d31f0df9c9a2,VALIDATION,TRAIN,CLUST_0.70_00008,LATE
CANONICAL_d3216fc47b19,TRAIN,TRAIN,CLUST_0.70_00007,EARLY
CANONICAL_d323c5eb2594,TEST,VALIDATION,CLUST_0.70_00038,LATE
CANONICAL_d32934dd270b,TRAIN,VALIDATION,CLUST_0.70_00065,LATE
CANONICAL_d32c4efb3cca,TRAIN,TEST,CLUST_0.70_00052,LATE
CANONICAL_d33139d04d7b,TRAIN,TRAIN,CLUST_0.70_00005,EARLY
CANONICAL_d3322f8a3082,TRAIN,TRAIN,CLUST_0.70_00033,IMMEDIATE_EARLY
CANONICAL_d335fd2e865a,TRAIN,TRAIN,CLUST_0.70_00005,EARLY
CANONICAL_d33dede06c72,VALIDATION,VALIDATION,CLUST_0.70_00029,LATE
CANONICAL_d341d53d80f2,TRAIN,TRAIN,CLUST_0.70_00008,LATE
CANONICAL_d349e587fdc9,TRAIN,TRAIN,CLUST_0.70_00005,EARLY
CANONICAL_d35c3f49700b,TRAIN,TRAIN,CLUST_0.70_00005,EARLY
CANONICAL_d35e4c4bafff,VALIDATION,TRAIN,CLUST_0.70_00005,EARLY
CANONICAL_d35eb67d96cd,VALIDATION,TRAIN,CLUST_0.70_00005,EARLY
CANONICAL_d363ba022c4b,TEST,TRAIN,CLUST_0.70_00008,LATE
CANONICAL_d3677dd8c98f,VALIDATION,TRAIN,CLUST_0.70_00011,EARLY
CANONICAL_d36cb45e0411,TRAIN,VALIDATION,CLUST_0.70_00039,LATE
CANONICAL_d36f5e7fcde5,TRAIN,TEST,CLUST_0.70_00071,LATE
CANONICAL_d3729e7d65f4,TEST,TRAIN,CLUST_0.70_00005,LATE
CANONICAL_d374970c245a,TRAIN,TRAIN,CLUST_0.70_00005,EARLY
CANONICAL_d379db343aff,VALIDATION,TRAIN,CLUST_0.70_00008,LATE
CANONICAL_d37ac801a50d,TRAIN,TRAIN,CLUST_0.70_00008,LATE
CANONICAL_d37b639cfc8d,TRAIN,TRAIN,CLUST_0.70_00147,IMMEDIATE_EARLY
CANONICAL_d38705a75a88,TRAIN,VALIDATION,CLUST_0.70_00039,LATE
CANONICAL_d38b9e0ac8a7,VALIDATION,TEST,CLUST_0.70_00080,LATE
CANONICAL_d38ef71f2522,TRAIN,VALIDATION,CLUST_0.70_00041,EARLY
CANONICAL_d39a025342cc,TRAIN,TEST,CLUST_0.70_00004,IMMEDIATE_EARLY
CANONICAL_d39ace7b0317,VALIDATION,VALIDATION,CLUST_0.70_00028,EARLY
CANONICAL_d39bb7840b7d,TRAIN,VALIDATION,CLUST_0.70_00040,EARLY
CANONICAL_d39bf4849926,TRAIN,TRAIN,CLUST_0.70_00236,IMMEDIATE_EARLY
CANONICAL_d3ab1d9d707f,TRAIN,TRAIN,CLUST_0.70_00087,LATE
CANONICAL_d3be32df6932,TEST,TEST,CLUST_0.70_00030,EARLY
CANONICAL_d3be8af12d35,TRAIN,TRAIN,CLUST_0.70_00008,LATE
CANONICAL_d3c1d1e842c3,TRAIN,TRAIN,CLUST_0.70_00005,LATE
CANONICAL_d3c2a975f51a,TRAIN,TEST,CLUST_0.70_00018,LATE
CANONICAL_d3c59d87c87c,TRAIN,TEST,CLUST_0.70_00018,LATE
CANONICAL_d3c71472d36c,TRAIN,TRAIN,CLUST_0.70_00005,EARLY
CANONICAL_d3ca0b1e7ecc,TRAIN,TRAIN,CLUST_0.70_00005,EARLY
CANONICAL_d3cd90660fcb,TRAIN,TRAIN,CLUST_0.70_00008,LATE
CANONICAL_d3d02f034d9a,VALIDATION,TRAIN,CLUST_0.70_00432,LATE
CANONICAL_d3d49cb2662a,TRAIN,VALIDATION,CLUST_0.70_00041,EARLY
CANONICAL_d3d578e96099,VALIDATION,TRAIN,CLUST_0.70_00005,EARLY
CANONICAL_d3da7b69fb89,TRAIN,VALIDATION,CLUST_0.70_00038,LATE
CANONICAL_d3dd83ef2b90,TRAIN,TEST,CLUST_0.70_00030,EARLY
CANONICAL_d3ddbde48621,TRAIN,VALIDATION,CLUST_0.70_00038,LATE
CANONICAL_d3ddf9abf5e7,TRAIN,TRAIN,CLUST_0.70_00005,LATE
CANONICAL_d3de1a3155a1,TEST,TRAIN,CLUST_0.70_00008,LATE
CANONICAL_d3e4f558aa6d,TEST,VALIDATION,CLUST_0.70_00059,LATE
CANONICAL_d3e63a418434,TEST,TEST,CLUST_0.70_00030,EARLY
CANONICAL_d3e684980dd1,TEST,VALIDATION,CLUST_0.70_00025,LATE
CANONICAL_d3f0624bd09e,TRAIN,TEST,CLUST_0.70_00080,LATE
CANONICAL_d3f52e80012f,VALIDATION,TRAIN,CLUST_0.70_00007,LATE
CANONICAL_d3f66095e77a,TRAIN,TEST,CLUST_0.70_00004,IMMEDIATE_EARLY
CANONICAL_d3f674ad7e0e,TRAIN,TRAIN,CLUST_0.70_00005,LATE
CANONICAL_d3f898619a03,VALIDATION,TRAIN,CLUST_0.70_00005,LATE
CANONICAL_d3f9d6ff210f,TRAIN,TRAIN,CLUST_0.70_00005,LATE
CANONICAL_d3fd335b12ee,VALIDATION,TRAIN,CLUST_0.70_00231,IMMEDIATE_EARLY
CANONICAL_d3fd6145f3f4,TEST,TRAIN,CLUST_0.70_00008,LATE
CANONICAL_d405f8786c57,TEST,TRAIN,CLUST_0.70_00056,LATE
CANONICAL_d4087f480356,TRAIN,VALIDATION,CLUST_0.70_00064,LATE
CANONICAL_d40a480c2ae7,TRAIN,TEST,CLUST_0.70_00001,LATE
CANONICAL_d40ad2114e30,TRAIN,TEST,CLUST_0.70_00080,LATE
CANONICAL_d40c0ed6b297,TRAIN,VALIDATION,CLUST_0.70_00106,LATE
CANONICAL_d40ca2a0e219,TRAIN,TRAIN,CLUST_0.70_00363,LATE
CANONICAL_d40d4403729e,TEST,TRAIN,CLUST_0.70_00090,LATE
CANONICAL_d40eee84b040,TRAIN,TEST,CLUST_0.70_00052,LATE
CANONICAL_d412255ae0ce,TRAIN,TRAIN,CLUST_0.70_00007,LATE
CANONICAL_d41493b17139,TRAIN,TRAIN,CLUST_0.70_00005,LATE
CANONICAL_d41543892606,TRAIN,TEST,CLUST_0.70_00004,IMMEDIATE_EARLY
CANONICAL_d41a102d34b7,TEST,TRAIN,CLUST_0.70_00005,EARLY
CANONICAL_d4247c65f5e9,TEST,TRAIN,CLUST_0.70_00008,LATE
CANONICAL_d425284505ab,TRAIN,TEST,CLUST_0.70_00001,LATE
CANONICAL_d42cfa55fa71,TRAIN,VALIDATION,CLUST_0.70_00039,LATE
CANONICAL_d42de0bfc4fb,TRAIN,TEST,CLUST_0.70_00001,LATE
CANONICAL_d43cf52369e9,TEST,TRAIN,CLUST_0.70_00008,LATE
CANONICAL_d4407c4f0304,TEST,TRAIN,CLUST_0.70_00008,LATE
CANONICAL_d4487f39c42a,TRAIN,TRAIN,CLUST_0.70_00008,LATE
CANONICAL_d4488d323035,TRAIN,TRAIN,CLUST_0.70_00005,LATE
CANONICAL_d449bd193701,TEST,TRAIN,CLUST_0.70_00005,EARLY
CANONICAL_d44c3a02acc7,TEST,TRAIN,CLUST_0.70_00008,LATE
CANONICAL_d44e5b0f99d2,TRAIN,VALIDATION,CLUST_0.70_00065,LATE
CANONICAL_d4505f143070,TRAIN,VALIDATION,CLUST_0.70_00017,LATE
CANONICAL_d450da6bd89d,TEST,TRAIN,CLUST_0.70_00005,LATE
CANONICAL_d4530237af11,VALIDATION,TEST,CLUST_0.70_00004,IMMEDIATE_EARLY
CANONICAL_d4547c2c6793,TRAIN,TEST,CLUST_0.70_00030,EARLY
CANONICAL_d4549b87e7c8,TEST,TRAIN,CLUST_0.70_00005,LATE
CANONICAL_d46227d7cde2,TEST,TEST,CLUST_0.70_00004,IMMEDIATE_EARLY
CANONICAL_d4635d7d663a,TEST,TRAIN,CLUST_0.70_00008,LATE
CANONICAL_d466ad8855db,TRAIN,TRAIN,CLUST_0.70_00005,LATE
CANONICAL_d468164c727e,VALIDATION,VALIDATION,CLUST_0.70_00079,LATE
CANONICAL_d46cfe9069b7,TRAIN,TRAIN,CLUST_0.70_00007,LATE
CANONICAL_d46dd1160e61,TRAIN,TEST,CLUST_0.70_00030,EARLY
CANONICAL_d46e334ffba7,TRAIN,TRAIN,CLUST_0.70_00008,LATE
CANONICAL_d46e98b9b921,VALIDATION,TRAIN,CLUST_0.70_00008,LATE
CANONICAL_d4718f396d14,TEST,TRAIN,CLUST_0.70_00002,LATE
CANONICAL_d473c56ff00e,TRAIN,TRAIN,CLUST_0.70_00007,LATE
CANONICAL_d476b00dbe00,TRAIN,TRAIN,CLUST_0.70_00007,LATE
CANONICAL_d479a45ef5a0,TRAIN,TEST,CLUST_0.70_00004,IMMEDIATE_EARLY
CANONICAL_d47a57b6b069,TEST,TRAIN,CLUST_0.70_00282,LATE
CANONICAL_d4821d3da3e1,TRAIN,TEST,CLUST_0.70_00071,LATE
CANONICAL_d48a31b87440,TRAIN,TEST,CLUST_0.70_00071,LATE
CANONICAL_d48aa32faee6,TRAIN,TRAIN,CLUST_0.70_00005,LATE
CANONICAL_d48dbd181784,VALIDATION,TEST,CLUST_0.70_00071,LATE
CANONICAL_d48ec794c698,VALIDATION,TRAIN,CLUST_0.70_00008,IMMEDIATE_EARLY
CANONICAL_d491a2e85be8,TRAIN,TRAIN,CLUST_0.70_00008,LATE
CANONICAL_d4946d70fd83,TRAIN,TRAIN,CLUST_0.70_00007,EARLY
CANONICAL_d4948634f131,TEST,TRAIN,CLUST_0.70_00005,EARLY
CANONICAL_d499d4eec659,TRAIN,VALIDATION,CLUST_0.70_00036,EARLY
CANONICAL_d49b0993b674,TRAIN,TRAIN,CLUST_0.70_00007,LATE
CANONICAL_d49d8a479d0e,TRAIN,TRAIN,CLUST_0.70_00005,LATE
CANONICAL_d49e14bf73a3,TRAIN,TEST,CLUST_0.70_00080,LATE
CANONICAL_d49f6e8ca703,TEST,TRAIN,CLUST_0.70_00008,LATE
CANONICAL_d4a2e177fae9,TRAIN,TEST,CLUST_0.70_00071,LATE
CANONICAL_d4aab07694ee,VALIDATION,TRAIN,CLUST_0.70_00008,LATE
CANONICAL_d4ace049fc29,TRAIN,TRAIN,CLUST_0.70_00005,LATE
CANONICAL_d4ad6da60ff6,TRAIN,TRAIN,CLUST_0.70_00008,LATE
CANONICAL_d4b30217e934,VALIDATION,VALIDATION,CLUST_0.70_00086,LATE
CANONICAL_d4b495141c41,TRAIN,TRAIN,CLUST_0.70_00024,LATE
CANONICAL_d4c05996000f,VALIDATION,TEST,CLUST_0.70_00004,IMMEDIATE_EARLY
CANONICAL_d4c53a1d3563,VALIDATION,TRAIN,CLUST_0.70_00005,LATE
CANONICAL_d4c68dad7cf4,TRAIN,TEST,CLUST_0.70_00071,LATE
CANONICAL_d4c7f434658a,TRAIN,VALIDATION,CLUST_0.70_00065,LATE
CANONICAL_d4d0a73704d1,VALIDATION,TEST,CLUST_0.70_00080,LATE
CANONICAL_d4e0edf1057a,VALIDATION,TEST,CLUST_0.70_00080,LATE
CANONICAL_d4ecaff6dab8,TRAIN,TRAIN,CLUST_0.70_00005,EARLY
CANONICAL_d4ee08ba14b4,TRAIN,TRAIN,CLUST_0.70_00005,EARLY
CANONICAL_d4f8646c5e6d,TRAIN,TRAIN,CLUST_0.70_00005,EARLY
CANONICAL_d4fc9470bca9,TEST,TRAIN,CLUST_0.70_00005,EARLY
CANONICAL_d4fe32b3382a,TEST,TEST,CLUST_0.70_00080,LATE
CANONICAL_d50a6ac78956,TRAIN,VALIDATION,CLUST_0.70_00026,IMMEDIATE_EARLY
CANONICAL_d50bdfd050b0,VALIDATION,TRAIN,CLUST_0.70_00060,EARLY
CANONICAL_d510153edc87,TRAIN,VALIDATION,CLUST_0.70_00040,EARLY
CANONICAL_d512369959f3,VALIDATION,TRAIN,CLUST_0.70_00007,EARLY
CANONICAL_d5140ebcddb4,TRAIN,VALIDATION,CLUST_0.70_00058,LATE
CANONICAL_d514b9f7e694,TRAIN,TRAIN,CLUST_0.70_00005,EARLY
CANONICAL_d5178ac9f9c1,TRAIN,VALIDATION,CLUST_0.70_00079,LATE
CANONICAL_d5195bfc8318,TEST,TEST,CLUST_0.70_00052,LATE
CANONICAL_d51cb59d8459,TRAIN,VALIDATION,CLUST_0.70_00079,LATE
CANONICAL_d51cf9ad3048,TRAIN,TEST,CLUST_0.70_00018,LATE
CANONICAL_d5221a98da13,TRAIN,TRAIN,CLUST_0.70_00008,LATE
CANONICAL_d5227aa556f4,TRAIN,TRAIN,CLUST_0.70_00005,LATE
CANONICAL_d5246e96bc2f,TRAIN,TRAIN,CLUST_0.70_00005,LATE
CANONICAL_d526badf8bdd,TRAIN,TRAIN,CLUST_0.70_00005,LATE
CANONICAL_d528fd965e5c,TRAIN,TRAIN,CLUST_0.70_00008,LATE
CANONICAL_d52f765674e9,TRAIN,TEST,CLUST_0.70_00030,EARLY
CANONICAL_d532287f3e59,TRAIN,TRAIN,CLUST_0.70_00216,LATE
CANONICAL_d53df1f29f27,TEST,TEST,CLUST_0.70_00001,LATE
CANONICAL_d54463968363,TEST,TRAIN,CLUST_0.70_00074,EARLY
CANONICAL_d5448811c84a,TRAIN,TRAIN,CLUST_0.70_00005,LATE
CANONICAL_d548e6e87777,TRAIN,VALIDATION,CLUST_0.70_00079,LATE
CANONICAL_d54c096213db,TRAIN,TRAIN,CLUST_0.70_00008,LATE
CANONICAL_d54c40ed5e81,VALIDATION,VALIDATION,CLUST_0.70_00036,EARLY
CANONICAL_d54c9f9791ae,TEST,TEST,CLUST_0.70_00001,LATE
CANONICAL_d5503bb56082,TRAIN,TRAIN,CLUST_0.70_00005,LATE
CANONICAL_d550e576c7bb,TRAIN,TRAIN,CLUST_0.70_00007,EARLY
CANONICAL_d55cc3381fd9,TRAIN,TEST,CLUST_0.70_00030,EARLY
CANONICAL_d55cdea151ee,TRAIN,TEST,CLUST_0.70_00001,LATE
CANONICAL_d55fbdd244b5,VALIDATION,TEST,CLUST_0.70_00030,EARLY
CANONICAL_d5786c8f5680,TRAIN,TRAIN,CLUST_0.70_00008,LATE
CANONICAL_d57b577801e1,TRAIN,VALIDATION,CLUST_0.70_00031,LATE
CANONICAL_d57c5cdb69d2,TRAIN,TRAIN,CLUST_0.70_00005,EARLY
CANONICAL_d5845d32f2d9,TRAIN,TRAIN,CLUST_0.70_00005,LATE
CANONICAL_d589576fd8b8,TEST,TRAIN,CLUST_0.70_00005,LATE
CANONICAL_d58a5c1e5090,VALIDATION,TEST,CLUST_0.70_00015,LATE
CANONICAL_d58b1423e65b,TRAIN,TRAIN,CLUST_0.70_00005,LATE
CANONICAL_d58e02fcb6ed,VALIDATION,TRAIN,CLUST_0.70_00005,EARLY
CANONICAL_d58ecb9f0bdb,TRAIN,VALIDATION,CLUST_0.70_00059,LATE
CANONICAL_d5915dbe4a62,TRAIN,TRAIN,CLUST_0.70_00005,EARLY
CANONICAL_d59369147c23,TRAIN,VALIDATION,CLUST_0.70_00059,LATE
CANONICAL_d59e3d4f1c11,TRAIN,TRAIN,CLUST_0.70_00008,LATE
CANONICAL_d59f95ddc55c,TRAIN,TEST,CLUST_0.70_00080,LATE
CANONICAL_d5a19c33b6c8,TRAIN,VALIDATION,CLUST_0.70_00039,LATE
CANONICAL_d5a70b239de4,TRAIN,VALIDATION,CLUST_0.70_00026,IMMEDIATE_EARLY
CANONICAL_d5ac749c102a,TRAIN,TEST,CLUST_0.70_00020,LATE
CANONICAL_d5ad49509675,TRAIN,TRAIN,CLUST_0.70_00090,LATE
CANONICAL_d5b2d8561ceb,VALIDATION,VALIDATION,CLUST_0.70_00086,LATE
CANONICAL_d5bfee7006d3,TRAIN,VALIDATION,CLUST_0.70_00026,IMMEDIATE_EARLY
CANONICAL_d5c27cd95899,TRAIN,VALIDATION,CLUST_0.70_00006,IMMEDIATE_EARLY
CANONICAL_d5c484ed0f10,TRAIN,TRAIN,CLUST_0.70_00005,LATE
CANONICAL_d5c4cca52ae7,VALIDATION,TEST,CLUST_0.70_00020,LATE
CANONICAL_d5c82ad9a58c,TRAIN,VALIDATION,CLUST_0.70_00079,LATE
CANONICAL_d5d008002549,TEST,TRAIN,CLUST_0.70_00005,EARLY
CANONICAL_d5d1005e5af2,TRAIN,TEST,CLUST_0.70_00080,LATE
CANONICAL_d5d2c1ba4e9a,TEST,TEST,CLUST_0.70_00030,EARLY
CANONICAL_d5d36a8f4d9d,TRAIN,TRAIN,CLUST_0.70_00008,LATE
CANONICAL_d5d3efd72c71,VALIDATION,VALIDATION,CLUST_0.70_00025,LATE
CANONICAL_d5dcf57d73fd,TRAIN,TRAIN,CLUST_0.70_00008,LATE
CANONICAL_d5dd0c14d0ba,TEST,TRAIN,CLUST_0.70_00005,EARLY
CANONICAL_d5de4abfb0cc,VALIDATION,TRAIN,CLUST_0.70_00005,EARLY
CANONICAL_d5e0872ab8d3,TEST,TRAIN,CLUST_0.70_00007,LATE
CANONICAL_d5e607bb5398,VALIDATION,TRAIN,CLUST_0.70_00005,LATE
CANONICAL_d5eaa372570c,TRAIN,VALIDATION,CLUST_0.70_00031,LATE
CANONICAL_d5ebaa6ceb5c,TRAIN,TRAIN,CLUST_0.70_00005,LATE
CANONICAL_d5eefb689609,TRAIN,TEST,CLUST_0.70_00030,EARLY
CANONICAL_d5f125f9687c,VALIDATION,VALIDATION,CLUST_0.70_00029,LATE
CANONICAL_d5f673aa004b,TRAIN,VALIDATION,CLUST_0.70_00029,LATE
CANONICAL_d5fe455861b5,TRAIN,TRAIN,CLUST_0.70_00062,LATE
CANONICAL_d60069434285,TRAIN,TEST,CLUST_0.70_00001,LATE
CANONICAL_d60284261e80,TRAIN,TRAIN,CLUST_0.70_00007,IMMEDIATE_EARLY
CANONICAL_d603118f838b,TEST,VALIDATION,CLUST_0.70_00106,LATE
CANONICAL_d6057fc55349,TRAIN,TRAIN,CLUST_0.70_00008,LATE
CANONICAL_d6078d4d9638,TRAIN,TRAIN,CLUST_0.70_00007,IMMEDIATE_EARLY
CANONICAL_d60a38ef33de,TRAIN,TRAIN,CLUST_0.70_00005,EARLY
CANONICAL_d613409369f0,TRAIN,TRAIN,CLUST_0.70_00007,LATE
CANONICAL_d6186dd1c53d,TRAIN,TRAIN,CLUST_0.70_00005,LATE
CANONICAL_d619792dea16,TRAIN,TRAIN,CLUST_0.70_00005,EARLY
CANONICAL_d619b86b737c,TRAIN,VALIDATION,CLUST_0.70_00058,LATE
CANONICAL_d61a15975564,TRAIN,VALIDATION,CLUST_0.70_00055,LATE
CANONICAL_d61e56d5d5b1,TEST,TRAIN,CLUST_0.70_00008,LATE
CANONICAL_d61e682f7e94,VALIDATION,TRAIN,CLUST_0.70_00005,LATE
CANONICAL_d61e843e9c26,TRAIN,TRAIN,CLUST_0.70_00005,EARLY
CANONICAL_d6212066abc6,TRAIN,TRAIN,CLUST_0.70_00056,LATE
CANONICAL_d621310f4e84,TRAIN,VALIDATION,CLUST_0.70_00039,LATE
CANONICAL_d624e6796ea3,TRAIN,TRAIN,CLUST_0.70_00005,EARLY
CANONICAL_d6274765e644,TEST,TEST,CLUST_0.70_00004,IMMEDIATE_EARLY
CANONICAL_d62be33c1c47,VALIDATION,TRAIN,CLUST_0.70_00261,LATE
CANONICAL_d6359c9e700a,TRAIN,TEST,CLUST_0.70_00071,LATE
CANONICAL_d63930c684ac,TRAIN,TRAIN,CLUST_0.70_00005,EARLY
CANONICAL_d63a19f0f26e,TRAIN,TEST,CLUST_0.70_00004,IMMEDIATE_EARLY
CANONICAL_d63adb54b43d,TRAIN,VALIDATION,CLUST_0.70_00010,EARLY
CANONICAL_d63bb2a1cbe8,TRAIN,TEST,CLUST_0.70_00015,LATE
CANONICAL_d63c8ba840ee,TRAIN,TRAIN,CLUST_0.70_00005,LATE
CANONICAL_d63e3b3d04e8,VALIDATION,TEST,CLUST_0.70_00052,LATE
CANONICAL_d6438dd19ecf,TRAIN,TEST,CLUST_0.70_00030,EARLY
CANONICAL_d64467901578,TRAIN,TRAIN,CLUST_0.70_00005,EARLY
CANONICAL_d646a96b71e6,TEST,VALIDATION,CLUST_0.70_00058,LATE
CANONICAL_d647c3f6da62,TRAIN,TEST,CLUST_0.70_00004,IMMEDIATE_EARLY
CANONICAL_d649657c0e4e,TEST,TRAIN,CLUST_0.70_00005,EARLY
CANONICAL_d64d86394c3a,TRAIN,TRAIN,CLUST_0.70_00005,LATE
CANONICAL_d64f886f0e63,TEST,VALIDATION,CLUST_0.70_00026,IMMEDIATE_EARLY
CANONICAL_d651875c2d72,TRAIN,TEST,CLUST_0.70_00001,LATE
CANONICAL_d656f10ef3b0,TRAIN,VALIDATION,CLUST_0.70_00055,IMMEDIATE_EARLY
CANONICAL_d66050f26c8f,VALIDATION,TEST,CLUST_0.70_00001,LATE
CANONICAL_d66374b0b70c,VALIDATION,TEST,CLUST_0.70_00001,LATE
CANONICAL_d66705835fc0,TRAIN,TRAIN,CLUST_0.70_00005,LATE
CANONICAL_d66843d8939d,TEST,TRAIN,CLUST_0.70_00005,EARLY
CANONICAL_d676ab94e83a,TEST,TEST,CLUST_0.70_00051,LATE
CANONICAL_d67abd2ab184,VALIDATION,VALIDATION,CLUST_0.70_00025,LATE
CANONICAL_d681f5a7de4d,VALIDATION,TRAIN,CLUST_0.70_00008,LATE
CANONICAL_d68b3da9dab4,TEST,TRAIN,CLUST_0.70_00007,EARLY
CANONICAL_d690bc62de5e,TRAIN,VALIDATION,CLUST_0.70_00016,EARLY
CANONICAL_d695c70ac58c,TRAIN,TRAIN,CLUST_0.70_00007,IMMEDIATE_EARLY
CANONICAL_d698e584daf3,TRAIN,VALIDATION,CLUST_0.70_00038,LATE
CANONICAL_d69c755412cf,TRAIN,TRAIN,CLUST_0.70_00097,LATE
CANONICAL_d69e6a0a449f,TEST,TRAIN,CLUST_0.70_00005,EARLY
CANONICAL_d6a7a5366924,TEST,TRAIN,CLUST_0.70_00024,LATE
CANONICAL_d6a8088c019e,VALIDATION,TRAIN,CLUST_0.70_00005,EARLY
CANONICAL_d6adfa724a8d,TRAIN,TRAIN,CLUST_0.70_00033,IMMEDIATE_EARLY
CANONICAL_d6ae04f0ed92,TRAIN,TRAIN,CLUST_0.70_00005,EARLY
CANONICAL_d6aeaa382bfa,TEST,TRAIN,CLUST_0.70_00005,EARLY
CANONICAL_d6b66530c5e3,TRAIN,TRAIN,CLUST_0.70_00005,LATE
CANONICAL_d6ca404cb2d7,VALIDATION,VALIDATION,CLUST_0.70_00064,LATE
CANONICAL_d6cef9a765f5,TRAIN,TRAIN,CLUST_0.70_00005,EARLY
CANONICAL_d6d67bf9d789,TRAIN,TRAIN,CLUST_0.70_00405,EARLY
CANONICAL_d6d8196b5cb0,TRAIN,TRAIN,CLUST_0.70_00056,LATE
CANONICAL_d6da588ecbb2,TRAIN,VALIDATION,CLUST_0.70_00079,LATE
CANONICAL_d6e14869cfcf,TRAIN,TRAIN,CLUST_0.70_00005,LATE
CANONICAL_d6e219c6088b,TRAIN,TRAIN,CLUST_0.70_00007,LATE
CANONICAL_d6e2c83c739e,TRAIN,TRAIN,CLUST_0.70_00075,LATE
CANONICAL_d6e318fc5e5e,TRAIN,TEST,CLUST_0.70_00020,LATE
CANONICAL_d6eb26a4a26b,TEST,TRAIN,CLUST_0.70_00299,LATE
CANONICAL_d6f2d7283522,TRAIN,VALIDATION,CLUST_0.70_00029,LATE
CANONICAL_d6f383f0fd33,TRAIN,TRAIN,CLUST_0.70_00008,LATE
CANONICAL_d6f4dc71b92c,TRAIN,VALIDATION,CLUST_0.70_00006,IMMEDIATE_EARLY
CANONICAL_d6f7cc73d2b1,VALIDATION,TRAIN,CLUST_0.70_00008,LATE
CANONICAL_d6fbe93f201d,TRAIN,VALIDATION,CLUST_0.70_00058,LATE
CANONICAL_d6ff5314b5de,TRAIN,TRAIN,CLUST_0.70_00005,EARLY
CANONICAL_d703d454abf9,TRAIN,TRAIN,CLUST_0.70_00005,LATE
CANONICAL_d70444b9c3f5,VALIDATION,VALIDATION,CLUST_0.70_00010,EARLY
CANONICAL_d7094689d87d,TRAIN,TRAIN,CLUST_0.70_00329,EARLY
CANONICAL_d70ab7e08d62,TRAIN,TRAIN,CLUST_0.70_00005,EARLY
CANONICAL_d70e84abc24b,TRAIN,TRAIN,CLUST_0.70_00005,LATE
CANONICAL_d7186e495e53,VALIDATION,TEST,CLUST_0.70_00001,LATE
CANONICAL_d71b622840f4,TRAIN,TRAIN,CLUST_0.70_00008,LATE
CANONICAL_d72055f611a0,TRAIN,TRAIN,CLUST_0.70_00008,LATE
CANONICAL_d72173492d16,TRAIN,TEST,CLUST_0.70_00030,EARLY
CANONICAL_d723ef2bdabf,TRAIN,TRAIN,CLUST_0.70_00185,LATE
CANONICAL_d72baef8553e,TRAIN,TRAIN,CLUST_0.70_00007,LATE
CANONICAL_d72ce8b8a786,TRAIN,TRAIN,CLUST_0.70_00007,EARLY
CANONICAL_d72cf01e4e6d,TRAIN,TEST,CLUST_0.70_00052,LATE
CANONICAL_d72f9ca2ffea,TRAIN,TRAIN,CLUST_0.70_00007,EARLY
CANONICAL_d734700df197,VALIDATION,TRAIN,CLUST_0.70_00322,LATE
CANONICAL_d736bc35916f,TEST,TRAIN,CLUST_0.70_00005,EARLY
CANONICAL_d73a133d9ed4,TRAIN,VALIDATION,CLUST_0.70_00006,IMMEDIATE_EARLY
CANONICAL_d746181b4583,TRAIN,TRAIN,CLUST_0.70_00005,LATE
CANONICAL_d74aa43dd0cb,TRAIN,TRAIN,CLUST_0.70_00005,LATE
CANONICAL_d74f16c58afe,TEST,TRAIN,CLUST_0.70_00007,LATE
CANONICAL_d74fa36282cc,TRAIN,TRAIN,CLUST_0.70_00008,LATE
CANONICAL_d751ed5e1a25,TRAIN,TRAIN,CLUST_0.70_00164,LATE
CANONICAL_d75282ea20c5,TRAIN,TRAIN,CLUST_0.70_00005,EARLY
CANONICAL_d757404dd5a2,TRAIN,TRAIN,CLUST_0.70_00005,EARLY
CANONICAL_d75998010ed0,TRAIN,TRAIN,CLUST_0.70_00005,EARLY
CANONICAL_d759d2df44ea,TRAIN,VALIDATION,CLUST_0.70_00025,LATE
CANONICAL_d75da0d6b327,TEST,TRAIN,CLUST_0.70_00007,EARLY
CANONICAL_d75e56574200,TRAIN,TRAIN,CLUST_0.70_00008,LATE
CANONICAL_d760f26026f5,TRAIN,TRAIN,CLUST_0.70_00005,LATE
CANONICAL_d76b019114e2,TRAIN,TEST,CLUST_0.70_00037,LATE
CANONICAL_d76c4c794644,TRAIN,TRAIN,CLUST_0.70_00005,LATE
CANONICAL_d7708f8bb6d5,TRAIN,VALIDATION,CLUST_0.70_00006,IMMEDIATE_EARLY
CANONICAL_d7739a5dfcb6,TRAIN,TEST,CLUST_0.70_00052,LATE
CANONICAL_d77698684f4a,VALIDATION,TRAIN,CLUST_0.70_00008,LATE
CANONICAL_d7788205fe6a,TRAIN,TRAIN,CLUST_0.70_00005,LATE
CANONICAL_d7789b9668c1,VALIDATION,TRAIN,CLUST_0.70_00008,LATE
CANONICAL_d77b8fec1875,TRAIN,TRAIN,CLUST_0.70_00005,EARLY
CANONICAL_d77dd2a12bd5,TRAIN,TRAIN,CLUST_0.70_00105,LATE
CANONICAL_d78171290eec,TRAIN,TEST,CLUST_0.70_00071,LATE
CANONICAL_d785d6032132,TRAIN,TRAIN,CLUST_0.70_00005,LATE
CANONICAL_d786dd4dde83,TRAIN,TRAIN,CLUST_0.70_00007,LATE
CANONICAL_d78b63ff5a35,TRAIN,TRAIN,CLUST_0.70_00005,EARLY
CANONICAL_d78c97565e9b,TRAIN,TRAIN,CLUST_0.70_00034,EARLY
CANONICAL_d78e474e7d01,TEST,VALIDATION,CLUST_0.70_00079,LATE
CANONICAL_d79268fb2f15,TRAIN,VALIDATION,CLUST_0.70_00026,IMMEDIATE_EARLY
CANONICAL_d793b6fd22da,VALIDATION,VALIDATION,CLUST_0.70_00006,IMMEDIATE_EARLY
CANONICAL_d7985d017a8f,TRAIN,TRAIN,CLUST_0.70_00005,EARLY
CANONICAL_d7a527a83f71,TRAIN,TEST,CLUST_0.70_00052,LATE
CANONICAL_d7a5aae1ff2f,VALIDATION,TRAIN,CLUST_0.70_00007,LATE
CANONICAL_d7a7dc2873b4,TRAIN,VALIDATION,CLUST_0.70_00038,LATE
CANONICAL_d7a8e0221446,TEST,TRAIN,CLUST_0.70_00005,LATE
CANONICAL_d7abfe2628a3,TRAIN,VALIDATION,CLUST_0.70_00026,IMMEDIATE_EARLY
CANONICAL_d7ace7e0396f,TRAIN,TEST,CLUST_0.70_00001,LATE
CANONICAL_d7affb432816,TRAIN,VALIDATION,CLUST_0.70_00041,EARLY
CANONICAL_d7b1ff0077a1,TRAIN,TRAIN,CLUST_0.70_00005,LATE
CANONICAL_d7b92a4f8148,VALIDATION,VALIDATION,CLUST_0.70_00025,LATE
CANONICAL_d7bc294fe73a,TEST,TEST,CLUST_0.70_00001,LATE
CANONICAL_d7bf5d5303e3,TEST,TRAIN,CLUST_0.70_00005,LATE
CANONICAL_d7c04190cf36,VALIDATION,TRAIN,CLUST_0.70_00005,EARLY
CANONICAL_d7c30a9ec907,TRAIN,TRAIN,CLUST_0.70_00005,EARLY
CANONICAL_d7c86de3b081,TRAIN,TRAIN,CLUST_0.70_00008,LATE
CANONICAL_d7cc3cc9ef73,TRAIN,TEST,CLUST_0.70_00030,EARLY
CANONICAL_d7cef3047afa,TRAIN,TRAIN,CLUST_0.70_00109,LATE
CANONICAL_d7d2c2c2a64c,TEST,TRAIN,CLUST_0.70_00008,LATE
CANONICAL_d7d3a3b4c00e,TRAIN,TRAIN,CLUST_0.70_00005,EARLY
CANONICAL_d7e39ba8d4f6,TRAIN,TEST,CLUST_0.70_00018,LATE
CANONICAL_d7e766405556,TEST,TEST,CLUST_0.70_00015,LATE
CANONICAL_d7e812c9605d,TRAIN,TRAIN,CLUST_0.70_00008,LATE
CANONICAL_d7e911133b88,VALIDATION,TEST,CLUST_0.70_00030,EARLY
CANONICAL_d7ea39abeb95,TRAIN,VALIDATION,CLUST_0.70_00169,LATE
CANONICAL_d7eb7890aabd,TRAIN,VALIDATION,CLUST_0.70_00041,EARLY
CANONICAL_d7ed4a5e14bd,TRAIN,VALIDATION,CLUST_0.70_00026,IMMEDIATE_EARLY
CANONICAL_d7ee500fd0a1,TRAIN,VALIDATION,CLUST_0.70_00079,LATE
CANONICAL_d7efaf58f75f,TRAIN,VALIDATION,CLUST_0.70_00017,LATE
CANONICAL_d7f002e685ca,VALIDATION,TRAIN,CLUST_0.70_00005,EARLY
CANONICAL_d7f1b8bb8328,TRAIN,TRAIN,CLUST_0.70_00005,EARLY
CANONICAL_d7f331b4a69f,TRAIN,TRAIN,CLUST_0.70_00005,LATE
CANONICAL_d7f84dc89785,TRAIN,TEST,CLUST_0.70_00080,LATE
CANONICAL_d7fb69c7fb29,VALIDATION,TRAIN,CLUST_0.70_00005,EARLY
CANONICAL_d7fc2df32ceb,TRAIN,TRAIN,CLUST_0.70_00008,LATE
CANONICAL_d80012c97d93,TRAIN,TRAIN,CLUST_0.70_00005,EARLY
CANONICAL_d801666d6103,TRAIN,TEST,CLUST_0.70_00018,EARLY
CANONICAL_d8041f685994,TRAIN,TRAIN,CLUST_0.70_00164,LATE
CANONICAL_d8064cc565ba,TRAIN,VALIDATION,CLUST_0.70_00064,LATE
CANONICAL_d806feb7b8de,TRAIN,TRAIN,CLUST_0.70_00005,EARLY
CANONICAL_d807a377c02c,VALIDATION,TEST,CLUST_0.70_00004,IMMEDIATE_EARLY
CANONICAL_d80d95af3bf9,TRAIN,TEST,CLUST_0.70_00004,IMMEDIATE_EARLY
CANONICAL_d8115e92b582,TRAIN,TRAIN,CLUST_0.70_00033,IMMEDIATE_EARLY
CANONICAL_d8132399ff0a,TRAIN,TRAIN,CLUST_0.70_00005,EARLY
CANONICAL_d81ca70cf9ca,TEST,TRAIN,CLUST_0.70_00222,LATE
CANONICAL_d82264d29688,VALIDATION,VALIDATION,CLUST_0.70_00017,LATE
CANONICAL_d8277e3839ce,VALIDATION,TRAIN,CLUST_0.70_00005,EARLY
CANONICAL_d82971e64b9b,TRAIN,TRAIN,CLUST_0.70_00007,LATE
CANONICAL_d829ac014d24,TRAIN,TEST,CLUST_0.70_00051,LATE
CANONICAL_d82de6ee3886,TRAIN,TRAIN,CLUST_0.70_00008,LATE
CANONICAL_d831baf61258,TRAIN,VALIDATION,CLUST_0.70_00065,LATE
CANONICAL_d832151d2256,TRAIN,VALIDATION,CLUST_0.70_00190,LATE
CANONICAL_d84127145b50,VALIDATION,TRAIN,CLUST_0.70_00008,LATE
CANONICAL_d8436cf10b06,VALIDATION,TRAIN,CLUST_0.70_00005,EARLY
CANONICAL_d84985fc987b,TRAIN,TRAIN,CLUST_0.70_00005,LATE
CANONICAL_d8579cfaa087,TEST,TRAIN,CLUST_0.70_00007,LATE
CANONICAL_d858e3a5aa22,TRAIN,TRAIN,CLUST_0.70_00008,LATE
CANONICAL_d867a82bd0ac,TRAIN,TRAIN,CLUST_0.70_00069,IMMEDIATE_EARLY
CANONICAL_d86d08822212,TRAIN,VALIDATION,CLUST_0.70_00058,LATE
CANONICAL_d8713a77402b,TRAIN,TEST,CLUST_0.70_00018,LATE
CANONICAL_d87216186aed,TEST,TRAIN,CLUST_0.70_00005,EARLY
CANONICAL_d87af599985a,TEST,VALIDATION,CLUST_0.70_00029,LATE
CANONICAL_d87bccce9265,VALIDATION,TRAIN,CLUST_0.70_00005,EARLY
CANONICAL_d87febb8f3a5,TRAIN,VALIDATION,CLUST_0.70_00025,LATE
CANONICAL_d8831188c5ed,TRAIN,TRAIN,CLUST_0.70_00062,LATE
CANONICAL_d8863a11a320,TEST,TRAIN,CLUST_0.70_00007,LATE
CANONICAL_d88687dfc2ef,TRAIN,VALIDATION,CLUST_0.70_00127,LATE
CANONICAL_d8878e163a9e,TRAIN,TRAIN,CLUST_0.70_00005,EARLY
CANONICAL_d88854b5d262,TRAIN,TEST,CLUST_0.70_00004,IMMEDIATE_EARLY
CANONICAL_d88ba3a33fdb,TRAIN,TRAIN,CLUST_0.70_00007,LATE
CANONICAL_d88be83d47fc,TRAIN,TEST,CLUST_0.70_00051,LATE
CANONICAL_d88dfd1613dd,TRAIN,VALIDATION,CLUST_0.70_00106,LATE
CANONICAL_d898dc62181d,VALIDATION,VALIDATION,CLUST_0.70_00058,LATE
CANONICAL_d89ca1aa2294,TRAIN,TRAIN,CLUST_0.70_00008,IMMEDIATE_EARLY
CANONICAL_d89f21d1510b,TRAIN,TRAIN,CLUST_0.70_00008,LATE
CANONICAL_d8a0b4499b90,TRAIN,TRAIN,CLUST_0.70_00005,EARLY
CANONICAL_d8a69d7d2743,TRAIN,TRAIN,CLUST_0.70_00007,LATE
CANONICAL_d8b3c4d22f67,TRAIN,TRAIN,CLUST_0.70_00008,LATE
CANONICAL_d8b59b14ac5b,TRAIN,TEST,CLUST_0.70_00037,LATE
CANONICAL_d8ba595b4bc6,TRAIN,TRAIN,CLUST_0.70_00005,LATE
CANONICAL_d8bf4be5007f,TRAIN,VALIDATION,CLUST_0.70_00025,LATE
CANONICAL_d8c2a0131769,TEST,VALIDATION,CLUST_0.70_00025,LATE
CANONICAL_d8c695d0f609,VALIDATION,TEST,CLUST_0.70_00015,LATE
CANONICAL_d8d07bf96d43,TEST,TRAIN,CLUST_0.70_00007,LATE
CANONICAL_d8d0b4d46494,TRAIN,TRAIN,CLUST_0.70_00191,EARLY
CANONICAL_d8d5c8f13f28,TRAIN,VALIDATION,CLUST_0.70_00127,LATE
CANONICAL_d8d64ba1fe04,TRAIN,TRAIN,CLUST_0.70_00008,LATE
CANONICAL_d8dd616a30da,TRAIN,TRAIN,CLUST_0.70_00186,EARLY
CANONICAL_d8e0afc8403a,TRAIN,TEST,CLUST_0.70_00018,EARLY
CANONICAL_d8e49b40c8f5,TRAIN,TRAIN,CLUST_0.70_00047,LATE
CANONICAL_d8e9c2c293c1,TRAIN,TRAIN,CLUST_0.70_00005,LATE
CANONICAL_d8ea8f2d3086,TEST,TEST,CLUST_0.70_00015,LATE
CANONICAL_d8ec29457fc0,TRAIN,TRAIN,CLUST_0.70_00008,LATE
CANONICAL_d8ed82cc4bd8,TRAIN,TRAIN,CLUST_0.70_00008,LATE
CANONICAL_d905e3f5bfb6,TRAIN,TEST,CLUST_0.70_00037,LATE
CANONICAL_d9149b4b277f,TRAIN,TEST,CLUST_0.70_00004,IMMEDIATE_EARLY
CANONICAL_d91ab37bee6f,TEST,TRAIN,CLUST_0.70_00005,EARLY
CANONICAL_d91abdc3f10f,TRAIN,TRAIN,CLUST_0.70_00005,EARLY
CANONICAL_d923c4df649f,TRAIN,VALIDATION,CLUST_0.70_00029,LATE
CANONICAL_d9290a328da1,TRAIN,TRAIN,CLUST_0.70_00124,LATE
CANONICAL_d9294bf1c376,VALIDATION,TRAIN,CLUST_0.70_00005,EARLY
CANONICAL_d929c8e6b09d,TRAIN,VALIDATION,CLUST_0.70_00006,IMMEDIATE_EARLY
CANONICAL_d92d56f5b2e4,TRAIN,TRAIN,CLUST_0.70_00231,IMMEDIATE_EARLY
CANONICAL_d93a26521f28,VALIDATION,TRAIN,CLUST_0.70_00005,LATE
CANONICAL_d93a7b41d222,TEST,VALIDATION,CLUST_0.70_00086,LATE
CANONICAL_d93b57cd11a1,TRAIN,TRAIN,CLUST_0.70_00005,EARLY
CANONICAL_d93dc5d1a17f,TEST,TEST,CLUST_0.70_00030,EARLY
CANONICAL_d9406a5ec77f,TRAIN,TRAIN,CLUST_0.70_00005,LATE
CANONICAL_d9467d72bfcf,TRAIN,TRAIN,CLUST_0.70_00005,LATE
CANONICAL_d9471cf5bc9d,TRAIN,TRAIN,CLUST_0.70_00007,LATE
CANONICAL_d94ae10b9177,TRAIN,VALIDATION,CLUST_0.70_00026,IMMEDIATE_EARLY
CANONICAL_d94ff533492c,TEST,VALIDATION,CLUST_0.70_00029,LATE
CANONICAL_d95354b82894,TRAIN,TRAIN,CLUST_0.70_00005,EARLY
CANONICAL_d953961afc33,VALIDATION,TRAIN,CLUST_0.70_00008,LATE
CANONICAL_d9541e6f5664,TRAIN,VALIDATION,CLUST_0.70_00010,EARLY
CANONICAL_d9551b7bc0fe,TRAIN,TRAIN,CLUST_0.70_00008,LATE
CANONICAL_d9561d557837,TRAIN,VALIDATION,CLUST_0.70_00190,LATE
CANONICAL_d95b966dd9f3,TRAIN,TRAIN,CLUST_0.70_00007,LATE
CANONICAL_d95d9668bcfc,TRAIN,TRAIN,CLUST_0.70_00005,LATE
CANONICAL_d95e5c658288,TRAIN,TRAIN,CLUST_0.70_00256,LATE
CANONICAL_d96128d7674f,TRAIN,VALIDATION,CLUST_0.70_00029,LATE
CANONICAL_d9616f076a60,TRAIN,VALIDATION,CLUST_0.70_00058,LATE
CANONICAL_d9618e812caf,TRAIN,TRAIN,CLUST_0.70_00062,LATE
CANONICAL_d961e27705bf,TRAIN,TRAIN,CLUST_0.70_00005,EARLY
CANONICAL_d962aa3f27ac,TRAIN,TRAIN,CLUST_0.70_00008,LATE
CANONICAL_d96404c2d500,TRAIN,TEST,CLUST_0.70_00080,LATE
CANONICAL_d9643abd5bbb,TRAIN,TEST,CLUST_0.70_00018,LATE
CANONICAL_d9671298472f,TRAIN,VALIDATION,CLUST_0.70_00040,EARLY
CANONICAL_d97219a31f5a,TRAIN,TRAIN,CLUST_0.70_00005,EARLY
CANONICAL_d97539e06044,TRAIN,TEST,CLUST_0.70_00015,LATE
CANONICAL_d97681e1d98a,TRAIN,TRAIN,CLUST_0.70_00317,LATE
CANONICAL_d9771e06a90e,VALIDATION,TRAIN,CLUST_0.70_00236,LATE
CANONICAL_d9783e5172a4,VALIDATION,TEST,CLUST_0.70_00004,IMMEDIATE_EARLY
CANONICAL_d97a64d9c692,TRAIN,TRAIN,CLUST_0.70_00008,LATE
CANONICAL_d97c5e30da5b,TRAIN,TEST,CLUST_0.70_00004,IMMEDIATE_EARLY
CANONICAL_d980ce039f13,TEST,VALIDATION,CLUST_0.70_00058,LATE
CANONICAL_d98fbe707592,TRAIN,TRAIN,CLUST_0.70_00005,EARLY
CANONICAL_d991f288dfe0,TRAIN,TEST,CLUST_0.70_00018,LATE
CANONICAL_d992e6f24767,TRAIN,TRAIN,CLUST_0.70_00005,EARLY
CANONICAL_d9974246ae5c,TRAIN,VALIDATION,CLUST_0.70_00010,EARLY
CANONICAL_d99fea61b1bc,TRAIN,TEST,CLUST_0.70_00018,LATE
CANONICAL_d9a6ddccbe92,TRAIN,TEST,CLUST_0.70_00051,LATE
CANONICAL_d9ae419e2e01,TRAIN,TRAIN,CLUST_0.70_00005,EARLY
CANONICAL_d9aeaf55771b,VALIDATION,TRAIN,CLUST_0.70_00008,LATE
CANONICAL_d9b03968b5e9,VALIDATION,VALIDATION,CLUST_0.70_00038,LATE
CANONICAL_d9b73f2c6acb,VALIDATION,TRAIN,CLUST_0.70_00103,EARLY
CANONICAL_d9b80c48393d,TRAIN,TRAIN,CLUST_0.70_00005,EARLY
CANONICAL_d9bf47a58f40,VALIDATION,TEST,CLUST_0.70_00004,IMMEDIATE_EARLY
CANONICAL_d9c315197f27,TEST,VALIDATION,CLUST_0.70_00031,LATE
CANONICAL_d9cc6b3ca6b3,TRAIN,VALIDATION,CLUST_0.70_00106,LATE
CANONICAL_d9cec38abcd0,TRAIN,TEST,CLUST_0.70_00030,EARLY
CANONICAL_d9d12883e405,TRAIN,TRAIN,CLUST_0.70_00005,EARLY
CANONICAL_d9d18121d3a1,TRAIN,TEST,CLUST_0.70_00004,IMMEDIATE_EARLY
CANONICAL_d9d5dbcf7b93,TRAIN,TRAIN,CLUST_0.70_00008,LATE
CANONICAL_d9db66df5f5e,TRAIN,TRAIN,CLUST_0.70_00005,LATE
CANONICAL_d9e0b63d05b1,TRAIN,VALIDATION,CLUST_0.70_00190,LATE
CANONICAL_d9ec6dd464c6,TRAIN,TRAIN,CLUST_0.70_00005,EARLY
CANONICAL_d9ecf40cd338,VALIDATION,VALIDATION,CLUST_0.70_00041,EARLY
CANONICAL_d9eeea7f9321,TEST,TRAIN,CLUST_0.70_00024,LATE
CANONICAL_d9f4b0214d7d,VALIDATION,TEST,CLUST_0.70_00030,EARLY
CANONICAL_da055e597efc,TEST,VALIDATION,CLUST_0.70_00127,LATE
CANONICAL_da05eccf425b,TRAIN,TRAIN,CLUST_0.70_00195,LATE
CANONICAL_da05f1ebb635,TRAIN,TEST,CLUST_0.70_00030,EARLY
CANONICAL_da08673ee524,TRAIN,TRAIN,CLUST_0.70_00007,LATE
CANONICAL_da0ccc971c0f,VALIDATION,VALIDATION,CLUST_0.70_00029,LATE
CANONICAL_da16a35e3d1a,TRAIN,TRAIN,CLUST_0.70_00005,LATE
CANONICAL_da16ba6f2de2,TRAIN,TRAIN,CLUST_0.70_00005,LATE
CANONICAL_da172f096f95,VALIDATION,TRAIN,CLUST_0.70_00213,LATE
CANONICAL_da1790569e6e,TRAIN,TRAIN,CLUST_0.70_00005,EARLY
CANONICAL_da19290cd137,TRAIN,TEST,CLUST_0.70_00015,LATE
CANONICAL_da1c49d341fd,TRAIN,TEST,CLUST_0.70_00020,LATE
CANONICAL_da1cf0432b02,TRAIN,TRAIN,CLUST_0.70_00005,EARLY
CANONICAL_da247a8d2bc5,TEST,VALIDATION,CLUST_0.70_00026,IMMEDIATE_EARLY
CANONICAL_da24b24c94b9,TRAIN,TRAIN,CLUST_0.70_00008,IMMEDIATE_EARLY
CANONICAL_da30768a0181,TRAIN,TRAIN,CLUST_0.70_00005,EARLY
CANONICAL_da32686c7279,TRAIN,TRAIN,CLUST_0.70_00005,EARLY
CANONICAL_da3980ae3c68,TRAIN,TRAIN,CLUST_0.70_00008,LATE
CANONICAL_da3af1cca03f,TRAIN,VALIDATION,CLUST_0.70_00106,LATE
CANONICAL_da439151b6a4,VALIDATION,TRAIN,CLUST_0.70_00005,LATE
CANONICAL_da4cf733d866,TRAIN,TEST,CLUST_0.70_00001,LATE
CANONICAL_da5bf274470e,TEST,TRAIN,CLUST_0.70_00227,LATE
CANONICAL_da5d94411591,TRAIN,TRAIN,CLUST_0.70_00102,LATE
CANONICAL_da68c83fa969,TRAIN,TEST,CLUST_0.70_00020,LATE
CANONICAL_da6c220f0b33,TRAIN,VALIDATION,CLUST_0.70_00010,LATE
CANONICAL_da7342b933b6,TRAIN,VALIDATION,CLUST_0.70_00036,EARLY
CANONICAL_da7c9c750fd0,VALIDATION,TEST,CLUST_0.70_00001,LATE
CANONICAL_da8187fe613c,TEST,VALIDATION,CLUST_0.70_00055,LATE
CANONICAL_da81e6bc6861,TEST,TRAIN,CLUST_0.70_00005,EARLY
CANONICAL_da8252920389,TRAIN,TRAIN,CLUST_0.70_00005,LATE
CANONICAL_da8263222c20,TRAIN,TRAIN,CLUST_0.70_00109,LATE
CANONICAL_da885fab3773,TRAIN,VALIDATION,CLUST_0.70_00055,LATE
CANONICAL_da8f24102829,TRAIN,TRAIN,CLUST_0.70_00005,LATE
CANONICAL_da939b62561b,TEST,TRAIN,CLUST_0.70_00075,LATE
CANONICAL_da93d90728be,TRAIN,TEST,CLUST_0.70_00030,EARLY
CANONICAL_da96b16ccd42,TRAIN,TRAIN,CLUST_0.70_00005,LATE
CANONICAL_da99b62a61d6,TEST,VALIDATION,CLUST_0.70_00064,LATE
CANONICAL_da9b00e85795,TRAIN,TEST,CLUST_0.70_00051,LATE
CANONICAL_da9ed72e0b3d,TRAIN,TRAIN,CLUST_0.70_00005,EARLY
CANONICAL_daa33979a56c,TRAIN,TRAIN,CLUST_0.70_00008,LATE
CANONICAL_daaa4a8d6cc8,VALIDATION,TRAIN,CLUST_0.70_00005,EARLY
CANONICAL_dabde6cd8861,VALIDATION,TRAIN,CLUST_0.70_00223,LATE
CANONICAL_dac1db9f3148,TRAIN,TEST,CLUST_0.70_00001,LATE
CANONICAL_dac28c590b78,VALIDATION,TEST,CLUST_0.70_00020,LATE
CANONICAL_dacc14ed7213,VALIDATION,TEST,CLUST_0.70_00018,EARLY
CANONICAL_dace824f1838,TRAIN,TRAIN,CLUST_0.70_00087,LATE
CANONICAL_daceb5830ede,TRAIN,TRAIN,CLUST_0.70_00007,EARLY
CANONICAL_dacfc59bb9b1,TRAIN,TRAIN,CLUST_0.70_00227,LATE
CANONICAL_dad83d5feece,TRAIN,TEST,CLUST_0.70_00020,LATE
CANONICAL_dada6543b865,TRAIN,TRAIN,CLUST_0.70_00090,LATE
CANONICAL_dadac9bca356,TRAIN,VALIDATION,CLUST_0.70_00058,LATE
CANONICAL_dadb59d3d639,TRAIN,TRAIN,CLUST_0.70_00005,LATE
CANONICAL_dadc5e0a9075,TRAIN,VALIDATION,CLUST_0.70_00016,EARLY
CANONICAL_dae1ffeedced,TRAIN,TEST,CLUST_0.70_00004,IMMEDIATE_EARLY
CANONICAL_daed301f7ef5,TRAIN,TRAIN,CLUST_0.70_00102,LATE
CANONICAL_daef448f5834,TRAIN,TEST,CLUST_0.70_00018,LATE
CANONICAL_daf409e778a4,TRAIN,TRAIN,CLUST_0.70_00005,LATE
CANONICAL_daf9d2b09264,TRAIN,VALIDATION,CLUST_0.70_00058,LATE
CANONICAL_dafb268fe660,TRAIN,TRAIN,CLUST_0.70_00005,LATE
CANONICAL_db035c14b650,VALIDATION,TRAIN,CLUST_0.70_00008,LATE
CANONICAL_db04e91b29a7,TEST,VALIDATION,CLUST_0.70_00059,LATE
CANONICAL_db060b175a57,TRAIN,TEST,CLUST_0.70_00015,LATE
CANONICAL_db064f58b59f,TEST,TRAIN,CLUST_0.70_00042,LATE
CANONICAL_db0b616429d4,TRAIN,TRAIN,CLUST_0.70_00008,IMMEDIATE_EARLY
CANONICAL_db10407df14e,TRAIN,TRAIN,CLUST_0.70_00005,LATE
CANONICAL_db11fedfe8ac,TRAIN,TRAIN,CLUST_0.70_00224,LATE
CANONICAL_db21114aadae,TRAIN,TRAIN,CLUST_0.70_00191,EARLY
CANONICAL_db216e15c917,TRAIN,VALIDATION,CLUST_0.70_00064,LATE
CANONICAL_db26850f17ed,TRAIN,TRAIN,CLUST_0.70_00008,LATE
CANONICAL_db2ac0b1f604,TRAIN,TRAIN,CLUST_0.70_00007,LATE
CANONICAL_db32f88891ee,TEST,TRAIN,CLUST_0.70_00008,LATE
CANONICAL_db339c63e523,TEST,TEST,CLUST_0.70_00004,IMMEDIATE_EARLY
CANONICAL_db39d0af18f1,TRAIN,TRAIN,CLUST_0.70_00008,LATE
CANONICAL_db3bc9dbc2a2,TRAIN,TRAIN,CLUST_0.70_00005,EARLY
CANONICAL_db3d477bfacf,VALIDATION,TRAIN,CLUST_0.70_00007,LATE
CANONICAL_db3d9d5f8edb,TRAIN,TRAIN,CLUST_0.70_00024,LATE
CANONICAL_db3df689bc37,TRAIN,TRAIN,CLUST_0.70_00005,EARLY
CANONICAL_db3e9b37c44f,TRAIN,TRAIN,CLUST_0.70_00005,EARLY
CANONICAL_db47e00a6d46,VALIDATION,TRAIN,CLUST_0.70_00008,LATE
CANONICAL_db4c6f0a9ebf,VALIDATION,TRAIN,CLUST_0.70_00005,LATE
CANONICAL_db5018ad5869,TEST,TRAIN,CLUST_0.70_00008,LATE
CANONICAL_db507f81e232,TRAIN,TRAIN,CLUST_0.70_00062,LATE
CANONICAL_db557eb941a5,TRAIN,TRAIN,CLUST_0.70_00008,LATE
CANONICAL_db560fe86fca,TRAIN,TRAIN,CLUST_0.70_00005,EARLY
CANONICAL_db5c708379f6,TRAIN,TRAIN,CLUST_0.70_00005,LATE
CANONICAL_db61f8e95768,TRAIN,TEST,CLUST_0.70_00001,LATE
CANONICAL_db693f4b1309,TRAIN,TEST,CLUST_0.70_00001,LATE
CANONICAL_db6a28e28a51,TEST,TRAIN,CLUST_0.70_00005,EARLY
CANONICAL_db6cd18f577c,TRAIN,TEST,CLUST_0.70_00001,LATE
CANONICAL_db6ef8132f5f,TRAIN,TRAIN,CLUST_0.70_00011,EARLY
CANONICAL_db791b36e2a6,TRAIN,TRAIN,CLUST_0.70_00372,EARLY
CANONICAL_db7af5a328b4,TRAIN,TEST,CLUST_0.70_00030,EARLY
CANONICAL_db7b8609671b,TRAIN,TRAIN,CLUST_0.70_00005,EARLY
CANONICAL_db865dc5bb47,TRAIN,TRAIN,CLUST_0.70_00008,LATE
CANONICAL_db866958a7e0,TRAIN,TEST,CLUST_0.70_00004,IMMEDIATE_EARLY
CANONICAL_db88c3a83540,TRAIN,TRAIN,CLUST_0.70_00008,LATE
CANONICAL_db8fcb61f23d,VALIDATION,TRAIN,CLUST_0.70_00005,EARLY
CANONICAL_db942075a6e8,TRAIN,TRAIN,CLUST_0.70_00008,LATE
CANONICAL_db9ae5324ebd,TRAIN,TEST,CLUST_0.70_00004,IMMEDIATE_EARLY
CANONICAL_db9b4dcbc743,TRAIN,VALIDATION,CLUST_0.70_00016,EARLY
CANONICAL_dba31d205966,TEST,TEST,CLUST_0.70_00004,IMMEDIATE_EARLY
CANONICAL_dba5d779e979,TRAIN,TRAIN,CLUST_0.70_00005,EARLY
CANONICAL_dba7ffe6249a,TRAIN,VALIDATION,CLUST_0.70_00055,LATE
CANONICAL_dbb36182192b,VALIDATION,TRAIN,CLUST_0.70_00005,LATE
CANONICAL_dbb740f56a11,VALIDATION,VALIDATION,CLUST_0.70_00041,EARLY
CANONICAL_dbb8068b6e56,TRAIN,TEST,CLUST_0.70_00018,LATE
CANONICAL_dbb8f4992ce2,VALIDATION,TRAIN,CLUST_0.70_00008,IMMEDIATE_EARLY
CANONICAL_dbba8bbd3be1,TRAIN,VALIDATION,CLUST_0.70_00036,EARLY
CANONICAL_dbc01443935f,TRAIN,TRAIN,CLUST_0.70_00005,EARLY
CANONICAL_dbc1fa1db4cf,TRAIN,TRAIN,CLUST_0.70_00075,LATE
CANONICAL_dbcf0bca9e68,TRAIN,TRAIN,CLUST_0.70_00224,LATE
CANONICAL_dbcf9c1bbfb7,TRAIN,TRAIN,CLUST_0.70_00005,LATE
CANONICAL_dbd377641485,TEST,TRAIN,CLUST_0.70_00005,EARLY
CANONICAL_dbd490175729,TRAIN,TRAIN,CLUST_0.70_00116,LATE
CANONICAL_dbdd1d92ac56,VALIDATION,TRAIN,CLUST_0.70_00005,LATE
CANONICAL_dbe180187c19,TRAIN,TRAIN,CLUST_0.70_00005,EARLY
CANONICAL_dbe37dd2a649,VALIDATION,TEST,CLUST_0.70_00015,LATE
CANONICAL_dbe3ab480eb7,TRAIN,VALIDATION,CLUST_0.70_00079,LATE
CANONICAL_dbe5059acc53,VALIDATION,VALIDATION,CLUST_0.70_00055,LATE
CANONICAL_dbe7501ae1e7,TRAIN,TRAIN,CLUST_0.70_00098,LATE
CANONICAL_dbe8b3dd6827,TRAIN,TRAIN,CLUST_0.70_00007,EARLY
CANONICAL_dbefb028c2af,TRAIN,TEST,CLUST_0.70_00030,EARLY
CANONICAL_dbf01be0be92,TRAIN,VALIDATION,CLUST_0.70_00010,EARLY
CANONICAL_dbf12ba5cd15,TRAIN,VALIDATION,CLUST_0.70_00025,LATE
CANONICAL_dbf79a0873cc,TEST,VALIDATION,CLUST_0.70_00055,IMMEDIATE_EARLY
CANONICAL_dc0db83e0bab,TEST,TRAIN,CLUST_0.70_00005,LATE
CANONICAL_dc0e7c84329e,VALIDATION,TRAIN,CLUST_0.70_00008,LATE
CANONICAL_dc0f187ecc08,TRAIN,TEST,CLUST_0.70_00009,LATE
CANONICAL_dc1750d43c46,TRAIN,TEST,CLUST_0.70_00001,LATE
CANONICAL_dc1a9e4aa798,TEST,VALIDATION,CLUST_0.70_00026,IMMEDIATE_EARLY
CANONICAL_dc1ac2bc5d64,VALIDATION,TRAIN,CLUST_0.70_00008,LATE
CANONICAL_dc1e8c8b526b,TRAIN,TRAIN,CLUST_0.70_00005,LATE
CANONICAL_dc202c13f3e9,TEST,TRAIN,CLUST_0.70_00140,EARLY
CANONICAL_dc25c95f02c9,TRAIN,TRAIN,CLUST_0.70_00008,LATE
CANONICAL_dc2ace702169,TRAIN,TRAIN,CLUST_0.70_00005,LATE
CANONICAL_dc30fda20c0f,VALIDATION,TRAIN,CLUST_0.70_00228,LATE
CANONICAL_dc31acd75e61,VALIDATION,TRAIN,CLUST_0.70_00005,LATE
CANONICAL_dc386b260e93,TRAIN,TRAIN,CLUST_0.70_00005,EARLY
CANONICAL_dc3bf8c06179,VALIDATION,TRAIN,CLUST_0.70_00007,LATE
CANONICAL_dc3c65f479b2,TRAIN,TRAIN,CLUST_0.70_00005,EARLY
CANONICAL_dc428cdf5968,TRAIN,VALIDATION,CLUST_0.70_00169,LATE
CANONICAL_dc475cc49366,TRAIN,TEST,CLUST_0.70_00071,LATE
CANONICAL_dc51959ebdff,TRAIN,TRAIN,CLUST_0.70_00005,LATE
CANONICAL_dc5dd05cb05b,TRAIN,TRAIN,CLUST_0.70_00008,LATE
CANONICAL_dc5e21b2ac43,TRAIN,TEST,CLUST_0.70_00015,LATE
CANONICAL_dc5e2ca6541e,VALIDATION,VALIDATION,CLUST_0.70_00017,LATE
CANONICAL_dc5e606c59ff,TRAIN,TRAIN,CLUST_0.70_00005,LATE
CANONICAL_dc6429783936,TRAIN,TRAIN,CLUST_0.70_00005,LATE
CANONICAL_dc6a2cd28183,TRAIN,TRAIN,CLUST_0.70_00005,LATE
CANONICAL_dc7237b71a30,TRAIN,TEST,CLUST_0.70_00030,EARLY
CANONICAL_dc7d9868288e,TEST,TRAIN,CLUST_0.70_00109,LATE
CANONICAL_dc8381e37503,VALIDATION,TRAIN,CLUST_0.70_00005,LATE
CANONICAL_dc88e0a5dba9,TRAIN,VALIDATION,CLUST_0.70_00065,LATE
CANONICAL_dc88e80adb33,TRAIN,VALIDATION,CLUST_0.70_00006,IMMEDIATE_EARLY
CANONICAL_dc89cd1e6118,TRAIN,TRAIN,CLUST_0.70_00007,LATE
CANONICAL_dc8d7e701cb2,TRAIN,TRAIN,CLUST_0.70_00005,LATE
CANONICAL_dc910901bf8f,VALIDATION,TEST,CLUST_0.70_00004,IMMEDIATE_EARLY
CANONICAL_dc9229cdeca1,TRAIN,TRAIN,CLUST_0.70_00385,LATE
CANONICAL_dc93e755a713,TEST,TEST,CLUST_0.70_00051,LATE
CANONICAL_dc98f3a1a051,TRAIN,TRAIN,CLUST_0.70_00008,LATE
CANONICAL_dc9e31d56c7c,TRAIN,TEST,CLUST_0.70_00030,EARLY
CANONICAL_dc9f16f7b226,TRAIN,TEST,CLUST_0.70_00080,LATE
CANONICAL_dca18a7b2b91,TRAIN,TRAIN,CLUST_0.70_00005,EARLY
CANONICAL_dca1cddeb1fd,TRAIN,TRAIN,CLUST_0.70_00005,EARLY
CANONICAL_dca369298b62,TEST,TRAIN,CLUST_0.70_00008,LATE
CANONICAL_dca7a5560a9c,TRAIN,TEST,CLUST_0.70_00018,LATE
CANONICAL_dcaeb257801c,TRAIN,TEST,CLUST_0.70_00052,LATE
CANONICAL_dcb056ce2ae9,TRAIN,TEST,CLUST_0.70_00004,IMMEDIATE_EARLY
CANONICAL_dcb0977f62ca,TRAIN,TEST,CLUST_0.70_00030,EARLY
CANONICAL_dcb27e31757d,TRAIN,VALIDATION,CLUST_0.70_00031,LATE
CANONICAL_dcb352109399,TRAIN,TRAIN,CLUST_0.70_00005,EARLY
CANONICAL_dcb3b861a5b5,TRAIN,TRAIN,CLUST_0.70_00008,LATE
CANONICAL_dcb4f263822d,TRAIN,TRAIN,CLUST_0.70_00005,LATE
CANONICAL_dcb5054d29c8,TEST,TRAIN,CLUST_0.70_00005,LATE
CANONICAL_dcbd36631ed1,VALIDATION,TRAIN,CLUST_0.70_00008,LATE
CANONICAL_dcc5ea51a5ab,TRAIN,VALIDATION,CLUST_0.70_00006,IMMEDIATE_EARLY
CANONICAL_dcc6ba00da58,VALIDATION,TRAIN,CLUST_0.70_00008,LATE
CANONICAL_dcc8d474e4b2,TRAIN,TEST,CLUST_0.70_00015,LATE
CANONICAL_dccf2589219f,TRAIN,TRAIN,CLUST_0.70_00005,EARLY
CANONICAL_dcd5ad7653d2,TRAIN,TEST,CLUST_0.70_00004,IMMEDIATE_EARLY
CANONICAL_dcd91a533210,TRAIN,TEST,CLUST_0.70_00009,LATE
CANONICAL_dcdff4c7cd71,TRAIN,TRAIN,CLUST_0.70_00008,LATE
CANONICAL_dce395f169dc,TEST,TEST,CLUST_0.70_00015,LATE
CANONICAL_dce5218de6bc,TRAIN,TRAIN,CLUST_0.70_00241,LATE
CANONICAL_dce913ff2a94,VALIDATION,TRAIN,CLUST_0.70_00008,LATE
CANONICAL_dceb022194ce,TRAIN,TEST,CLUST_0.70_00001,LATE
CANONICAL_dcf461eb1019,TRAIN,TEST,CLUST_0.70_00004,IMMEDIATE_EARLY
CANONICAL_dcf476c52c0e,VALIDATION,TRAIN,CLUST_0.70_00007,LATE
CANONICAL_dcf6655238c1,TRAIN,TRAIN,CLUST_0.70_00008,LATE
CANONICAL_dcf85b923494,TRAIN,TRAIN,CLUST_0.70_00005,EARLY
CANONICAL_dcf8a79ba271,TRAIN,TRAIN,CLUST_0.70_00005,LATE
CANONICAL_dcfb315ac258,TEST,TEST,CLUST_0.70_00080,LATE
CANONICAL_dd01f82f3455,VALIDATION,TEST,CLUST_0.70_00004,IMMEDIATE_EARLY
CANONICAL_dd0579f9466a,VALIDATION,VALIDATION,CLUST_0.70_00041,EARLY
CANONICAL_dd05d7a2a828,VALIDATION,VALIDATION,CLUST_0.70_00055,LATE
CANONICAL_dd1b5057ce40,TRAIN,VALIDATION,CLUST_0.70_00059,LATE
CANONICAL_dd1c423edd32,TRAIN,TEST,CLUST_0.70_00015,LATE
CANONICAL_dd1eb1dbd61c,TRAIN,TRAIN,CLUST_0.70_00005,EARLY
CANONICAL_dd2431f822db,TEST,TRAIN,CLUST_0.70_00005,LATE
CANONICAL_dd2594c0bbec,VALIDATION,TRAIN,CLUST_0.70_00005,EARLY
CANONICAL_dd276db23b24,TRAIN,TEST,CLUST_0.70_00030,EARLY
CANONICAL_dd292a7b8c32,TRAIN,TRAIN,CLUST_0.70_00008,LATE
CANONICAL_dd2c61d162be,TRAIN,TRAIN,CLUST_0.70_00005,LATE
CANONICAL_dd2d091802a1,TEST,TEST,CLUST_0.70_00030,EARLY
CANONICAL_dd2f5ab9cd09,TRAIN,TRAIN,CLUST_0.70_00005,EARLY
CANONICAL_dd328080be9f,TRAIN,TRAIN,CLUST_0.70_00008,LATE
CANONICAL_dd33cdcf8872,VALIDATION,TEST,CLUST_0.70_00030,EARLY
CANONICAL_dd3930d67fd8,TRAIN,VALIDATION,CLUST_0.70_00065,LATE
CANONICAL_dd4485952e3a,TRAIN,TEST,CLUST_0.70_00018,LATE
CANONICAL_dd4788fa5859,VALIDATION,TEST,CLUST_0.70_00030,EARLY
CANONICAL_dd498ba81e04,TEST,TEST,CLUST_0.70_00015,LATE
CANONICAL_dd4d3c334c42,TRAIN,TRAIN,CLUST_0.70_00098,LATE
CANONICAL_dd65ff8de0b2,TRAIN,TEST,CLUST_0.70_00015,LATE
CANONICAL_dd6810bbb545,TRAIN,TRAIN,CLUST_0.70_00005,LATE
CANONICAL_dd68c72dc8d1,TRAIN,TEST,CLUST_0.70_00001,LATE
CANONICAL_dd68e43526e1,TEST,TEST,CLUST_0.70_00052,LATE
CANONICAL_dd69f5a63855,TRAIN,TRAIN,CLUST_0.70_00008,LATE
CANONICAL_dd6c913205e5,TRAIN,TRAIN,CLUST_0.70_00005,LATE
CANONICAL_dd6ca70e6a42,TRAIN,TEST,CLUST_0.70_00020,LATE
CANONICAL_dd6dce4d7b23,TRAIN,TEST,CLUST_0.70_00030,EARLY
CANONICAL_dd70c8b8d257,TRAIN,TEST,CLUST_0.70_00018,LATE
CANONICAL_dd7501b62862,TRAIN,VALIDATION,CLUST_0.70_00059,LATE
CANONICAL_dd78959c80db,VALIDATION,TRAIN,CLUST_0.70_00062,LATE
CANONICAL_dd7b28089f94,TEST,TEST,CLUST_0.70_00030,EARLY
CANONICAL_dd7d6e9b8975,TEST,TRAIN,CLUST_0.70_00005,EARLY
CANONICAL_dd87dc4eb7f4,TEST,TRAIN,CLUST_0.70_00430,EARLY
CANONICAL_dd88392299c2,TRAIN,TRAIN,CLUST_0.70_00008,LATE
CANONICAL_dd8963318174,VALIDATION,TEST,CLUST_0.70_00001,LATE
CANONICAL_dd899e9ee550,VALIDATION,TEST,CLUST_0.70_00015,LATE
CANONICAL_dd914b0d2763,TRAIN,TRAIN,CLUST_0.70_00047,LATE
CANONICAL_dd9537a27c60,TRAIN,TRAIN,CLUST_0.70_00005,LATE
CANONICAL_dd9e393a739e,TEST,VALIDATION,CLUST_0.70_00026,IMMEDIATE_EARLY
CANONICAL_dd9f8eb2288a,TRAIN,TRAIN,CLUST_0.70_00008,LATE
CANONICAL_dda1d8891270,TRAIN,TRAIN,CLUST_0.70_00005,EARLY
CANONICAL_dda40bfc997a,VALIDATION,TRAIN,CLUST_0.70_00005,LATE
CANONICAL_dda7de63562d,TRAIN,TRAIN,CLUST_0.70_00005,EARLY
CANONICAL_dda894f54102,TEST,TRAIN,CLUST_0.70_00005,LATE
CANONICAL_ddad42b59660,TRAIN,TRAIN,CLUST_0.70_00007,LATE
CANONICAL_ddb4da00a245,TRAIN,TRAIN,CLUST_0.70_00005,EARLY
CANONICAL_ddb8b2fba5ec,TRAIN,TRAIN,CLUST_0.70_00005,LATE
CANONICAL_ddc01264dbea,TEST,TEST,CLUST_0.70_00052,LATE
CANONICAL_ddc1e5576280,TRAIN,TRAIN,CLUST_0.70_00235,LATE
CANONICAL_ddc61cf27a02,TEST,TRAIN,CLUST_0.70_00005,EARLY
CANONICAL_ddca9a044498,TRAIN,TRAIN,CLUST_0.70_00008,LATE
CANONICAL_ddcb0b37dccb,TRAIN,TRAIN,CLUST_0.70_00005,LATE
CANONICAL_ddcbcd13b1d5,TRAIN,TRAIN,CLUST_0.70_00005,EARLY
CANONICAL_ddcd45be5ab6,TRAIN,TRAIN,CLUST_0.70_00300,LATE
CANONICAL_ddcea39b46ca,TRAIN,TRAIN,CLUST_0.70_00008,EARLY
CANONICAL_ddd2075cb8d9,TEST,VALIDATION,CLUST_0.70_00029,LATE
CANONICAL_ddd30217cc78,TRAIN,TEST,CLUST_0.70_00030,EARLY
CANONICAL_ddd97ff093f9,TEST,TRAIN,CLUST_0.70_00008,LATE
CANONICAL_dddd7decad7c,TRAIN,VALIDATION,CLUST_0.70_00106,LATE
CANONICAL_ddddb96897fa,TRAIN,TRAIN,CLUST_0.70_00148,LATE
CANONICAL_ddded1b8b461,VALIDATION,TEST,CLUST_0.70_00018,LATE
CANONICAL_dde16c47c65a,TRAIN,TRAIN,CLUST_0.70_00005,LATE
CANONICAL_dde76ff30e82,TRAIN,TRAIN,CLUST_0.70_00005,EARLY
CANONICAL_ddea723d9bc2,TRAIN,TEST,CLUST_0.70_00001,LATE
CANONICAL_ddfb9a1fc94b,TEST,TRAIN,CLUST_0.70_00005,EARLY
CANONICAL_de0421018cd8,VALIDATION,TRAIN,CLUST_0.70_00005,EARLY
CANONICAL_de04a6f486a2,TRAIN,TRAIN,CLUST_0.70_00007,LATE
CANONICAL_de078ac8bf15,TRAIN,VALIDATION,CLUST_0.70_00038,LATE
CANONICAL_de0b6a2dc08b,TRAIN,TRAIN,CLUST_0.70_00008,LATE
CANONICAL_de0c1b656338,TRAIN,TRAIN,CLUST_0.70_00005,EARLY
CANONICAL_de0f5705a64c,TRAIN,TEST,CLUST_0.70_00030,EARLY
CANONICAL_de0f6f434c71,TRAIN,TRAIN,CLUST_0.70_00062,LATE
CANONICAL_de111156168b,VALIDATION,TRAIN,CLUST_0.70_00008,LATE
CANONICAL_de1636ce2c6c,TRAIN,TRAIN,CLUST_0.70_00005,EARLY
CANONICAL_de17e3ad3d57,TRAIN,TEST,CLUST_0.70_00004,IMMEDIATE_EARLY
CANONICAL_de1a56782ebd,TRAIN,TEST,CLUST_0.70_00004,IMMEDIATE_EARLY
CANONICAL_de1d6465af13,TEST,TRAIN,CLUST_0.70_00005,LATE
CANONICAL_de1ff503b516,VALIDATION,TRAIN,CLUST_0.70_00005,EARLY
CANONICAL_de2998c90ed8,VALIDATION,VALIDATION,CLUST_0.70_00106,LATE
CANONICAL_de2b8de8dca0,TRAIN,TRAIN,CLUST_0.70_00005,LATE
CANONICAL_de3c63b956f3,TRAIN,TRAIN,CLUST_0.70_00005,EARLY
CANONICAL_de456e73adc4,TRAIN,TEST,CLUST_0.70_00030,EARLY
CANONICAL_de4dda20d667,TRAIN,TEST,CLUST_0.70_00001,LATE
CANONICAL_de4ec985dc38,VALIDATION,TRAIN,CLUST_0.70_00005,LATE
CANONICAL_de507c135f7c,TRAIN,VALIDATION,CLUST_0.70_00127,LATE
CANONICAL_de50e6a40582,TRAIN,VALIDATION,CLUST_0.70_00086,LATE
CANONICAL_de527e73dd98,TRAIN,TRAIN,CLUST_0.70_00224,LATE
CANONICAL_de58eaedd4fe,TRAIN,TRAIN,CLUST_0.70_00005,LATE
CANONICAL_de597852498a,TRAIN,TRAIN,CLUST_0.70_00005,LATE
CANONICAL_de59cbda963b,TRAIN,TEST,CLUST_0.70_00030,EARLY
CANONICAL_de653ebe6807,TRAIN,TRAIN,CLUST_0.70_00008,LATE
CANONICAL_de65e27a8d57,TRAIN,TRAIN,CLUST_0.70_00008,LATE
CANONICAL_de6b357f5c83,TRAIN,VALIDATION,CLUST_0.70_00006,IMMEDIATE_EARLY
CANONICAL_de6f30895df1,TRAIN,TEST,CLUST_0.70_00001,LATE
CANONICAL_de72741f4857,TRAIN,TEST,CLUST_0.70_00030,EARLY
CANONICAL_de79fed6148b,TEST,VALIDATION,CLUST_0.70_00026,IMMEDIATE_EARLY
CANONICAL_de81580463f1,TRAIN,VALIDATION,CLUST_0.70_00065,LATE
CANONICAL_de832d395bf9,TRAIN,TRAIN,CLUST_0.70_00007,LATE
CANONICAL_de855ba101a0,TRAIN,TEST,CLUST_0.70_00004,IMMEDIATE_EARLY
CANONICAL_de87c20cbb3a,TRAIN,TRAIN,CLUST_0.70_00005,EARLY
CANONICAL_de8b5ef907ea,TRAIN,TRAIN,CLUST_0.70_00008,LATE
CANONICAL_de970e30eedd,VALIDATION,TRAIN,CLUST_0.70_00005,EARLY
CANONICAL_de9959fe489a,TRAIN,TEST,CLUST_0.70_00004,IMMEDIATE_EARLY
CANONICAL_de9da3ca4aed,TRAIN,TRAIN,CLUST_0.70_00231,IMMEDIATE_EARLY
CANONICAL_dea0fe42f7bb,TEST,TEST,CLUST_0.70_00001,LATE
CANONICAL_dea3f3a21e19,TRAIN,TRAIN,CLUST_0.70_00090,LATE
CANONICAL_dea44153882c,TRAIN,TRAIN,CLUST_0.70_00005,EARLY
CANONICAL_dea9bfbcaa3b,TRAIN,TRAIN,CLUST_0.70_00213,LATE
CANONICAL_deab237984ed,VALIDATION,TRAIN,CLUST_0.70_00007,LATE
CANONICAL_dead24a9bec3,TRAIN,TEST,CLUST_0.70_00001,LATE
CANONICAL_deae9b48b9c3,TRAIN,TRAIN,CLUST_0.70_00062,LATE
CANONICAL_deb3bf38997c,VALIDATION,TEST,CLUST_0.70_00004,IMMEDIATE_EARLY
CANONICAL_deb9bc0ff251,VALIDATION,TRAIN,CLUST_0.70_00005,EARLY
CANONICAL_dec0db545bae,VALIDATION,TRAIN,CLUST_0.70_00005,LATE
CANONICAL_dec11ec5f3c7,TRAIN,TRAIN,CLUST_0.70_00005,LATE
CANONICAL_dec5aa3b0d14,VALIDATION,VALIDATION,CLUST_0.70_00010,EARLY
CANONICAL_ded564e0e023,TRAIN,VALIDATION,CLUST_0.70_00055,LATE
CANONICAL_ded5ceacffca,VALIDATION,TRAIN,CLUST_0.70_00091,LATE
CANONICAL_ded90604d0a2,TRAIN,TRAIN,CLUST_0.70_00007,LATE
CANONICAL_dede6bd7e612,TRAIN,TEST,CLUST_0.70_00001,LATE
CANONICAL_deedcfcf6ecb,TRAIN,TRAIN,CLUST_0.70_00008,LATE
CANONICAL_def0df7ce19e,TRAIN,TRAIN,CLUST_0.70_00005,EARLY
CANONICAL_def7aed9d051,TEST,TRAIN,CLUST_0.70_00005,LATE
CANONICAL_defa50ccef9e,TRAIN,TRAIN,CLUST_0.70_00005,EARLY
CANONICAL_defadd7f2bea,TRAIN,TRAIN,CLUST_0.70_00005,EARLY
CANONICAL_df018cc615dd,TRAIN,VALIDATION,CLUST_0.70_00006,IMMEDIATE_EARLY
CANONICAL_df048ef491d0,TRAIN,TRAIN,CLUST_0.70_00005,LATE
CANONICAL_df06765ae0cf,TRAIN,VALIDATION,CLUST_0.70_00059,LATE
CANONICAL_df0af2831232,TRAIN,TRAIN,CLUST_0.70_00102,LATE
CANONICAL_df12f813e1bf,TRAIN,TEST,CLUST_0.70_00001,LATE
CANONICAL_df1d48b2ec92,TRAIN,TEST,CLUST_0.70_00030,EARLY
CANONICAL_df1f49bc0983,VALIDATION,TRAIN,CLUST_0.70_00007,EARLY
CANONICAL_df1fc0fafb84,TRAIN,TRAIN,CLUST_0.70_00211,LATE
CANONICAL_df20d1992afb,TRAIN,TEST,CLUST_0.70_00020,LATE
CANONICAL_df22bbf3707c,TRAIN,VALIDATION,CLUST_0.70_00028,EARLY
CANONICAL_df26a20ca845,TRAIN,TRAIN,CLUST_0.70_00005,LATE
CANONICAL_df26bd087901,TRAIN,TRAIN,CLUST_0.70_00012,LATE
CANONICAL_df2df930d86e,TRAIN,VALIDATION,CLUST_0.70_00058,LATE
CANONICAL_df326f97d0eb,TRAIN,TRAIN,CLUST_0.70_00227,LATE
CANONICAL_df3322d6a62e,TRAIN,TRAIN,CLUST_0.70_00007,LATE
CANONICAL_df3568e8d8e4,TRAIN,TRAIN,CLUST_0.70_00008,LATE
CANONICAL_df36ef476db6,TRAIN,TRAIN,CLUST_0.70_00315,EARLY
CANONICAL_df370e835b0e,TRAIN,TRAIN,CLUST_0.70_00114,EARLY
CANONICAL_df3c9bd2b279,TRAIN,TRAIN,CLUST_0.70_00007,LATE
CANONICAL_df3cd49ca640,TRAIN,TRAIN,CLUST_0.70_00008,LATE
CANONICAL_df4a7920ce0d,VALIDATION,TRAIN,CLUST_0.70_00008,LATE
CANONICAL_df4c8cb8ecc7,TRAIN,TRAIN,CLUST_0.70_00005,LATE
CANONICAL_df5235ce6cb0,VALIDATION,TEST,CLUST_0.70_00080,LATE
CANONICAL_df5af07a1c95,TRAIN,VALIDATION,CLUST_0.70_00041,EARLY
CANONICAL_df5d4bdf0895,TRAIN,TEST,CLUST_0.70_00030,EARLY
CANONICAL_df5fc635d656,TRAIN,TRAIN,CLUST_0.70_00407,LATE
CANONICAL_df63ae1d4d37,TRAIN,TRAIN,CLUST_0.70_00005,LATE
CANONICAL_df65024a039a,TRAIN,TEST,CLUST_0.70_00052,LATE
CANONICAL_df6533abf002,TRAIN,TRAIN,CLUST_0.70_00005,EARLY
CANONICAL_df6947277750,TRAIN,TEST,CLUST_0.70_00001,LATE
CANONICAL_df744ad29dd1,TRAIN,VALIDATION,CLUST_0.70_00031,LATE
CANONICAL_df7630aa5ef5,TRAIN,TRAIN,CLUST_0.70_00021,EARLY
CANONICAL_df821759431a,TRAIN,TRAIN,CLUST_0.70_00005,EARLY
CANONICAL_df8b3e47dc61,TEST,TEST,CLUST_0.70_00004,IMMEDIATE_EARLY
CANONICAL_df9af3afac70,TRAIN,TEST,CLUST_0.70_00030,EARLY
CANONICAL_dfa09d93deaf,TEST,TEST,CLUST_0.70_00015,LATE
CANONICAL_dfa669a2cbe8,VALIDATION,TRAIN,CLUST_0.70_00005,EARLY
CANONICAL_dfad67d2db32,TRAIN,TEST,CLUST_0.70_00001,LATE
CANONICAL_dfadb4f1033e,TRAIN,VALIDATION,CLUST_0.70_00059,LATE
CANONICAL_dfae476b4ac8,TRAIN,TRAIN,CLUST_0.70_00047,LATE
CANONICAL_dfb51c2a4171,TEST,VALIDATION,CLUST_0.70_00025,LATE
CANONICAL_dfbb782525df,VALIDATION,TEST,CLUST_0.70_00001,LATE
CANONICAL_dfbd493277d6,TRAIN,TRAIN,CLUST_0.70_00178,EARLY
CANONICAL_dfbd8470ae10,VALIDATION,TRAIN,CLUST_0.70_00164,LATE
CANONICAL_dfbe8edf73e6,VALIDATION,TRAIN,CLUST_0.70_00134,LATE
CANONICAL_dfbef60ad8bb,TEST,TEST,CLUST_0.70_00004,IMMEDIATE_EARLY
CANONICAL_dfc806e55071,TRAIN,TEST,CLUST_0.70_00001,LATE
CANONICAL_dfca96a0fa62,TRAIN,VALIDATION,CLUST_0.70_00055,LATE
CANONICAL_dfd211832359,TRAIN,VALIDATION,CLUST_0.70_00059,LATE
CANONICAL_dfd41e9d0f70,TRAIN,TEST,CLUST_0.70_00004,IMMEDIATE_EARLY
CANONICAL_dfd607cb87f6,TRAIN,VALIDATION,CLUST_0.70_00026,IMMEDIATE_EARLY
CANONICAL_dfd67454dcb3,TRAIN,VALIDATION,CLUST_0.70_00059,LATE
CANONICAL_dfd908292734,TRAIN,TRAIN,CLUST_0.70_00047,LATE
CANONICAL_dfdf7d585646,TRAIN,TRAIN,CLUST_0.70_00008,LATE
CANONICAL_dfe2b2b257ac,TEST,VALIDATION,CLUST_0.70_00017,LATE
CANONICAL_dfe41b05de09,TRAIN,TEST,CLUST_0.70_00015,LATE
CANONICAL_dfe4c857cc37,TEST,TRAIN,CLUST_0.70_00007,IMMEDIATE_EARLY
CANONICAL_dfe867782563,TRAIN,TRAIN,CLUST_0.70_00008,LATE
CANONICAL_dfeabfdd985f,TEST,TRAIN,CLUST_0.70_00024,LATE
CANONICAL_dfeb0e3910c5,TEST,TRAIN,CLUST_0.70_00007,LATE
CANONICAL_dff60585f437,TRAIN,TEST,CLUST_0.70_00001,LATE
CANONICAL_dff6e6234e6d,TRAIN,TRAIN,CLUST_0.70_00008,LATE
CANONICAL_dff81e09e087,VALIDATION,VALIDATION,CLUST_0.70_00038,LATE
CANONICAL_e000e8bd0b67,TRAIN,TRAIN,CLUST_0.70_00005,EARLY
CANONICAL_e00339615f5a,TRAIN,TRAIN,CLUST_0.70_00241,LATE
CANONICAL_e00652afdf7e,TEST,TEST,CLUST_0.70_00071,LATE
CANONICAL_e00c7e598b22,TRAIN,TRAIN,CLUST_0.70_00007,LATE
CANONICAL_e00d33d2d93e,TRAIN,VALIDATION,CLUST_0.70_00086,LATE
CANONICAL_e0182f141efb,VALIDATION,TRAIN,CLUST_0.70_00005,EARLY
CANONICAL_e024605c6c22,TRAIN,TRAIN,CLUST_0.70_00008,LATE
CANONICAL_e02a770ffb9a,TRAIN,TRAIN,CLUST_0.70_00007,LATE
CANONICAL_e02a87d34918,TEST,TRAIN,CLUST_0.70_00005,EARLY
CANONICAL_e02ace5b042c,VALIDATION,TRAIN,CLUST_0.70_00005,EARLY
CANONICAL_e02c253ec7d8,VALIDATION,TEST,CLUST_0.70_00037,LATE
CANONICAL_e03090737747,TRAIN,TRAIN,CLUST_0.70_00008,LATE
CANONICAL_e031b0a8ff0b,TEST,TRAIN,CLUST_0.70_00005,EARLY
CANONICAL_e03315a7b0ec,TEST,TEST,CLUST_0.70_00071,LATE
CANONICAL_e03e619afd99,TRAIN,TEST,CLUST_0.70_00004,IMMEDIATE_EARLY
CANONICAL_e0487f908482,TRAIN,VALIDATION,CLUST_0.70_00026,IMMEDIATE_EARLY
CANONICAL_e04ccdd71561,TRAIN,TRAIN,CLUST_0.70_00005,EARLY
CANONICAL_e04e102f1e8d,TEST,TEST,CLUST_0.70_00004,IMMEDIATE_EARLY
CANONICAL_e054e4e8ba47,TRAIN,TRAIN,CLUST_0.70_00005,LATE
CANONICAL_e0562b72c7b3,TRAIN,TRAIN,CLUST_0.70_00008,LATE
CANONICAL_e05c5ce8376e,TRAIN,TRAIN,CLUST_0.70_00007,LATE
CANONICAL_e05e4cfb9d6c,TRAIN,TRAIN,CLUST_0.70_00005,EARLY
CANONICAL_e05f1b2c739f,TRAIN,TRAIN,CLUST_0.70_00005,LATE
CANONICAL_e066713c31fb,VALIDATION,TRAIN,CLUST_0.70_00024,LATE
CANONICAL_e06c05041b2b,TRAIN,VALIDATION,CLUST_0.70_00006,IMMEDIATE_EARLY
CANONICAL_e06eb5e99b45,TRAIN,TEST,CLUST_0.70_00051,LATE
CANONICAL_e0750d088a82,TRAIN,TRAIN,CLUST_0.70_00005,LATE
CANONICAL_e07722f04cd8,TRAIN,TEST,CLUST_0.70_00001,LATE
CANONICAL_e07c788404ef,TRAIN,VALIDATION,CLUST_0.70_00058,LATE
CANONICAL_e07f49a3fb79,TRAIN,VALIDATION,CLUST_0.70_00055,LATE
CANONICAL_e07f910d8b77,VALIDATION,TRAIN,CLUST_0.70_00005,LATE
CANONICAL_e08563390e5b,TEST,VALIDATION,CLUST_0.70_00058,LATE
CANONICAL_e087eaac0184,TRAIN,TRAIN,CLUST_0.70_00021,EARLY
CANONICAL_e08ba646f76e,TRAIN,TRAIN,CLUST_0.70_00236,LATE
CANONICAL_e097f011be19,TRAIN,TEST,CLUST_0.70_00052,LATE
CANONICAL_e09bae686ea0,TRAIN,VALIDATION,CLUST_0.70_00017,LATE
CANONICAL_e0a29e0b66c9,TRAIN,TRAIN,CLUST_0.70_00088,EARLY
CANONICAL_e0a9477f038f,VALIDATION,VALIDATION,CLUST_0.70_00026,IMMEDIATE_EARLY
CANONICAL_e0b1253c3a21,TRAIN,TRAIN,CLUST_0.70_00008,LATE
CANONICAL_e0b1ee2243df,TRAIN,TRAIN,CLUST_0.70_00005,LATE
CANONICAL_e0b2f2da2937,TRAIN,TRAIN,CLUST_0.70_00008,LATE
CANONICAL_e0b60fcb1043,TRAIN,TRAIN,CLUST_0.70_00090,LATE
CANONICAL_e0b7c4946419,TRAIN,VALIDATION,CLUST_0.70_00016,EARLY
CANONICAL_e0ba0436895e,TRAIN,TRAIN,CLUST_0.70_00005,EARLY
CANONICAL_e0ba0adfd6dc,TRAIN,VALIDATION,CLUST_0.70_00031,LATE
CANONICAL_e0c2526968fd,TRAIN,VALIDATION,CLUST_0.70_00064,LATE
CANONICAL_e0c3110e58eb,TEST,TRAIN,CLUST_0.70_00005,LATE
CANONICAL_e0c3244be562,TRAIN,TRAIN,CLUST_0.70_00008,LATE
CANONICAL_e0c4a81a77f6,VALIDATION,TEST,CLUST_0.70_00030,EARLY
CANONICAL_e0c8f92d84bd,VALIDATION,TRAIN,CLUST_0.70_00091,LATE
CANONICAL_e0cacd26f28f,TRAIN,TEST,CLUST_0.70_00030,EARLY
CANONICAL_e0d2b00b6d68,VALIDATION,TRAIN,CLUST_0.70_00005,EARLY
CANONICAL_e0d7d23b6185,TRAIN,TRAIN,CLUST_0.70_00007,LATE
CANONICAL_e0d85552a050,TEST,TEST,CLUST_0.70_00080,LATE
CANONICAL_e0dd3174579c,TEST,TRAIN,CLUST_0.70_00008,LATE
CANONICAL_e0dfd5d439a8,TRAIN,TRAIN,CLUST_0.70_00005,EARLY
CANONICAL_e0e3a257a93a,TRAIN,TRAIN,CLUST_0.70_00035,EARLY
CANONICAL_e0e8261c020c,VALIDATION,TRAIN,CLUST_0.70_00417,EARLY
CANONICAL_e0eb01259467,TEST,VALIDATION,CLUST_0.70_00029,LATE
CANONICAL_e0efab190e2e,VALIDATION,TRAIN,CLUST_0.70_00005,EARLY
CANONICAL_e0f1190382f7,TRAIN,TRAIN,CLUST_0.70_00008,LATE
CANONICAL_e0f251de3b05,TRAIN,TRAIN,CLUST_0.70_00007,LATE
CANONICAL_e0f47b666f4d,VALIDATION,TRAIN,CLUST_0.70_00005,LATE
CANONICAL_e0f5476d0f87,TRAIN,TRAIN,CLUST_0.70_00007,LATE
CANONICAL_e0f662ce1dff,TRAIN,TRAIN,CLUST_0.70_00005,LATE
CANONICAL_e0fb4cac8c10,VALIDATION,VALIDATION,CLUST_0.70_00079,LATE
CANONICAL_e10aa5e45e0b,TRAIN,TRAIN,CLUST_0.70_00005,LATE
CANONICAL_e11789b4314b,VALIDATION,TRAIN,CLUST_0.70_00008,LATE
CANONICAL_e11856b95c11,TRAIN,VALIDATION,CLUST_0.70_00079,LATE
CANONICAL_e11a695a1201,TRAIN,TRAIN,CLUST_0.70_00005,LATE
CANONICAL_e11c9e23cebb,TRAIN,TRAIN,CLUST_0.70_00005,EARLY
CANONICAL_e1206dffc2f5,VALIDATION,VALIDATION,CLUST_0.70_00006,IMMEDIATE_EARLY
CANONICAL_e134203966e5,TEST,TRAIN,CLUST_0.70_00005,LATE
CANONICAL_e13727f35323,TRAIN,TRAIN,CLUST_0.70_00008,LATE
CANONICAL_e1418c72e77d,TRAIN,VALIDATION,CLUST_0.70_00025,LATE
CANONICAL_e143b4474398,TRAIN,TEST,CLUST_0.70_00004,IMMEDIATE_EARLY
CANONICAL_e14464f73365,TRAIN,TEST,CLUST_0.70_00015,LATE
CANONICAL_e147305c1abb,TEST,TRAIN,CLUST_0.70_00005,LATE
CANONICAL_e153e114ad8a,TRAIN,VALIDATION,CLUST_0.70_00041,EARLY
CANONICAL_e155c4061de1,TRAIN,TRAIN,CLUST_0.70_00008,LATE
CANONICAL_e15850e917da,TRAIN,TRAIN,CLUST_0.70_00002,LATE
CANONICAL_e159d98f2af2,TRAIN,TRAIN,CLUST_0.70_00428,LATE
CANONICAL_e15d68d527bc,TRAIN,VALIDATION,CLUST_0.70_00006,IMMEDIATE_EARLY
CANONICAL_e16f67eeba84,TRAIN,TRAIN,CLUST_0.70_00102,LATE
CANONICAL_e16f6983bad7,TEST,TRAIN,CLUST_0.70_00005,EARLY
CANONICAL_e172d4c81285,TEST,TEST,CLUST_0.70_00080,LATE
CANONICAL_e17a42ef6c23,VALIDATION,TRAIN,CLUST_0.70_00005,EARLY
CANONICAL_e17c45b6d25f,VALIDATION,TEST,CLUST_0.70_00015,LATE
CANONICAL_e17d64472019,TRAIN,TEST,CLUST_0.70_00020,LATE
CANONICAL_e181dd3b3589,TRAIN,VALIDATION,CLUST_0.70_00038,LATE
CANONICAL_e1889fbdd7ae,TEST,VALIDATION,CLUST_0.70_00028,EARLY
CANONICAL_e189dbfc4f79,TEST,TRAIN,CLUST_0.70_00005,EARLY
CANONICAL_e18b193199e6,TRAIN,VALIDATION,CLUST_0.70_00106,LATE
CANONICAL_e18b34bc6160,TRAIN,TRAIN,CLUST_0.70_00005,EARLY
CANONICAL_e18b65551d05,TEST,VALIDATION,CLUST_0.70_00038,LATE
CANONICAL_e18cab223b8e,TRAIN,TRAIN,CLUST_0.70_00005,EARLY
CANONICAL_e18cd59dfd05,VALIDATION,TEST,CLUST_0.70_00001,LATE
CANONICAL_e195d3ec0278,TRAIN,TRAIN,CLUST_0.70_00007,LATE
CANONICAL_e19b8d3c0761,TRAIN,TRAIN,CLUST_0.70_00005,EARLY
CANONICAL_e19d0dbfc8e8,TRAIN,TEST,CLUST_0.70_00018,LATE
CANONICAL_e1a3914d3948,TRAIN,TEST,CLUST_0.70_00004,IMMEDIATE_EARLY
CANONICAL_e1a4c9fc307f,TRAIN,TRAIN,CLUST_0.70_00005,LATE
CANONICAL_e1a580211db0,TRAIN,TRAIN,CLUST_0.70_00007,IMMEDIATE_EARLY
CANONICAL_e1aa49157c45,TRAIN,TRAIN,CLUST_0.70_00008,LATE
CANONICAL_e1b468ebdbf1,TRAIN,TEST,CLUST_0.70_00004,IMMEDIATE_EARLY
CANONICAL_e1b53a3407be,TRAIN,TRAIN,CLUST_0.70_00005,LATE
CANONICAL_e1b57cf9adb3,TRAIN,TRAIN,CLUST_0.70_00005,LATE
CANONICAL_e1b85bd147eb,TRAIN,TEST,CLUST_0.70_00030,EARLY
CANONICAL_e1b97159afe6,TRAIN,TRAIN,CLUST_0.70_00008,LATE
CANONICAL_e1bce6fb4df6,TRAIN,TRAIN,CLUST_0.70_00005,EARLY
CANONICAL_e1c0a894490f,TRAIN,TEST,CLUST_0.70_00030,EARLY
CANONICAL_e1c10ffa4e97,TRAIN,TRAIN,CLUST_0.70_00109,LATE
CANONICAL_e1c817877157,TRAIN,TRAIN,CLUST_0.70_00008,LATE
CANONICAL_e1cd4ea79ffe,TRAIN,TEST,CLUST_0.70_00037,LATE
CANONICAL_e1cd5ead5739,TRAIN,VALIDATION,CLUST_0.70_00055,LATE
CANONICAL_e1cf8b568b28,VALIDATION,VALIDATION,CLUST_0.70_00040,EARLY
CANONICAL_e1d16700c754,TRAIN,TEST,CLUST_0.70_00004,IMMEDIATE_EARLY
CANONICAL_e1d55a9793a7,TRAIN,TRAIN,CLUST_0.70_00005,EARLY
CANONICAL_e1d90bdc2a8d,TRAIN,TEST,CLUST_0.70_00004,IMMEDIATE_EARLY
CANONICAL_e1e04308e7cc,TRAIN,TRAIN,CLUST_0.70_00008,LATE
CANONICAL_e1e147095125,TRAIN,VALIDATION,CLUST_0.70_00040,EARLY
CANONICAL_e1e33bdcb941,TRAIN,TRAIN,CLUST_0.70_00143,EARLY
CANONICAL_e1ec79e712c0,TRAIN,TRAIN,CLUST_0.70_00005,LATE
CANONICAL_e1f39d8f5426,VALIDATION,TEST,CLUST_0.70_00018,LATE
CANONICAL_e1f5fb629076,TRAIN,TRAIN,CLUST_0.70_00005,EARLY
CANONICAL_e1fb4079e215,TRAIN,TRAIN,CLUST_0.70_00008,LATE
CANONICAL_e1fd195d4095,TRAIN,TRAIN,CLUST_0.70_00008,LATE
CANONICAL_e1fe503ad35e,TRAIN,VALIDATION,CLUST_0.70_00026,IMMEDIATE_EARLY
CANONICAL_e2039877392d,TRAIN,TRAIN,CLUST_0.70_00047,LATE
CANONICAL_e2078760fa12,TRAIN,VALIDATION,CLUST_0.70_00025,LATE
CANONICAL_e20a91619fa5,TRAIN,VALIDATION,CLUST_0.70_00025,LATE
CANONICAL_e21039b92d5d,TRAIN,TRAIN,CLUST_0.70_00007,IMMEDIATE_EARLY
CANONICAL_e210e21c6652,VALIDATION,TRAIN,CLUST_0.70_00008,LATE
CANONICAL_e2245db94202,TRAIN,TEST,CLUST_0.70_00030,EARLY
CANONICAL_e227a1b9b9f2,TRAIN,TRAIN,CLUST_0.70_00005,EARLY
CANONICAL_e229a58381be,TRAIN,VALIDATION,CLUST_0.70_00029,LATE
CANONICAL_e22b0ec7f491,TRAIN,TRAIN,CLUST_0.70_00005,EARLY
CANONICAL_e233435039c3,TRAIN,VALIDATION,CLUST_0.70_00079,LATE
CANONICAL_e234de0f4008,TRAIN,VALIDATION,CLUST_0.70_00040,EARLY
CANONICAL_e23ba4d30211,VALIDATION,TRAIN,CLUST_0.70_00274,EARLY
CANONICAL_e240a98eb045,TRAIN,TRAIN,CLUST_0.70_00247,EARLY
CANONICAL_e2466ada18a4,VALIDATION,TRAIN,CLUST_0.70_00134,LATE
CANONICAL_e24b38b30ea0,TRAIN,TRAIN,CLUST_0.70_00007,EARLY
CANONICAL_e24d81125691,TRAIN,TEST,CLUST_0.70_00030,EARLY
CANONICAL_e24f3e0adca7,TRAIN,TEST,CLUST_0.70_00004,IMMEDIATE_EARLY
CANONICAL_e25035aefaf0,TRAIN,VALIDATION,CLUST_0.70_00040,EARLY
CANONICAL_e25338fe3aae,TRAIN,TRAIN,CLUST_0.70_00007,LATE
CANONICAL_e253a1367e91,TRAIN,TRAIN,CLUST_0.70_00089,LATE
CANONICAL_e25428f6d42d,TRAIN,VALIDATION,CLUST_0.70_00079,LATE
CANONICAL_e25661a4cffb,TRAIN,TRAIN,CLUST_0.70_00007,LATE
CANONICAL_e25eed81ed6a,TEST,TEST,CLUST_0.70_00018,LATE
CANONICAL_e278ebe4101e,TRAIN,VALIDATION,CLUST_0.70_00041,EARLY
CANONICAL_e27a589951e4,TRAIN,VALIDATION,CLUST_0.70_00040,EARLY
CANONICAL_e27b434ef172,TEST,TEST,CLUST_0.70_00004,IMMEDIATE_EARLY
CANONICAL_e27f5a49153e,VALIDATION,TEST,CLUST_0.70_00018,LATE
CANONICAL_e27f8a561181,TRAIN,TRAIN,CLUST_0.70_00005,LATE
CANONICAL_e28f6d4b1707,TRAIN,TRAIN,CLUST_0.70_00005,EARLY
CANONICAL_e29198964dc1,TEST,TRAIN,CLUST_0.70_00005,EARLY
CANONICAL_e29bd36ba62a,TRAIN,TRAIN,CLUST_0.70_00024,LATE
CANONICAL_e29edbe071c5,TEST,VALIDATION,CLUST_0.70_00059,LATE
CANONICAL_e2a1d37480da,TRAIN,TRAIN,CLUST_0.70_00007,LATE
CANONICAL_e2a37d7fd6e5,TRAIN,TRAIN,CLUST_0.70_00005,EARLY
CANONICAL_e2a3d01f4c9f,TRAIN,TEST,CLUST_0.70_00018,LATE
CANONICAL_e2a50b88cb4a,TRAIN,VALIDATION,CLUST_0.70_00055,LATE
CANONICAL_e2ab398704ce,TRAIN,TRAIN,CLUST_0.70_00005,EARLY
CANONICAL_e2ac7f29705b,TRAIN,TEST,CLUST_0.70_00071,LATE
CANONICAL_e2ad8dcd4039,TRAIN,TRAIN,CLUST_0.70_00005,EARLY
CANONICAL_e2b5590ee770,TRAIN,TEST,CLUST_0.70_00004,IMMEDIATE_EARLY
CANONICAL_e2b6b46e8805,TRAIN,TEST,CLUST_0.70_00004,IMMEDIATE_EARLY
CANONICAL_e2b9113a63a3,TEST,TRAIN,CLUST_0.70_00008,LATE
CANONICAL_e2b9b6d7a1ea,TRAIN,TRAIN,CLUST_0.70_00056,LATE
CANONICAL_e2c0fbf40d10,TRAIN,TEST,CLUST_0.70_00015,LATE
CANONICAL_e2c35b9a1306,TRAIN,TRAIN,CLUST_0.70_00007,EARLY
CANONICAL_e2cb260c1249,VALIDATION,TEST,CLUST_0.70_00004,IMMEDIATE_EARLY
CANONICAL_e2cb44f9e1ab,TEST,VALIDATION,CLUST_0.70_00029,LATE
CANONICAL_e2d24a019fbc,TRAIN,TEST,CLUST_0.70_00004,IMMEDIATE_EARLY
CANONICAL_e2d2c4b959d1,TRAIN,TEST,CLUST_0.70_00004,IMMEDIATE_EARLY
CANONICAL_e2d3dae592a3,TRAIN,VALIDATION,CLUST_0.70_00010,EARLY
CANONICAL_e2d8ebc4a8e5,TRAIN,TRAIN,CLUST_0.70_00005,EARLY
CANONICAL_e2e30a68db79,TRAIN,TRAIN,CLUST_0.70_00008,IMMEDIATE_EARLY
CANONICAL_e2edc842faf1,TRAIN,TEST,CLUST_0.70_00015,LATE
CANONICAL_e2fb8b11bb03,TRAIN,TEST,CLUST_0.70_00052,LATE
CANONICAL_e30010539bb7,VALIDATION,TEST,CLUST_0.70_00001,LATE
CANONICAL_e302e3694c76,TEST,TRAIN,CLUST_0.70_00005,LATE
CANONICAL_e3099623747b,TEST,TRAIN,CLUST_0.70_00224,LATE
CANONICAL_e30a162a2b06,TRAIN,TRAIN,CLUST_0.70_00005,EARLY
CANONICAL_e30ed9f467f8,TRAIN,TRAIN,CLUST_0.70_00005,EARLY
CANONICAL_e311e8f8373a,VALIDATION,VALIDATION,CLUST_0.70_00041,EARLY
CANONICAL_e31204346f89,TRAIN,VALIDATION,CLUST_0.70_00086,LATE
CANONICAL_e319af71f4a6,TRAIN,VALIDATION,CLUST_0.70_00079,LATE
CANONICAL_e31bebafe4cf,TEST,TRAIN,CLUST_0.70_00005,EARLY
CANONICAL_e31deba13db3,TRAIN,TEST,CLUST_0.70_00001,LATE
CANONICAL_e31def17c58b,TRAIN,TEST,CLUST_0.70_00001,LATE
CANONICAL_e3216f69b515,TRAIN,TRAIN,CLUST_0.70_00091,LATE
CANONICAL_e3260c267d28,TEST,TRAIN,CLUST_0.70_00005,EARLY
CANONICAL_e3269c01abfb,TRAIN,VALIDATION,CLUST_0.70_00055,LATE
CANONICAL_e3292ebe7c28,TRAIN,TRAIN,CLUST_0.70_00005,EARLY
CANONICAL_e329e760da8b,TRAIN,TRAIN,CLUST_0.70_00008,EARLY
CANONICAL_e335a9195104,TRAIN,TRAIN,CLUST_0.70_00005,EARLY
CANONICAL_e34f10df0d7c,TRAIN,VALIDATION,CLUST_0.70_00016,EARLY
CANONICAL_e34f50eef13c,VALIDATION,VALIDATION,CLUST_0.70_00059,LATE
CANONICAL_e34fb638f260,TRAIN,VALIDATION,CLUST_0.70_00079,LATE
CANONICAL_e3502c925380,TRAIN,TEST,CLUST_0.70_00018,LATE
CANONICAL_e3556caf545a,TRAIN,VALIDATION,CLUST_0.70_00026,IMMEDIATE_EARLY
CANONICAL_e35afde7820d,TRAIN,TRAIN,CLUST_0.70_00005,LATE
CANONICAL_e35b56eb0c0b,TRAIN,TRAIN,CLUST_0.70_00007,EARLY
CANONICAL_e36015f6f0f3,TRAIN,VALIDATION,CLUST_0.70_00026,IMMEDIATE_EARLY
CANONICAL_e365c9387c32,TRAIN,TRAIN,CLUST_0.70_00075,LATE
CANONICAL_e3666306349f,TEST,TRAIN,CLUST_0.70_00008,LATE
CANONICAL_e36fbb012b83,TRAIN,VALIDATION,CLUST_0.70_00041,EARLY
CANONICAL_e37098528ba4,TRAIN,TRAIN,CLUST_0.70_00007,LATE
CANONICAL_e371faddfc37,VALIDATION,TRAIN,CLUST_0.70_00008,IMMEDIATE_EARLY
CANONICAL_e373ff50d63e,TRAIN,TRAIN,CLUST_0.70_00008,LATE
CANONICAL_e379ea3c804b,VALIDATION,VALIDATION,CLUST_0.70_00065,LATE
CANONICAL_e37a1b22cc7e,TRAIN,TRAIN,CLUST_0.70_00091,LATE
CANONICAL_e38da6bb553c,TRAIN,TRAIN,CLUST_0.70_00008,LATE
CANONICAL_e39a26928d44,TRAIN,VALIDATION,CLUST_0.70_00065,LATE
CANONICAL_e39dd4fbf2d2,TEST,TRAIN,CLUST_0.70_00005,LATE
CANONICAL_e39ff46284b6,TRAIN,TRAIN,CLUST_0.70_00007,LATE
CANONICAL_e3a28959467a,TRAIN,TEST,CLUST_0.70_00030,EARLY
CANONICAL_e3a8223ec241,TEST,TEST,CLUST_0.70_00004,IMMEDIATE_EARLY
CANONICAL_e3abd24fd4d2,VALIDATION,VALIDATION,CLUST_0.70_00017,LATE
CANONICAL_e3b0226e42af,TRAIN,TRAIN,CLUST_0.70_00005,EARLY
CANONICAL_e3bcfeb698a8,TRAIN,TRAIN,CLUST_0.70_00005,EARLY
CANONICAL_e3be5e385bb9,TRAIN,TRAIN,CLUST_0.70_00005,EARLY
CANONICAL_e3bf4c147755,TRAIN,TRAIN,CLUST_0.70_00005,LATE
CANONICAL_e3c10b4bc677,TRAIN,TEST,CLUST_0.70_00030,EARLY
CANONICAL_e3c358d1da46,TRAIN,TRAIN,CLUST_0.70_00005,LATE
CANONICAL_e3c3c29aed88,TRAIN,TEST,CLUST_0.70_00001,LATE
CANONICAL_e3c6724f041a,TEST,VALIDATION,CLUST_0.70_00065,LATE
CANONICAL_e3cd65dd32f7,TRAIN,TEST,CLUST_0.70_00001,LATE
CANONICAL_e3cfc4667880,TRAIN,VALIDATION,CLUST_0.70_00025,LATE
CANONICAL_e3d4a48162cc,TEST,VALIDATION,CLUST_0.70_00055,IMMEDIATE_EARLY
CANONICAL_e3d5297f9c99,VALIDATION,TRAIN,CLUST_0.70_00008,LATE
CANONICAL_e3d77860ddea,TEST,VALIDATION,CLUST_0.70_00059,LATE
CANONICAL_e3e0aa07c0e3,TRAIN,TRAIN,CLUST_0.70_00005,EARLY
CANONICAL_e3e0f1ce2283,VALIDATION,TRAIN,CLUST_0.70_00005,LATE
CANONICAL_e3e1189e1d50,TRAIN,TEST,CLUST_0.70_00037,LATE
CANONICAL_e3e7283a93f0,TRAIN,TRAIN,CLUST_0.70_00008,IMMEDIATE_EARLY
CANONICAL_e3f460ab7674,TRAIN,VALIDATION,CLUST_0.70_00055,LATE
CANONICAL_e3f67326ddae,TRAIN,TRAIN,CLUST_0.70_00005,LATE
CANONICAL_e3f6a807867b,TRAIN,TRAIN,CLUST_0.70_00056,LATE
CANONICAL_e3fa29e404ba,TRAIN,TRAIN,CLUST_0.70_00008,LATE
CANONICAL_e3fbf9756aa1,TRAIN,TEST,CLUST_0.70_00001,LATE
CANONICAL_e3fc57917b44,TRAIN,TRAIN,CLUST_0.70_00227,LATE
CANONICAL_e3fccfd4bd97,TRAIN,VALIDATION,CLUST_0.70_00055,IMMEDIATE_EARLY
CANONICAL_e3fee87b6491,TRAIN,TRAIN,CLUST_0.70_00136,LATE
CANONICAL_e40070afd239,TEST,VALIDATION,CLUST_0.70_00079,LATE
CANONICAL_e4018c8a4429,TRAIN,TRAIN,CLUST_0.70_00005,EARLY
CANONICAL_e4099c5b2a34,TRAIN,TRAIN,CLUST_0.70_00005,LATE
CANONICAL_e40c2d6576cc,TRAIN,TRAIN,CLUST_0.70_00005,EARLY
CANONICAL_e416d54149b4,TRAIN,VALIDATION,CLUST_0.70_00006,IMMEDIATE_EARLY
CANONICAL_e417af6408e5,TRAIN,TEST,CLUST_0.70_00004,IMMEDIATE_EARLY
CANONICAL_e417c6bfb7d1,TRAIN,TRAIN,CLUST_0.70_00414,LATE
CANONICAL_e418553dcbdd,TEST,TRAIN,CLUST_0.70_00005,EARLY
CANONICAL_e41a182ccc91,TRAIN,TRAIN,CLUST_0.70_00005,EARLY
CANONICAL_e41a52882326,TRAIN,TRAIN,CLUST_0.70_00007,EARLY
CANONICAL_e41f2677aa0e,TRAIN,VALIDATION,CLUST_0.70_00006,IMMEDIATE_EARLY
CANONICAL_e429ba15b063,TEST,TRAIN,CLUST_0.70_00007,LATE
CANONICAL_e42ba98fd148,TRAIN,TRAIN,CLUST_0.70_00005,EARLY
CANONICAL_e42d2270df20,TRAIN,TEST,CLUST_0.70_00030,EARLY
CANONICAL_e431c88cf02e,TRAIN,TRAIN,CLUST_0.70_00007,LATE
CANONICAL_e436848bae0c,TEST,TEST,CLUST_0.70_00004,IMMEDIATE_EARLY
CANONICAL_e438bb519ebd,VALIDATION,VALIDATION,CLUST_0.70_00086,LATE
CANONICAL_e43c00c736ff,VALIDATION,TRAIN,CLUST_0.70_00354,EARLY
CANONICAL_e43d8f0e468b,TRAIN,TRAIN,CLUST_0.70_00005,LATE
CANONICAL_e43f60fb41f2,TRAIN,TEST,CLUST_0.70_00052,LATE
CANONICAL_e4433b7b0c28,TRAIN,TRAIN,CLUST_0.70_00007,LATE
CANONICAL_e44bc75b0629,VALIDATION,VALIDATION,CLUST_0.70_00006,IMMEDIATE_EARLY
CANONICAL_e44f4319241e,VALIDATION,TEST,CLUST_0.70_00080,LATE
CANONICAL_e45b6dc2d4d1,TRAIN,TEST,CLUST_0.70_00018,EARLY
CANONICAL_e45d1318c68b,TRAIN,TEST,CLUST_0.70_00052,LATE
CANONICAL_e462aea097dd,TRAIN,TRAIN,CLUST_0.70_00231,IMMEDIATE_EARLY
CANONICAL_e46696322162,TRAIN,TRAIN,CLUST_0.70_00008,LATE
CANONICAL_e468fefa3b18,TRAIN,TEST,CLUST_0.70_00001,LATE
CANONICAL_e46a5eec35c6,TRAIN,TEST,CLUST_0.70_00020,LATE
CANONICAL_e4733e0bb6bc,TRAIN,TRAIN,CLUST_0.70_00008,LATE
CANONICAL_e476084010cc,VALIDATION,TRAIN,CLUST_0.70_00008,LATE
CANONICAL_e479ea7c75dd,TRAIN,TEST,CLUST_0.70_00015,LATE
CANONICAL_e47a3380cef0,TRAIN,TRAIN,CLUST_0.70_00008,LATE
CANONICAL_e47b20bf566c,TRAIN,TRAIN,CLUST_0.70_00394,LATE
CANONICAL_e47bf57d52a0,TRAIN,VALIDATION,CLUST_0.70_00006,IMMEDIATE_EARLY
CANONICAL_e47e8458ca3b,TEST,TEST,CLUST_0.70_00080,LATE
CANONICAL_e47ea3030703,TRAIN,TEST,CLUST_0.70_00009,LATE
CANONICAL_e47f155c90ef,TRAIN,TEST,CLUST_0.70_00001,LATE
CANONICAL_e488cc1a1a7f,TEST,VALIDATION,CLUST_0.70_00031,LATE
CANONICAL_e48aa4889a30,TRAIN,VALIDATION,CLUST_0.70_00079,LATE
CANONICAL_e48be2158ff1,TRAIN,TRAIN,CLUST_0.70_00008,LATE
CANONICAL_e4945df1b161,TRAIN,TRAIN,CLUST_0.70_00005,LATE
CANONICAL_e49c99412458,TRAIN,TEST,CLUST_0.70_00030,EARLY
CANONICAL_e49d92d796e2,TRAIN,TRAIN,CLUST_0.70_00005,EARLY
CANONICAL_e4a62b2ceda6,TRAIN,TEST,CLUST_0.70_00015,LATE
CANONICAL_e4a6c0657f69,TRAIN,TRAIN,CLUST_0.70_00227,LATE
CANONICAL_e4a99a717575,TRAIN,TRAIN,CLUST_0.70_00008,LATE
CANONICAL_e4ae1cd2578b,TEST,TRAIN,CLUST_0.70_00008,LATE
CANONICAL_e4b080f9499e,TRAIN,VALIDATION,CLUST_0.70_00064,LATE
CANONICAL_e4b7883caf60,TRAIN,TRAIN,CLUST_0.70_00005,LATE
CANONICAL_e4bd52fac911,TRAIN,VALIDATION,CLUST_0.70_00038,LATE
CANONICAL_e4c0376b57d6,VALIDATION,TRAIN,CLUST_0.70_00005,LATE
CANONICAL_e4c23bfadaf6,TRAIN,TRAIN,CLUST_0.70_00005,EARLY
CANONICAL_e4cad22e89ad,TRAIN,TEST,CLUST_0.70_00030,EARLY
CANONICAL_e4d0cbb629d7,TRAIN,TRAIN,CLUST_0.70_00005,EARLY
CANONICAL_e4d492f744b8,TRAIN,TRAIN,CLUST_0.70_00005,EARLY
CANONICAL_e4d594d693c4,TRAIN,TRAIN,CLUST_0.70_00005,LATE
CANONICAL_e4d61f93db82,TRAIN,TRAIN,CLUST_0.70_00008,LATE
CANONICAL_e4d8f1d8578a,TRAIN,TRAIN,CLUST_0.70_00005,EARLY
CANONICAL_e4db2d783a24,TEST,VALIDATION,CLUST_0.70_00006,IMMEDIATE_EARLY
CANONICAL_e4df98eb208e,TEST,TEST,CLUST_0.70_00004,IMMEDIATE_EARLY
CANONICAL_e4e0557f6d58,VALIDATION,TRAIN,CLUST_0.70_00382,IMMEDIATE_EARLY
CANONICAL_e4e1e33408a3,TRAIN,TRAIN,CLUST_0.70_00007,LATE
CANONICAL_e4e3f307c72f,TRAIN,TEST,CLUST_0.70_00071,LATE
CANONICAL_e4e5a6d80a8f,TRAIN,VALIDATION,CLUST_0.70_00010,EARLY
CANONICAL_e4e5be9c27c3,TRAIN,VALIDATION,CLUST_0.70_00029,LATE
CANONICAL_e4e8362b6ef2,TRAIN,TRAIN,CLUST_0.70_00005,EARLY
CANONICAL_e4ee36c987db,TRAIN,TRAIN,CLUST_0.70_00005,LATE
CANONICAL_e4f39d68245f,VALIDATION,TRAIN,CLUST_0.70_00005,EARLY
CANONICAL_e4f5c39d3234,TRAIN,TRAIN,CLUST_0.70_00008,LATE
CANONICAL_e4fa14e2bf14,TRAIN,TRAIN,CLUST_0.70_00241,LATE
CANONICAL_e50148764590,TRAIN,TRAIN,CLUST_0.70_00007,LATE
CANONICAL_e503228960ba,TRAIN,TRAIN,CLUST_0.70_00005,EARLY
CANONICAL_e50cf6442fff,VALIDATION,TRAIN,CLUST_0.70_00005,LATE
CANONICAL_e50fb23c5bd8,TRAIN,TRAIN,CLUST_0.70_00005,EARLY
CANONICAL_e516938d1267,TEST,VALIDATION,CLUST_0.70_00055,LATE
CANONICAL_e517788ad00c,TRAIN,VALIDATION,CLUST_0.70_00055,LATE
CANONICAL_e5180aa90335,TRAIN,TRAIN,CLUST_0.70_00007,LATE
CANONICAL_e519c45f0474,TRAIN,TRAIN,CLUST_0.70_00005,LATE
CANONICAL_e5202df2f33a,TRAIN,VALIDATION,CLUST_0.70_00038,LATE
CANONICAL_e5256a9973cf,TRAIN,TRAIN,CLUST_0.70_00007,EARLY
CANONICAL_e52b9937d3f1,TRAIN,TEST,CLUST_0.70_00071,LATE
CANONICAL_e52d0912cc1d,TRAIN,TRAIN,CLUST_0.70_00007,LATE
CANONICAL_e53458f89847,TRAIN,TRAIN,CLUST_0.70_00005,LATE
CANONICAL_e535b5f675fd,TEST,VALIDATION,CLUST_0.70_00041,EARLY
CANONICAL_e538697fa88a,TRAIN,TRAIN,CLUST_0.70_00056,LATE
CANONICAL_e53965303349,TRAIN,TRAIN,CLUST_0.70_00231,IMMEDIATE_EARLY
CANONICAL_e53f5343af68,TRAIN,TRAIN,CLUST_0.70_00007,LATE
CANONICAL_e5430886b1af,TRAIN,TRAIN,CLUST_0.70_00007,LATE
CANONICAL_e545df25d54f,TRAIN,TRAIN,CLUST_0.70_00007,LATE
CANONICAL_e5507d928b87,TRAIN,TRAIN,CLUST_0.70_00008,LATE
CANONICAL_e554f6a47001,TRAIN,TEST,CLUST_0.70_00030,EARLY
CANONICAL_e55b17fd98d2,TRAIN,TRAIN,CLUST_0.70_00005,LATE
CANONICAL_e566c4042fbd,TRAIN,TEST,CLUST_0.70_00009,LATE
CANONICAL_e56bde1cd86d,TRAIN,TRAIN,CLUST_0.70_00005,EARLY
CANONICAL_e56e02e8cff2,VALIDATION,TRAIN,CLUST_0.70_00213,LATE
CANONICAL_e571c0708eb7,TEST,TEST,CLUST_0.70_00004,IMMEDIATE_EARLY
CANONICAL_e572f6f37882,VALIDATION,TRAIN,CLUST_0.70_00152,LATE
CANONICAL_e57aab242ffd,TRAIN,TEST,CLUST_0.70_00080,LATE
CANONICAL_e5829f8906f7,TRAIN,VALIDATION,CLUST_0.70_00026,IMMEDIATE_EARLY
CANONICAL_e586e1d41367,VALIDATION,TEST,CLUST_0.70_00052,LATE
CANONICAL_e5890c7799d1,TRAIN,TEST,CLUST_0.70_00001,LATE
CANONICAL_e58cc4219f37,TRAIN,TRAIN,CLUST_0.70_00005,EARLY
CANONICAL_e59020a6fb5b,TRAIN,TRAIN,CLUST_0.70_00005,EARLY
CANONICAL_e5908f1f9514,TRAIN,TEST,CLUST_0.70_00004,IMMEDIATE_EARLY
CANONICAL_e5a32ddad068,VALIDATION,TRAIN,CLUST_0.70_00005,EARLY
CANONICAL_e5a444eb7d06,VALIDATION,VALIDATION,CLUST_0.70_00059,LATE
CANONICAL_e5af582e1f31,TRAIN,TRAIN,CLUST_0.70_00005,LATE
CANONICAL_e5b42f809457,TRAIN,TEST,CLUST_0.70_00015,LATE
CANONICAL_e5b8e787813d,TRAIN,VALIDATION,CLUST_0.70_00064,LATE
CANONICAL_e5bb26c8c246,TRAIN,VALIDATION,CLUST_0.70_00127,LATE
CANONICAL_e5bf3679f0fa,TRAIN,VALIDATION,CLUST_0.70_00041,EARLY
CANONICAL_e5bfa7a1b87e,TEST,TRAIN,CLUST_0.70_00005,LATE
CANONICAL_e5c654deacc4,TRAIN,TEST,CLUST_0.70_00018,LATE
CANONICAL_e5d4db6e73a2,TEST,TRAIN,CLUST_0.70_00008,LATE
CANONICAL_e5d578b0f357,TEST,TRAIN,CLUST_0.70_00005,EARLY
CANONICAL_e5d60667a3dd,TRAIN,TRAIN,CLUST_0.70_00005,LATE
CANONICAL_e5de6ede2217,TRAIN,TRAIN,CLUST_0.70_00008,LATE
CANONICAL_e5e31c106807,TRAIN,TEST,CLUST_0.70_00030,EARLY
CANONICAL_e5e8113a2768,TEST,TRAIN,CLUST_0.70_00008,LATE
CANONICAL_e5edba65dd31,VALIDATION,VALIDATION,CLUST_0.70_00031,LATE
CANONICAL_e5f7d4780d45,TRAIN,TRAIN,CLUST_0.70_00114,EARLY
CANONICAL_e5f7de1a6333,TEST,VALIDATION,CLUST_0.70_00031,LATE
CANONICAL_e60039efec1b,TRAIN,TEST,CLUST_0.70_00030,EARLY
CANONICAL_e604f871fed6,TEST,TRAIN,CLUST_0.70_00005,LATE
CANONICAL_e618e6e5f6db,TRAIN,TRAIN,CLUST_0.70_00005,LATE
CANONICAL_e61b19af6db0,TEST,TRAIN,CLUST_0.70_00005,EARLY
CANONICAL_e61ccbbc8432,TRAIN,TRAIN,CLUST_0.70_00008,LATE
CANONICAL_e61e7ce12bf0,VALIDATION,TRAIN,CLUST_0.70_00008,LATE
CANONICAL_e61f3166d64f,TEST,TRAIN,CLUST_0.70_00137,LATE
CANONICAL_e61f3ab7a94c,TRAIN,TEST,CLUST_0.70_00037,LATE
CANONICAL_e620efd7723f,TEST,TRAIN,CLUST_0.70_00005,LATE
CANONICAL_e624d77010a0,TEST,VALIDATION,CLUST_0.70_00010,LATE
CANONICAL_e6296387bb78,TRAIN,TEST,CLUST_0.70_00080,LATE
CANONICAL_e62a5844f521,VALIDATION,TRAIN,CLUST_0.70_00123,IMMEDIATE_EARLY
CANONICAL_e630ccdd1dc1,TRAIN,VALIDATION,CLUST_0.70_00040,EARLY
CANONICAL_e632bb887589,VALIDATION,TEST,CLUST_0.70_00052,LATE
CANONICAL_e632c5839c04,TRAIN,VALIDATION,CLUST_0.70_00064,LATE
CANONICAL_e63424d85f5f,TRAIN,TRAIN,CLUST_0.70_00008,LATE
CANONICAL_e63888ed20e8,TRAIN,TEST,CLUST_0.70_00001,LATE
CANONICAL_e638b728b998,TRAIN,TEST,CLUST_0.70_00001,LATE
CANONICAL_e63cb6e06e19,TRAIN,VALIDATION,CLUST_0.70_00039,LATE
CANONICAL_e63d2c4f8415,TRAIN,TEST,CLUST_0.70_00030,EARLY
CANONICAL_e64162a86ec4,VALIDATION,VALIDATION,CLUST_0.70_00127,LATE
CANONICAL_e643d749c490,TRAIN,TRAIN,CLUST_0.70_00110,EARLY
CANONICAL_e64479c0edc8,TRAIN,TRAIN,CLUST_0.70_00005,EARLY
CANONICAL_e644eb9edc43,TEST,TEST,CLUST_0.70_00020,LATE
CANONICAL_e64b9aeca3ad,TRAIN,VALIDATION,CLUST_0.70_00079,LATE
CANONICAL_e6589484c852,TRAIN,VALIDATION,CLUST_0.70_00006,IMMEDIATE_EARLY
CANONICAL_e659aa33785f,TRAIN,TEST,CLUST_0.70_00037,LATE
CANONICAL_e65ad3d658df,TRAIN,TEST,CLUST_0.70_00015,LATE
CANONICAL_e65c88bfd2b1,TRAIN,VALIDATION,CLUST_0.70_00029,LATE
CANONICAL_e6603ad4ba87,TRAIN,TRAIN,CLUST_0.70_00005,EARLY
CANONICAL_e663f8db0f8e,TRAIN,TRAIN,CLUST_0.70_00098,LATE
CANONICAL_e6663d1eca93,VALIDATION,TRAIN,CLUST_0.70_00247,EARLY
CANONICAL_e6703b031e41,VALIDATION,TRAIN,CLUST_0.70_00005,EARLY
CANONICAL_e67a956ddd90,VALIDATION,TRAIN,CLUST_0.70_00005,LATE
CANONICAL_e67ea8dd393b,TRAIN,TRAIN,CLUST_0.70_00008,LATE
CANONICAL_e68ad11dd287,TRAIN,TEST,CLUST_0.70_00020,LATE
CANONICAL_e68c1000fa3f,TRAIN,VALIDATION,CLUST_0.70_00041,EARLY
CANONICAL_e6947e644dcd,TRAIN,TRAIN,CLUST_0.70_00005,EARLY
CANONICAL_e69a97eb84ee,TRAIN,TEST,CLUST_0.70_00020,LATE
CANONICAL_e69c96fd7813,VALIDATION,TRAIN,CLUST_0.70_00236,IMMEDIATE_EARLY
CANONICAL_e69fb4cfec68,TEST,TRAIN,CLUST_0.70_00007,LATE
CANONICAL_e6a2242fb73b,TRAIN,TEST,CLUST_0.70_00015,LATE
CANONICAL_e6a29e99caa0,TRAIN,VALIDATION,CLUST_0.70_00029,LATE
CANONICAL_e6a59c688dd2,TRAIN,TRAIN,CLUST_0.70_00007,EARLY
CANONICAL_e6a9e1e00670,TRAIN,TRAIN,CLUST_0.70_00005,LATE
CANONICAL_e6ab5d9767e2,TRAIN,TRAIN,CLUST_0.70_00005,EARLY
CANONICAL_e6adba91f2a6,TRAIN,TRAIN,CLUST_0.70_00005,EARLY
CANONICAL_e6ae02ccb3a6,TRAIN,TRAIN,CLUST_0.70_00420,LATE
CANONICAL_e6b28ec54590,VALIDATION,VALIDATION,CLUST_0.70_00017,LATE
CANONICAL_e6b2d004dda6,TRAIN,VALIDATION,CLUST_0.70_00040,EARLY
CANONICAL_e6ba5d77a919,VALIDATION,VALIDATION,CLUST_0.70_00017,LATE
CANONICAL_e6bca46f9ea0,TRAIN,TEST,CLUST_0.70_00001,LATE
CANONICAL_e6beee2d82ff,TRAIN,TRAIN,CLUST_0.70_00005,EARLY
CANONICAL_e6c1013c390c,TRAIN,TRAIN,CLUST_0.70_00404,LATE
CANONICAL_e6c7a55c1b0e,TRAIN,TRAIN,CLUST_0.70_00008,LATE
CANONICAL_e6ca7b9e3370,TRAIN,TRAIN,CLUST_0.70_00005,LATE
CANONICAL_e6cffa137884,VALIDATION,VALIDATION,CLUST_0.70_00064,LATE
CANONICAL_e6d737b91090,TRAIN,VALIDATION,CLUST_0.70_00029,LATE
CANONICAL_e6dabd1f6df9,TRAIN,TEST,CLUST_0.70_00030,EARLY
CANONICAL_e6dba412f828,TRAIN,VALIDATION,CLUST_0.70_00038,LATE
CANONICAL_e6dd0fc63893,VALIDATION,TRAIN,CLUST_0.70_00008,LATE
CANONICAL_e6e1db16046f,TEST,VALIDATION,CLUST_0.70_00028,EARLY
CANONICAL_e6e69d4d17e1,TRAIN,TRAIN,CLUST_0.70_00007,LATE
CANONICAL_e6e89b74290e,TRAIN,TEST,CLUST_0.70_00001,LATE
CANONICAL_e6e957e8ff5e,TEST,TRAIN,CLUST_0.70_00005,EARLY
CANONICAL_e6f1de68a855,TRAIN,VALIDATION,CLUST_0.70_00026,IMMEDIATE_EARLY
CANONICAL_e6fbd9c1dfe5,TEST,TRAIN,CLUST_0.70_00024,LATE
CANONICAL_e70251a75cfb,VALIDATION,TRAIN,CLUST_0.70_00005,EARLY
CANONICAL_e703fbe9058e,TRAIN,VALIDATION,CLUST_0.70_00029,LATE
CANONICAL_e709520ba2f2,TRAIN,TRAIN,CLUST_0.70_00047,LATE
CANONICAL_e70a12cce2a2,VALIDATION,TRAIN,CLUST_0.70_00338,LATE
CANONICAL_e70f260e7928,TRAIN,VALIDATION,CLUST_0.70_00025,LATE
CANONICAL_e70fb8c7f5ff,TRAIN,TEST,CLUST_0.70_00004,IMMEDIATE_EARLY
CANONICAL_e7103da61cfb,TRAIN,TRAIN,CLUST_0.70_00008,LATE
CANONICAL_e710b7c39e4c,TRAIN,TRAIN,CLUST_0.70_00005,EARLY
CANONICAL_e71420fe0305,TRAIN,TEST,CLUST_0.70_00037,LATE
CANONICAL_e715899ed47a,TRAIN,TRAIN,CLUST_0.70_00005,EARLY
CANONICAL_e716c4fc2161,TRAIN,TEST,CLUST_0.70_00004,IMMEDIATE_EARLY
CANONICAL_e716ea6cc242,TRAIN,TRAIN,CLUST_0.70_00008,LATE
CANONICAL_e7173a90624a,TRAIN,TRAIN,CLUST_0.70_00008,LATE
CANONICAL_e7182345c608,TEST,VALIDATION,CLUST_0.70_00041,EARLY
CANONICAL_e71d0abf22e5,TRAIN,VALIDATION,CLUST_0.70_00029,LATE
CANONICAL_e71e8ba2de56,TRAIN,TRAIN,CLUST_0.70_00007,EARLY
CANONICAL_e7270d48bd5d,TRAIN,TEST,CLUST_0.70_00001,LATE
CANONICAL_e72ee2ddadab,TEST,TRAIN,CLUST_0.70_00005,LATE
CANONICAL_e73526065582,TRAIN,VALIDATION,CLUST_0.70_00079,LATE
CANONICAL_e73a45b5e48d,TEST,TEST,CLUST_0.70_00001,LATE
CANONICAL_e7421b9091f1,TRAIN,VALIDATION,CLUST_0.70_00029,LATE
CANONICAL_e743700427c0,VALIDATION,TRAIN,CLUST_0.70_00005,LATE
CANONICAL_e74372b09208,TRAIN,TRAIN,CLUST_0.70_00005,LATE
CANONICAL_e7490425a082,TRAIN,TRAIN,CLUST_0.70_00005,EARLY
CANONICAL_e74e52b0d7eb,TRAIN,TRAIN,CLUST_0.70_00008,LATE
CANONICAL_e750f560a88f,TRAIN,TRAIN,CLUST_0.70_00005,EARLY
CANONICAL_e751145dbc0a,TRAIN,TRAIN,CLUST_0.70_00008,LATE
CANONICAL_e752f9b3318b,TRAIN,VALIDATION,CLUST_0.70_00028,EARLY
CANONICAL_e756479aef52,TRAIN,VALIDATION,CLUST_0.70_00127,LATE
CANONICAL_e75c1364349e,VALIDATION,VALIDATION,CLUST_0.70_00079,LATE
CANONICAL_e75f65b117eb,TRAIN,TRAIN,CLUST_0.70_00075,LATE
CANONICAL_e76099b4c3ca,TRAIN,TRAIN,CLUST_0.70_00008,LATE
CANONICAL_e76a9009dd08,VALIDATION,TRAIN,CLUST_0.70_00197,IMMEDIATE_EARLY
CANONICAL_e76cfdad615a,TRAIN,TRAIN,CLUST_0.70_00005,LATE
CANONICAL_e76e6f35065b,TRAIN,VALIDATION,CLUST_0.70_00040,EARLY
CANONICAL_e774c81fde46,TRAIN,TRAIN,CLUST_0.70_00164,LATE
CANONICAL_e77de6c5f21d,TEST,TRAIN,CLUST_0.70_00005,LATE
CANONICAL_e77fa7880c72,TRAIN,TRAIN,CLUST_0.70_00005,EARLY
CANONICAL_e781a5a3504e,TRAIN,TRAIN,CLUST_0.70_00005,LATE
CANONICAL_e78430f77e75,TRAIN,VALIDATION,CLUST_0.70_00040,EARLY
CANONICAL_e788a0283417,TEST,TRAIN,CLUST_0.70_00008,LATE
CANONICAL_e78c6d49196f,TRAIN,TEST,CLUST_0.70_00001,LATE
CANONICAL_e78d6e685a36,TRAIN,TRAIN,CLUST_0.70_00005,LATE
CANONICAL_e78fb67b1ec6,TRAIN,TEST,CLUST_0.70_00030,EARLY
CANONICAL_e7953096e99d,TRAIN,VALIDATION,CLUST_0.70_00006,IMMEDIATE_EARLY
CANONICAL_e796cad12eec,VALIDATION,VALIDATION,CLUST_0.70_00040,EARLY
CANONICAL_e799fcff7a7e,TRAIN,VALIDATION,CLUST_0.70_00031,LATE
CANONICAL_e79b64056193,TRAIN,TRAIN,CLUST_0.70_00005,LATE
CANONICAL_e7a0fdfc86de,VALIDATION,TRAIN,CLUST_0.70_00008,LATE
CANONICAL_e7a3c248610d,TRAIN,TRAIN,CLUST_0.70_00005,EARLY
CANONICAL_e7a435d6e119,TRAIN,TRAIN,CLUST_0.70_00005,EARLY
CANONICAL_e7b18aa02492,TEST,TEST,CLUST_0.70_00018,LATE
CANONICAL_e7b422996636,TRAIN,VALIDATION,CLUST_0.70_00025,LATE
CANONICAL_e7b6103e6d77,TRAIN,TRAIN,CLUST_0.70_00007,LATE
CANONICAL_e7bb41098860,TEST,TRAIN,CLUST_0.70_00005,EARLY
CANONICAL_e7bcb7849400,TRAIN,TRAIN,CLUST_0.70_00008,LATE
CANONICAL_e7c6027d2224,VALIDATION,TRAIN,CLUST_0.70_00008,LATE
CANONICAL_e7c764236529,TRAIN,TEST,CLUST_0.70_00071,LATE
CANONICAL_e7d153d2d63c,TRAIN,TRAIN,CLUST_0.70_00008,LATE
CANONICAL_e7d346b3bce4,TRAIN,TRAIN,CLUST_0.70_00005,EARLY
CANONICAL_e7d51d899e24,TRAIN,TEST,CLUST_0.70_00080,LATE
CANONICAL_e7e08b7bab44,TEST,TRAIN,CLUST_0.70_00007,LATE
CANONICAL_e7ea0db6da4b,TEST,TEST,CLUST_0.70_00052,LATE
CANONICAL_e7ec51ee6711,TEST,VALIDATION,CLUST_0.70_00055,LATE
CANONICAL_e7ec5793a86c,TRAIN,VALIDATION,CLUST_0.70_00026,IMMEDIATE_EARLY
CANONICAL_e7f547d2d5ac,VALIDATION,TRAIN,CLUST_0.70_00241,LATE
CANONICAL_e7f6ec0ab7d8,TRAIN,TEST,CLUST_0.70_00052,LATE
CANONICAL_e7fb465d2184,TRAIN,TEST,CLUST_0.70_00052,LATE
CANONICAL_e80027d52384,TRAIN,TRAIN,CLUST_0.70_00102,LATE
CANONICAL_e80148c7bc5b,TRAIN,TRAIN,CLUST_0.70_00007,LATE
CANONICAL_e802148dad57,TRAIN,TEST,CLUST_0.70_00052,LATE
CANONICAL_e804d7bb8d04,TRAIN,VALIDATION,CLUST_0.70_00006,IMMEDIATE_EARLY
CANONICAL_e80529cd694b,TEST,TEST,CLUST_0.70_00030,EARLY
CANONICAL_e811ebadd8e6,TRAIN,TEST,CLUST_0.70_00051,LATE
CANONICAL_e8129e75f2bf,TEST,TRAIN,CLUST_0.70_00021,EARLY
CANONICAL_e819e08f1304,VALIDATION,TEST,CLUST_0.70_00030,EARLY
CANONICAL_e81a6ca5ab09,TRAIN,TEST,CLUST_0.70_00030,EARLY
CANONICAL_e81c096208ae,TRAIN,TRAIN,CLUST_0.70_00005,EARLY
CANONICAL_e81d9e7327a3,TRAIN,TEST,CLUST_0.70_00001,LATE
CANONICAL_e81ef428b20d,TRAIN,TRAIN,CLUST_0.70_00047,LATE
CANONICAL_e820cf5c88ca,VALIDATION,VALIDATION,CLUST_0.70_00040,EARLY
CANONICAL_e8283c6d3f4d,TRAIN,TRAIN,CLUST_0.70_00005,LATE
CANONICAL_e82a7fa3fdbc,VALIDATION,TEST,CLUST_0.70_00030,EARLY
CANONICAL_e8303020ee66,TEST,TRAIN,CLUST_0.70_00008,LATE
CANONICAL_e834199b774d,TEST,TEST,CLUST_0.70_00018,LATE
CANONICAL_e83bc42d08be,TRAIN,TRAIN,CLUST_0.70_00005,LATE
CANONICAL_e83ed36d74e8,VALIDATION,TEST,CLUST_0.70_00004,IMMEDIATE_EARLY
CANONICAL_e849c394e045,TRAIN,VALIDATION,CLUST_0.70_00006,IMMEDIATE_EARLY
CANONICAL_e84d1dde7a6a,VALIDATION,VALIDATION,CLUST_0.70_00065,LATE
CANONICAL_e84e7dc7e4c5,VALIDATION,TRAIN,CLUST_0.70_00136,LATE
CANONICAL_e853626dd749,TRAIN,TEST,CLUST_0.70_00004,IMMEDIATE_EARLY
CANONICAL_e858505a10c2,TRAIN,VALIDATION,CLUST_0.70_00026,IMMEDIATE_EARLY
CANONICAL_e859b525031e,TRAIN,TRAIN,CLUST_0.70_00098,LATE
CANONICAL_e85d919987d9,TRAIN,TEST,CLUST_0.70_00037,LATE
CANONICAL_e85f0155ffb6,TRAIN,TRAIN,CLUST_0.70_00005,LATE
CANONICAL_e8613ed2f73a,TEST,TEST,CLUST_0.70_00004,IMMEDIATE_EARLY
CANONICAL_e86c13ce6ae4,TRAIN,TRAIN,CLUST_0.70_00005,LATE
CANONICAL_e86f01769994,TRAIN,TRAIN,CLUST_0.70_00005,LATE
CANONICAL_e86f12023925,TEST,TRAIN,CLUST_0.70_00008,LATE
CANONICAL_e8766e6d98d5,TRAIN,VALIDATION,CLUST_0.70_00006,IMMEDIATE_EARLY
CANONICAL_e87b3cd41c4b,TRAIN,VALIDATION,CLUST_0.70_00006,IMMEDIATE_EARLY
CANONICAL_e87f3a317cc5,TRAIN,TRAIN,CLUST_0.70_00005,LATE
CANONICAL_e87f50e62628,TRAIN,TRAIN,CLUST_0.70_00005,EARLY
CANONICAL_e888e3e6a458,TRAIN,TEST,CLUST_0.70_00030,EARLY
CANONICAL_e88aebe4896d,TRAIN,TRAIN,CLUST_0.70_00005,EARLY
CANONICAL_e8907c7fcb61,TEST,TRAIN,CLUST_0.70_00005,EARLY
CANONICAL_e89213f45335,TEST,TRAIN,CLUST_0.70_00110,EARLY
CANONICAL_e8969a326608,TRAIN,TRAIN,CLUST_0.70_00008,LATE
CANONICAL_e89932881339,TRAIN,TRAIN,CLUST_0.70_00007,EARLY
CANONICAL_e89d5b4eb11c,TRAIN,TRAIN,CLUST_0.70_00005,LATE
CANONICAL_e89e56b35b83,TRAIN,TEST,CLUST_0.70_00037,LATE
CANONICAL_e8a8814643bb,TRAIN,TRAIN,CLUST_0.70_00005,EARLY
CANONICAL_e8a8e65731cd,TRAIN,TEST,CLUST_0.70_00052,LATE
CANONICAL_e8b0cd236c29,TEST,VALIDATION,CLUST_0.70_00059,LATE
CANONICAL_e8b10a9cfe60,VALIDATION,VALIDATION,CLUST_0.70_00058,LATE
CANONICAL_e8c798e69662,TRAIN,TEST,CLUST_0.70_00052,LATE
CANONICAL_e8c7ad043aad,VALIDATION,TRAIN,CLUST_0.70_00008,LATE
CANONICAL_e8cec079e003,TRAIN,TRAIN,CLUST_0.70_00005,EARLY
CANONICAL_e8ceeb112f43,TRAIN,VALIDATION,CLUST_0.70_00036,EARLY
CANONICAL_e8d701e382c5,TEST,TRAIN,CLUST_0.70_00008,LATE
CANONICAL_e8dbc200544b,TRAIN,VALIDATION,CLUST_0.70_00038,LATE
CANONICAL_e8dc65c9194f,TRAIN,TRAIN,CLUST_0.70_00005,EARLY
CANONICAL_e8e73a5db015,TRAIN,TRAIN,CLUST_0.70_00008,LATE
CANONICAL_e8ef2213a3f0,TRAIN,TRAIN,CLUST_0.70_00005,EARLY
CANONICAL_e8ef51c657b5,TRAIN,TRAIN,CLUST_0.70_00008,LATE
CANONICAL_e8f5dedb32bf,TRAIN,TEST,CLUST_0.70_00030,EARLY
CANONICAL_e8fd31ac92b6,VALIDATION,VALIDATION,CLUST_0.70_00058,LATE
CANONICAL_e907944a344f,TRAIN,TEST,CLUST_0.70_00071,LATE
CANONICAL_e908f5cd7d3a,TRAIN,TRAIN,CLUST_0.70_00005,EARLY
CANONICAL_e90a700c69ff,TEST,VALIDATION,CLUST_0.70_00039,LATE
CANONICAL_e918c96b1375,TRAIN,TEST,CLUST_0.70_00001,LATE
CANONICAL_e91afb0423bb,TRAIN,TEST,CLUST_0.70_00015,LATE
CANONICAL_e91f36963bec,TRAIN,TEST,CLUST_0.70_00052,LATE
CANONICAL_e924b90cd4c2,TRAIN,TEST,CLUST_0.70_00015,LATE
CANONICAL_e9286a86fd74,TRAIN,TRAIN,CLUST_0.70_00008,LATE
CANONICAL_e928e5f0ca1a,TEST,TRAIN,CLUST_0.70_00008,LATE
CANONICAL_e92ad89aac7a,TRAIN,VALIDATION,CLUST_0.70_00017,LATE
CANONICAL_e92da48523e1,TRAIN,TRAIN,CLUST_0.70_00005,EARLY
CANONICAL_e93074834734,VALIDATION,TRAIN,CLUST_0.70_00007,EARLY
CANONICAL_e9312259a333,TRAIN,VALIDATION,CLUST_0.70_00025,LATE
CANONICAL_e93478cbc68b,TRAIN,TRAIN,CLUST_0.70_00005,EARLY
CANONICAL_e9348e90b75a,TRAIN,TRAIN,CLUST_0.70_00005,LATE
CANONICAL_e938177c44c0,TEST,TRAIN,CLUST_0.70_00056,LATE
CANONICAL_e93a00ec8cf7,TRAIN,TRAIN,CLUST_0.70_00005,EARLY
CANONICAL_e93c38426908,TEST,VALIDATION,CLUST_0.70_00127,LATE
CANONICAL_e93cc2be44c2,TRAIN,TRAIN,CLUST_0.70_00005,EARLY
CANONICAL_e93e8374535e,TRAIN,TRAIN,CLUST_0.70_00241,LATE
CANONICAL_e93ec33d8f1e,TRAIN,TRAIN,CLUST_0.70_00005,LATE
CANONICAL_e9446fb6c8a3,TRAIN,TRAIN,CLUST_0.70_00102,LATE
CANONICAL_e94542bdd8b5,TRAIN,TRAIN,CLUST_0.70_00008,LATE
CANONICAL_e949503858b5,TRAIN,TRAIN,CLUST_0.70_00024,LATE
CANONICAL_e94e808c06a8,TRAIN,TEST,CLUST_0.70_00001,LATE
CANONICAL_e94f93d99391,TRAIN,VALIDATION,CLUST_0.70_00006,IMMEDIATE_EARLY
CANONICAL_e95a70e30b79,TEST,TRAIN,CLUST_0.70_00008,LATE
CANONICAL_e960afd478f1,TRAIN,TRAIN,CLUST_0.70_00005,EARLY
CANONICAL_e96874c6974a,TRAIN,TRAIN,CLUST_0.70_00002,LATE
CANONICAL_e96920d7a451,TEST,TRAIN,CLUST_0.70_00005,LATE
CANONICAL_e96ad68c86d2,TRAIN,TRAIN,CLUST_0.70_00005,EARLY
CANONICAL_e970583afc7b,TEST,TRAIN,CLUST_0.70_00371,LATE
CANONICAL_e9712be74600,TRAIN,TRAIN,CLUST_0.70_00005,EARLY
CANONICAL_e97281fca46c,TRAIN,TRAIN,CLUST_0.70_00007,LATE
CANONICAL_e97dfe4a8d30,TRAIN,VALIDATION,CLUST_0.70_00041,EARLY
CANONICAL_e98208b2e6be,TRAIN,VALIDATION,CLUST_0.70_00017,LATE
CANONICAL_e986d252973b,TRAIN,TRAIN,CLUST_0.70_00047,LATE
CANONICAL_e989aed735d3,TRAIN,TRAIN,CLUST_0.70_00007,LATE
CANONICAL_e98a8063fb19,TRAIN,TEST,CLUST_0.70_00080,LATE
CANONICAL_e98e6d983a89,VALIDATION,VALIDATION,CLUST_0.70_00025,LATE
CANONICAL_e99b40d64a55,VALIDATION,TRAIN,CLUST_0.70_00008,LATE
CANONICAL_e99dcbad2153,TRAIN,TRAIN,CLUST_0.70_00005,LATE
CANONICAL_e99e862bc642,TRAIN,TRAIN,CLUST_0.70_00005,EARLY
CANONICAL_e99f50a64dd5,TRAIN,TRAIN,CLUST_0.70_00008,LATE
CANONICAL_e9a85a60a9ee,TRAIN,VALIDATION,CLUST_0.70_00041,EARLY
CANONICAL_e9b33124aef8,VALIDATION,TEST,CLUST_0.70_00052,LATE
CANONICAL_e9bd1e2e4cc1,VALIDATION,TRAIN,CLUST_0.70_00008,LATE
CANONICAL_e9bdba6397b9,VALIDATION,TEST,CLUST_0.70_00004,IMMEDIATE_EARLY
CANONICAL_e9be390cfc6f,TRAIN,TRAIN,CLUST_0.70_00069,IMMEDIATE_EARLY
CANONICAL_e9c1abb4c658,TRAIN,TRAIN,CLUST_0.70_00005,EARLY
CANONICAL_e9c36471746f,TRAIN,TRAIN,CLUST_0.70_00005,LATE
CANONICAL_e9c8fb36d977,TEST,TEST,CLUST_0.70_00004,IMMEDIATE_EARLY
CANONICAL_e9cb36d2892d,TRAIN,VALIDATION,CLUST_0.70_00017,LATE
CANONICAL_e9cbcb437baa,TRAIN,TRAIN,CLUST_0.70_00222,LATE
CANONICAL_e9cea76317a5,TRAIN,VALIDATION,CLUST_0.70_00039,LATE
CANONICAL_e9cf96f6c8fe,TRAIN,TRAIN,CLUST_0.70_00115,LATE
CANONICAL_e9d42c5f1f3f,TRAIN,TRAIN,CLUST_0.70_00005,EARLY
CANONICAL_e9d50bc37364,TRAIN,VALIDATION,CLUST_0.70_00040,EARLY
CANONICAL_e9e5f321e7c1,TRAIN,VALIDATION,CLUST_0.70_00017,LATE
CANONICAL_e9e7a4f67af1,TEST,TRAIN,CLUST_0.70_00005,EARLY
CANONICAL_e9eb1a9a9ab9,TRAIN,TRAIN,CLUST_0.70_00005,LATE
CANONICAL_e9f03558f2e3,TEST,TRAIN,CLUST_0.70_00005,EARLY
CANONICAL_e9f0adb4071e,TEST,TEST,CLUST_0.70_00030,EARLY
CANONICAL_e9f27aa3800e,VALIDATION,TRAIN,CLUST_0.70_00389,LATE
CANONICAL_e9f6f7467eea,TRAIN,TRAIN,CLUST_0.70_00007,LATE
CANONICAL_e9f91663ae99,TRAIN,TRAIN,CLUST_0.70_00005,LATE
CANONICAL_e9fa876b93c1,TRAIN,TEST,CLUST_0.70_00030,EARLY
CANONICAL_e9fbc1ea3cd1,TRAIN,TRAIN,CLUST_0.70_00005,EARLY
CANONICAL_e9ff6c8e7e00,VALIDATION,TEST,CLUST_0.70_00004,IMMEDIATE_EARLY
CANONICAL_e9ffea0d83c3,TRAIN,TRAIN,CLUST_0.70_00005,EARLY
CANONICAL_ea027065a6d8,TRAIN,TRAIN,CLUST_0.70_00005,LATE
CANONICAL_ea03e75752d3,VALIDATION,TRAIN,CLUST_0.70_00134,LATE
CANONICAL_ea0823d076e1,TRAIN,TEST,CLUST_0.70_00051,LATE
CANONICAL_ea0dbcd5e1ff,TRAIN,TRAIN,CLUST_0.70_00005,EARLY
CANONICAL_ea230a7938b8,TEST,TRAIN,CLUST_0.70_00005,EARLY
CANONICAL_ea231dcf272b,TRAIN,VALIDATION,CLUST_0.70_00106,LATE
CANONICAL_ea243bd96b24,TRAIN,TRAIN,CLUST_0.70_00008,LATE
CANONICAL_ea2b5f542316,VALIDATION,VALIDATION,CLUST_0.70_00029,LATE
CANONICAL_ea2ba80d76be,TRAIN,TRAIN,CLUST_0.70_00005,EARLY
CANONICAL_ea306f626c70,TRAIN,TRAIN,CLUST_0.70_00005,EARLY
CANONICAL_ea3277cee9fd,TRAIN,TRAIN,CLUST_0.70_00226,LATE
CANONICAL_ea3319bf98ec,TEST,TRAIN,CLUST_0.70_00005,LATE
CANONICAL_ea36770bc1f6,TRAIN,TRAIN,CLUST_0.70_00207,EARLY
CANONICAL_ea3812a09602,TRAIN,VALIDATION,CLUST_0.70_00025,LATE
CANONICAL_ea46630c9e9e,TRAIN,TEST,CLUST_0.70_00018,LATE
CANONICAL_ea4ac9a06493,TRAIN,VALIDATION,CLUST_0.70_00010,EARLY
CANONICAL_ea4c43a9507b,TRAIN,TRAIN,CLUST_0.70_00005,LATE
CANONICAL_ea53e43ce533,TRAIN,TRAIN,CLUST_0.70_00201,LATE
CANONICAL_ea5e94eaf3fc,TRAIN,TEST,CLUST_0.70_00071,LATE
CANONICAL_ea605c3dc6c7,TRAIN,TRAIN,CLUST_0.70_00008,LATE
CANONICAL_ea6342dfae96,TRAIN,TRAIN,CLUST_0.70_00005,LATE
CANONICAL_ea644ec0f0c7,TRAIN,TRAIN,CLUST_0.70_00005,EARLY
CANONICAL_ea649a2fe76b,TRAIN,TRAIN,CLUST_0.70_00005,LATE
CANONICAL_ea7363f05a39,TRAIN,VALIDATION,CLUST_0.70_00059,LATE
CANONICAL_ea774612eb69,TRAIN,TEST,CLUST_0.70_00018,LATE
CANONICAL_ea78c1238a8b,VALIDATION,TRAIN,CLUST_0.70_00005,LATE
CANONICAL_ea7a0c3306f4,VALIDATION,TRAIN,CLUST_0.70_00005,EARLY
CANONICAL_ea7b4c047000,VALIDATION,TRAIN,CLUST_0.70_00008,LATE
CANONICAL_ea7d2c63707a,VALIDATION,TEST,CLUST_0.70_00018,LATE
CANONICAL_ea7d74b7c461,TEST,TRAIN,CLUST_0.70_00005,EARLY
CANONICAL_ea83a2fb1d83,TRAIN,TRAIN,CLUST_0.70_00062,LATE
CANONICAL_ea84ecc1de50,TRAIN,VALIDATION,CLUST_0.70_00010,LATE
CANONICAL_ea873f12316f,TRAIN,TRAIN,CLUST_0.70_00005,EARLY
CANONICAL_ea875bbb4d69,VALIDATION,VALIDATION,CLUST_0.70_00058,LATE
CANONICAL_ea891ead03f0,VALIDATION,TRAIN,CLUST_0.70_00005,EARLY
CANONICAL_ea8adc0a9961,VALIDATION,TEST,CLUST_0.70_00030,EARLY
CANONICAL_ea8aec7ab118,TRAIN,TEST,CLUST_0.70_00051,LATE
CANONICAL_ea8f216161e4,TRAIN,VALIDATION,CLUST_0.70_00006,IMMEDIATE_EARLY
CANONICAL_ea8f8663a21c,TRAIN,TEST,CLUST_0.70_00071,LATE
CANONICAL_ea8feb8bec97,TEST,VALIDATION,CLUST_0.70_00026,IMMEDIATE_EARLY
CANONICAL_ea984751fb77,TRAIN,TRAIN,CLUST_0.70_00164,LATE
CANONICAL_ea9b3d7becb9,TEST,TRAIN,CLUST_0.70_00008,LATE
CANONICAL_ea9b529eb26c,TRAIN,TRAIN,CLUST_0.70_00005,EARLY
CANONICAL_eaab5ce495bb,TRAIN,TRAIN,CLUST_0.70_00005,EARLY
CANONICAL_eab824a7b26b,TRAIN,VALIDATION,CLUST_0.70_00059,LATE
CANONICAL_eab82acf9f93,TRAIN,VALIDATION,CLUST_0.70_00106,LATE
CANONICAL_eac936f89a28,TRAIN,TRAIN,CLUST_0.70_00005,EARLY
CANONICAL_eaca01776316,TRAIN,TRAIN,CLUST_0.70_00008,LATE
CANONICAL_ead1c6fce3df,TRAIN,TRAIN,CLUST_0.70_00008,LATE
CANONICAL_ead3a2af01f0,TRAIN,TEST,CLUST_0.70_00015,LATE
CANONICAL_ead4b9ff76b9,TRAIN,VALIDATION,CLUST_0.70_00010,EARLY
CANONICAL_ead674e41825,VALIDATION,TRAIN,CLUST_0.70_00024,LATE
CANONICAL_ead8011c070b,TRAIN,TEST,CLUST_0.70_00030,EARLY
CANONICAL_eada08983810,TRAIN,TEST,CLUST_0.70_00052,LATE
CANONICAL_eae02f965991,TRAIN,TRAIN,CLUST_0.70_00008,LATE
CANONICAL_eae1c050fbdc,TRAIN,TRAIN,CLUST_0.70_00062,LATE
CANONICAL_eae432c1031a,TRAIN,TRAIN,CLUST_0.70_00008,LATE
CANONICAL_eae58686c14a,VALIDATION,VALIDATION,CLUST_0.70_00059,LATE
CANONICAL_eae7ad676bee,TRAIN,TRAIN,CLUST_0.70_00005,EARLY
CANONICAL_eae823fcd651,TRAIN,TRAIN,CLUST_0.70_00005,LATE
CANONICAL_eaed018fa9e4,TRAIN,VALIDATION,CLUST_0.70_00025,LATE
CANONICAL_eaef2bef512e,TRAIN,TRAIN,CLUST_0.70_00185,LATE
CANONICAL_eaf38bf8138b,TRAIN,VALIDATION,CLUST_0.70_00055,LATE
CANONICAL_eaf454148c9a,TEST,TRAIN,CLUST_0.70_00005,EARLY
CANONICAL_eafc04bbc6d8,VALIDATION,TRAIN,CLUST_0.70_00008,LATE
CANONICAL_eb01de6a36b3,VALIDATION,TRAIN,CLUST_0.70_00008,EARLY
CANONICAL_eb028dd245d8,TRAIN,TEST,CLUST_0.70_00004,IMMEDIATE_EARLY
CANONICAL_eb046cc2e32e,TRAIN,TRAIN,CLUST_0.70_00005,EARLY
CANONICAL_eb04cdfe734d,TRAIN,TRAIN,CLUST_0.70_00056,LATE
CANONICAL_eb0fd58000b7,VALIDATION,TRAIN,CLUST_0.70_00005,EARLY
CANONICAL_eb12232a13d1,TEST,TRAIN,CLUST_0.70_00005,LATE
CANONICAL_eb12f03208ae,TEST,TEST,CLUST_0.70_00037,LATE
CANONICAL_eb17b07a394d,TRAIN,TRAIN,CLUST_0.70_00005,EARLY
CANONICAL_eb191c8b0aef,VALIDATION,TRAIN,CLUST_0.70_00008,LATE
CANONICAL_eb1c8cfc68e7,TRAIN,VALIDATION,CLUST_0.70_00017,LATE
CANONICAL_eb29f12b7387,TRAIN,TRAIN,CLUST_0.70_00005,EARLY
CANONICAL_eb2ec7ba8dcc,TRAIN,TEST,CLUST_0.70_00030,EARLY
CANONICAL_eb2f829c4c63,TEST,VALIDATION,CLUST_0.70_00064,LATE
CANONICAL_eb3430654b74,TEST,TEST,CLUST_0.70_00018,LATE
CANONICAL_eb3484c76903,TRAIN,TRAIN,CLUST_0.70_00005,EARLY
CANONICAL_eb38052580c9,TRAIN,VALIDATION,CLUST_0.70_00041,EARLY
CANONICAL_eb3a300387dd,TEST,TRAIN,CLUST_0.70_00213,LATE
CANONICAL_eb3b7f292657,TRAIN,TEST,CLUST_0.70_00071,LATE
CANONICAL_eb42fbdf5b25,TRAIN,TEST,CLUST_0.70_00001,LATE
CANONICAL_eb45c4f97bd6,TEST,VALIDATION,CLUST_0.70_00006,IMMEDIATE_EARLY
CANONICAL_eb4cf323a28c,TRAIN,TRAIN,CLUST_0.70_00005,LATE
CANONICAL_eb4d2da3a1d4,VALIDATION,TEST,CLUST_0.70_00051,LATE
CANONICAL_eb4dd4f72ca8,TEST,TEST,CLUST_0.70_00004,IMMEDIATE_EARLY
CANONICAL_eb5a8efe497d,TRAIN,TEST,CLUST_0.70_00030,EARLY
CANONICAL_eb6b4f7e11f8,TRAIN,VALIDATION,CLUST_0.70_00026,IMMEDIATE_EARLY
CANONICAL_eb6bcc253227,TRAIN,VALIDATION,CLUST_0.70_00006,IMMEDIATE_EARLY
CANONICAL_eb6c9377e9e4,TRAIN,TEST,CLUST_0.70_00004,IMMEDIATE_EARLY
CANONICAL_eb6eb0cabc00,TRAIN,TRAIN,CLUST_0.70_00005,EARLY
CANONICAL_eb70ab15fcdf,TRAIN,TEST,CLUST_0.70_00018,LATE
CANONICAL_eb723195c202,TRAIN,TRAIN,CLUST_0.70_00008,LATE
CANONICAL_eb728dc27b27,VALIDATION,VALIDATION,CLUST_0.70_00086,LATE
CANONICAL_eb7302c3a03f,TRAIN,VALIDATION,CLUST_0.70_00038,LATE
CANONICAL_eb73285a8fea,TRAIN,VALIDATION,CLUST_0.70_00036,EARLY
CANONICAL_eb7744aa060a,TRAIN,TRAIN,CLUST_0.70_00008,LATE
CANONICAL_eb7962d481e0,TRAIN,TRAIN,CLUST_0.70_00008,LATE
CANONICAL_eb7b2007749c,TEST,TRAIN,CLUST_0.70_00005,LATE
CANONICAL_eb7b6b72c43a,TRAIN,VALIDATION,CLUST_0.70_00064,LATE
CANONICAL_eb8ec407313d,TRAIN,VALIDATION,CLUST_0.70_00017,LATE
CANONICAL_eb9c1d1456d1,TEST,TEST,CLUST_0.70_00001,LATE
CANONICAL_ebad93a4c14d,TRAIN,TEST,CLUST_0.70_00009,LATE
CANONICAL_ebae341a71cd,TRAIN,VALIDATION,CLUST_0.70_00055,LATE
CANONICAL_ebb257080088,TEST,VALIDATION,CLUST_0.70_00017,LATE
CANONICAL_ebb6b948a585,TEST,TRAIN,CLUST_0.70_00005,LATE
CANONICAL_ebb757ab6ff8,TRAIN,TRAIN,CLUST_0.70_00005,LATE
CANONICAL_ebb78d7c8760,TRAIN,VALIDATION,CLUST_0.70_00086,LATE
CANONICAL_ebcc4e94ba56,TRAIN,VALIDATION,CLUST_0.70_00041,EARLY
CANONICAL_ebce520494d2,TRAIN,TRAIN,CLUST_0.70_00005,EARLY
CANONICAL_ebcfcc532be3,TEST,TRAIN,CLUST_0.70_00008,LATE
CANONICAL_ebd05517e36b,TEST,TEST,CLUST_0.70_00052,LATE
CANONICAL_ebd06bf76a0a,TEST,TRAIN,CLUST_0.70_00047,LATE
CANONICAL_ebd29aad903a,TRAIN,TRAIN,CLUST_0.70_00005,LATE
CANONICAL_ebdd31a275af,TRAIN,TRAIN,CLUST_0.70_00007,EARLY
CANONICAL_ebe0f8235015,TRAIN,TRAIN,CLUST_0.70_00005,LATE
CANONICAL_ebea726447c8,TEST,TEST,CLUST_0.70_00071,LATE
CANONICAL_ebecb14533a1,TRAIN,TEST,CLUST_0.70_00071,LATE
CANONICAL_ebf0840a5cdf,VALIDATION,TRAIN,CLUST_0.70_00005,EARLY
CANONICAL_ebf12471c644,VALIDATION,TRAIN,CLUST_0.70_00005,LATE
CANONICAL_ebf20158b522,TRAIN,VALIDATION,CLUST_0.70_00041,EARLY
CANONICAL_ebf79cea3118,TRAIN,TRAIN,CLUST_0.70_00007,LATE
CANONICAL_ebf96b556607,TRAIN,TRAIN,CLUST_0.70_00005,EARLY
CANONICAL_ebfcef192b0c,TRAIN,TRAIN,CLUST_0.70_00005,LATE
CANONICAL_ec015957a5be,TRAIN,TRAIN,CLUST_0.70_00007,LATE
CANONICAL_ec034cbe5193,TEST,TRAIN,CLUST_0.70_00005,LATE
CANONICAL_ec0482843d18,TRAIN,TRAIN,CLUST_0.70_00008,LATE
CANONICAL_ec0515bed7d1,VALIDATION,VALIDATION,CLUST_0.70_00058,LATE
CANONICAL_ec06562f450c,TRAIN,TEST,CLUST_0.70_00052,LATE
CANONICAL_ec094c05c05b,TRAIN,TRAIN,CLUST_0.70_00007,LATE
CANONICAL_ec1130b6031f,VALIDATION,TEST,CLUST_0.70_00052,LATE
CANONICAL_ec18478ead33,VALIDATION,TEST,CLUST_0.70_00052,LATE
CANONICAL_ec1a4fa13c23,TEST,TRAIN,CLUST_0.70_00005,LATE
CANONICAL_ec30d240b329,TRAIN,TRAIN,CLUST_0.70_00005,EARLY
CANONICAL_ec328d2dad60,TEST,TEST,CLUST_0.70_00030,EARLY
CANONICAL_ec3b6b53da03,TRAIN,TRAIN,CLUST_0.70_00007,LATE
CANONICAL_ec412100b9e5,TEST,TRAIN,CLUST_0.70_00056,LATE
CANONICAL_ec43c0de36b6,TRAIN,VALIDATION,CLUST_0.70_00025,LATE
CANONICAL_ec47c6f55fda,TRAIN,VALIDATION,CLUST_0.70_00026,IMMEDIATE_EARLY
CANONICAL_ec492e49ed96,TRAIN,TRAIN,CLUST_0.70_00008,LATE
CANONICAL_ec4c6486b0bb,TRAIN,TEST,CLUST_0.70_00001,LATE
CANONICAL_ec4c816087c7,TRAIN,TRAIN,CLUST_0.70_00007,LATE
CANONICAL_ec4e4c786cb5,TEST,TRAIN,CLUST_0.70_00005,EARLY
CANONICAL_ec4f3c610643,VALIDATION,TRAIN,CLUST_0.70_00109,LATE
CANONICAL_ec4fdde1770c,TEST,VALIDATION,CLUST_0.70_00059,LATE
CANONICAL_ec50fa8d5a32,TRAIN,TRAIN,CLUST_0.70_00008,LATE
CANONICAL_ec5556f5acf0,TRAIN,TRAIN,CLUST_0.70_00008,LATE
CANONICAL_ec5730a3c79a,TRAIN,VALIDATION,CLUST_0.70_00026,IMMEDIATE_EARLY
CANONICAL_ec5ada9c6e5f,TRAIN,TRAIN,CLUST_0.70_00341,LATE
CANONICAL_ec5ba326e64f,TRAIN,TRAIN,CLUST_0.70_00005,EARLY
CANONICAL_ec63ca95680f,TRAIN,TRAIN,CLUST_0.70_00227,LATE
CANONICAL_ec670618afdb,TEST,TRAIN,CLUST_0.70_00005,LATE
CANONICAL_ec690e7894da,TRAIN,TEST,CLUST_0.70_00030,EARLY
CANONICAL_ec6b0bcd60d7,VALIDATION,TRAIN,CLUST_0.70_00007,LATE
CANONICAL_ec6c87b55b6f,TRAIN,TEST,CLUST_0.70_00020,LATE
CANONICAL_ec7047d817cc,TRAIN,TRAIN,CLUST_0.70_00109,LATE
CANONICAL_ec74ca87d534,TRAIN,TEST,CLUST_0.70_00001,LATE
CANONICAL_ec75368cf494,TEST,TRAIN,CLUST_0.70_00005,EARLY
CANONICAL_ec758c8b1291,TEST,TRAIN,CLUST_0.70_00007,LATE
CANONICAL_ec767d4eb2fd,TRAIN,VALIDATION,CLUST_0.70_00079,LATE
CANONICAL_ec76c2e7a6a7,TRAIN,TRAIN,CLUST_0.70_00102,LATE
CANONICAL_ec819455d36f,TRAIN,TRAIN,CLUST_0.70_00091,LATE
CANONICAL_ec874d777b66,TRAIN,VALIDATION,CLUST_0.70_00079,LATE
CANONICAL_ec8c5c146cdb,TRAIN,TRAIN,CLUST_0.70_00005,EARLY
CANONICAL_ec8e13b939f7,TRAIN,TRAIN,CLUST_0.70_00007,LATE
CANONICAL_ec8ee50098c3,TRAIN,VALIDATION,CLUST_0.70_00055,LATE
CANONICAL_ec9b235e1e7f,TRAIN,TRAIN,CLUST_0.70_00005,LATE
CANONICAL_ec9ccf6e5913,TRAIN,VALIDATION,CLUST_0.70_00010,EARLY
CANONICAL_ec9f4e9c028d,TRAIN,VALIDATION,CLUST_0.70_00029,LATE
CANONICAL_eca88b92603b,TRAIN,TEST,CLUST_0.70_00052,LATE
CANONICAL_ecab49349306,VALIDATION,TRAIN,CLUST_0.70_00222,LATE
CANONICAL_ecad1f73817f,TRAIN,TRAIN,CLUST_0.70_00008,LATE
CANONICAL_ecb4114663b9,TRAIN,TRAIN,CLUST_0.70_00008,LATE
CANONICAL_ecb549618232,TEST,TRAIN,CLUST_0.70_00005,EARLY
CANONICAL_ecb62d5773f0,TRAIN,TRAIN,CLUST_0.70_00005,LATE
CANONICAL_ecb8fbaf374c,TRAIN,TEST,CLUST_0.70_00001,LATE
CANONICAL_ecba3f5fc7e9,TRAIN,TEST,CLUST_0.70_00018,LATE
CANONICAL_ecc6e3231b14,TRAIN,TRAIN,CLUST_0.70_00005,EARLY
CANONICAL_eccad2e44f0a,TEST,TRAIN,CLUST_0.70_00008,LATE
CANONICAL_eccda2d93e61,TEST,TRAIN,CLUST_0.70_00008,LATE
CANONICAL_ecd3fde7e2ea,TRAIN,TRAIN,CLUST_0.70_00005,LATE
CANONICAL_ecd437eeb8b1,TRAIN,VALIDATION,CLUST_0.70_00127,LATE
CANONICAL_ecdf3f48b913,TRAIN,TRAIN,CLUST_0.70_00008,LATE
CANONICAL_ecec9b99739b,TRAIN,TRAIN,CLUST_0.70_00007,LATE
CANONICAL_ecf0bc80d2c5,TRAIN,TEST,CLUST_0.70_00001,LATE
CANONICAL_ecf43cc18840,TRAIN,VALIDATION,CLUST_0.70_00026,IMMEDIATE_EARLY
CANONICAL_ecf502241e3e,TRAIN,TRAIN,CLUST_0.70_00155,LATE
CANONICAL_ecfca362c9f5,TRAIN,TRAIN,CLUST_0.70_00007,LATE
CANONICAL_ed045ebf6dbf,TRAIN,TEST,CLUST_0.70_00004,IMMEDIATE_EARLY
CANONICAL_ed058ba316c8,TEST,VALIDATION,CLUST_0.70_00086,LATE
CANONICAL_ed090fc3af0b,TRAIN,TRAIN,CLUST_0.70_00047,LATE
CANONICAL_ed0a27dd6fda,TRAIN,TRAIN,CLUST_0.70_00008,LATE
CANONICAL_ed0ad76b2868,TRAIN,TEST,CLUST_0.70_00030,EARLY
CANONICAL_ed0d31b6c7ea,TRAIN,TRAIN,CLUST_0.70_00005,EARLY
CANONICAL_ed0ed8239b81,TRAIN,TEST,CLUST_0.70_00004,IMMEDIATE_EARLY
CANONICAL_ed1093e8f81b,TRAIN,VALIDATION,CLUST_0.70_00079,LATE
CANONICAL_ed12adf504b5,TRAIN,VALIDATION,CLUST_0.70_00086,LATE
CANONICAL_ed12ebfe700a,TRAIN,TRAIN,CLUST_0.70_00047,LATE
CANONICAL_ed1565d6c7f5,TRAIN,TEST,CLUST_0.70_00018,EARLY
CANONICAL_ed200bbb2c3d,TRAIN,VALIDATION,CLUST_0.70_00039,LATE
CANONICAL_ed29e2af17ee,TEST,VALIDATION,CLUST_0.70_00190,LATE
CANONICAL_ed2a2c261a67,TRAIN,TEST,CLUST_0.70_00004,IMMEDIATE_EARLY
CANONICAL_ed32fa94f758,TRAIN,TRAIN,CLUST_0.70_00005,EARLY
CANONICAL_ed33be6662c7,TRAIN,VALIDATION,CLUST_0.70_00055,LATE
CANONICAL_ed36bc7012b8,TRAIN,TRAIN,CLUST_0.70_00035,EARLY
CANONICAL_ed3725f763e1,TRAIN,TRAIN,CLUST_0.70_00069,IMMEDIATE_EARLY
CANONICAL_ed37948b6683,VALIDATION,TEST,CLUST_0.70_00004,IMMEDIATE_EARLY
CANONICAL_ed3a79eeb32d,TRAIN,TEST,CLUST_0.70_00004,IMMEDIATE_EARLY
CANONICAL_ed3c17d9f615,TEST,TRAIN,CLUST_0.70_00007,EARLY
CANONICAL_ed3f51dad975,VALIDATION,TEST,CLUST_0.70_00030,EARLY
CANONICAL_ed41d5bd119b,TRAIN,VALIDATION,CLUST_0.70_00029,LATE
CANONICAL_ed4b69ae7064,TRAIN,TRAIN,CLUST_0.70_00008,LATE
CANONICAL_ed4f0f578e7a,VALIDATION,TRAIN,CLUST_0.70_00005,EARLY
CANONICAL_ed51b4357776,TRAIN,TEST,CLUST_0.70_00001,LATE
CANONICAL_ed55119fa0e8,TRAIN,TEST,CLUST_0.70_00004,IMMEDIATE_EARLY
CANONICAL_ed5bf2500039,TRAIN,VALIDATION,CLUST_0.70_00065,LATE
CANONICAL_ed5ca48e4e6c,TRAIN,TRAIN,CLUST_0.70_00008,LATE
CANONICAL_ed605da96037,TRAIN,TRAIN,CLUST_0.70_00005,EARLY
CANONICAL_ed62052f8934,TRAIN,VALIDATION,CLUST_0.70_00006,IMMEDIATE_EARLY
CANONICAL_ed63dd806a12,TRAIN,VALIDATION,CLUST_0.70_00036,EARLY
CANONICAL_ed644ddc0e2b,TEST,TRAIN,CLUST_0.70_00109,LATE
CANONICAL_ed652ad4b452,TRAIN,TRAIN,CLUST_0.70_00099,EARLY
CANONICAL_ed6eb9e3c398,VALIDATION,TRAIN,CLUST_0.70_00005,LATE
CANONICAL_ed6efb55eadc,TEST,TRAIN,CLUST_0.70_00008,LATE
CANONICAL_ed6f8649bf88,TRAIN,TRAIN,CLUST_0.70_00005,EARLY
CANONICAL_ed700ef33b76,TRAIN,TRAIN,CLUST_0.70_00008,LATE
CANONICAL_ed724005ee6c,VALIDATION,TRAIN,CLUST_0.70_00005,LATE
CANONICAL_ed729bdf2179,TEST,TRAIN,CLUST_0.70_00005,EARLY
CANONICAL_ed75478ab3f5,TRAIN,TEST,CLUST_0.70_00071,LATE
CANONICAL_ed7810d527a5,TRAIN,TEST,CLUST_0.70_00001,LATE
CANONICAL_ed7be34b8990,TRAIN,TRAIN,CLUST_0.70_00325,LATE
CANONICAL_ed7c3042e792,TRAIN,TRAIN,CLUST_0.70_00008,LATE
CANONICAL_ed7e17e2f33a,TEST,VALIDATION,CLUST_0.70_00028,EARLY
CANONICAL_ed7f732413a8,TRAIN,TEST,CLUST_0.70_00071,LATE
CANONICAL_ed876d409863,TRAIN,TRAIN,CLUST_0.70_00047,LATE
CANONICAL_ed8ae86f1447,TRAIN,TRAIN,CLUST_0.70_00005,EARLY
CANONICAL_ed8b07d3a9a7,TRAIN,TRAIN,CLUST_0.70_00002,LATE
CANONICAL_ed8df735e73f,TRAIN,TRAIN,CLUST_0.70_00005,EARLY
CANONICAL_ed8f7151af93,TRAIN,TRAIN,CLUST_0.70_00008,LATE
CANONICAL_ed921d3a1bca,TRAIN,TRAIN,CLUST_0.70_00005,LATE
CANONICAL_ed9a0ae1ddbc,TRAIN,TRAIN,CLUST_0.70_00033,IMMEDIATE_EARLY
CANONICAL_ed9f777a26c7,TEST,TRAIN,CLUST_0.70_00005,EARLY
CANONICAL_eda46c6da79c,TRAIN,TRAIN,CLUST_0.70_00005,EARLY
CANONICAL_eda617d62621,TRAIN,TEST,CLUST_0.70_00052,LATE
CANONICAL_edae5ac17a3e,VALIDATION,TEST,CLUST_0.70_00018,EARLY
CANONICAL_edaf90107408,VALIDATION,TRAIN,CLUST_0.70_00005,EARLY
CANONICAL_edb2f7982023,TRAIN,TRAIN,CLUST_0.70_00376,EARLY
CANONICAL_edb635e90874,TRAIN,TRAIN,CLUST_0.70_00005,LATE
CANONICAL_edc7a8c9298f,TRAIN,TRAIN,CLUST_0.70_00217,LATE
CANONICAL_edcb670bdc29,TEST,TRAIN,CLUST_0.70_00005,EARLY
CANONICAL_edcf0000978c,TRAIN,VALIDATION,CLUST_0.70_00026,IMMEDIATE_EARLY
CANONICAL_edd074bc8496,TRAIN,TEST,CLUST_0.70_00004,IMMEDIATE_EARLY
CANONICAL_edd1a9a6deab,TRAIN,VALIDATION,CLUST_0.70_00086,LATE
CANONICAL_edd6deadd9c3,VALIDATION,TRAIN,CLUST_0.70_00005,LATE
CANONICAL_edd8737dbe76,VALIDATION,TRAIN,CLUST_0.70_00008,LATE
CANONICAL_edd943bb3730,TRAIN,TRAIN,CLUST_0.70_00008,LATE
CANONICAL_eddcb279a8a8,TEST,TEST,CLUST_0.70_00020,LATE
CANONICAL_eddf14ea6f88,TEST,VALIDATION,CLUST_0.70_00041,EARLY
CANONICAL_ede8448c3b1b,TRAIN,TRAIN,CLUST_0.70_00005,EARLY
CANONICAL_edeccac527ec,TRAIN,TRAIN,CLUST_0.70_00008,LATE
CANONICAL_edf51bbee9e7,TRAIN,TRAIN,CLUST_0.70_00295,LATE
CANONICAL_edf5c790c52b,TRAIN,TEST,CLUST_0.70_00004,IMMEDIATE_EARLY
CANONICAL_edf87cf0a8a9,TRAIN,TRAIN,CLUST_0.70_00005,LATE
CANONICAL_edf8d3558176,TRAIN,TRAIN,CLUST_0.70_00007,LATE
CANONICAL_edfc96f7d60b,TEST,TEST,CLUST_0.70_00001,LATE
CANONICAL_edfdabd77b4e,TEST,VALIDATION,CLUST_0.70_00029,LATE
CANONICAL_ee03d32cf3cb,TEST,TRAIN,CLUST_0.70_00008,LATE
CANONICAL_ee0420a4ed8d,TRAIN,VALIDATION,CLUST_0.70_00106,LATE
CANONICAL_ee067c3659b6,VALIDATION,TEST,CLUST_0.70_00030,EARLY
CANONICAL_ee07aa3df8db,TRAIN,TEST,CLUST_0.70_00080,LATE
CANONICAL_ee08c59b79e6,TRAIN,TRAIN,CLUST_0.70_00005,LATE
CANONICAL_ee0d37ee2670,VALIDATION,TRAIN,CLUST_0.70_00007,IMMEDIATE_EARLY
CANONICAL_ee0d5b4382a6,TRAIN,TRAIN,CLUST_0.70_00302,LATE
CANONICAL_ee10f27edd74,TRAIN,VALIDATION,CLUST_0.70_00038,LATE
CANONICAL_ee1185963ada,TRAIN,TRAIN,CLUST_0.70_00007,LATE
CANONICAL_ee1192d7681b,TRAIN,TEST,CLUST_0.70_00020,LATE
CANONICAL_ee137de7f3cb,TRAIN,TRAIN,CLUST_0.70_00005,EARLY
CANONICAL_ee14a25de3cf,VALIDATION,VALIDATION,CLUST_0.70_00017,LATE
CANONICAL_ee14e120fe98,TRAIN,TEST,CLUST_0.70_00030,EARLY
CANONICAL_ee16708ed13d,TRAIN,TRAIN,CLUST_0.70_00005,EARLY
CANONICAL_ee16daedcd89,VALIDATION,TEST,CLUST_0.70_00018,LATE
CANONICAL_ee17fde8be91,TRAIN,TRAIN,CLUST_0.70_00008,EARLY
CANONICAL_ee1894569d64,VALIDATION,TEST,CLUST_0.70_00018,LATE
CANONICAL_ee1bb9eadfaf,TRAIN,TEST,CLUST_0.70_00030,EARLY
CANONICAL_ee1f4694897e,TEST,TEST,CLUST_0.70_00030,EARLY
CANONICAL_ee2698567f24,TRAIN,TRAIN,CLUST_0.70_00007,LATE
CANONICAL_ee2f301ba34b,VALIDATION,TEST,CLUST_0.70_00071,LATE
CANONICAL_ee35c3c5fa96,VALIDATION,TRAIN,CLUST_0.70_00005,LATE
CANONICAL_ee3f7bca70e7,TRAIN,VALIDATION,CLUST_0.70_00086,LATE
CANONICAL_ee40725f7e11,VALIDATION,TEST,CLUST_0.70_00004,IMMEDIATE_EARLY
CANONICAL_ee436374bcd0,TRAIN,TRAIN,CLUST_0.70_00008,LATE
CANONICAL_ee439dca75e9,TRAIN,TRAIN,CLUST_0.70_00227,LATE
CANONICAL_ee43a717c823,VALIDATION,TRAIN,CLUST_0.70_00062,LATE
CANONICAL_ee44b00ed1a0,TRAIN,TRAIN,CLUST_0.70_00090,LATE
CANONICAL_ee4589d85587,TRAIN,TRAIN,CLUST_0.70_00005,LATE
CANONICAL_ee45b112670f,TRAIN,TEST,CLUST_0.70_00001,LATE
CANONICAL_ee4e916ecbe7,TRAIN,TEST,CLUST_0.70_00001,LATE
CANONICAL_ee50ca8e932f,TRAIN,VALIDATION,CLUST_0.70_00059,LATE
CANONICAL_ee526d7cdc40,VALIDATION,VALIDATION,CLUST_0.70_00006,IMMEDIATE_EARLY
CANONICAL_ee53289c5930,TRAIN,TEST,CLUST_0.70_00018,LATE
CANONICAL_ee59b03317f5,TRAIN,TRAIN,CLUST_0.70_00008,LATE
CANONICAL_ee61662473de,TRAIN,TRAIN,CLUST_0.70_00005,LATE
CANONICAL_ee61c7867217,VALIDATION,TEST,CLUST_0.70_00071,LATE
CANONICAL_ee655105d88e,TRAIN,TEST,CLUST_0.70_00037,LATE
CANONICAL_ee6942f9563a,TRAIN,TRAIN,CLUST_0.70_00005,LATE
CANONICAL_ee6a6e04b6b2,TRAIN,TRAIN,CLUST_0.70_00005,LATE
CANONICAL_ee6bebae54bb,TRAIN,TRAIN,CLUST_0.70_00005,LATE
CANONICAL_ee724988ee07,TRAIN,VALIDATION,CLUST_0.70_00006,IMMEDIATE_EARLY
CANONICAL_ee804c6a8b00,TRAIN,TRAIN,CLUST_0.70_00008,LATE
CANONICAL_ee8445dd7787,VALIDATION,TRAIN,CLUST_0.70_00007,LATE
CANONICAL_ee88e80492a6,TRAIN,TRAIN,CLUST_0.70_00005,LATE
CANONICAL_ee891204b0a4,VALIDATION,VALIDATION,CLUST_0.70_00059,LATE
CANONICAL_ee891e83baba,TRAIN,TRAIN,CLUST_0.70_00005,EARLY
CANONICAL_ee8a863004b9,TRAIN,TRAIN,CLUST_0.70_00008,LATE
CANONICAL_ee920e685d85,TRAIN,TRAIN,CLUST_0.70_00007,LATE
CANONICAL_ee9723d787c0,TRAIN,TRAIN,CLUST_0.70_00008,LATE
CANONICAL_eea0b5b81655,TRAIN,TRAIN,CLUST_0.70_00047,LATE
CANONICAL_eea2bf15e983,TRAIN,VALIDATION,CLUST_0.70_00065,LATE
CANONICAL_eea7954192f6,TRAIN,VALIDATION,CLUST_0.70_00065,LATE
CANONICAL_eea9ae31c137,TRAIN,TRAIN,CLUST_0.70_00231,IMMEDIATE_EARLY
CANONICAL_eeacf5737409,TRAIN,TRAIN,CLUST_0.70_00286,EARLY
CANONICAL_eeb304fbc457,VALIDATION,TRAIN,CLUST_0.70_00007,EARLY
CANONICAL_eeb39c663337,TEST,TRAIN,CLUST_0.70_00005,LATE
CANONICAL_eeb56e6623f3,TRAIN,TRAIN,CLUST_0.70_00134,LATE
CANONICAL_eeb77b1ced68,TRAIN,TRAIN,CLUST_0.70_00224,LATE
CANONICAL_eec02382b365,TRAIN,VALIDATION,CLUST_0.70_00065,LATE
CANONICAL_eec11eccab32,TRAIN,TRAIN,CLUST_0.70_00008,LATE
CANONICAL_eec7292c5739,TRAIN,TEST,CLUST_0.70_00004,IMMEDIATE_EARLY
CANONICAL_eecbee596bc2,TRAIN,TRAIN,CLUST_0.70_00005,EARLY
CANONICAL_eecc67f20347,TRAIN,TEST,CLUST_0.70_00020,LATE
CANONICAL_eecde5b02565,TRAIN,VALIDATION,CLUST_0.70_00055,LATE
CANONICAL_eed441c15343,TRAIN,TRAIN,CLUST_0.70_00005,EARLY
CANONICAL_eed512facd63,TEST,TRAIN,CLUST_0.70_00312,EARLY
CANONICAL_eedb3ed77b4c,TRAIN,TRAIN,CLUST_0.70_00005,EARLY
CANONICAL_eede6cd1ec15,VALIDATION,TRAIN,CLUST_0.70_00005,LATE
CANONICAL_eedfa6f62d45,TRAIN,VALIDATION,CLUST_0.70_00055,LATE
CANONICAL_eee479339042,TRAIN,TRAIN,CLUST_0.70_00008,LATE
CANONICAL_eee7627d1841,TRAIN,TRAIN,CLUST_0.70_00005,LATE
CANONICAL_eee94b3835d9,TRAIN,TRAIN,CLUST_0.70_00005,EARLY
CANONICAL_eeec8c91cae9,TRAIN,TRAIN,CLUST_0.70_00008,LATE
CANONICAL_eef063046c8f,TEST,TRAIN,CLUST_0.70_00007,IMMEDIATE_EARLY
CANONICAL_eefb6a4f68b2,TRAIN,VALIDATION,CLUST_0.70_00038,LATE
CANONICAL_eefce250f042,TRAIN,TRAIN,CLUST_0.70_00005,LATE
CANONICAL_ef0377471bb7,TRAIN,TRAIN,CLUST_0.70_00005,LATE
CANONICAL_ef098ede0ab6,VALIDATION,TRAIN,CLUST_0.70_00091,LATE
CANONICAL_ef0d7d7f39dc,TRAIN,TRAIN,CLUST_0.70_00005,LATE
CANONICAL_ef15bbf70e32,TRAIN,TRAIN,CLUST_0.70_00005,LATE
CANONICAL_ef1634d01a1c,TRAIN,TRAIN,CLUST_0.70_00005,EARLY
CANONICAL_ef1ea28fecee,VALIDATION,TRAIN,CLUST_0.70_00227,LATE
CANONICAL_ef264e8cd733,TEST,TRAIN,CLUST_0.70_00008,LATE
CANONICAL_ef2789dfe23f,TEST,TRAIN,CLUST_0.70_00005,LATE
CANONICAL_ef2891811e65,VALIDATION,TRAIN,CLUST_0.70_00005,LATE
CANONICAL_ef2e182aa6cc,TRAIN,VALIDATION,CLUST_0.70_00169,LATE
CANONICAL_ef2f72b400f4,TEST,TRAIN,CLUST_0.70_00251,LATE
CANONICAL_ef318304aba3,TRAIN,TRAIN,CLUST_0.70_00005,LATE
CANONICAL_ef32528f6211,TRAIN,TRAIN,CLUST_0.70_00047,LATE
CANONICAL_ef35b36ced85,TRAIN,TRAIN,CLUST_0.70_00007,LATE
CANONICAL_ef379d659cda,TRAIN,TRAIN,CLUST_0.70_00131,LATE
CANONICAL_ef5490cc7391,TRAIN,TRAIN,CLUST_0.70_00005,EARLY
CANONICAL_ef569265f560,TRAIN,TRAIN,CLUST_0.70_00005,LATE
CANONICAL_ef5737c6d133,VALIDATION,TEST,CLUST_0.70_00030,EARLY
CANONICAL_ef5c0ee914d0,TRAIN,TRAIN,CLUST_0.70_00062,LATE
CANONICAL_ef60ca52af60,TEST,TRAIN,CLUST_0.70_00005,EARLY
CANONICAL_ef6727bb1f84,TRAIN,TRAIN,CLUST_0.70_00005,EARLY
CANONICAL_ef6a43c9cd50,TRAIN,TRAIN,CLUST_0.70_00005,LATE
CANONICAL_ef6b4b9f1ffa,TEST,TRAIN,CLUST_0.70_00008,LATE
CANONICAL_ef72abfdab49,TRAIN,VALIDATION,CLUST_0.70_00025,LATE
CANONICAL_ef74b5d679ae,TRAIN,TRAIN,CLUST_0.70_00008,LATE
CANONICAL_ef78a50987a8,TRAIN,TRAIN,CLUST_0.70_00005,EARLY
CANONICAL_ef7d23e2551d,TRAIN,TEST,CLUST_0.70_00037,LATE
CANONICAL_ef7f1ac341f3,TEST,TEST,CLUST_0.70_00015,LATE
CANONICAL_ef83f21a5753,TEST,VALIDATION,CLUST_0.70_00041,EARLY
CANONICAL_ef8a13ea4f21,TEST,TEST,CLUST_0.70_00071,LATE
CANONICAL_ef908f0d2c3e,TRAIN,TRAIN,CLUST_0.70_00231,IMMEDIATE_EARLY
CANONICAL_ef9206a9d4d0,TRAIN,TEST,CLUST_0.70_00001,LATE
CANONICAL_ef9336610ed3,TRAIN,TRAIN,CLUST_0.70_00005,EARLY
CANONICAL_ef949ab86cdd,TRAIN,TEST,CLUST_0.70_00080,LATE
CANONICAL_ef96189c5241,TRAIN,TEST,CLUST_0.70_00004,IMMEDIATE_EARLY
CANONICAL_ef9b9d1701fa,TRAIN,TRAIN,CLUST_0.70_00005,EARLY
CANONICAL_ef9c4ddd87e2,TRAIN,TRAIN,CLUST_0.70_00005,LATE
CANONICAL_efa94d09cd70,VALIDATION,TEST,CLUST_0.70_00001,LATE
CANONICAL_efae00ccfd4e,VALIDATION,TRAIN,CLUST_0.70_00005,LATE
CANONICAL_efae78b73485,TRAIN,VALIDATION,CLUST_0.70_00079,LATE
CANONICAL_efb6f82bedaa,TRAIN,TRAIN,CLUST_0.70_00236,IMMEDIATE_EARLY
CANONICAL_efb7b0308ead,TRAIN,TRAIN,CLUST_0.70_00005,EARLY
CANONICAL_efbf7eac5cd3,TRAIN,TEST,CLUST_0.70_00001,LATE
CANONICAL_efc6dfde444b,TRAIN,TRAIN,CLUST_0.70_00005,EARLY
CANONICAL_efcb45347a65,TRAIN,TEST,CLUST_0.70_00037,LATE
CANONICAL_efcc026d8444,TRAIN,TEST,CLUST_0.70_00015,LATE
CANONICAL_efcc90658f0b,TRAIN,TRAIN,CLUST_0.70_00008,LATE
CANONICAL_efcd35c082b4,TEST,VALIDATION,CLUST_0.70_00028,EARLY
CANONICAL_efcd73eb992e,TRAIN,TRAIN,CLUST_0.70_00008,LATE
CANONICAL_efd049d6cad9,TRAIN,TRAIN,CLUST_0.70_00032,LATE
CANONICAL_efd2437cf82b,TRAIN,TRAIN,CLUST_0.70_00008,LATE
CANONICAL_efd8022741a1,VALIDATION,TRAIN,CLUST_0.70_00007,EARLY
CANONICAL_efd9237d0ef6,VALIDATION,VALIDATION,CLUST_0.70_00038,LATE
CANONICAL_efda6ebf13b2,TRAIN,TEST,CLUST_0.70_00004,IMMEDIATE_EARLY
CANONICAL_efe81d4837e0,VALIDATION,TEST,CLUST_0.70_00015,LATE
CANONICAL_efec1e34ab31,TRAIN,TRAIN,CLUST_0.70_00005,EARLY
CANONICAL_efee238f892a,TRAIN,TEST,CLUST_0.70_00001,LATE
CANONICAL_efeed252290d,TRAIN,TRAIN,CLUST_0.70_00235,LATE
CANONICAL_effbb3cd3c98,TRAIN,VALIDATION,CLUST_0.70_00025,LATE
CANONICAL_effca3165b05,TRAIN,VALIDATION,CLUST_0.70_00017,LATE
CANONICAL_effd59350e2c,TRAIN,TRAIN,CLUST_0.70_00008,LATE
CANONICAL_f0006a914e1c,TRAIN,TRAIN,CLUST_0.70_00005,LATE
CANONICAL_f0025862da12,TRAIN,TEST,CLUST_0.70_00052,LATE
CANONICAL_f00d3e35b6bb,TEST,TEST,CLUST_0.70_00030,EARLY
CANONICAL_f016060ace59,VALIDATION,TRAIN,CLUST_0.70_00008,LATE
CANONICAL_f0193c960780,VALIDATION,VALIDATION,CLUST_0.70_00059,LATE
CANONICAL_f01a77f44a43,TEST,VALIDATION,CLUST_0.70_00055,LATE
CANONICAL_f01bb27121c1,TRAIN,TRAIN,CLUST_0.70_00008,LATE
CANONICAL_f01c45fc4115,TRAIN,TEST,CLUST_0.70_00052,LATE
CANONICAL_f0207b09c569,TRAIN,TRAIN,CLUST_0.70_00008,LATE
CANONICAL_f022ae41ddd5,TRAIN,VALIDATION,CLUST_0.70_00006,IMMEDIATE_EARLY
CANONICAL_f02a790ef18d,TRAIN,TRAIN,CLUST_0.70_00005,LATE
CANONICAL_f02ad8e4ca2c,TRAIN,TRAIN,CLUST_0.70_00005,LATE
CANONICAL_f02da3dc382e,TRAIN,TRAIN,CLUST_0.70_00005,LATE
CANONICAL_f034f095bc65,TRAIN,TRAIN,CLUST_0.70_00005,LATE
CANONICAL_f045ad3536ff,TEST,TRAIN,CLUST_0.70_00005,LATE
CANONICAL_f0480df66f36,TRAIN,TRAIN,CLUST_0.70_00005,EARLY
CANONICAL_f04fe17621e3,TEST,TEST,CLUST_0.70_00030,EARLY
CANONICAL_f05b011087cf,TRAIN,TRAIN,CLUST_0.70_00005,LATE
CANONICAL_f05b033ff79a,TRAIN,VALIDATION,CLUST_0.70_00055,LATE
CANONICAL_f062a407a648,TRAIN,TRAIN,CLUST_0.70_00005,EARLY
CANONICAL_f063a21c3921,TRAIN,TRAIN,CLUST_0.70_00008,LATE
CANONICAL_f068965fb673,TRAIN,TRAIN,CLUST_0.70_00008,LATE
CANONICAL_f068eac10b56,TRAIN,TRAIN,CLUST_0.70_00008,LATE
CANONICAL_f069afa9b869,TRAIN,TRAIN,CLUST_0.70_00008,LATE
CANONICAL_f06b86ea4eda,TRAIN,TEST,CLUST_0.70_00030,EARLY
CANONICAL_f0776b67025a,TRAIN,TEST,CLUST_0.70_00004,IMMEDIATE_EARLY
CANONICAL_f077cc745364,TRAIN,TEST,CLUST_0.70_00051,LATE
CANONICAL_f078854574ec,TRAIN,VALIDATION,CLUST_0.70_00026,IMMEDIATE_EARLY
CANONICAL_f07c3763e877,TRAIN,TRAIN,CLUST_0.70_00008,LATE
CANONICAL_f07c6afc4d40,TRAIN,TRAIN,CLUST_0.70_00008,LATE
CANONICAL_f07d67d616de,TEST,TEST,CLUST_0.70_00052,LATE
CANONICAL_f0829b34c141,TRAIN,VALIDATION,CLUST_0.70_00026,IMMEDIATE_EARLY
CANONICAL_f08697486812,TEST,TRAIN,CLUST_0.70_00008,LATE
CANONICAL_f08b5dc24d85,TRAIN,VALIDATION,CLUST_0.70_00079,LATE
CANONICAL_f08c19705a36,TRAIN,VALIDATION,CLUST_0.70_00058,LATE
CANONICAL_f091be01f70b,TEST,TRAIN,CLUST_0.70_00005,EARLY
CANONICAL_f09480f779ef,TEST,TEST,CLUST_0.70_00001,LATE
CANONICAL_f095970729f2,TRAIN,TRAIN,CLUST_0.70_00236,IMMEDIATE_EARLY
CANONICAL_f09b01c28db9,TRAIN,VALIDATION,CLUST_0.70_00079,LATE
CANONICAL_f09e590fec83,TRAIN,TRAIN,CLUST_0.70_00007,EARLY
CANONICAL_f0a7e9abd5a1,TEST,TEST,CLUST_0.70_00015,LATE
CANONICAL_f0aa6d234269,TRAIN,TRAIN,CLUST_0.70_00007,LATE
CANONICAL_f0ae61d012ac,TRAIN,TEST,CLUST_0.70_00001,LATE
CANONICAL_f0b4255ee267,TRAIN,TRAIN,CLUST_0.70_00062,LATE
CANONICAL_f0b45a6158d6,TEST,TRAIN,CLUST_0.70_00005,EARLY
CANONICAL_f0b4e266000e,TRAIN,TRAIN,CLUST_0.70_00007,LATE
CANONICAL_f0b719867ce3,TRAIN,TRAIN,CLUST_0.70_00008,LATE
CANONICAL_f0b755f8dea1,TRAIN,TRAIN,CLUST_0.70_00227,LATE
CANONICAL_f0b81ed0a181,VALIDATION,TEST,CLUST_0.70_00004,IMMEDIATE_EARLY
CANONICAL_f0ba2a5daef3,TEST,TRAIN,CLUST_0.70_00008,LATE
CANONICAL_f0be0ed850c9,TRAIN,TRAIN,CLUST_0.70_00008,LATE
CANONICAL_f0c123654da9,TRAIN,TRAIN,CLUST_0.70_00122,LATE
CANONICAL_f0c5ddef7d19,TRAIN,TEST,CLUST_0.70_00030,EARLY
CANONICAL_f0d631627d1b,TRAIN,TRAIN,CLUST_0.70_00005,LATE
CANONICAL_f0d68a02c42d,TRAIN,TEST,CLUST_0.70_00001,LATE
CANONICAL_f0db40798e2f,TEST,TRAIN,CLUST_0.70_00007,EARLY
CANONICAL_f0dc142750f5,TRAIN,TEST,CLUST_0.70_00001,LATE
CANONICAL_f0ddda23798d,TRAIN,TRAIN,CLUST_0.70_00007,EARLY
CANONICAL_f0df2c17680a,TEST,TRAIN,CLUST_0.70_00008,LATE
CANONICAL_f0e15bbe9483,TRAIN,TRAIN,CLUST_0.70_00005,EARLY
CANONICAL_f0e6debd9715,TRAIN,TRAIN,CLUST_0.70_00007,LATE
CANONICAL_f0e7d9a0b00d,TRAIN,VALIDATION,CLUST_0.70_00006,LATE
CANONICAL_f0ea6e95d973,TRAIN,TEST,CLUST_0.70_00030,EARLY
CANONICAL_f0f7bdfce2c1,TRAIN,TRAIN,CLUST_0.70_00007,LATE
CANONICAL_f0fa2b465f50,TRAIN,TEST,CLUST_0.70_00071,LATE
CANONICAL_f0fa5ae84299,TRAIN,VALIDATION,CLUST_0.70_00059,LATE
CANONICAL_f0fb9294ad05,TRAIN,TRAIN,CLUST_0.70_00005,EARLY
CANONICAL_f106ee26fca8,TRAIN,TEST,CLUST_0.70_00020,LATE
CANONICAL_f107eb5f4161,TRAIN,TEST,CLUST_0.70_00015,LATE
CANONICAL_f10ab0d1cc1b,TRAIN,TRAIN,CLUST_0.70_00005,EARLY
CANONICAL_f10fa1af74e7,VALIDATION,TRAIN,CLUST_0.70_00008,LATE
CANONICAL_f110eeb64b13,TRAIN,TRAIN,CLUST_0.70_00005,EARLY
CANONICAL_f112321895fc,TRAIN,TRAIN,CLUST_0.70_00295,LATE
CANONICAL_f1188472138c,TRAIN,TRAIN,CLUST_0.70_00008,LATE
CANONICAL_f11a51af3b04,TRAIN,TEST,CLUST_0.70_00071,LATE
CANONICAL_f11dc62ea993,TRAIN,TRAIN,CLUST_0.70_00005,LATE
CANONICAL_f11e17f18aa0,TEST,TRAIN,CLUST_0.70_00008,LATE
CANONICAL_f11e760e4e2b,TEST,TRAIN,CLUST_0.70_00005,EARLY
CANONICAL_f11e8b6d867d,VALIDATION,TRAIN,CLUST_0.70_00008,LATE
CANONICAL_f124bfb52673,VALIDATION,TRAIN,CLUST_0.70_00007,LATE
CANONICAL_f12688f24377,TRAIN,TEST,CLUST_0.70_00004,IMMEDIATE_EARLY
CANONICAL_f1288df25224,TRAIN,TRAIN,CLUST_0.70_00008,LATE
CANONICAL_f1292e753372,TRAIN,TEST,CLUST_0.70_00052,LATE
CANONICAL_f12af47d7964,TEST,TEST,CLUST_0.70_00004,IMMEDIATE_EARLY
CANONICAL_f12cb5bcef95,TRAIN,VALIDATION,CLUST_0.70_00036,EARLY
CANONICAL_f12d7e3c79ac,TRAIN,VALIDATION,CLUST_0.70_00010,EARLY
CANONICAL_f1304cdd5c28,TRAIN,TRAIN,CLUST_0.70_00007,IMMEDIATE_EARLY
CANONICAL_f13b6cdf2346,TRAIN,TRAIN,CLUST_0.70_00005,EARLY
CANONICAL_f13dc09ef299,TRAIN,TRAIN,CLUST_0.70_00090,LATE
CANONICAL_f147a0e880d7,TEST,TRAIN,CLUST_0.70_00007,LATE
CANONICAL_f14889453b9b,TRAIN,TRAIN,CLUST_0.70_00164,LATE
CANONICAL_f14df2fb5ec9,TEST,TRAIN,CLUST_0.70_00008,LATE
CANONICAL_f1508740854c,TRAIN,VALIDATION,CLUST_0.70_00041,EARLY
CANONICAL_f154d4f7877d,VALIDATION,TRAIN,CLUST_0.70_00005,LATE
CANONICAL_f154edb79dee,TRAIN,TEST,CLUST_0.70_00030,EARLY
CANONICAL_f15faf04931f,TEST,TEST,CLUST_0.70_00018,LATE
CANONICAL_f16371b6d322,TRAIN,VALIDATION,CLUST_0.70_00040,EARLY
CANONICAL_f1734a5fcdc0,VALIDATION,TRAIN,CLUST_0.70_00005,LATE
CANONICAL_f1785a15f492,TRAIN,TEST,CLUST_0.70_00001,LATE
CANONICAL_f179f575082e,TRAIN,TRAIN,CLUST_0.70_00008,LATE
CANONICAL_f17f5fbdbca7,TRAIN,TRAIN,CLUST_0.70_00005,LATE
CANONICAL_f1847c596104,TRAIN,TRAIN,CLUST_0.70_00005,LATE
CANONICAL_f184cc754c00,VALIDATION,TRAIN,CLUST_0.70_00005,EARLY
CANONICAL_f18847f0dafc,VALIDATION,TRAIN,CLUST_0.70_00008,LATE
CANONICAL_f18b4f5f2bd1,TRAIN,VALIDATION,CLUST_0.70_00106,LATE
CANONICAL_f19476a0ae2e,TEST,TRAIN,CLUST_0.70_00005,LATE
CANONICAL_f19503a6c29a,TEST,TRAIN,CLUST_0.70_00008,LATE
CANONICAL_f19723586efb,TRAIN,TRAIN,CLUST_0.70_00008,LATE
CANONICAL_f19774974f7f,TRAIN,TEST,CLUST_0.70_00015,LATE
CANONICAL_f19d0bb825f6,TRAIN,TRAIN,CLUST_0.70_00005,LATE
CANONICAL_f1a21803c509,TRAIN,TRAIN,CLUST_0.70_00008,LATE
CANONICAL_f1a27854d046,VALIDATION,TRAIN,CLUST_0.70_00008,LATE
CANONICAL_f1a35f5634db,TRAIN,TRAIN,CLUST_0.70_00005,EARLY
CANONICAL_f1a89f49a7af,TEST,TRAIN,CLUST_0.70_00008,LATE
CANONICAL_f1ada97af66d,TRAIN,TRAIN,CLUST_0.70_00181,LATE
CANONICAL_f1be449001f4,TRAIN,VALIDATION,CLUST_0.70_00079,LATE
CANONICAL_f1c63fec557f,TRAIN,TRAIN,CLUST_0.70_00042,LATE
CANONICAL_f1c99db90ae2,VALIDATION,TRAIN,CLUST_0.70_00008,LATE
CANONICAL_f1cbb0620e89,TEST,TRAIN,CLUST_0.70_00005,LATE
CANONICAL_f1d67370eb99,TEST,TEST,CLUST_0.70_00001,LATE
CANONICAL_f1d780ae676a,TEST,TRAIN,CLUST_0.70_00112,LATE
CANONICAL_f1da34e831b2,VALIDATION,VALIDATION,CLUST_0.70_00190,LATE
CANONICAL_f1db6fc926a4,TRAIN,TRAIN,CLUST_0.70_00008,LATE
CANONICAL_f1e522497786,TRAIN,TRAIN,CLUST_0.70_00053,LATE
CANONICAL_f1e600d2b23c,TRAIN,TRAIN,CLUST_0.70_00005,LATE
CANONICAL_f1e645c2b8b8,TEST,VALIDATION,CLUST_0.70_00041,EARLY
CANONICAL_f1eb412a6175,TRAIN,TRAIN,CLUST_0.70_00008,LATE
CANONICAL_f1edeff8d584,TEST,TRAIN,CLUST_0.70_00005,LATE
CANONICAL_f1ee5d801d23,TRAIN,TRAIN,CLUST_0.70_00005,LATE
CANONICAL_f1f27d4036bd,TRAIN,TEST,CLUST_0.70_00004,IMMEDIATE_EARLY
CANONICAL_f1f40e2d2bd3,TRAIN,TEST,CLUST_0.70_00001,LATE
CANONICAL_f1f62ef11b5e,TRAIN,TEST,CLUST_0.70_00004,IMMEDIATE_EARLY
CANONICAL_f1f93fd52afb,TRAIN,TRAIN,CLUST_0.70_00109,LATE
CANONICAL_f1fa65204312,VALIDATION,TRAIN,CLUST_0.70_00005,LATE
CANONICAL_f1ff5399b9aa,TRAIN,TRAIN,CLUST_0.70_00005,LATE
CANONICAL_f205de270446,TRAIN,VALIDATION,CLUST_0.70_00064,LATE
CANONICAL_f205f427002d,TRAIN,VALIDATION,CLUST_0.70_00064,LATE
CANONICAL_f20a52bcd7d7,TEST,TRAIN,CLUST_0.70_00062,LATE
CANONICAL_f20c6148f6aa,TRAIN,TRAIN,CLUST_0.70_00007,LATE
CANONICAL_f20dafb5692e,TEST,TRAIN,CLUST_0.70_00008,LATE
CANONICAL_f20eb63d5f8b,TRAIN,VALIDATION,CLUST_0.70_00169,LATE
CANONICAL_f2143e22aded,TRAIN,VALIDATION,CLUST_0.70_00041,EARLY
CANONICAL_f216dc2001bc,TEST,TEST,CLUST_0.70_00030,EARLY
CANONICAL_f21b4688747a,TRAIN,TRAIN,CLUST_0.70_00008,LATE
CANONICAL_f22298454665,TRAIN,TRAIN,CLUST_0.70_00005,EARLY
CANONICAL_f22542e7381f,TRAIN,TEST,CLUST_0.70_00030,EARLY
CANONICAL_f22af2f9d5a1,TRAIN,TRAIN,CLUST_0.70_00045,EARLY
CANONICAL_f230507cd465,TEST,TRAIN,CLUST_0.70_00062,LATE
CANONICAL_f23224af4fbb,TRAIN,VALIDATION,CLUST_0.70_00025,LATE
CANONICAL_f23299554a59,TRAIN,TRAIN,CLUST_0.70_00008,LATE
CANONICAL_f235ad3cec5e,TEST,TEST,CLUST_0.70_00004,IMMEDIATE_EARLY
CANONICAL_f2391b8fb2aa,TRAIN,TRAIN,CLUST_0.70_00019,LATE
CANONICAL_f240f168b284,TRAIN,TRAIN,CLUST_0.70_00005,EARLY
CANONICAL_f247d15d7e47,TEST,VALIDATION,CLUST_0.70_00041,EARLY
CANONICAL_f24b213c7abe,TEST,TRAIN,CLUST_0.70_00007,EARLY
CANONICAL_f24b3bbb3888,VALIDATION,TRAIN,CLUST_0.70_00008,LATE
CANONICAL_f25b613dab47,TRAIN,TRAIN,CLUST_0.70_00005,EARLY
CANONICAL_f25c110e3406,TEST,TRAIN,CLUST_0.70_00005,EARLY
CANONICAL_f26eee830b66,TEST,TRAIN,CLUST_0.70_00008,LATE
CANONICAL_f27033b9e3a3,TRAIN,TRAIN,CLUST_0.70_00005,EARLY
CANONICAL_f27d7c69ec6d,TEST,TRAIN,CLUST_0.70_00008,LATE
CANONICAL_f27e828f2e24,TRAIN,VALIDATION,CLUST_0.70_00029,LATE
CANONICAL_f285bbe300d7,TRAIN,VALIDATION,CLUST_0.70_00064,LATE
CANONICAL_f2888268cc41,VALIDATION,TRAIN,CLUST_0.70_00005,EARLY
CANONICAL_f28ce4e6c319,TRAIN,TEST,CLUST_0.70_00052,LATE
CANONICAL_f296f9349d60,VALIDATION,TRAIN,CLUST_0.70_00105,LATE
CANONICAL_f2981efbc7e1,VALIDATION,TEST,CLUST_0.70_00001,LATE
CANONICAL_f29c49a1a77e,TRAIN,TEST,CLUST_0.70_00015,LATE
CANONICAL_f2a083de7145,TRAIN,VALIDATION,CLUST_0.70_00055,LATE
CANONICAL_f2a25f8185d4,TEST,TRAIN,CLUST_0.70_00005,EARLY
CANONICAL_f2a67746fe9b,TRAIN,TEST,CLUST_0.70_00071,LATE
CANONICAL_f2a758eef54f,TRAIN,TEST,CLUST_0.70_00071,LATE
CANONICAL_f2a92fd3aeb0,TEST,TEST,CLUST_0.70_00071,LATE
CANONICAL_f2aa81d6aad2,TRAIN,VALIDATION,CLUST_0.70_00025,LATE
CANONICAL_f2ab213d2960,VALIDATION,VALIDATION,CLUST_0.70_00026,IMMEDIATE_EARLY
CANONICAL_f2affb628f14,TRAIN,TRAIN,CLUST_0.70_00047,LATE
CANONICAL_f2b7c5211bb3,TEST,TEST,CLUST_0.70_00030,EARLY
CANONICAL_f2bae0941fda,VALIDATION,TRAIN,CLUST_0.70_00019,IMMEDIATE_EARLY
CANONICAL_f2bf5afe59b6,TEST,VALIDATION,CLUST_0.70_00059,LATE
CANONICAL_f2c61198bce2,TRAIN,VALIDATION,CLUST_0.70_00059,LATE
CANONICAL_f2c6929b9086,TRAIN,VALIDATION,CLUST_0.70_00079,LATE
CANONICAL_f2cc6b601d0d,TEST,TEST,CLUST_0.70_00001,LATE
CANONICAL_f2cd79d07154,TRAIN,TRAIN,CLUST_0.70_00005,LATE
CANONICAL_f2d03c108f86,TRAIN,TRAIN,CLUST_0.70_00007,LATE
CANONICAL_f2d1bdcba81f,TRAIN,VALIDATION,CLUST_0.70_00026,IMMEDIATE_EARLY
CANONICAL_f2d70c4ba318,TRAIN,TRAIN,CLUST_0.70_00005,EARLY
CANONICAL_f2e97d73344a,TRAIN,TRAIN,CLUST_0.70_00008,LATE
CANONICAL_f2ebc17abc0c,TRAIN,TRAIN,CLUST_0.70_00005,EARLY
CANONICAL_f2f0bfbfc2d8,TRAIN,TRAIN,CLUST_0.70_00415,LATE
CANONICAL_f2f4c750990f,TEST,TEST,CLUST_0.70_00030,EARLY
CANONICAL_f2f549461fd4,TEST,VALIDATION,CLUST_0.70_00031,LATE
CANONICAL_f2f6c5e258e7,TRAIN,TRAIN,CLUST_0.70_00005,LATE
CANONICAL_f2f729946406,VALIDATION,TRAIN,CLUST_0.70_00008,LATE
CANONICAL_f2f7c6718a6d,TRAIN,VALIDATION,CLUST_0.70_00006,IMMEDIATE_EARLY
CANONICAL_f3010fa8a5d0,TRAIN,TRAIN,CLUST_0.70_00005,EARLY
CANONICAL_f3012478e527,TRAIN,VALIDATION,CLUST_0.70_00031,LATE
CANONICAL_f30149355d0d,VALIDATION,TRAIN,CLUST_0.70_00191,EARLY
CANONICAL_f302fd72774f,TRAIN,TRAIN,CLUST_0.70_00005,LATE
CANONICAL_f3035ce820e2,VALIDATION,VALIDATION,CLUST_0.70_00079,LATE
CANONICAL_f30b8be9535b,TEST,TEST,CLUST_0.70_00015,LATE
CANONICAL_f30c44973c62,TRAIN,TRAIN,CLUST_0.70_00005,EARLY
CANONICAL_f30ee5967d07,TRAIN,TRAIN,CLUST_0.70_00119,EARLY
CANONICAL_f30f7ae81081,TRAIN,TRAIN,CLUST_0.70_00005,EARLY
CANONICAL_f311f64c7250,TRAIN,TRAIN,CLUST_0.70_00005,LATE
CANONICAL_f3141098474b,TEST,VALIDATION,CLUST_0.70_00055,LATE
CANONICAL_f315082f4a4f,TRAIN,TRAIN,CLUST_0.70_00005,EARLY
CANONICAL_f31a53f82366,TRAIN,TRAIN,CLUST_0.70_00005,LATE
CANONICAL_f322854969db,TRAIN,TRAIN,CLUST_0.70_00224,LATE
CANONICAL_f327f7391de1,TRAIN,VALIDATION,CLUST_0.70_00010,EARLY
CANONICAL_f3300645c053,TRAIN,TRAIN,CLUST_0.70_00235,LATE
CANONICAL_f33186f2f9c9,TRAIN,TEST,CLUST_0.70_00080,LATE
CANONICAL_f3374f127af4,TEST,TRAIN,CLUST_0.70_00070,LATE
CANONICAL_f338164567f0,TRAIN,TRAIN,CLUST_0.70_00005,EARLY
CANONICAL_f33969dbdf36,TRAIN,TEST,CLUST_0.70_00001,LATE
CANONICAL_f34b2faf5d74,TRAIN,TRAIN,CLUST_0.70_00008,LATE
CANONICAL_f34cfd476a6f,TRAIN,TRAIN,CLUST_0.70_00005,EARLY
CANONICAL_f34db90f654e,TRAIN,TEST,CLUST_0.70_00001,LATE
CANONICAL_f35005665cfd,TRAIN,TRAIN,CLUST_0.70_00005,EARLY
CANONICAL_f35a1218160c,TRAIN,TRAIN,CLUST_0.70_00005,LATE
CANONICAL_f35a832671be,TEST,TRAIN,CLUST_0.70_00007,LATE
CANONICAL_f36379b5368a,TRAIN,VALIDATION,CLUST_0.70_00029,LATE
CANONICAL_f3691d016a29,TRAIN,TRAIN,CLUST_0.70_00008,LATE
CANONICAL_f36e4d713ea1,TRAIN,TRAIN,CLUST_0.70_00008,LATE
CANONICAL_f3717d0f8419,TRAIN,TEST,CLUST_0.70_00030,EARLY
CANONICAL_f37342f22d5c,VALIDATION,TRAIN,CLUST_0.70_00005,EARLY
CANONICAL_f37907a23982,TEST,TRAIN,CLUST_0.70_00005,EARLY
CANONICAL_f37f329d5032,TRAIN,TRAIN,CLUST_0.70_00007,EARLY
CANONICAL_f3855ddaf32a,TRAIN,TRAIN,CLUST_0.70_00008,LATE
CANONICAL_f38894288125,TRAIN,TEST,CLUST_0.70_00020,LATE
CANONICAL_f388ce434b95,TRAIN,TRAIN,CLUST_0.70_00007,LATE
CANONICAL_f38a555be4b7,TRAIN,TRAIN,CLUST_0.70_00005,EARLY
CANONICAL_f38a7b0743ae,TRAIN,TRAIN,CLUST_0.70_00005,EARLY
CANONICAL_f38a99d2e8c4,TEST,VALIDATION,CLUST_0.70_00010,EARLY
CANONICAL_f38a99e1abbe,TRAIN,TRAIN,CLUST_0.70_00005,EARLY
CANONICAL_f38c0ddecdb3,TRAIN,TRAIN,CLUST_0.70_00063,LATE
CANONICAL_f38f47f7ffc8,TRAIN,TEST,CLUST_0.70_00018,LATE
CANONICAL_f39211d3c940,TRAIN,TEST,CLUST_0.70_00030,EARLY
CANONICAL_f394467ea34e,TRAIN,TEST,CLUST_0.70_00020,LATE
CANONICAL_f39658daf6a6,TRAIN,VALIDATION,CLUST_0.70_00055,LATE
CANONICAL_f3992d525159,VALIDATION,TEST,CLUST_0.70_00080,LATE
CANONICAL_f3a361ee9755,TRAIN,TRAIN,CLUST_0.70_00005,LATE
CANONICAL_f3a578eedaa5,TRAIN,TEST,CLUST_0.70_00018,LATE
CANONICAL_f3aac29577e4,TRAIN,TRAIN,CLUST_0.70_00008,LATE
CANONICAL_f3b0be2155ca,TRAIN,TRAIN,CLUST_0.70_00007,EARLY
CANONICAL_f3b192b40f66,TRAIN,VALIDATION,CLUST_0.70_00190,LATE
CANONICAL_f3b40f0d9c19,TRAIN,TEST,CLUST_0.70_00004,IMMEDIATE_EARLY
CANONICAL_f3b6d696eb70,TRAIN,TEST,CLUST_0.70_00004,IMMEDIATE_EARLY
CANONICAL_f3c3ed4a0e76,VALIDATION,TRAIN,CLUST_0.70_00005,LATE
CANONICAL_f3ca38d3202b,TRAIN,VALIDATION,CLUST_0.70_00058,LATE
CANONICAL_f3cf30d63359,TRAIN,TRAIN,CLUST_0.70_00005,EARLY
CANONICAL_f3cfe882e703,TRAIN,TRAIN,CLUST_0.70_00008,LATE
CANONICAL_f3d180d08077,VALIDATION,TEST,CLUST_0.70_00004,IMMEDIATE_EARLY
CANONICAL_f3d24e07e8f3,TRAIN,TRAIN,CLUST_0.70_00005,EARLY
CANONICAL_f3d892b54fd5,VALIDATION,TRAIN,CLUST_0.70_00231,IMMEDIATE_EARLY
CANONICAL_f3dc60ca4596,TRAIN,TRAIN,CLUST_0.70_00005,LATE
CANONICAL_f3e107fac322,TRAIN,TRAIN,CLUST_0.70_00008,LATE
CANONICAL_f3ed55ec9e0f,TRAIN,TEST,CLUST_0.70_00030,EARLY
CANONICAL_f3ed7d50cc54,TRAIN,TRAIN,CLUST_0.70_00008,LATE
CANONICAL_f3f99f4131ba,TRAIN,TRAIN,CLUST_0.70_00005,EARLY
CANONICAL_f3ff826b5e06,TRAIN,VALIDATION,CLUST_0.70_00010,EARLY
CANONICAL_f4004515acce,TRAIN,TRAIN,CLUST_0.70_00008,LATE
CANONICAL_f401af7c84d4,TRAIN,VALIDATION,CLUST_0.70_00064,LATE
CANONICAL_f4059aa40273,TRAIN,TRAIN,CLUST_0.70_00008,LATE
CANONICAL_f40c28d2a7eb,TRAIN,TRAIN,CLUST_0.70_00005,LATE
CANONICAL_f40d95a2a68b,TRAIN,TRAIN,CLUST_0.70_00005,EARLY
CANONICAL_f412b0699754,TRAIN,TEST,CLUST_0.70_00052,LATE
CANONICAL_f41470a46cde,VALIDATION,TRAIN,CLUST_0.70_00008,LATE
CANONICAL_f41bafa89e67,VALIDATION,TRAIN,CLUST_0.70_00005,LATE
CANONICAL_f4218650ed7c,VALIDATION,TRAIN,CLUST_0.70_00008,LATE
CANONICAL_f423489b1ec9,TRAIN,VALIDATION,CLUST_0.70_00026,IMMEDIATE_EARLY
CANONICAL_f424641130ef,TEST,TRAIN,CLUST_0.70_00005,EARLY
CANONICAL_f4270f116ed7,TRAIN,TRAIN,CLUST_0.70_00005,LATE
CANONICAL_f42a945f9582,TRAIN,VALIDATION,CLUST_0.70_00006,IMMEDIATE_EARLY
CANONICAL_f42af2ce35bd,TRAIN,VALIDATION,CLUST_0.70_00041,EARLY
CANONICAL_f42b2155c970,TEST,TRAIN,CLUST_0.70_00008,LATE
CANONICAL_f42b2420ef83,VALIDATION,TRAIN,CLUST_0.70_00091,LATE
CANONICAL_f42b99a0ae97,TRAIN,VALIDATION,CLUST_0.70_00064,LATE
CANONICAL_f42e3a251e49,TRAIN,TRAIN,CLUST_0.70_00007,LATE
CANONICAL_f4326008ceab,VALIDATION,TRAIN,CLUST_0.70_00008,LATE
CANONICAL_f43ad8c0f967,TRAIN,TRAIN,CLUST_0.70_00032,LATE
CANONICAL_f43c9bb01337,VALIDATION,TRAIN,CLUST_0.70_00007,LATE
CANONICAL_f43ed5da5ddd,TRAIN,VALIDATION,CLUST_0.70_00025,LATE
CANONICAL_f43f03c652c7,TRAIN,TRAIN,CLUST_0.70_00005,LATE
CANONICAL_f44ae8396c85,TRAIN,TEST,CLUST_0.70_00018,EARLY
CANONICAL_f44f0a6cc1da,TEST,TRAIN,CLUST_0.70_00090,LATE
CANONICAL_f450551f2bbc,TRAIN,TRAIN,CLUST_0.70_00008,LATE
CANONICAL_f4516df04846,TRAIN,TRAIN,CLUST_0.70_00083,LATE
CANONICAL_f452fedbf894,TRAIN,VALIDATION,CLUST_0.70_00079,LATE
CANONICAL_f45810f92979,VALIDATION,TRAIN,CLUST_0.70_00007,LATE
CANONICAL_f45bdd463da0,TEST,TEST,CLUST_0.70_00004,IMMEDIATE_EARLY
CANONICAL_f46a20628c40,TRAIN,TRAIN,CLUST_0.70_00005,EARLY
CANONICAL_f46b5effeac0,TEST,TRAIN,CLUST_0.70_00005,EARLY
CANONICAL_f470bf9a34a6,TRAIN,TRAIN,CLUST_0.70_00005,LATE
CANONICAL_f471313a54a4,TRAIN,VALIDATION,CLUST_0.70_00028,EARLY
CANONICAL_f471fc36e076,TRAIN,TRAIN,CLUST_0.70_00007,LATE
CANONICAL_f477b64736b5,TRAIN,TEST,CLUST_0.70_00030,EARLY
CANONICAL_f47c57fdf456,TEST,VALIDATION,CLUST_0.70_00079,LATE
CANONICAL_f47ceb66e206,TRAIN,TRAIN,CLUST_0.70_00005,EARLY
CANONICAL_f487c3f7d368,TRAIN,VALIDATION,CLUST_0.70_00190,LATE
CANONICAL_f491c2895299,TRAIN,VALIDATION,CLUST_0.70_00038,LATE
CANONICAL_f4926446c1ed,VALIDATION,TRAIN,CLUST_0.70_00007,LATE
CANONICAL_f493e7300266,VALIDATION,VALIDATION,CLUST_0.70_00106,LATE
CANONICAL_f495c5545fad,TRAIN,TRAIN,CLUST_0.70_00008,IMMEDIATE_EARLY
CANONICAL_f499c453de73,TRAIN,TEST,CLUST_0.70_00020,LATE
CANONICAL_f49bbf8199a5,VALIDATION,TRAIN,CLUST_0.70_00005,EARLY
CANONICAL_f49e2a8091b1,TRAIN,TEST,CLUST_0.70_00001,LATE
CANONICAL_f49e93ec5fe0,TEST,TEST,CLUST_0.70_00018,LATE
CANONICAL_f4a211f76331,TEST,TRAIN,CLUST_0.70_00005,LATE
CANONICAL_f4a5bceb1e01,VALIDATION,TRAIN,CLUST_0.70_00007,LATE
CANONICAL_f4a5cae50669,TRAIN,TRAIN,CLUST_0.70_00005,EARLY
CANONICAL_f4aa783adfc1,VALIDATION,TRAIN,CLUST_0.70_00008,LATE
CANONICAL_f4ac615f122e,TEST,TEST,CLUST_0.70_00051,LATE
CANONICAL_f4b17cd11b88,VALIDATION,TEST,CLUST_0.70_00052,LATE
CANONICAL_f4b44d2dab31,TRAIN,TRAIN,CLUST_0.70_00005,LATE
CANONICAL_f4b4d59a7d99,TRAIN,TEST,CLUST_0.70_00052,LATE
CANONICAL_f4baa5535b2b,VALIDATION,TRAIN,CLUST_0.70_00005,EARLY
CANONICAL_f4bf66994acc,TRAIN,VALIDATION,CLUST_0.70_00016,EARLY
CANONICAL_f4c1aa5e6254,TRAIN,TEST,CLUST_0.70_00030,EARLY
CANONICAL_f4cd65d8fcff,TRAIN,VALIDATION,CLUST_0.70_00006,IMMEDIATE_EARLY
CANONICAL_f4d1f031409c,TRAIN,TRAIN,CLUST_0.70_00007,LATE
CANONICAL_f4d1f078b1aa,TEST,VALIDATION,CLUST_0.70_00029,LATE
CANONICAL_f4d4868d1964,TRAIN,TRAIN,CLUST_0.70_00075,LATE
CANONICAL_f4d6f9df684a,TRAIN,VALIDATION,CLUST_0.70_00006,IMMEDIATE_EARLY
CANONICAL_f4e5d2d9af11,TRAIN,TRAIN,CLUST_0.70_00005,LATE
CANONICAL_f4e67cfc034f,TRAIN,TRAIN,CLUST_0.70_00008,LATE
CANONICAL_f4ff66bf0cd5,TRAIN,TRAIN,CLUST_0.70_00396,LATE
CANONICAL_f503946ccc88,VALIDATION,TRAIN,CLUST_0.70_00419,EARLY
CANONICAL_f5085b2dd417,TRAIN,VALIDATION,CLUST_0.70_00029,LATE
CANONICAL_f508a2f2fa7e,TRAIN,VALIDATION,CLUST_0.70_00016,EARLY
CANONICAL_f50fdb02979d,VALIDATION,TRAIN,CLUST_0.70_00008,LATE
CANONICAL_f5120699d0fa,TRAIN,VALIDATION,CLUST_0.70_00036,EARLY
CANONICAL_f516dfc89569,TRAIN,TRAIN,CLUST_0.70_00005,LATE
CANONICAL_f5179e6f99fd,TEST,TRAIN,CLUST_0.70_00295,LATE
CANONICAL_f5190b8b1f30,TRAIN,TRAIN,CLUST_0.70_00005,LATE
CANONICAL_f519774b9937,TRAIN,TRAIN,CLUST_0.70_00005,LATE
CANONICAL_f51a98442602,TEST,TRAIN,CLUST_0.70_00008,LATE
CANONICAL_f5219d2bb3fe,TRAIN,TRAIN,CLUST_0.70_00062,LATE
CANONICAL_f521bdbe239b,TRAIN,TRAIN,CLUST_0.70_00005,EARLY
CANONICAL_f5293536f98f,VALIDATION,VALIDATION,CLUST_0.70_00041,EARLY
CANONICAL_f52f62e34274,TRAIN,VALIDATION,CLUST_0.70_00029,LATE
CANONICAL_f531b2db57f5,TRAIN,TEST,CLUST_0.70_00030,EARLY
CANONICAL_f531bfd7ca59,TEST,TRAIN,CLUST_0.70_00005,LATE
CANONICAL_f53bd0d3dd27,TRAIN,VALIDATION,CLUST_0.70_00006,IMMEDIATE_EARLY
CANONICAL_f53c415bd722,TRAIN,TRAIN,CLUST_0.70_00008,LATE
CANONICAL_f5472fa10f81,TEST,VALIDATION,CLUST_0.70_00029,LATE
CANONICAL_f5493847ad0a,TRAIN,TRAIN,CLUST_0.70_00069,IMMEDIATE_EARLY
CANONICAL_f55743538292,TRAIN,TEST,CLUST_0.70_00037,LATE
CANONICAL_f5586ff6fd22,VALIDATION,TEST,CLUST_0.70_00004,IMMEDIATE_EARLY
CANONICAL_f55b5d0ebde0,TEST,TRAIN,CLUST_0.70_00005,EARLY
CANONICAL_f56bbeec6ec7,VALIDATION,TEST,CLUST_0.70_00004,IMMEDIATE_EARLY
CANONICAL_f57414d327d3,VALIDATION,TRAIN,CLUST_0.70_00102,LATE
CANONICAL_f5748b3779ce,VALIDATION,TRAIN,CLUST_0.70_00287,EARLY
CANONICAL_f575545cdac0,TRAIN,TRAIN,CLUST_0.70_00005,EARLY
CANONICAL_f57a4145bd45,TRAIN,TRAIN,CLUST_0.70_00141,LATE
CANONICAL_f57b49a294a0,TRAIN,VALIDATION,CLUST_0.70_00038,LATE
CANONICAL_f57fecf3b749,TRAIN,VALIDATION,CLUST_0.70_00026,IMMEDIATE_EARLY
CANONICAL_f583442b130c,TEST,TEST,CLUST_0.70_00015,LATE
CANONICAL_f594d50d744a,TRAIN,TRAIN,CLUST_0.70_00005,EARLY
CANONICAL_f598a4f4a8bc,TEST,VALIDATION,CLUST_0.70_00028,EARLY
CANONICAL_f599fd0323f0,TRAIN,TRAIN,CLUST_0.70_00005,EARLY
CANONICAL_f5a3b2edd843,TRAIN,VALIDATION,CLUST_0.70_00039,LATE
CANONICAL_f5a645b3a00c,TRAIN,TRAIN,CLUST_0.70_00105,LATE
CANONICAL_f5a9c49a6c01,TRAIN,TEST,CLUST_0.70_00001,LATE
CANONICAL_f5b3dc4cb466,TRAIN,TEST,CLUST_0.70_00015,LATE
CANONICAL_f5b5d371b833,TRAIN,TRAIN,CLUST_0.70_00062,LATE
CANONICAL_f5b9cc48a719,TRAIN,TEST,CLUST_0.70_00004,IMMEDIATE_EARLY
CANONICAL_f5bcc74e66b4,TRAIN,TRAIN,CLUST_0.70_00005,EARLY
CANONICAL_f5c9fe6b27ce,TRAIN,TRAIN,CLUST_0.70_00005,EARLY
CANONICAL_f5ce91e0ecf4,TEST,TRAIN,CLUST_0.70_00005,EARLY
CANONICAL_f5d03b2a507e,TRAIN,TEST,CLUST_0.70_00080,LATE
CANONICAL_f5d0fdf641ec,TRAIN,TEST,CLUST_0.70_00030,EARLY
CANONICAL_f5d25bfa9f55,TRAIN,TRAIN,CLUST_0.70_00005,EARLY
CANONICAL_f5d39bc0b82b,TEST,TRAIN,CLUST_0.70_00098,LATE
CANONICAL_f5dd40735efb,VALIDATION,TRAIN,CLUST_0.70_00102,LATE
CANONICAL_f5e18dd08e56,TRAIN,TRAIN,CLUST_0.70_00024,LATE
CANONICAL_f5e3fce17f68,TRAIN,TEST,CLUST_0.70_00004,IMMEDIATE_EARLY
CANONICAL_f5f09e482436,TRAIN,TEST,CLUST_0.70_00037,LATE
CANONICAL_f5f25add5e79,VALIDATION,VALIDATION,CLUST_0.70_00058,LATE
CANONICAL_f5f4c01ccaf7,TRAIN,TRAIN,CLUST_0.70_00005,LATE
CANONICAL_f5f7c3695b79,TRAIN,TRAIN,CLUST_0.70_00091,LATE
CANONICAL_f601c5eda9a7,TRAIN,TRAIN,CLUST_0.70_00007,LATE
CANONICAL_f60561c41baa,TRAIN,TRAIN,CLUST_0.70_00007,LATE
CANONICAL_f60a42613810,TRAIN,TEST,CLUST_0.70_00015,LATE
CANONICAL_f616893b6360,VALIDATION,TEST,CLUST_0.70_00071,LATE
CANONICAL_f61b70a5bab4,VALIDATION,TRAIN,CLUST_0.70_00014,IMMEDIATE_EARLY
CANONICAL_f61c18ad1a5f,VALIDATION,VALIDATION,CLUST_0.70_00041,EARLY
CANONICAL_f620b8a23c61,TEST,TRAIN,CLUST_0.70_00222,LATE
CANONICAL_f6214423b1cc,TEST,TRAIN,CLUST_0.70_00116,LATE
CANONICAL_f624a2bd353f,TEST,TRAIN,CLUST_0.70_00008,LATE
CANONICAL_f62c23692cb8,TRAIN,VALIDATION,CLUST_0.70_00079,LATE
CANONICAL_f62c2b69eca9,TRAIN,TRAIN,CLUST_0.70_00008,LATE
CANONICAL_f62e3e8b9f90,TRAIN,TRAIN,CLUST_0.70_00005,LATE
CANONICAL_f63f5d2c965a,TRAIN,VALIDATION,CLUST_0.70_00040,EARLY
CANONICAL_f643bcf5f9c0,VALIDATION,TRAIN,CLUST_0.70_00032,LATE
CANONICAL_f6459d378ff4,TEST,VALIDATION,CLUST_0.70_00010,EARLY
CANONICAL_f6484731e411,TRAIN,TRAIN,CLUST_0.70_00007,LATE
CANONICAL_f64aa5f05591,TRAIN,TRAIN,CLUST_0.70_00005,EARLY
CANONICAL_f64b0e071bed,TRAIN,TRAIN,CLUST_0.70_00008,LATE
CANONICAL_f64b5172d532,TEST,VALIDATION,CLUST_0.70_00010,EARLY
CANONICAL_f64b79128dc9,TEST,TRAIN,CLUST_0.70_00005,LATE
CANONICAL_f64ff2436d16,TRAIN,VALIDATION,CLUST_0.70_00029,LATE
CANONICAL_f653a913f27a,TRAIN,TRAIN,CLUST_0.70_00005,LATE
CANONICAL_f6552e4b644b,TRAIN,TRAIN,CLUST_0.70_00005,LATE
CANONICAL_f6567467513d,TRAIN,TRAIN,CLUST_0.70_00005,LATE
CANONICAL_f658c51ce7d2,TEST,VALIDATION,CLUST_0.70_00017,LATE
CANONICAL_f65924f4981e,TRAIN,TRAIN,CLUST_0.70_00005,EARLY
CANONICAL_f65b73fc2586,TRAIN,VALIDATION,CLUST_0.70_00040,EARLY
CANONICAL_f65de2bb95ab,VALIDATION,TEST,CLUST_0.70_00001,LATE
CANONICAL_f664123a1fcc,TRAIN,TRAIN,CLUST_0.70_00005,LATE
CANONICAL_f669bfdc60e7,TRAIN,TRAIN,CLUST_0.70_00005,EARLY
CANONICAL_f66ab8deeb4d,TEST,TRAIN,CLUST_0.70_00005,LATE
CANONICAL_f66b0d513a8d,TRAIN,TRAIN,CLUST_0.70_00005,EARLY
CANONICAL_f66db6edfbe1,TRAIN,TRAIN,CLUST_0.70_00007,IMMEDIATE_EARLY
CANONICAL_f670b0d4a6c7,TRAIN,TEST,CLUST_0.70_00001,LATE
CANONICAL_f675e25de45e,TRAIN,VALIDATION,CLUST_0.70_00079,LATE
CANONICAL_f6781930c3ba,VALIDATION,TRAIN,CLUST_0.70_00091,LATE
CANONICAL_f67ebf6d8b44,TRAIN,VALIDATION,CLUST_0.70_00025,LATE
CANONICAL_f67fb18ce71e,TRAIN,VALIDATION,CLUST_0.70_00055,LATE
CANONICAL_f68713297c4f,TRAIN,TRAIN,CLUST_0.70_00005,LATE
CANONICAL_f68ca4beb10b,TEST,TRAIN,CLUST_0.70_00005,EARLY
CANONICAL_f68ce4cc2049,TRAIN,VALIDATION,CLUST_0.70_00065,LATE
CANONICAL_f6902634b2e4,VALIDATION,VALIDATION,CLUST_0.70_00086,LATE
CANONICAL_f690c9525728,VALIDATION,TEST,CLUST_0.70_00018,EARLY
CANONICAL_f698b2a3e118,TRAIN,TRAIN,CLUST_0.70_00007,LATE
CANONICAL_f69969cad82d,TRAIN,TRAIN,CLUST_0.70_00223,LATE
CANONICAL_f69ae2c24282,TEST,TEST,CLUST_0.70_00030,EARLY
CANONICAL_f69b638473d7,TEST,VALIDATION,CLUST_0.70_00055,LATE
CANONICAL_f69bfee0e89c,TRAIN,TEST,CLUST_0.70_00001,LATE
CANONICAL_f69d1dc6e40a,TRAIN,TRAIN,CLUST_0.70_00005,LATE
CANONICAL_f69f82857695,TRAIN,TRAIN,CLUST_0.70_00007,LATE
CANONICAL_f6a1f237c6a2,TEST,VALIDATION,CLUST_0.70_00086,LATE
CANONICAL_f6a46f6826c4,TRAIN,TEST,CLUST_0.70_00015,LATE
CANONICAL_f6a8cfc90d79,TRAIN,TEST,CLUST_0.70_00001,LATE
CANONICAL_f6aae16cf651,TRAIN,TRAIN,CLUST_0.70_00008,LATE
CANONICAL_f6ab8e4b897f,TRAIN,VALIDATION,CLUST_0.70_00038,LATE
CANONICAL_f6b030d67680,TRAIN,TRAIN,CLUST_0.70_00005,LATE
CANONICAL_f6ba2da6748b,TRAIN,TRAIN,CLUST_0.70_00005,EARLY
CANONICAL_f6bb7e28831e,TRAIN,TRAIN,CLUST_0.70_00005,LATE
CANONICAL_f6bbb82908f8,TRAIN,TRAIN,CLUST_0.70_00005,LATE
CANONICAL_f6c91427ad26,TRAIN,TRAIN,CLUST_0.70_00005,EARLY
CANONICAL_f6caae3eda0a,VALIDATION,TRAIN,CLUST_0.70_00008,LATE
CANONICAL_f6ced914dc4f,TEST,VALIDATION,CLUST_0.70_00059,LATE
CANONICAL_f6cf54fb3ac4,TRAIN,TRAIN,CLUST_0.70_00005,LATE
CANONICAL_f6cf9b826a5a,TRAIN,TEST,CLUST_0.70_00020,LATE
CANONICAL_f6d02e9ba81c,TEST,VALIDATION,CLUST_0.70_00036,EARLY
CANONICAL_f6d1e00da45f,TRAIN,TRAIN,CLUST_0.70_00008,LATE
CANONICAL_f6d34bb65036,TRAIN,TRAIN,CLUST_0.70_00007,LATE
CANONICAL_f6d42ed7d3a2,TRAIN,TRAIN,CLUST_0.70_00387,LATE
CANONICAL_f6d604ea404d,VALIDATION,TRAIN,CLUST_0.70_00008,LATE
CANONICAL_f6d61eb0df6e,TRAIN,TEST,CLUST_0.70_00030,EARLY
CANONICAL_f6d69416db5d,VALIDATION,TEST,CLUST_0.70_00001,LATE
CANONICAL_f6de949d06af,TRAIN,TRAIN,CLUST_0.70_00008,IMMEDIATE_EARLY
CANONICAL_f6e36734c1d3,TRAIN,TRAIN,CLUST_0.70_00005,LATE
CANONICAL_f6eb1df60d9c,TRAIN,TEST,CLUST_0.70_00051,LATE
CANONICAL_f6f5df4f3f4d,TRAIN,VALIDATION,CLUST_0.70_00029,LATE
CANONICAL_f6f749e2828c,TRAIN,TRAIN,CLUST_0.70_00014,LATE
CANONICAL_f6fdbe54bec1,TEST,VALIDATION,CLUST_0.70_00010,LATE
CANONICAL_f7017c6cd358,TRAIN,VALIDATION,CLUST_0.70_00041,EARLY
CANONICAL_f70ad92a21dc,TRAIN,TRAIN,CLUST_0.70_00007,LATE
CANONICAL_f70fc875d02e,TEST,TRAIN,CLUST_0.70_00005,LATE
CANONICAL_f713fd890929,TRAIN,TRAIN,CLUST_0.70_00005,EARLY
CANONICAL_f714f5190da2,TRAIN,TRAIN,CLUST_0.70_00005,LATE
CANONICAL_f716968efd2e,TRAIN,TRAIN,CLUST_0.70_00177,LATE
CANONICAL_f7185bce4199,TRAIN,TRAIN,CLUST_0.70_00005,EARLY
CANONICAL_f71f3423ee7d,TEST,TRAIN,CLUST_0.70_00109,LATE
CANONICAL_f72082ee18b6,TRAIN,TEST,CLUST_0.70_00001,LATE
CANONICAL_f729d3020dbc,VALIDATION,TRAIN,CLUST_0.70_00007,LATE
CANONICAL_f7315ed5dc28,TRAIN,TRAIN,CLUST_0.70_00007,EARLY
CANONICAL_f73213445dbe,TRAIN,TRAIN,CLUST_0.70_00008,LATE
CANONICAL_f73445b642a2,TRAIN,TEST,CLUST_0.70_00009,LATE
CANONICAL_f734e2bd6dab,TRAIN,VALIDATION,CLUST_0.70_00065,LATE
CANONICAL_f73a25b5a0f2,TRAIN,TRAIN,CLUST_0.70_00241,LATE
CANONICAL_f744883274a5,TRAIN,TRAIN,CLUST_0.70_00098,LATE
CANONICAL_f7501ac53b53,TEST,VALIDATION,CLUST_0.70_00036,EARLY
CANONICAL_f75638d34453,TRAIN,TRAIN,CLUST_0.70_00007,LATE
CANONICAL_f757e0557f2d,VALIDATION,VALIDATION,CLUST_0.70_00031,LATE
CANONICAL_f7586ec11d9b,TRAIN,TRAIN,CLUST_0.70_00005,EARLY
CANONICAL_f75b47def8dd,TRAIN,TRAIN,CLUST_0.70_00005,LATE
CANONICAL_f75c912d6c01,TRAIN,TRAIN,CLUST_0.70_00005,LATE
CANONICAL_f75d3a1c9e35,VALIDATION,TRAIN,CLUST_0.70_00008,LATE
CANONICAL_f75e8eea5e86,TEST,TRAIN,CLUST_0.70_00008,LATE
CANONICAL_f76ebf6306c6,VALIDATION,TRAIN,CLUST_0.70_00008,LATE
CANONICAL_f7735392dd48,TRAIN,VALIDATION,CLUST_0.70_00127,LATE
CANONICAL_f77378cf9c6b,TRAIN,TRAIN,CLUST_0.70_00005,EARLY
CANONICAL_f77609c71fe5,TEST,TRAIN,CLUST_0.70_00007,LATE
CANONICAL_f785dc59c289,VALIDATION,TRAIN,CLUST_0.70_00005,LATE
CANONICAL_f786cb2c5ac5,TRAIN,VALIDATION,CLUST_0.70_00065,LATE
CANONICAL_f7873026f622,TRAIN,VALIDATION,CLUST_0.70_00028,EARLY
CANONICAL_f78bcd21378d,TRAIN,VALIDATION,CLUST_0.70_00029,LATE
CANONICAL_f78d0fd70f5c,TRAIN,TRAIN,CLUST_0.70_00008,LATE
CANONICAL_f78d537ba4cf,TRAIN,TRAIN,CLUST_0.70_00062,LATE
CANONICAL_f78de6388cdb,VALIDATION,TRAIN,CLUST_0.70_00090,LATE
CANONICAL_f79ce1df07f8,TRAIN,TRAIN,CLUST_0.70_00005,EARLY
CANONICAL_f79d24e6e169,TEST,VALIDATION,CLUST_0.70_00006,IMMEDIATE_EARLY
CANONICAL_f7a52f38f08a,TEST,TRAIN,CLUST_0.70_00167,LATE
CANONICAL_f7a574b92d23,TRAIN,TRAIN,CLUST_0.70_00007,LATE
CANONICAL_f7a5ec5c8c33,TRAIN,TRAIN,CLUST_0.70_00005,LATE
CANONICAL_f7a658f6ed4c,TRAIN,VALIDATION,CLUST_0.70_00017,LATE
CANONICAL_f7aa6b144481,TRAIN,TRAIN,CLUST_0.70_00005,LATE
CANONICAL_f7ac1584f471,VALIDATION,TRAIN,CLUST_0.70_00008,LATE
CANONICAL_f7ad8cc2a89c,VALIDATION,TRAIN,CLUST_0.70_00231,IMMEDIATE_EARLY
CANONICAL_f7b20e642db7,TRAIN,TRAIN,CLUST_0.70_00005,EARLY
CANONICAL_f7b69796134b,TRAIN,TEST,CLUST_0.70_00018,EARLY
CANONICAL_f7bcc50be50e,TEST,TRAIN,CLUST_0.70_00008,LATE
CANONICAL_f7be859cc3c9,TRAIN,TRAIN,CLUST_0.70_00005,LATE
CANONICAL_f7c0d0ffd59e,TRAIN,VALIDATION,CLUST_0.70_00016,EARLY
CANONICAL_f7c182ea18ae,VALIDATION,TEST,CLUST_0.70_00001,LATE
CANONICAL_f7c6aa3fc0dd,TEST,TRAIN,CLUST_0.70_00008,LATE
CANONICAL_f7c868219baf,TRAIN,TRAIN,CLUST_0.70_00042,LATE
CANONICAL_f7cd931004c7,TRAIN,TRAIN,CLUST_0.70_00008,LATE
CANONICAL_f7ce2d5c87ea,VALIDATION,VALIDATION,CLUST_0.70_00017,LATE
CANONICAL_f7d416a8278d,TRAIN,TRAIN,CLUST_0.70_00005,EARLY
CANONICAL_f7d664b481df,TRAIN,TRAIN,CLUST_0.70_00005,EARLY
CANONICAL_f7d920ced3b6,TRAIN,VALIDATION,CLUST_0.70_00029,LATE
CANONICAL_f7da44872730,TRAIN,TRAIN,CLUST_0.70_00005,LATE
CANONICAL_f7daf744b107,TEST,TEST,CLUST_0.70_00004,IMMEDIATE_EARLY
CANONICAL_f7e52bf6aa5b,TRAIN,TRAIN,CLUST_0.70_00008,LATE
CANONICAL_f7e974c44d87,TRAIN,TRAIN,CLUST_0.70_00005,EARLY
CANONICAL_f7f319e18e53,TRAIN,TEST,CLUST_0.70_00071,LATE
CANONICAL_f7f46cda3980,VALIDATION,TRAIN,CLUST_0.70_00005,EARLY
CANONICAL_f7f888d6e831,TRAIN,TRAIN,CLUST_0.70_00090,LATE
CANONICAL_f7fad9dcf3da,TRAIN,TRAIN,CLUST_0.70_00005,LATE
CANONICAL_f7fe8ad14cc4,TRAIN,VALIDATION,CLUST_0.70_00127,LATE
CANONICAL_f7fe934e605d,TRAIN,TRAIN,CLUST_0.70_00008,LATE
CANONICAL_f804039b0578,TRAIN,TRAIN,CLUST_0.70_00005,LATE
CANONICAL_f80dcc9a3560,TRAIN,VALIDATION,CLUST_0.70_00059,LATE
CANONICAL_f80f18b805d8,TRAIN,VALIDATION,CLUST_0.70_00026,IMMEDIATE_EARLY
CANONICAL_f816f9f674fc,TRAIN,TRAIN,CLUST_0.70_00005,LATE
CANONICAL_f817e99821bd,TEST,TRAIN,CLUST_0.70_00005,EARLY
CANONICAL_f819cceee92f,VALIDATION,TRAIN,CLUST_0.70_00008,LATE
CANONICAL_f81ab8e1be9f,TRAIN,TRAIN,CLUST_0.70_00008,LATE
CANONICAL_f81e2885330f,TRAIN,TRAIN,CLUST_0.70_00005,EARLY
CANONICAL_f823fe1949f7,TRAIN,TRAIN,CLUST_0.70_00005,EARLY
CANONICAL_f83b818a34cc,TRAIN,TRAIN,CLUST_0.70_00008,LATE
CANONICAL_f843482f2871,TRAIN,TEST,CLUST_0.70_00030,EARLY
CANONICAL_f8481f25f199,TRAIN,TEST,CLUST_0.70_00004,IMMEDIATE_EARLY
CANONICAL_f8484e54fcc0,VALIDATION,TEST,CLUST_0.70_00080,LATE
CANONICAL_f84bf96a98d2,TRAIN,TRAIN,CLUST_0.70_00007,LATE
CANONICAL_f84c5094421c,TRAIN,TRAIN,CLUST_0.70_00007,LATE
CANONICAL_f854a04c4ad9,TRAIN,VALIDATION,CLUST_0.70_00041,EARLY
CANONICAL_f854d85472b9,TRAIN,TRAIN,CLUST_0.70_00005,EARLY
CANONICAL_f855d40c588d,TEST,TRAIN,CLUST_0.70_00005,EARLY
CANONICAL_f85af2c234b0,TRAIN,TRAIN,CLUST_0.70_00091,LATE
CANONICAL_f85b3a248979,TRAIN,TRAIN,CLUST_0.70_00008,LATE
CANONICAL_f85d00533f9e,TRAIN,TRAIN,CLUST_0.70_00007,LATE
CANONICAL_f85fbeea46b4,TRAIN,TRAIN,CLUST_0.70_00005,EARLY
CANONICAL_f86058c1b794,TEST,TRAIN,CLUST_0.70_00005,LATE
CANONICAL_f86b8bd0dc5a,TRAIN,TEST,CLUST_0.70_00001,LATE
CANONICAL_f87165e4b35d,TRAIN,VALIDATION,CLUST_0.70_00031,LATE
CANONICAL_f87297a28f1d,TRAIN,TRAIN,CLUST_0.70_00005,EARLY
CANONICAL_f8732942b4c3,TRAIN,TRAIN,CLUST_0.70_00008,LATE
CANONICAL_f87339cd876c,TRAIN,TEST,CLUST_0.70_00004,IMMEDIATE_EARLY
CANONICAL_f88085272587,TRAIN,VALIDATION,CLUST_0.70_00016,EARLY
CANONICAL_f883f9c9bfdd,VALIDATION,TEST,CLUST_0.70_00001,LATE
CANONICAL_f885532c3859,TRAIN,TRAIN,CLUST_0.70_00008,LATE
CANONICAL_f88a4e08189b,VALIDATION,TEST,CLUST_0.70_00004,IMMEDIATE_EARLY
CANONICAL_f88bafb173e9,VALIDATION,TRAIN,CLUST_0.70_00008,LATE
CANONICAL_f88f7d87fccd,TRAIN,TEST,CLUST_0.70_00015,LATE
CANONICAL_f88ffd67f014,TRAIN,TRAIN,CLUST_0.70_00005,LATE
CANONICAL_f891db2f8d3c,TRAIN,TRAIN,CLUST_0.70_00008,LATE
CANONICAL_f8996d9ce661,TRAIN,TEST,CLUST_0.70_00030,EARLY
CANONICAL_f89ad9f91224,TRAIN,VALIDATION,CLUST_0.70_00079,LATE
CANONICAL_f89bdd93b851,TEST,TRAIN,CLUST_0.70_00008,IMMEDIATE_EARLY
CANONICAL_f89c3846ab93,TRAIN,TRAIN,CLUST_0.70_00005,LATE
CANONICAL_f89cb91cca75,TRAIN,TRAIN,CLUST_0.70_00005,LATE
CANONICAL_f89eb5b355d9,TRAIN,TRAIN,CLUST_0.70_00007,EARLY
CANONICAL_f8a0e611d1e8,TRAIN,TRAIN,CLUST_0.70_00062,LATE
CANONICAL_f8a3212dcb52,TRAIN,TRAIN,CLUST_0.70_00008,LATE
CANONICAL_f8a483aa78e1,TRAIN,TEST,CLUST_0.70_00071,LATE
CANONICAL_f8aa2711ffcd,TRAIN,TEST,CLUST_0.70_00004,IMMEDIATE_EARLY
CANONICAL_f8abed0830a8,VALIDATION,TRAIN,CLUST_0.70_00007,LATE
CANONICAL_f8ae8050c724,TRAIN,TRAIN,CLUST_0.70_00005,LATE
CANONICAL_f8b23bcdf1f5,TRAIN,VALIDATION,CLUST_0.70_00036,EARLY
CANONICAL_f8b56787340d,TRAIN,TRAIN,CLUST_0.70_00083,LATE
CANONICAL_f8ba7cd20c18,TEST,TRAIN,CLUST_0.70_00008,LATE
CANONICAL_f8c5134955f7,VALIDATION,TRAIN,CLUST_0.70_00005,LATE
CANONICAL_f8cadb36b221,TEST,TRAIN,CLUST_0.70_00062,LATE
CANONICAL_f8cde6cd590d,TRAIN,TEST,CLUST_0.70_00015,LATE
CANONICAL_f8cf944d8419,TRAIN,TEST,CLUST_0.70_00018,LATE
CANONICAL_f8d30c4cb90e,TRAIN,VALIDATION,CLUST_0.70_00025,LATE
CANONICAL_f8d7f92b98cd,TEST,TRAIN,CLUST_0.70_00033,IMMEDIATE_EARLY
CANONICAL_f8da8b5f4b1b,TEST,TEST,CLUST_0.70_00071,LATE
CANONICAL_f8df6a3fa6c8,TRAIN,TRAIN,CLUST_0.70_00007,LATE
CANONICAL_f8e050e38dfa,TEST,TRAIN,CLUST_0.70_00005,LATE
CANONICAL_f8e3ca7e21e7,TRAIN,TRAIN,CLUST_0.70_00235,LATE
CANONICAL_f8e9b2daea4a,TRAIN,VALIDATION,CLUST_0.70_00006,IMMEDIATE_EARLY
CANONICAL_f8f4d089f2af,TRAIN,TRAIN,CLUST_0.70_00005,LATE
CANONICAL_f8f51cc00c0a,TEST,VALIDATION,CLUST_0.70_00017,LATE
CANONICAL_f8fb365c6092,TEST,TRAIN,CLUST_0.70_00007,LATE
CANONICAL_f900553baf58,VALIDATION,TRAIN,CLUST_0.70_00008,LATE
CANONICAL_f905767b0d7b,TRAIN,VALIDATION,CLUST_0.70_00064,LATE
CANONICAL_f906766289a5,VALIDATION,VALIDATION,CLUST_0.70_00055,LATE
CANONICAL_f90bd09edb2e,TRAIN,TRAIN,CLUST_0.70_00005,LATE
CANONICAL_f9109f3b63b6,VALIDATION,TEST,CLUST_0.70_00001,LATE
CANONICAL_f9114231ebd4,TRAIN,TRAIN,CLUST_0.70_00005,EARLY
CANONICAL_f912de7a575d,TRAIN,VALIDATION,CLUST_0.70_00010,LATE
CANONICAL_f9153ca68091,TRAIN,TRAIN,CLUST_0.70_00091,LATE
CANONICAL_f9179bc74f60,TRAIN,TEST,CLUST_0.70_00004,IMMEDIATE_EARLY
CANONICAL_f917bdc7d7d8,TRAIN,VALIDATION,CLUST_0.70_00017,LATE
CANONICAL_f919be891a52,VALIDATION,TRAIN,CLUST_0.70_00047,LATE
CANONICAL_f91e7befd6fd,TRAIN,TRAIN,CLUST_0.70_00005,LATE
CANONICAL_f91eeed18b06,TEST,TRAIN,CLUST_0.70_00008,LATE
CANONICAL_f922c5f4c629,TRAIN,TEST,CLUST_0.70_00071,LATE
CANONICAL_f9323f942fd5,TRAIN,TRAIN,CLUST_0.70_00005,EARLY
CANONICAL_f932efb3e8c9,VALIDATION,TRAIN,CLUST_0.70_00005,LATE
CANONICAL_f93b3e19a787,TEST,VALIDATION,CLUST_0.70_00055,LATE
CANONICAL_f93b4f12c248,TRAIN,TRAIN,CLUST_0.70_00008,LATE
CANONICAL_f93d5c14e7bd,TEST,VALIDATION,CLUST_0.70_00190,LATE
CANONICAL_f94b624c248f,TRAIN,VALIDATION,CLUST_0.70_00086,LATE
CANONICAL_f9521370e5f4,VALIDATION,TRAIN,CLUST_0.70_00008,LATE
CANONICAL_f952f91747e9,TRAIN,TRAIN,CLUST_0.70_00033,IMMEDIATE_EARLY
CANONICAL_f957a7172c83,TRAIN,TRAIN,CLUST_0.70_00124,LATE
CANONICAL_f957d777e5a0,TRAIN,TEST,CLUST_0.70_00030,EARLY
CANONICAL_f95e3e84edae,TRAIN,TEST,CLUST_0.70_00004,IMMEDIATE_EARLY
CANONICAL_f960140f8109,TRAIN,TEST,CLUST_0.70_00015,LATE
CANONICAL_f965e318cfd1,TRAIN,VALIDATION,CLUST_0.70_00086,LATE
CANONICAL_f96a1513d3f7,TRAIN,VALIDATION,CLUST_0.70_00006,IMMEDIATE_EARLY
CANONICAL_f96a5dbf6e78,VALIDATION,VALIDATION,CLUST_0.70_00016,EARLY
CANONICAL_f976e8003a4a,VALIDATION,VALIDATION,CLUST_0.70_00040,EARLY
CANONICAL_f98037aa7c2e,VALIDATION,TRAIN,CLUST_0.70_00005,LATE
CANONICAL_f9842422363b,VALIDATION,TRAIN,CLUST_0.70_00005,EARLY
CANONICAL_f9917bebc3c2,TRAIN,VALIDATION,CLUST_0.70_00016,EARLY
CANONICAL_f995c79b7b9d,TRAIN,VALIDATION,CLUST_0.70_00059,LATE
CANONICAL_f99c37efd019,TRAIN,TEST,CLUST_0.70_00001,LATE
CANONICAL_f99c5230b74d,TRAIN,VALIDATION,CLUST_0.70_00079,LATE
CANONICAL_f99d5be489b7,TRAIN,TRAIN,CLUST_0.70_00005,LATE
CANONICAL_f99d8d6c4ad9,TEST,VALIDATION,CLUST_0.70_00041,EARLY
CANONICAL_f99d8e602c7e,TRAIN,TRAIN,CLUST_0.70_00007,EARLY
CANONICAL_f9a5d75e78ed,TRAIN,TEST,CLUST_0.70_00080,LATE
CANONICAL_f9a91eef120c,TEST,VALIDATION,CLUST_0.70_00059,LATE
CANONICAL_f9aa0738cfa4,TRAIN,VALIDATION,CLUST_0.70_00017,LATE
CANONICAL_f9ac7e68307e,VALIDATION,TEST,CLUST_0.70_00004,IMMEDIATE_EARLY
CANONICAL_f9b09ced42d7,TEST,TRAIN,CLUST_0.70_00007,EARLY
CANONICAL_f9b0f91b6a4a,TRAIN,TRAIN,CLUST_0.70_00008,LATE
CANONICAL_f9b7f8f6ce6e,TRAIN,TRAIN,CLUST_0.70_00005,EARLY
CANONICAL_f9c0de958f4a,TRAIN,TRAIN,CLUST_0.70_00005,EARLY
CANONICAL_f9c32cf4eef8,TRAIN,TRAIN,CLUST_0.70_00005,LATE
CANONICAL_f9c3c33be71f,TRAIN,VALIDATION,CLUST_0.70_00064,LATE
CANONICAL_f9da5de316a7,TEST,TRAIN,CLUST_0.70_00008,LATE
CANONICAL_f9da98210dae,TRAIN,VALIDATION,CLUST_0.70_00064,LATE
CANONICAL_f9dec1b142bb,TRAIN,TRAIN,CLUST_0.70_00008,LATE
CANONICAL_f9dfd057a21c,TRAIN,TRAIN,CLUST_0.70_00008,LATE
CANONICAL_f9e3a83f17c5,TRAIN,VALIDATION,CLUST_0.70_00031,LATE
CANONICAL_f9ea8bae7135,TEST,TRAIN,CLUST_0.70_00337,EARLY
CANONICAL_f9eae190a373,TRAIN,VALIDATION,CLUST_0.70_00058,LATE
CANONICAL_f9ebf9db3a4d,TRAIN,TRAIN,CLUST_0.70_00008,LATE
CANONICAL_f9f1b0acdb94,TRAIN,TRAIN,CLUST_0.70_00005,EARLY
CANONICAL_f9f5dd6ac93a,TRAIN,TEST,CLUST_0.70_00001,LATE
CANONICAL_f9fddcd2a917,VALIDATION,TRAIN,CLUST_0.70_00008,LATE
CANONICAL_fa000231dff1,TRAIN,TEST,CLUST_0.70_00009,LATE
CANONICAL_fa07cb8c5d8b,TRAIN,TEST,CLUST_0.70_00030,EARLY
CANONICAL_fa08077f5630,VALIDATION,TEST,CLUST_0.70_00001,LATE
CANONICAL_fa0f2b8b07cd,TEST,TRAIN,CLUST_0.70_00008,EARLY
CANONICAL_fa1153f42cf7,TRAIN,VALIDATION,CLUST_0.70_00127,LATE
CANONICAL_fa125b860eea,TRAIN,VALIDATION,CLUST_0.70_00017,LATE
CANONICAL_fa1d0c9d288b,TRAIN,TRAIN,CLUST_0.70_00222,LATE
CANONICAL_fa222cc5d1c7,TEST,TRAIN,CLUST_0.70_00005,LATE
CANONICAL_fa2fd218d027,TRAIN,VALIDATION,CLUST_0.70_00040,EARLY
CANONICAL_fa347e266aca,VALIDATION,TRAIN,CLUST_0.70_00005,EARLY
CANONICAL_fa3568003462,TRAIN,TEST,CLUST_0.70_00052,LATE
CANONICAL_fa35785c7552,TRAIN,TRAIN,CLUST_0.70_00214,LATE
CANONICAL_fa3784f869c1,TRAIN,VALIDATION,CLUST_0.70_00086,LATE
CANONICAL_fa3cf9e76f40,TRAIN,TRAIN,CLUST_0.70_00005,EARLY
CANONICAL_fa3e17253571,TEST,TRAIN,CLUST_0.70_00224,LATE
CANONICAL_fa41002742e3,TRAIN,TRAIN,CLUST_0.70_00005,LATE
CANONICAL_fa4d63db0d75,TRAIN,TRAIN,CLUST_0.70_00008,LATE
CANONICAL_fa4f8e1329a6,VALIDATION,TRAIN,CLUST_0.70_00005,EARLY
CANONICAL_fa56648235d6,TRAIN,TRAIN,CLUST_0.70_00007,EARLY
CANONICAL_fa56bc4f1b05,VALIDATION,TRAIN,CLUST_0.70_00008,LATE
CANONICAL_fa595c2f7bad,TRAIN,VALIDATION,CLUST_0.70_00064,LATE
CANONICAL_fa5fa8e82e20,TRAIN,TRAIN,CLUST_0.70_00008,LATE
CANONICAL_fa6771a8817e,TRAIN,TRAIN,CLUST_0.70_00008,LATE
CANONICAL_fa6c555581b5,TRAIN,TRAIN,CLUST_0.70_00008,IMMEDIATE_EARLY
CANONICAL_fa77b69df59d,TEST,TEST,CLUST_0.70_00030,EARLY
CANONICAL_fa7b493e063e,TRAIN,TRAIN,CLUST_0.70_00005,EARLY
CANONICAL_fa82660decb4,TRAIN,TRAIN,CLUST_0.70_00077,LATE
CANONICAL_fa830514b593,TRAIN,TEST,CLUST_0.70_00071,LATE
CANONICAL_fa831a9d8837,TRAIN,TRAIN,CLUST_0.70_00008,LATE
CANONICAL_fa836234b191,VALIDATION,TEST,CLUST_0.70_00030,EARLY
CANONICAL_fa843482db38,TEST,TRAIN,CLUST_0.70_00008,LATE
CANONICAL_fa851394ecde,TRAIN,TRAIN,CLUST_0.70_00005,LATE
CANONICAL_fa8746d172fa,TRAIN,TRAIN,CLUST_0.70_00008,LATE
CANONICAL_fa89bef40dd9,TRAIN,TRAIN,CLUST_0.70_00005,LATE
CANONICAL_fa8e3a93ff20,TRAIN,TRAIN,CLUST_0.70_00005,EARLY
CANONICAL_fa9256b4f14f,TEST,TRAIN,CLUST_0.70_00033,IMMEDIATE_EARLY
CANONICAL_fa975dc209cc,TRAIN,TEST,CLUST_0.70_00004,IMMEDIATE_EARLY
CANONICAL_fa9be204e91e,TRAIN,TEST,CLUST_0.70_00001,LATE
CANONICAL_faa55c948b36,TRAIN,TRAIN,CLUST_0.70_00090,LATE
CANONICAL_fab0b4be0d44,TRAIN,TRAIN,CLUST_0.70_00005,LATE
CANONICAL_fab1e9d3ad1e,TRAIN,TRAIN,CLUST_0.70_00227,LATE
CANONICAL_fab2d481b521,TRAIN,TEST,CLUST_0.70_00004,IMMEDIATE_EARLY
CANONICAL_fac18365a2eb,TRAIN,VALIDATION,CLUST_0.70_00029,LATE
CANONICAL_fac95a3c6d07,VALIDATION,TEST,CLUST_0.70_00015,LATE
CANONICAL_faca5deb6372,TRAIN,TRAIN,CLUST_0.70_00008,LATE
CANONICAL_facfdceba793,TRAIN,TRAIN,CLUST_0.70_00033,IMMEDIATE_EARLY
CANONICAL_fad4a2271bc8,TRAIN,VALIDATION,CLUST_0.70_00106,LATE
CANONICAL_fad548aabe8c,TRAIN,TRAIN,CLUST_0.70_00136,LATE
CANONICAL_fada128110f4,TRAIN,TEST,CLUST_0.70_00018,LATE
CANONICAL_fae4a21ee1f3,VALIDATION,VALIDATION,CLUST_0.70_00031,LATE
CANONICAL_faea68b4e316,VALIDATION,TRAIN,CLUST_0.70_00005,LATE
CANONICAL_faec0900831e,TRAIN,TRAIN,CLUST_0.70_00008,LATE
CANONICAL_faf1fc09a597,TEST,TRAIN,CLUST_0.70_00005,LATE
CANONICAL_faf24089c4c9,TRAIN,TRAIN,CLUST_0.70_00005,LATE
CANONICAL_faf3b8f8905e,TRAIN,TEST,CLUST_0.70_00009,LATE
CANONICAL_fafa13e12830,TEST,TRAIN,CLUST_0.70_00005,EARLY
CANONICAL_fafff8c9d393,TRAIN,TRAIN,CLUST_0.70_00005,EARLY
CANONICAL_fb018d749640,TEST,TEST,CLUST_0.70_00001,LATE
CANONICAL_fb04043bffe6,TRAIN,TRAIN,CLUST_0.70_00005,EARLY
CANONICAL_fb04b176a120,TRAIN,TEST,CLUST_0.70_00030,EARLY
CANONICAL_fb093ace99b7,TRAIN,TEST,CLUST_0.70_00001,IMMEDIATE_EARLY
CANONICAL_fb0b408dd71e,TRAIN,TRAIN,CLUST_0.70_00008,LATE
CANONICAL_fb0d11d51d2c,TRAIN,VALIDATION,CLUST_0.70_00079,LATE
CANONICAL_fb0f0fa9ef11,TRAIN,TRAIN,CLUST_0.70_00338,LATE
CANONICAL_fb0f65953f9d,TRAIN,TRAIN,CLUST_0.70_00109,LATE
CANONICAL_fb119df2d8e7,VALIDATION,TRAIN,CLUST_0.70_00008,LATE
CANONICAL_fb175c2079e9,TEST,TRAIN,CLUST_0.70_00005,EARLY
CANONICAL_fb17649a187c,TRAIN,VALIDATION,CLUST_0.70_00059,LATE
CANONICAL_fb1af50aa171,TRAIN,TRAIN,CLUST_0.70_00090,LATE
CANONICAL_fb213b26e03d,TRAIN,VALIDATION,CLUST_0.70_00055,LATE
CANONICAL_fb25a6d72797,VALIDATION,VALIDATION,CLUST_0.70_00086,LATE
CANONICAL_fb267523524c,TRAIN,TRAIN,CLUST_0.70_00005,LATE
CANONICAL_fb26f9d04e28,TEST,VALIDATION,CLUST_0.70_00079,LATE
CANONICAL_fb294dedafea,VALIDATION,TRAIN,CLUST_0.70_00005,LATE
CANONICAL_fb32ec9efcc9,TRAIN,TRAIN,CLUST_0.70_00005,LATE
CANONICAL_fb3639914b27,TRAIN,TRAIN,CLUST_0.70_00008,LATE
CANONICAL_fb3835139bc7,VALIDATION,TEST,CLUST_0.70_00030,EARLY
CANONICAL_fb3a047dee24,TRAIN,TEST,CLUST_0.70_00018,LATE
CANONICAL_fb3c18bf8617,TEST,TRAIN,CLUST_0.70_00005,LATE
CANONICAL_fb3e9dfe009b,TRAIN,TRAIN,CLUST_0.70_00005,LATE
CANONICAL_fb414483e374,TEST,VALIDATION,CLUST_0.70_00059,LATE
CANONICAL_fb4148813a24,VALIDATION,VALIDATION,CLUST_0.70_00031,LATE
CANONICAL_fb4405962956,TRAIN,TEST,CLUST_0.70_00052,LATE
CANONICAL_fb4ff498d1b2,TRAIN,TRAIN,CLUST_0.70_00005,EARLY
CANONICAL_fb51e548b8a7,TEST,VALIDATION,CLUST_0.70_00041,EARLY
CANONICAL_fb5206dfce01,TRAIN,VALIDATION,CLUST_0.70_00127,LATE
CANONICAL_fb534bb9b13a,VALIDATION,VALIDATION,CLUST_0.70_00029,LATE
CANONICAL_fb58bee82dea,VALIDATION,TRAIN,CLUST_0.70_00005,EARLY
CANONICAL_fb5bdae9e802,TRAIN,TRAIN,CLUST_0.70_00236,IMMEDIATE_EARLY
CANONICAL_fb5da834d5a4,TEST,TEST,CLUST_0.70_00001,LATE
CANONICAL_fb6017f2447c,TRAIN,TEST,CLUST_0.70_00052,LATE
CANONICAL_fb6199fb875b,TRAIN,VALIDATION,CLUST_0.70_00127,LATE
CANONICAL_fb64528ca653,TRAIN,TEST,CLUST_0.70_00001,LATE
CANONICAL_fb719455c53f,VALIDATION,TRAIN,CLUST_0.70_00005,EARLY
CANONICAL_fb726278b35a,TRAIN,VALIDATION,CLUST_0.70_00127,LATE
CANONICAL_fb7961105ac2,TRAIN,TRAIN,CLUST_0.70_00008,LATE
CANONICAL_fb7a038b3b3c,TRAIN,TEST,CLUST_0.70_00020,LATE
CANONICAL_fb7b7da883dd,TRAIN,TRAIN,CLUST_0.70_00435,LATE
CANONICAL_fb7bb1898001,VALIDATION,VALIDATION,CLUST_0.70_00006,IMMEDIATE_EARLY
CANONICAL_fb7c4f76f42c,TRAIN,TRAIN,CLUST_0.70_00007,LATE
CANONICAL_fb8055e1ad01,TRAIN,TRAIN,CLUST_0.70_00005,LATE
CANONICAL_fb8328cbd3ab,TRAIN,VALIDATION,CLUST_0.70_00106,LATE
CANONICAL_fb88c7ef5e42,TRAIN,TRAIN,CLUST_0.70_00007,LATE
CANONICAL_fb8e129f743b,TEST,TEST,CLUST_0.70_00030,EARLY
CANONICAL_fb8e61ae5af7,TRAIN,TEST,CLUST_0.70_00018,LATE
CANONICAL_fb979f369f57,TRAIN,TRAIN,CLUST_0.70_00008,IMMEDIATE_EARLY
CANONICAL_fb983c893f9c,TRAIN,TEST,CLUST_0.70_00004,IMMEDIATE_EARLY
CANONICAL_fb99ae404e0d,TRAIN,TEST,CLUST_0.70_00015,LATE
CANONICAL_fb9ec53f7383,TRAIN,TEST,CLUST_0.70_00052,LATE
CANONICAL_fb9ee54e9cf9,TRAIN,TRAIN,CLUST_0.70_00005,LATE
CANONICAL_fba7dd640f0d,TEST,TRAIN,CLUST_0.70_00005,EARLY
CANONICAL_fba84f1588d7,TEST,TRAIN,CLUST_0.70_00008,LATE
CANONICAL_fba878e617bb,TEST,TRAIN,CLUST_0.70_00005,LATE
CANONICAL_fbaacc04ab09,TEST,TRAIN,CLUST_0.70_00005,LATE
CANONICAL_fbaae5a7fe12,TRAIN,TRAIN,CLUST_0.70_00008,LATE
CANONICAL_fbacfa354498,TRAIN,TRAIN,CLUST_0.70_00008,LATE
CANONICAL_fbafd73d3182,TRAIN,VALIDATION,CLUST_0.70_00059,LATE
CANONICAL_fbb5043e80ac,TEST,VALIDATION,CLUST_0.70_00006,IMMEDIATE_EARLY
CANONICAL_fbb894d5b7e4,TRAIN,VALIDATION,CLUST_0.70_00006,IMMEDIATE_EARLY
CANONICAL_fbb8d3c8cb14,TRAIN,TRAIN,CLUST_0.70_00047,LATE
CANONICAL_fbbcd530d0fe,VALIDATION,VALIDATION,CLUST_0.70_00029,LATE
CANONICAL_fbbd13fe0f76,TRAIN,VALIDATION,CLUST_0.70_00086,LATE
CANONICAL_fbc402c1b8c9,TRAIN,TRAIN,CLUST_0.70_00008,LATE
CANONICAL_fbc6cc7fbd9f,TRAIN,TRAIN,CLUST_0.70_00005,EARLY
CANONICAL_fbd0cb281076,TRAIN,TEST,CLUST_0.70_00015,LATE
CANONICAL_fbd2ed085eb5,TRAIN,VALIDATION,CLUST_0.70_00010,EARLY
CANONICAL_fbe5e8b624cf,TEST,VALIDATION,CLUST_0.70_00026,IMMEDIATE_EARLY
CANONICAL_fbed163f69d8,TRAIN,TRAIN,CLUST_0.70_00213,LATE
CANONICAL_fbedb35f53dc,VALIDATION,TRAIN,CLUST_0.70_00008,LATE
CANONICAL_fbf07739dd36,TRAIN,TEST,CLUST_0.70_00001,LATE
CANONICAL_fbf7aed020fd,VALIDATION,TRAIN,CLUST_0.70_00005,LATE
CANONICAL_fbfe02a249fc,TRAIN,VALIDATION,CLUST_0.70_00065,LATE
CANONICAL_fc033def2d58,TRAIN,VALIDATION,CLUST_0.70_00040,EARLY
CANONICAL_fc066b2ccf28,VALIDATION,TRAIN,CLUST_0.70_00005,EARLY
CANONICAL_fc0f60c47846,TRAIN,VALIDATION,CLUST_0.70_00127,LATE
CANONICAL_fc1a40468326,TRAIN,VALIDATION,CLUST_0.70_00029,LATE
CANONICAL_fc20f11e3043,TRAIN,TEST,CLUST_0.70_00018,LATE
CANONICAL_fc278cd021aa,TRAIN,TRAIN,CLUST_0.70_00005,EARLY
CANONICAL_fc30fe2a393f,TRAIN,VALIDATION,CLUST_0.70_00031,LATE
CANONICAL_fc335f889aac,TRAIN,TRAIN,CLUST_0.70_00005,LATE
CANONICAL_fc3836547b89,TRAIN,TEST,CLUST_0.70_00071,LATE
CANONICAL_fc3a4ed6e008,TRAIN,VALIDATION,CLUST_0.70_00006,IMMEDIATE_EARLY
CANONICAL_fc3c76d82261,TRAIN,TEST,CLUST_0.70_00004,IMMEDIATE_EARLY
CANONICAL_fc3cb6a52ef0,TRAIN,TEST,CLUST_0.70_00051,LATE
CANONICAL_fc3e1cb33930,TRAIN,TRAIN,CLUST_0.70_00008,LATE
CANONICAL_fc3fb2e3f05f,TRAIN,TEST,CLUST_0.70_00015,LATE
CANONICAL_fc431a5a3b6f,TRAIN,VALIDATION,CLUST_0.70_00026,IMMEDIATE_EARLY
CANONICAL_fc444d974ee1,TRAIN,TRAIN,CLUST_0.70_00007,EARLY
CANONICAL_fc4f821c98fe,TEST,TRAIN,CLUST_0.70_00005,LATE
CANONICAL_fc528a657738,TEST,TRAIN,CLUST_0.70_00007,EARLY
CANONICAL_fc53bdfde30d,TEST,TRAIN,CLUST_0.70_00008,LATE
CANONICAL_fc578106171b,TRAIN,TRAIN,CLUST_0.70_00161,LATE
CANONICAL_fc57e7fd31fc,TRAIN,TRAIN,CLUST_0.70_00007,LATE
CANONICAL_fc5a0e6de2d0,TRAIN,TRAIN,CLUST_0.70_00005,LATE
CANONICAL_fc5c99a4b375,VALIDATION,VALIDATION,CLUST_0.70_00025,LATE
CANONICAL_fc653ed51bb2,TRAIN,TRAIN,CLUST_0.70_00008,LATE
CANONICAL_fc660300712e,TRAIN,VALIDATION,CLUST_0.70_00169,LATE
CANONICAL_fc68bba3f080,TEST,TRAIN,CLUST_0.70_00007,EARLY
CANONICAL_fc6f80b11163,TRAIN,TEST,CLUST_0.70_00004,IMMEDIATE_EARLY
CANONICAL_fc7aed8f1341,TRAIN,TEST,CLUST_0.70_00051,LATE
CANONICAL_fc7d89430cd6,TRAIN,TRAIN,CLUST_0.70_00005,LATE
CANONICAL_fc7d97d42e21,TRAIN,TRAIN,CLUST_0.70_00005,EARLY
CANONICAL_fc81420376f1,TRAIN,VALIDATION,CLUST_0.70_00041,EARLY
CANONICAL_fc849c0814fe,TRAIN,TRAIN,CLUST_0.70_00005,LATE
CANONICAL_fc85c850bb6f,TRAIN,TRAIN,CLUST_0.70_00005,LATE
CANONICAL_fc8917b90bee,TRAIN,TRAIN,CLUST_0.70_00008,LATE
CANONICAL_fc8a73b0c870,TRAIN,TRAIN,CLUST_0.70_00007,LATE
CANONICAL_fc9077343bda,TRAIN,TEST,CLUST_0.70_00004,IMMEDIATE_EARLY
CANONICAL_fc95906582e0,TRAIN,TRAIN,CLUST_0.70_00008,LATE
CANONICAL_fc98913895a9,VALIDATION,TRAIN,CLUST_0.70_00008,LATE
CANONICAL_fc9d37a7f4b9,TRAIN,TRAIN,CLUST_0.70_00005,EARLY
CANONICAL_fc9e9d944c42,TRAIN,TRAIN,CLUST_0.70_00102,LATE
CANONICAL_fca5c4bc41ee,VALIDATION,VALIDATION,CLUST_0.70_00010,EARLY
CANONICAL_fca6bcc0ce95,VALIDATION,TRAIN,CLUST_0.70_00164,LATE
CANONICAL_fcaa97a19410,TEST,TRAIN,CLUST_0.70_00005,LATE
CANONICAL_fcb088252fd5,TRAIN,TRAIN,CLUST_0.70_00005,LATE
CANONICAL_fcb338c7b023,TRAIN,TEST,CLUST_0.70_00030,EARLY
CANONICAL_fcbb2f2d20b1,TRAIN,VALIDATION,CLUST_0.70_00058,LATE
CANONICAL_fcbc39f6e972,TRAIN,VALIDATION,CLUST_0.70_00065,LATE
CANONICAL_fcbc5d4a0e61,TRAIN,TEST,CLUST_0.70_00037,LATE
CANONICAL_fcc83ce6f171,TRAIN,TRAIN,CLUST_0.70_00005,EARLY
CANONICAL_fcc8cd0f54d3,TRAIN,TEST,CLUST_0.70_00001,LATE
CANONICAL_fccba061ccfb,TRAIN,TRAIN,CLUST_0.70_00007,LATE
CANONICAL_fccd0c9be8f1,TRAIN,TRAIN,CLUST_0.70_00008,LATE
CANONICAL_fcd0c269e9d9,TRAIN,TEST,CLUST_0.70_00030,EARLY
CANONICAL_fcdab242fe78,TRAIN,TRAIN,CLUST_0.70_00005,LATE
CANONICAL_fcdc2dd3dad8,TRAIN,VALIDATION,CLUST_0.70_00029,LATE
CANONICAL_fce32bc2a507,TEST,TRAIN,CLUST_0.70_00005,EARLY
CANONICAL_fce8e84b9a73,TRAIN,VALIDATION,CLUST_0.70_00017,LATE
CANONICAL_fcea0c5fb27d,TRAIN,TRAIN,CLUST_0.70_00056,LATE
CANONICAL_fcec494c6cd6,VALIDATION,TRAIN,CLUST_0.70_00005,LATE
CANONICAL_fcee29d536b4,VALIDATION,TEST,CLUST_0.70_00004,IMMEDIATE_EARLY
CANONICAL_fcf28d2b391a,VALIDATION,TRAIN,CLUST_0.70_00005,LATE
CANONICAL_fcf3b22d9bfb,TRAIN,TRAIN,CLUST_0.70_00011,EARLY
CANONICAL_fcf4327085f9,TRAIN,TRAIN,CLUST_0.70_00290,LATE
CANONICAL_fcff6e89aeeb,TRAIN,TRAIN,CLUST_0.70_00007,LATE
CANONICAL_fd01479f85fc,VALIDATION,TRAIN,CLUST_0.70_00005,EARLY
CANONICAL_fd01cf5b4891,TRAIN,VALIDATION,CLUST_0.70_00079,LATE
CANONICAL_fd0200180d87,TRAIN,VALIDATION,CLUST_0.70_00010,EARLY
CANONICAL_fd0916e700c5,TRAIN,TRAIN,CLUST_0.70_00007,LATE
CANONICAL_fd0d762ad5b1,TRAIN,VALIDATION,CLUST_0.70_00029,LATE
CANONICAL_fd0db9888f6f,VALIDATION,VALIDATION,CLUST_0.70_00006,IMMEDIATE_EARLY
CANONICAL_fd1d8ac66035,TRAIN,TRAIN,CLUST_0.70_00008,LATE
CANONICAL_fd1f3dd1aacc,TRAIN,TRAIN,CLUST_0.70_00005,LATE
CANONICAL_fd278489a45d,TEST,TRAIN,CLUST_0.70_00008,LATE
CANONICAL_fd28286b7652,TRAIN,TEST,CLUST_0.70_00020,LATE
CANONICAL_fd2be9779e28,TRAIN,TRAIN,CLUST_0.70_00005,EARLY
CANONICAL_fd2e11ccb0ce,TRAIN,TEST,CLUST_0.70_00001,LATE
CANONICAL_fd2f6d4fd613,TRAIN,TRAIN,CLUST_0.70_00007,LATE
CANONICAL_fd3034ac7054,TRAIN,TRAIN,CLUST_0.70_00008,LATE
CANONICAL_fd3403bec229,TRAIN,TEST,CLUST_0.70_00004,IMMEDIATE_EARLY
CANONICAL_fd38580bcfbb,VALIDATION,VALIDATION,CLUST_0.70_00079,LATE
CANONICAL_fd38b11cf5a7,TRAIN,TEST,CLUST_0.70_00030,EARLY
CANONICAL_fd3928800300,TRAIN,TEST,CLUST_0.70_00004,IMMEDIATE_EARLY
CANONICAL_fd39ddc35e4f,TRAIN,TRAIN,CLUST_0.70_00005,EARLY
CANONICAL_fd3e979594c8,TRAIN,TRAIN,CLUST_0.70_00007,LATE
CANONICAL_fd46314d200f,TRAIN,TRAIN,CLUST_0.70_00236,IMMEDIATE_EARLY
CANONICAL_fd46d90682fe,TEST,TRAIN,CLUST_0.70_00005,LATE
CANONICAL_fd46ea4ae26f,TRAIN,TRAIN,CLUST_0.70_00188,LATE
CANONICAL_fd4b00be56af,TRAIN,TEST,CLUST_0.70_00004,IMMEDIATE_EARLY
CANONICAL_fd53cd2e892e,VALIDATION,TEST,CLUST_0.70_00030,EARLY
CANONICAL_fd61ea91cc6a,TRAIN,TRAIN,CLUST_0.70_00005,EARLY
CANONICAL_fd62d6a1dc93,VALIDATION,TRAIN,CLUST_0.70_00008,IMMEDIATE_EARLY
CANONICAL_fd68e81cdae2,TRAIN,TEST,CLUST_0.70_00015,LATE
CANONICAL_fd6a5e462efc,TRAIN,TRAIN,CLUST_0.70_00005,EARLY
CANONICAL_fd6e58a03240,TRAIN,VALIDATION,CLUST_0.70_00064,LATE
CANONICAL_fd70ba4c6371,TRAIN,TRAIN,CLUST_0.70_00005,LATE
CANONICAL_fd71be00dfe9,TRAIN,TEST,CLUST_0.70_00071,LATE
CANONICAL_fd75624a757e,TRAIN,VALIDATION,CLUST_0.70_00028,EARLY
CANONICAL_fd756bc9a8f9,TEST,VALIDATION,CLUST_0.70_00106,LATE
CANONICAL_fd76d185f3b0,VALIDATION,VALIDATION,CLUST_0.70_00079,LATE
CANONICAL_fd7e1d3e1dce,VALIDATION,TRAIN,CLUST_0.70_00197,IMMEDIATE_EARLY
CANONICAL_fd8049da889b,TRAIN,TRAIN,CLUST_0.70_00005,LATE
CANONICAL_fd84d4b95051,TRAIN,TRAIN,CLUST_0.70_00008,LATE
CANONICAL_fd88af9521e8,TEST,TRAIN,CLUST_0.70_00423,EARLY
CANONICAL_fd8ea1528699,VALIDATION,TEST,CLUST_0.70_00030,EARLY
CANONICAL_fd92c6ea8881,TRAIN,TEST,CLUST_0.70_00001,LATE
CANONICAL_fd994c1c1637,TRAIN,VALIDATION,CLUST_0.70_00086,LATE
CANONICAL_fd9c9a71af6a,TRAIN,TRAIN,CLUST_0.70_00007,LATE
CANONICAL_fda57e8d03ef,TRAIN,VALIDATION,CLUST_0.70_00058,LATE
CANONICAL_fda65333f0c8,TRAIN,TRAIN,CLUST_0.70_00008,LATE
CANONICAL_fda7425f6ff1,TRAIN,TRAIN,CLUST_0.70_00005,LATE
CANONICAL_fdb091d91922,TRAIN,TEST,CLUST_0.70_00001,LATE
CANONICAL_fdb3fb18549e,VALIDATION,TRAIN,CLUST_0.70_00008,LATE
CANONICAL_fdbbd63b136d,TRAIN,TEST,CLUST_0.70_00004,IMMEDIATE_EARLY
CANONICAL_fdbc9e60ab62,TRAIN,TRAIN,CLUST_0.70_00236,IMMEDIATE_EARLY
CANONICAL_fdc0b783d099,TRAIN,TRAIN,CLUST_0.70_00007,EARLY
CANONICAL_fdcb1d4341e1,TRAIN,TRAIN,CLUST_0.70_00247,EARLY
CANONICAL_fdccbdb0bc50,TRAIN,TRAIN,CLUST_0.70_00008,LATE
CANONICAL_fdcf248ecc10,TRAIN,TEST,CLUST_0.70_00015,LATE
CANONICAL_fdd6b196ff04,TRAIN,TRAIN,CLUST_0.70_00005,EARLY
CANONICAL_fddb9d65b860,TRAIN,TRAIN,CLUST_0.70_00098,LATE
CANONICAL_fddd62bbda3e,TRAIN,TRAIN,CLUST_0.70_00005,LATE
CANONICAL_fdddfce539f2,TRAIN,TRAIN,CLUST_0.70_00005,LATE
CANONICAL_fddfe9ab4fd6,TRAIN,TRAIN,CLUST_0.70_00002,LATE
CANONICAL_fde24edb3ad4,TRAIN,TRAIN,CLUST_0.70_00005,EARLY
CANONICAL_fde4e70b5966,TRAIN,TRAIN,CLUST_0.70_00005,EARLY
CANONICAL_fde6222f2364,TRAIN,TRAIN,CLUST_0.70_00007,EARLY
CANONICAL_fde8d0e4b753,TRAIN,VALIDATION,CLUST_0.70_00064,LATE
CANONICAL_fdea9767286e,TRAIN,TRAIN,CLUST_0.70_00091,LATE
CANONICAL_fdece4f41b1b,TRAIN,TRAIN,CLUST_0.70_00047,LATE
CANONICAL_fdf6cd641288,TRAIN,TEST,CLUST_0.70_00037,LATE
CANONICAL_fdf7870f5f40,VALIDATION,VALIDATION,CLUST_0.70_00025,LATE
CANONICAL_fdfa67fb18ce,VALIDATION,VALIDATION,CLUST_0.70_00025,LATE
CANONICAL_fe01cb2c5ea8,TRAIN,TEST,CLUST_0.70_00071,LATE
CANONICAL_fe0b267a3bd4,TEST,VALIDATION,CLUST_0.70_00064,LATE
CANONICAL_fe0ff034257d,TRAIN,TRAIN,CLUST_0.70_00008,LATE
CANONICAL_fe1780fcec86,TEST,VALIDATION,CLUST_0.70_00031,LATE
CANONICAL_fe34f0ea7993,TRAIN,VALIDATION,CLUST_0.70_00017,LATE
CANONICAL_fe38d77250bd,TEST,TEST,CLUST_0.70_00004,IMMEDIATE_EARLY
CANONICAL_fe3d7ebcff70,TRAIN,TEST,CLUST_0.70_00018,LATE
CANONICAL_fe409363935b,VALIDATION,TRAIN,CLUST_0.70_00005,LATE
CANONICAL_fe49c8cd408c,TRAIN,TRAIN,CLUST_0.70_00007,LATE
CANONICAL_fe4d11098c0b,TRAIN,TEST,CLUST_0.70_00018,LATE
CANONICAL_fe4ff98da0e3,TEST,TRAIN,CLUST_0.70_00008,LATE
CANONICAL_fe51aab847a5,VALIDATION,TRAIN,CLUST_0.70_00005,EARLY
CANONICAL_fe540740c4ef,VALIDATION,TEST,CLUST_0.70_00009,LATE
CANONICAL_fe54c4235d2a,VALIDATION,TRAIN,CLUST_0.70_00091,LATE
CANONICAL_fe58a3fabbb4,TRAIN,VALIDATION,CLUST_0.70_00031,LATE
CANONICAL_fe5d56cedf6c,TEST,TRAIN,CLUST_0.70_00005,EARLY
CANONICAL_fe5e87654114,TRAIN,TRAIN,CLUST_0.70_00069,IMMEDIATE_EARLY
CANONICAL_fe5e88d18491,TRAIN,VALIDATION,CLUST_0.70_00106,LATE
CANONICAL_fe611aff94d7,TRAIN,TRAIN,CLUST_0.70_00007,LATE
CANONICAL_fe6303a12070,TRAIN,TEST,CLUST_0.70_00015,LATE
CANONICAL_fe651ae8b08c,TRAIN,TRAIN,CLUST_0.70_00005,EARLY
CANONICAL_fe6a6d663509,TRAIN,TRAIN,CLUST_0.70_00007,EARLY
CANONICAL_fe81fcf7dabd,TRAIN,TRAIN,CLUST_0.70_00008,LATE
CANONICAL_fe9494d31ac7,TEST,TEST,CLUST_0.70_00015,LATE
CANONICAL_fe988f53d059,TRAIN,VALIDATION,CLUST_0.70_00026,IMMEDIATE_EARLY
CANONICAL_fea1a83d4b85,TRAIN,TEST,CLUST_0.70_00052,LATE
CANONICAL_fea3c51f1c93,TRAIN,TRAIN,CLUST_0.70_00008,LATE
CANONICAL_fea64c25feda,TRAIN,TEST,CLUST_0.70_00004,IMMEDIATE_EARLY
CANONICAL_fea84debfaf8,TRAIN,TEST,CLUST_0.70_00030,EARLY
CANONICAL_feacc2d56638,TRAIN,TRAIN,CLUST_0.70_00008,LATE
CANONICAL_feb1db915eda,VALIDATION,TRAIN,CLUST_0.70_00005,LATE
CANONICAL_feb3dc581fae,TRAIN,VALIDATION,CLUST_0.70_00010,LATE
CANONICAL_feb9339829a6,TRAIN,VALIDATION,CLUST_0.70_00106,LATE
CANONICAL_feba35aa0ed1,TRAIN,TEST,CLUST_0.70_00004,IMMEDIATE_EARLY
CANONICAL_feba407642d0,TRAIN,VALIDATION,CLUST_0.70_00029,LATE
CANONICAL_febb3075a6b6,TRAIN,TRAIN,CLUST_0.70_00101,EARLY
CANONICAL_febbc58eb954,TRAIN,TRAIN,CLUST_0.70_00007,LATE
CANONICAL_fec0d10781d9,TRAIN,TRAIN,CLUST_0.70_00008,LATE
CANONICAL_fec5008d432a,TRAIN,TRAIN,CLUST_0.70_00005,EARLY
CANONICAL_fecb1ef47576,TRAIN,TEST,CLUST_0.70_00001,LATE
CANONICAL_fecd08b4ddb8,TEST,TRAIN,CLUST_0.70_00008,LATE
CANONICAL_fed206a68414,TRAIN,TRAIN,CLUST_0.70_00008,LATE
CANONICAL_fed8010b5687,TRAIN,TRAIN,CLUST_0.70_00005,LATE
CANONICAL_fede41d048f7,TRAIN,TEST,CLUST_0.70_00030,EARLY
CANONICAL_fede66b5a827,TRAIN,TEST,CLUST_0.70_00001,LATE
CANONICAL_fedead059891,TRAIN,VALIDATION,CLUST_0.70_00006,IMMEDIATE_EARLY
CANONICAL_fee10ad51933,TRAIN,VALIDATION,CLUST_0.70_00055,LATE
CANONICAL_fee685da83e1,TRAIN,VALIDATION,CLUST_0.70_00025,LATE
CANONICAL_fee6a95c8116,TRAIN,TRAIN,CLUST_0.70_00008,LATE
CANONICAL_fee8d269f53f,TEST,TRAIN,CLUST_0.70_00047,LATE
CANONICAL_fee96f41da03,TRAIN,TEST,CLUST_0.70_00009,LATE
CANONICAL_fef41609c0d0,TEST,TRAIN,CLUST_0.70_00012,LATE
CANONICAL_fef67267d945,TRAIN,TRAIN,CLUST_0.70_00005,EARLY
CANONICAL_fef91d64e6e3,TRAIN,TRAIN,CLUST_0.70_00005,LATE
CANONICAL_ff056f53ebd1,TRAIN,TRAIN,CLUST_0.70_00087,LATE
CANONICAL_ff06111b48ef,TRAIN,TRAIN,CLUST_0.70_00005,EARLY
CANONICAL_ff068073ef8b,VALIDATION,TRAIN,CLUST_0.70_00002,LATE
CANONICAL_ff06a5edc71d,TEST,VALIDATION,CLUST_0.70_00031,LATE
CANONICAL_ff09db68c6c4,TRAIN,TRAIN,CLUST_0.70_00005,EARLY
CANONICAL_ff0a50b1e1a2,TRAIN,TRAIN,CLUST_0.70_00008,LATE
CANONICAL_ff14b52b02c3,TRAIN,TEST,CLUST_0.70_00004,IMMEDIATE_EARLY
CANONICAL_ff1514effa97,VALIDATION,TEST,CLUST_0.70_00037,LATE
CANONICAL_ff19ff143829,TEST,TEST,CLUST_0.70_00030,EARLY
CANONICAL_ff215c6b8623,TRAIN,TEST,CLUST_0.70_00052,LATE
CANONICAL_ff2a42f58591,VALIDATION,VALIDATION,CLUST_0.70_00127,LATE
CANONICAL_ff2d2b986d28,TRAIN,TEST,CLUST_0.70_00071,LATE
CANONICAL_ff305bacbf0b,TRAIN,TRAIN,CLUST_0.70_00005,LATE
CANONICAL_ff38f9ae97ea,TEST,TEST,CLUST_0.70_00015,LATE
CANONICAL_ff3f81df333d,TEST,TEST,CLUST_0.70_00052,LATE
CANONICAL_ff4afeac82a0,TRAIN,VALIDATION,CLUST_0.70_00006,IMMEDIATE_EARLY
CANONICAL_ff4b0613fa64,TRAIN,TRAIN,CLUST_0.70_00005,EARLY
CANONICAL_ff4b1890e35b,TRAIN,TRAIN,CLUST_0.70_00047,LATE
CANONICAL_ff523a70370d,TRAIN,TRAIN,CLUST_0.70_00193,EARLY
CANONICAL_ff54aad02e1d,VALIDATION,TEST,CLUST_0.70_00037,LATE
CANONICAL_ff5fccca0673,TRAIN,TRAIN,CLUST_0.70_00005,LATE
CANONICAL_ff617b1aea86,TRAIN,TEST,CLUST_0.70_00052,LATE
CANONICAL_ff64a8c36d22,TRAIN,TEST,CLUST_0.70_00001,LATE
CANONICAL_ff66d966ebd4,TRAIN,TRAIN,CLUST_0.70_00005,EARLY
CANONICAL_ff6bb616e3fc,TRAIN,VALIDATION,CLUST_0.70_00041,EARLY
CANONICAL_ff6d244464bd,TEST,TRAIN,CLUST_0.70_00005,LATE
CANONICAL_ff707d37d8de,TRAIN,TRAIN,CLUST_0.70_00005,LATE
CANONICAL_ff77bc1381aa,TRAIN,TRAIN,CLUST_0.70_00008,LATE
CANONICAL_ff79bc411392,VALIDATION,TEST,CLUST_0.70_00080,LATE
CANONICAL_ff846686c835,VALIDATION,TRAIN,CLUST_0.70_00005,LATE
CANONICAL_ff9065f3bb1e,TRAIN,TRAIN,CLUST_0.70_00062,LATE
CANONICAL_ff919b0ec4c9,TRAIN,TRAIN,CLUST_0.70_00008,LATE
CANONICAL_ff951c543723,VALIDATION,VALIDATION,CLUST_0.70_00029,LATE
CANONICAL_ff96745e4f24,TRAIN,VALIDATION,CLUST_0.70_00010,LATE
CANONICAL_ff96f7ed12bc,TRAIN,TRAIN,CLUST_0.70_00005,EARLY
CANONICAL_ff9a544877d6,TEST,TEST,CLUST_0.70_00001,LATE
CANONICAL_ffa6d0507c95,TRAIN,VALIDATION,CLUST_0.70_00079,LATE
CANONICAL_ffa89130041d,TEST,TRAIN,CLUST_0.70_00005,EARLY
CANONICAL_ffa9da95f8c4,VALIDATION,VALIDATION,CLUST_0.70_00190,LATE
CANONICAL_ffabab56b15b,VALIDATION,TRAIN,CLUST_0.70_00008,LATE
CANONICAL_ffb9e915da4e,VALIDATION,VALIDATION,CLUST_0.70_00031,LATE
CANONICAL_ffbf2cb8ed75,TRAIN,TRAIN,CLUST_0.70_00008,LATE
CANONICAL_ffc2aa7c02b2,TEST,TRAIN,CLUST_0.70_00005,EARLY
CANONICAL_ffc9f657dc1c,TRAIN,TRAIN,CLUST_0.70_00005,LATE
CANONICAL_ffcb8b75e778,VALIDATION,VALIDATION,CLUST_0.70_00029,LATE
CANONICAL_ffcb8dc357a3,TEST,TRAIN,CLUST_0.70_00062,LATE
CANONICAL_ffd9ae1c4cf3,VALIDATION,TRAIN,CLUST_0.70_00005,LATE
CANONICAL_ffda63940742,TRAIN,TRAIN,CLUST_0.70_00005,LATE
CANONICAL_ffdbb25b67fe,TEST,VALIDATION,CLUST_0.70_00028,EARLY
CANONICAL_ffde9b4c614c,TRAIN,TRAIN,CLUST_0.70_00008,LATE
CANONICAL_ffee45fc80a9,TRAIN,TRAIN,CLUST_0.70_00008,EARLY
CANONICAL_fff0c900fbea,VALIDATION,TRAIN,CLUST_0.70_00057,LATE
CANONICAL_fff54ff6b581,VALIDATION,TRAIN,CLUST_0.70_00005,LATE
CANONICAL_fff55aec80dd,TRAIN,TRAIN,CLUST_0.70_00005,EARLY
CANONICAL_fff71ab4836a,TEST,TRAIN,CLUST_0.70_00005,EARLY
CANONICAL_fffff21ac691,TRAIN,TRAIN,CLUST_0.70_00007,EARLY
