canonical_id,split_random,split_homology,homology_cluster_id,temporal_class,species,gene,protein,length,predicted_class,prediction_confidence,is_correct,error_type,length_bin
CANONICAL_00041a6508c1,TRAIN,TEST,CLUST_0.70_00004,IMMEDIATE_EARLY,HSV-1,ICP4,transcriptional regulator ICP4,1295,IMMEDIATE_EARLY,0.9998159,True,CORRECT,Q3_Medium_High
CANONICAL_001113a0425f,TRAIN,TEST,CLUST_0.70_00004,IMMEDIATE_EARLY,HSV-1,RS1,RS1,1300,IMMEDIATE_EARLY,0.9994803,True,CORRECT,Q3_Medium_High
CANONICAL_0013946ffa48,TRAIN,TEST,CLUST_0.70_00001,LATE,HSV-2,UNKNOWN,large tegument protein,3122,LATE,0.99999857,True,CORRECT,Q4_Long
CANONICAL_0016ca77f152,TRAIN,TEST,CLUST_0.70_00030,EARLY,HSV-1,UNKNOWN,thymidine kinase,376,EARLY,0.99855787,True,CORRECT,Q1_Short
CANONICAL_002493de6a97,TRAIN,TEST,CLUST_0.70_00052,LATE,HSV-1,RL1,RL1,236,LATE,0.99965703,True,CORRECT,Q1_Short
CANONICAL_002b09526190,TRAIN,TEST,CLUST_0.70_00001,LATE,HSV-1,UL36,UL36,3108,LATE,0.9999999,True,CORRECT,Q4_Long
CANONICAL_003023e8d43f,TEST,TEST,CLUST_0.70_00015,LATE,HSV-2,UNKNOWN,envelope glycoprotein C,480,LATE,1.0,True,CORRECT,Q2_Medium_Low
CANONICAL_003e0b266641,TRAIN,TEST,CLUST_0.70_00018,LATE,HSV-2,UNKNOWN,envelope glycoprotein E,548,LATE,0.9996724,True,CORRECT,Q3_Medium_High
CANONICAL_00451628bac4,TRAIN,TEST,CLUST_0.70_00071,LATE,HSV-2,UL24,nuclear protein UL24,281,EARLY,0.61244386,False,LATE_PREDICTED_AS_EARLY,Q1_Short
CANONICAL_004d00f539ed,TRAIN,TEST,CLUST_0.70_00051,LATE,HSV-2,ICP34,neurovirulence protein ICP34.5,253,LATE,0.9988587,True,CORRECT,Q1_Short
CANONICAL_006799f4af11,TRAIN,TEST,CLUST_0.70_00030,EARLY,HSV-1,UL23,UL23,331,EARLY,0.9996687,True,CORRECT,Q1_Short
CANONICAL_007569cb48fb,TRAIN,TEST,CLUST_0.70_00004,IMMEDIATE_EARLY,HSV-2,ICP4,transcriptional regulator ICP4,1318,IMMEDIATE_EARLY,0.9999752,True,CORRECT,Q4_Long
CANONICAL_008b92dddf29,VALIDATION,TEST,CLUST_0.70_00037,LATE,HSV-1,UNKNOWN,envelope glycoprotein D,394,LATE,0.9999999,True,CORRECT,Q2_Medium_Low
CANONICAL_009a58bab0cc,TEST,TEST,CLUST_0.70_00018,LATE,HSV-2,UNKNOWN,envelope glycoprotein E,548,LATE,0.99907255,True,CORRECT,Q3_Medium_High
CANONICAL_009c384ba93e,TRAIN,TEST,CLUST_0.70_00001,LATE,HSV-2,UL36,UL36,3112,LATE,0.99999845,True,CORRECT,Q4_Long
CANONICAL_009d9e85628c,VALIDATION,TEST,CLUST_0.70_00071,LATE,HSV-2,UL24,nuclear protein UL24,268,EARLY,0.9772972,False,LATE_PREDICTED_AS_EARLY,Q1_Short
CANONICAL_00a740653392,TRAIN,TEST,CLUST_0.70_00004,IMMEDIATE_EARLY,HSV-2,ICP4,transcriptional regulator ICP4,1468,IMMEDIATE_EARLY,0.99998105,True,CORRECT,Q4_Long
CANONICAL_00e263c551c0,TRAIN,TEST,CLUST_0.70_00052,LATE,HSV-1,ICP34,neurovirulence protein ICP34.5,241,LATE,0.99999535,True,CORRECT,Q1_Short
CANONICAL_00e9c2ea6b5d,TRAIN,TEST,CLUST_0.70_00004,IMMEDIATE_EARLY,HSV-2,ICP4,transcriptional regulator ICP4,1412,IMMEDIATE_EARLY,0.99997294,True,CORRECT,Q4_Long
CANONICAL_010a0854e1a2,TRAIN,TEST,CLUST_0.70_00030,EARLY,HSV-1,UNKNOWN,thymidine kinase,376,EARLY,0.9979018,True,CORRECT,Q1_Short
CANONICAL_0119d23d166a,TRAIN,TEST,CLUST_0.70_00018,LATE,HSV-2,UNKNOWN,envelope glycoprotein E,548,LATE,0.9996026,True,CORRECT,Q3_Medium_High
CANONICAL_011cb14cfc47,TRAIN,TEST,CLUST_0.70_00001,LATE,HSV-2,UL36,UL36,3110,LATE,0.99999845,True,CORRECT,Q4_Long
CANONICAL_01205852c9a9,TRAIN,TEST,CLUST_0.70_00004,IMMEDIATE_EARLY,HSV-1,RS1,RS1,1301,IMMEDIATE_EARLY,0.9998293,True,CORRECT,Q3_Medium_High
CANONICAL_01332b8d5272,TRAIN,TEST,CLUST_0.70_00030,EARLY,HSV-1,UNKNOWN,thymidine kinase,376,EARLY,0.99978465,True,CORRECT,Q1_Short
CANONICAL_017477e43803,TEST,TEST,CLUST_0.70_00015,LATE,HSV-1,UL44,UL44,511,LATE,0.99999607,True,CORRECT,Q3_Medium_High
CANONICAL_019296dd5d20,TEST,TEST,CLUST_0.70_00052,LATE,HSV-1,RL1,RL1,265,LATE,0.9999833,True,CORRECT,Q1_Short
CANONICAL_01b8f7af5b2e,TRAIN,TEST,CLUST_0.70_00004,IMMEDIATE_EARLY,HSV-2,RS1,RS1,1326,IMMEDIATE_EARLY,0.99996674,True,CORRECT,Q4_Long
CANONICAL_01de8ae12c49,TEST,TEST,CLUST_0.70_00030,EARLY,HSV-1,UL23,UL23,331,EARLY,0.9995745,True,CORRECT,Q1_Short
CANONICAL_01f56adddc47,TRAIN,TEST,CLUST_0.70_00015,LATE,HSV-2,UNKNOWN,envelope glycoprotein C,480,LATE,1.0,True,CORRECT,Q2_Medium_Low
CANONICAL_01fbad7b0dfa,TRAIN,TEST,CLUST_0.70_00018,LATE,HSV-1,US8,US8,550,LATE,0.9997843,True,CORRECT,Q3_Medium_High
CANONICAL_02030fd2a8ab,TRAIN,TEST,CLUST_0.70_00015,LATE,HSV-2,UNKNOWN,envelope glycoprotein C,480,LATE,1.0,True,CORRECT,Q2_Medium_Low
CANONICAL_021c6775c681,VALIDATION,TEST,CLUST_0.70_00030,EARLY,HSV-1,UNKNOWN,thymidine kinase,376,EARLY,0.99834764,True,CORRECT,Q1_Short
CANONICAL_023c806c3c2a,TRAIN,TEST,CLUST_0.70_00018,LATE,HSV-2,UNKNOWN,envelope glycoprotein E,548,LATE,0.996293,True,CORRECT,Q3_Medium_High
CANONICAL_02aeb36a2778,TRAIN,TEST,CLUST_0.70_00015,LATE,HSV-1,UNKNOWN,envelope glycoprotein C,511,LATE,0.99999595,True,CORRECT,Q3_Medium_High
CANONICAL_02b34f2d650a,TRAIN,TEST,CLUST_0.70_00004,IMMEDIATE_EARLY,HSV-2,ICP4,transcriptional regulator ICP4,1337,IMMEDIATE_EARLY,0.99932444,True,CORRECT,Q4_Long
CANONICAL_02bd7d7b0b0d,TRAIN,TEST,CLUST_0.70_00052,LATE,HSV-1,ICP34,neurovirulence protein ICP34.5,251,LATE,0.9999795,True,CORRECT,Q1_Short
CANONICAL_02d4a63814b7,TEST,TEST,CLUST_0.70_00004,IMMEDIATE_EARLY,HSV-1,ICP4,transcriptional regulator ICP4,1296,IMMEDIATE_EARLY,0.9997507,True,CORRECT,Q3_Medium_High
CANONICAL_02de533e910c,TRAIN,TEST,CLUST_0.70_00001,LATE,HSV-2,UL36,UL36,3124,LATE,0.9999989,True,CORRECT,Q4_Long
CANONICAL_02e02fc66488,VALIDATION,TEST,CLUST_0.70_00018,LATE,HSV-1,UNKNOWN,"glycoprotein E, partial",550,LATE,0.99976844,True,CORRECT,Q3_Medium_High
CANONICAL_02fd97589976,VALIDATION,TEST,CLUST_0.70_00071,LATE,HSV-1,UL24,UL24,269,EARLY,0.5184955,False,LATE_PREDICTED_AS_EARLY,Q1_Short
CANONICAL_030300f2b53e,TRAIN,TEST,CLUST_0.70_00071,LATE,HSV-1,UL24,UL24,269,EARLY,0.554072,False,LATE_PREDICTED_AS_EARLY,Q1_Short
CANONICAL_030362e2e92b,TRAIN,TEST,CLUST_0.70_00052,LATE,HSV-1,RL1,RL1,254,LATE,0.9999473,True,CORRECT,Q1_Short
CANONICAL_030b105c49f9,TEST,TEST,CLUST_0.70_00030,EARLY,HSV-1,UL23,UL23,376,EARLY,0.9990846,True,CORRECT,Q1_Short
CANONICAL_033dc81572de,TRAIN,TEST,CLUST_0.70_00030,EARLY,HSV-1,UNKNOWN,thymidine kinase,376,EARLY,0.9989249,True,CORRECT,Q1_Short
CANONICAL_034afdb45f3c,VALIDATION,TEST,CLUST_0.70_00004,IMMEDIATE_EARLY,HSV-1,ICP4,transcriptional regulator ICP4,1303,IMMEDIATE_EARLY,0.9998276,True,CORRECT,Q4_Long
CANONICAL_03665eec8fe6,VALIDATION,TEST,CLUST_0.70_00001,LATE,HSV-2,UL36,UL36,3119,LATE,0.99999845,True,CORRECT,Q4_Long
CANONICAL_037825bf76e1,TRAIN,TEST,CLUST_0.70_00015,LATE,HSV-1,UL44,UL44,511,LATE,0.9999956,True,CORRECT,Q3_Medium_High
CANONICAL_038873084b8e,TEST,TEST,CLUST_0.70_00080,LATE,HSV-1,UL3,UL3,224,LATE,0.999328,True,CORRECT,Q1_Short
CANONICAL_038f471e32a5,VALIDATION,TEST,CLUST_0.70_00004,IMMEDIATE_EARLY,HSV-1,RS1,RS1,1303,IMMEDIATE_EARLY,0.99912685,True,CORRECT,Q4_Long
CANONICAL_0391989531a7,TRAIN,TEST,CLUST_0.70_00030,EARLY,HSV-1,UNKNOWN,thymidine kinase,376,EARLY,0.9989434,True,CORRECT,Q1_Short
CANONICAL_03928a34131a,TRAIN,TEST,CLUST_0.70_00001,LATE,HSV-2,UNKNOWN,large tegument protein,3089,LATE,0.9999976,True,CORRECT,Q4_Long
CANONICAL_03993a24cd41,VALIDATION,TEST,CLUST_0.70_00030,EARLY,HSV-1,UNKNOWN,thymidine kinase,376,EARLY,0.99488336,True,CORRECT,Q1_Short
CANONICAL_03a4682c4b89,VALIDATION,TEST,CLUST_0.70_00052,LATE,HSV-1,ICP34,neurovirulence protein ICP34.5,242,LATE,0.9999945,True,CORRECT,Q1_Short
CANONICAL_03a8e215e706,VALIDATION,TEST,CLUST_0.70_00001,LATE,HSV-1,UNKNOWN,large tegument protein,3134,LATE,0.9999999,True,CORRECT,Q4_Long
CANONICAL_03c277b30e56,TRAIN,TEST,CLUST_0.70_00018,LATE,HSV-1,US8,US8,477,LATE,0.9998808,True,CORRECT,Q2_Medium_Low
CANONICAL_03cabdc85c4a,TRAIN,TEST,CLUST_0.70_00004,IMMEDIATE_EARLY,HSV-2,ICP4,ICP4 regulation protein,1318,IMMEDIATE_EARLY,0.99998987,True,CORRECT,Q4_Long
CANONICAL_03ce26e07af5,VALIDATION,TEST,CLUST_0.70_00004,IMMEDIATE_EARLY,HSV-2,ICP4,transcriptional regulator ICP4,1467,IMMEDIATE_EARLY,0.99999976,True,CORRECT,Q4_Long
CANONICAL_03ed67c33f1b,TRAIN,TEST,CLUST_0.70_00001,LATE,HSV-2,UNKNOWN,large tegument protein,3122,LATE,0.99999785,True,CORRECT,Q4_Long
CANONICAL_0400c4acbec3,TRAIN,TEST,CLUST_0.70_00004,IMMEDIATE_EARLY,HSV-2,ICP4,transcriptional regulator ICP4,1468,IMMEDIATE_EARLY,0.9997812,True,CORRECT,Q4_Long
CANONICAL_0401b4350cac,TRAIN,TEST,CLUST_0.70_00009,LATE,HSV-2,UL48,UL48,490,LATE,0.9995228,True,CORRECT,Q2_Medium_Low
CANONICAL_0420d445aa84,TRAIN,TEST,CLUST_0.70_00001,LATE,HSV-2,UNKNOWN,large tegument protein,3122,LATE,0.9999919,True,CORRECT,Q4_Long
CANONICAL_0441c5ab4d0b,TRAIN,TEST,CLUST_0.70_00020,LATE,HSV-2,UNKNOWN,tegument serine/threonine protein kinase,518,LATE,0.9887631,True,CORRECT,Q3_Medium_High
CANONICAL_0452fae5ef04,TEST,TEST,CLUST_0.70_00001,LATE,HSV-2,UNKNOWN,large tegument protein,3122,LATE,0.9999989,True,CORRECT,Q4_Long
CANONICAL_046480c78504,TRAIN,TEST,CLUST_0.70_00001,LATE,HSV-2,UL36,UL36,3114,LATE,0.9999987,True,CORRECT,Q4_Long
CANONICAL_04a034300f23,TRAIN,TEST,CLUST_0.70_00004,IMMEDIATE_EARLY,HSV-2,ICP4,transcriptional regulator ICP4,1320,IMMEDIATE_EARLY,0.99998415,True,CORRECT,Q4_Long
CANONICAL_04bd8822b24b,TRAIN,TEST,CLUST_0.70_00052,LATE,HSV-1,ICP34,neurovirulence protein ICP34.5,254,LATE,0.99990857,True,CORRECT,Q1_Short
CANONICAL_04e36fa56afc,VALIDATION,TEST,CLUST_0.70_00015,LATE,HSV-1,UNKNOWN,"envelope glycoprotein C, partial",404,LATE,0.9999999,True,CORRECT,Q2_Medium_Low
CANONICAL_04f297c7d419,VALIDATION,TEST,CLUST_0.70_00018,LATE,HSV-1,UNKNOWN,envelope glycoprotein E,549,LATE,0.99993527,True,CORRECT,Q3_Medium_High
CANONICAL_04faa889ba34,TRAIN,TEST,CLUST_0.70_00071,LATE,HSV-1,UL24,nuclear protein UL24,269,EARLY,0.7576289,False,LATE_PREDICTED_AS_EARLY,Q1_Short
CANONICAL_04fcb6e9fa50,TRAIN,TEST,CLUST_0.70_00030,EARLY,HSV-2,UNKNOWN,thymidine kinase,376,EARLY,0.9983334,True,CORRECT,Q1_Short
CANONICAL_056c2b756952,TRAIN,TEST,CLUST_0.70_00001,LATE,HSV-2,UL36,UL36,3084,LATE,0.9999976,True,CORRECT,Q4_Long
CANONICAL_057fed0caf1e,VALIDATION,TEST,CLUST_0.70_00018,LATE,HSV-1,UNKNOWN,envelope glycoprotein E,550,LATE,0.9997397,True,CORRECT,Q3_Medium_High
CANONICAL_058a67070237,TRAIN,TEST,CLUST_0.70_00004,IMMEDIATE_EARLY,HSV-1,ICP4,transcriptional regulator ICP4,1297,IMMEDIATE_EARLY,0.99737644,True,CORRECT,Q3_Medium_High
CANONICAL_05b0ae36cbf7,TRAIN,TEST,CLUST_0.70_00015,LATE,HSV-1,UL44,UL44,511,LATE,0.9999981,True,CORRECT,Q3_Medium_High
CANONICAL_05b2f3a19c57,TRAIN,TEST,CLUST_0.70_00001,LATE,HSV-2,UNKNOWN,large tegument protein,3124,LATE,0.9999937,True,CORRECT,Q4_Long
CANONICAL_05b391c79409,VALIDATION,TEST,CLUST_0.70_00015,LATE,HSV-2,UL44,UL44,480,LATE,0.9999999,True,CORRECT,Q2_Medium_Low
CANONICAL_05b89175fbcd,TEST,TEST,CLUST_0.70_00052,LATE,HSV-1,ICP34,neurovirulence protein ICP34.5,241,LATE,0.9998839,True,CORRECT,Q1_Short
CANONICAL_05c917c20b34,TEST,TEST,CLUST_0.70_00037,LATE,HSV-2,US6,US6,393,LATE,0.9999999,True,CORRECT,Q2_Medium_Low
CANONICAL_05decd1cc57e,TRAIN,TEST,CLUST_0.70_00071,LATE,HSV-1,UL24,nuclear protein UL24,269,LATE,0.53637266,True,CORRECT,Q1_Short
CANONICAL_05ea2151915f,TRAIN,TEST,CLUST_0.70_00018,LATE,HSV-2,US8,US8,548,LATE,0.99954516,True,CORRECT,Q3_Medium_High
CANONICAL_0611a94ba703,TEST,TEST,CLUST_0.70_00001,LATE,HSV-2,UNKNOWN,large tegument protein,3122,LATE,0.9999975,True,CORRECT,Q4_Long
CANONICAL_061d161b623b,TRAIN,TEST,CLUST_0.70_00018,LATE,HSV-2,UNKNOWN,envelope glycoprotein E,548,LATE,0.9995003,True,CORRECT,Q3_Medium_High
CANONICAL_062a20de86f1,TRAIN,TEST,CLUST_0.70_00004,IMMEDIATE_EARLY,HSV-2,ICP4,transcriptional regulator ICP4,1470,IMMEDIATE_EARLY,0.9124468,True,CORRECT,Q4_Long
CANONICAL_064bef5356ef,TRAIN,TEST,CLUST_0.70_00001,LATE,HSV-2,UL36,UL36,3087,LATE,0.9999975,True,CORRECT,Q4_Long
CANONICAL_065c9898acfa,TRAIN,TEST,CLUST_0.70_00020,LATE,HSV-1,UNKNOWN,tegument serine/threonine protein kinase,518,LATE,0.99998224,True,CORRECT,Q3_Medium_High
CANONICAL_0662a50216c3,TRAIN,TEST,CLUST_0.70_00030,EARLY,HSV-1,UNKNOWN,thymidine kinase,376,EARLY,0.9992693,True,CORRECT,Q1_Short
CANONICAL_0666d812da13,TEST,TEST,CLUST_0.70_00001,LATE,HSV-2,UL36,UL36,3112,LATE,0.9999988,True,CORRECT,Q4_Long
CANONICAL_06b418da7c83,TRAIN,TEST,CLUST_0.70_00030,EARLY,HSV-1,UNKNOWN,thymidine kinase,376,EARLY,0.9996706,True,CORRECT,Q1_Short
CANONICAL_06bf80990f7e,VALIDATION,TEST,CLUST_0.70_00004,IMMEDIATE_EARLY,HSV-2,ICP4,transcriptional regulator ICP4,1318,IMMEDIATE_EARLY,0.9999902,True,CORRECT,Q4_Long
CANONICAL_06cbb393fdb7,TRAIN,TEST,CLUST_0.70_00037,LATE,HSV-2,UNKNOWN,envelope glycoprotein D,393,LATE,0.99980694,True,CORRECT,Q2_Medium_Low
CANONICAL_06ccd45d69dc,TEST,TEST,CLUST_0.70_00004,IMMEDIATE_EARLY,HSV-1,ICP4,"transcriptional regulator ICP4, partial",1259,IMMEDIATE_EARLY,0.99728537,True,CORRECT,Q3_Medium_High
CANONICAL_070919ccddbe,TEST,TEST,CLUST_0.70_00001,LATE,HSV-1,UL36,UL36,3108,LATE,0.9999999,True,CORRECT,Q4_Long
CANONICAL_071083c85ed9,TRAIN,TEST,CLUST_0.70_00001,LATE,HSV-1,UL36,UL36,3088,LATE,0.9999999,True,CORRECT,Q4_Long
CANONICAL_07170af40b69,TRAIN,TEST,CLUST_0.70_00030,EARLY,HSV-2,UNKNOWN,thymidine kinase,376,EARLY,0.9995402,True,CORRECT,Q1_Short
CANONICAL_07433d2d0a03,VALIDATION,TEST,CLUST_0.70_00001,LATE,HSV-2,UL36,UL36,3116,LATE,0.99999857,True,CORRECT,Q4_Long
CANONICAL_075a0cebe73b,TRAIN,TEST,CLUST_0.70_00004,IMMEDIATE_EARLY,HSV-1,RS1,RS1,1300,IMMEDIATE_EARLY,0.99986017,True,CORRECT,Q3_Medium_High
CANONICAL_0764da7ae970,TRAIN,TEST,CLUST_0.70_00030,EARLY,HSV-1,UNKNOWN,thymidine kinase,376,EARLY,0.9982734,True,CORRECT,Q1_Short
CANONICAL_07836acd0df4,TRAIN,TEST,CLUST_0.70_00020,LATE,HSV-1,UNKNOWN,tegument serine/threonine protein kinase,518,LATE,0.99997914,True,CORRECT,Q3_Medium_High
CANONICAL_07884f462a77,TRAIN,TEST,CLUST_0.70_00001,LATE,HSV-1,UNKNOWN,large tegument protein,3126,LATE,0.9999999,True,CORRECT,Q4_Long
CANONICAL_079210581f05,TRAIN,TEST,CLUST_0.70_00015,LATE,HSV-2,UNKNOWN,envelope glycoprotein C,480,LATE,1.0,True,CORRECT,Q2_Medium_Low
CANONICAL_0792d7deb7ef,TRAIN,TEST,CLUST_0.70_00004,IMMEDIATE_EARLY,HSV-1,RS1,RS1,1297,IMMEDIATE_EARLY,0.99980074,True,CORRECT,Q3_Medium_High
CANONICAL_079d1dce38d3,TRAIN,TEST,CLUST_0.70_00001,LATE,HSV-2,UNKNOWN,large tegument protein,3133,LATE,0.99999857,True,CORRECT,Q4_Long
CANONICAL_07b2dd7220ca,TRAIN,TEST,CLUST_0.70_00071,LATE,HSV-2,UL24,UL24,281,LATE,0.73135024,True,CORRECT,Q1_Short
CANONICAL_07e1752d5fad,TRAIN,TEST,CLUST_0.70_00030,EARLY,HSV-1,UNKNOWN,thymidine kinase,376,EARLY,0.99947935,True,CORRECT,Q1_Short
CANONICAL_07fd53274528,TRAIN,TEST,CLUST_0.70_00004,IMMEDIATE_EARLY,HSV-1,ICP4,transcriptional regulator ICP4,1302,IMMEDIATE_EARLY,0.9998566,True,CORRECT,Q3_Medium_High
CANONICAL_0837ec03cdd2,TEST,TEST,CLUST_0.70_00015,LATE,HSV-1,UL44,UL44,511,LATE,0.99999857,True,CORRECT,Q3_Medium_High
CANONICAL_086b31bac3dc,TRAIN,TEST,CLUST_0.70_00030,EARLY,HSV-1,UNKNOWN,thymidine kinase,376,EARLY,0.99891603,True,CORRECT,Q1_Short
CANONICAL_086f3edf1209,TRAIN,TEST,CLUST_0.70_00001,LATE,HSV-2,UNKNOWN,large tegument protein,3088,LATE,0.99999774,True,CORRECT,Q4_Long
CANONICAL_0880e14e916b,TEST,TEST,CLUST_0.70_00001,LATE,HSV-2,UNKNOWN,large tegument protein,3130,LATE,0.9999703,True,CORRECT,Q4_Long
CANONICAL_088ce711abcc,TEST,TEST,CLUST_0.70_00052,LATE,HSV-1,ICP34,neurovirulence protein ICP34.5,236,LATE,0.9999993,True,CORRECT,Q1_Short
CANONICAL_08b6e3d26fee,TRAIN,TEST,CLUST_0.70_00004,IMMEDIATE_EARLY,HSV-1,RS1,RS1,1297,IMMEDIATE_EARLY,0.9994437,True,CORRECT,Q3_Medium_High
CANONICAL_08bafbdfd124,TRAIN,TEST,CLUST_0.70_00052,LATE,HSV-1,RL1,RL1,248,LATE,0.999985,True,CORRECT,Q1_Short
CANONICAL_08c461917049,TRAIN,TEST,CLUST_0.70_00018,LATE,HSV-2,UNKNOWN,envelope glycoprotein E,548,LATE,0.9994081,True,CORRECT,Q3_Medium_High
CANONICAL_08c6550fa8cc,VALIDATION,TEST,CLUST_0.70_00052,LATE,HSV-1,RL1,RL1,244,LATE,0.999701,True,CORRECT,Q1_Short
CANONICAL_08cc0973a0ac,TRAIN,TEST,CLUST_0.70_00018,LATE,HSV-1,US8,US8,479,LATE,0.99996436,True,CORRECT,Q2_Medium_Low
CANONICAL_08ea4394f84e,TEST,TEST,CLUST_0.70_00071,LATE,HSV-1,UL24,UL24,269,LATE,0.5270415,True,CORRECT,Q1_Short
CANONICAL_08ef5b83d806,TRAIN,TEST,CLUST_0.70_00004,IMMEDIATE_EARLY,HSV-2,ICP4,transcriptional regulator ICP4,1314,IMMEDIATE_EARLY,0.999992,True,CORRECT,Q4_Long
CANONICAL_09295fcfa23d,TRAIN,TEST,CLUST_0.70_00071,LATE,HSV-1,UL24,UL24,269,EARLY,0.50446594,False,LATE_PREDICTED_AS_EARLY,Q1_Short
CANONICAL_098764c0a5b9,TRAIN,TEST,CLUST_0.70_00020,LATE,HSV-2,UNKNOWN,tegument serine/threonine protein kinase,518,LATE,0.99973804,True,CORRECT,Q3_Medium_High
CANONICAL_099b18d7dd71,TRAIN,TEST,CLUST_0.70_00015,LATE,HSV-1,UNKNOWN,envelope glycoprotein C,511,LATE,0.99999475,True,CORRECT,Q3_Medium_High
CANONICAL_09a812c026eb,VALIDATION,TEST,CLUST_0.70_00004,IMMEDIATE_EARLY,HSV-1,ICP4,transcriptional regulator ICP4,1300,IMMEDIATE_EARLY,0.9998659,True,CORRECT,Q3_Medium_High
CANONICAL_09ab67b2706a,TRAIN,TEST,CLUST_0.70_00004,IMMEDIATE_EARLY,HSV-2,ICP4,transcriptional regulator ICP4,1315,IMMEDIATE_EARLY,0.9996791,True,CORRECT,Q4_Long
CANONICAL_09ba11f671b7,TRAIN,TEST,CLUST_0.70_00015,LATE,HSV-1,UNKNOWN,envelope glycoprotein C,511,LATE,0.99999654,True,CORRECT,Q3_Medium_High
CANONICAL_09d54828bf60,TRAIN,TEST,CLUST_0.70_00037,LATE,HSV-1,US6,TPA_asm: US6,394,LATE,0.9999999,True,CORRECT,Q2_Medium_Low
CANONICAL_09da2086e4e9,TRAIN,TEST,CLUST_0.70_00030,EARLY,HSV-1,UNKNOWN,thymidine kinase,376,EARLY,0.9986268,True,CORRECT,Q1_Short
CANONICAL_09e2cda9def2,TEST,TEST,CLUST_0.70_00030,EARLY,HSV-1,UNKNOWN,thymidine kinase,376,EARLY,0.9988599,True,CORRECT,Q1_Short
CANONICAL_09fe448d5cb9,TEST,TEST,CLUST_0.70_00030,EARLY,HSV-1,UNKNOWN,thymidine kinase,376,EARLY,0.9978009,True,CORRECT,Q1_Short
CANONICAL_0a0c13cffdcf,VALIDATION,TEST,CLUST_0.70_00037,LATE,HSV-2,UNKNOWN,envelope glycoprotein D,393,LATE,0.9982638,True,CORRECT,Q2_Medium_Low
CANONICAL_0a261e24fb0e,TRAIN,TEST,CLUST_0.70_00001,LATE,HSV-2,UNKNOWN,large tegument protein,3122,LATE,0.9999987,True,CORRECT,Q4_Long
CANONICAL_0a33cc827594,TRAIN,TEST,CLUST_0.70_00037,LATE,HSV-2,UNKNOWN,envelope glycoprotein D,393,LATE,0.999998,True,CORRECT,Q2_Medium_Low
CANONICAL_0a439acffe9b,TRAIN,TEST,CLUST_0.70_00001,LATE,HSV-1,UL36,UL36,3094,LATE,0.9999999,True,CORRECT,Q4_Long
CANONICAL_0a45111ab1ed,TEST,TEST,CLUST_0.70_00052,LATE,HSV-1,ICP34,neurovirulence protein ICP34.5,240,LATE,0.9999989,True,CORRECT,Q1_Short
CANONICAL_0a4fa9cb10a5,TRAIN,TEST,CLUST_0.70_00018,LATE,HSV-2,UNKNOWN,envelope glycoprotein E,548,LATE,0.9994832,True,CORRECT,Q3_Medium_High
CANONICAL_0a4fb3bcd829,TRAIN,TEST,CLUST_0.70_00037,LATE,HSV-2,UNKNOWN,envelope glycoprotein D,393,LATE,0.99999964,True,CORRECT,Q2_Medium_Low
CANONICAL_0a7536af9b42,TRAIN,TEST,CLUST_0.70_00001,LATE,HSV-2,UNKNOWN,large tegument protein,3092,LATE,0.9999969,True,CORRECT,Q4_Long
CANONICAL_0aa52bf43bcd,TRAIN,TEST,CLUST_0.70_00015,LATE,HSV-1,UNKNOWN,envelope glycoprotein C,511,LATE,0.9999995,True,CORRECT,Q3_Medium_High
CANONICAL_0ac45844a32b,TRAIN,TEST,CLUST_0.70_00052,LATE,HSV-1,RL1,RL1,241,LATE,0.99999976,True,CORRECT,Q1_Short
CANONICAL_0acb74eda2b7,TRAIN,TEST,CLUST_0.70_00004,IMMEDIATE_EARLY,HSV-2,ICP4,transcriptional regulator ICP4,1469,IMMEDIATE_EARLY,0.99998343,True,CORRECT,Q4_Long
CANONICAL_0af1fdbd92ce,TRAIN,TEST,CLUST_0.70_00030,EARLY,HSV-1,UNKNOWN,thymidine kinase,376,EARLY,0.9984133,True,CORRECT,Q1_Short
CANONICAL_0b04d9c23efd,VALIDATION,TEST,CLUST_0.70_00001,LATE,HSV-2,UL36,UL36,3122,LATE,0.99999833,True,CORRECT,Q4_Long
CANONICAL_0b0bb0b3f6f2,TRAIN,TEST,CLUST_0.70_00001,LATE,HSV-1,UL36,UL36,3108,LATE,0.9999999,True,CORRECT,Q4_Long
CANONICAL_0b2eb8992a86,TRAIN,TEST,CLUST_0.70_00001,LATE,HSV-2,UNKNOWN,large tegument protein,3121,LATE,0.9999968,True,CORRECT,Q4_Long
CANONICAL_0b62e60122fb,TEST,TEST,CLUST_0.70_00030,EARLY,HSV-1,UNKNOWN,thymidine kinase,376,EARLY,0.99956304,True,CORRECT,Q1_Short
CANONICAL_0b63595be97d,TRAIN,TEST,CLUST_0.70_00030,EARLY,HSV-2,UNKNOWN,thymidine kinase,376,EARLY,0.9975383,True,CORRECT,Q1_Short
CANONICAL_0b8589dda8c6,TRAIN,TEST,CLUST_0.70_00052,LATE,HSV-1,RL1,RL1,252,LATE,0.99999416,True,CORRECT,Q1_Short
CANONICAL_0badc9654a17,TRAIN,TEST,CLUST_0.70_00051,LATE,HSV-2,UNKNOWN,tegument protein VP22,302,LATE,0.999846,True,CORRECT,Q1_Short
CANONICAL_0bae8f160462,TRAIN,TEST,CLUST_0.70_00015,LATE,HSV-1,UL44,UL44,511,LATE,0.99999726,True,CORRECT,Q3_Medium_High
CANONICAL_0baff630d8f8,TRAIN,TEST,CLUST_0.70_00015,LATE,HSV-2,UL44,UL44,480,LATE,1.0,True,CORRECT,Q2_Medium_Low
CANONICAL_0bbc8d7c4037,VALIDATION,TEST,CLUST_0.70_00052,LATE,HSV-1,RL1,RL1,228,LATE,0.99998724,True,CORRECT,Q1_Short
CANONICAL_0bbd3107b476,TRAIN,TEST,CLUST_0.70_00018,LATE,HSV-1,US8,US8,479,LATE,0.99996674,True,CORRECT,Q2_Medium_Low
CANONICAL_0bc76be1cceb,TRAIN,TEST,CLUST_0.70_00015,LATE,HSV-1,UL44,UL44,511,LATE,0.99999845,True,CORRECT,Q3_Medium_High
CANONICAL_0bd1d5720aa5,VALIDATION,TEST,CLUST_0.70_00018,LATE,HSV-2,US8,US8,293,LATE,0.99992156,True,CORRECT,Q1_Short
CANONICAL_0bfa01135486,TRAIN,TEST,CLUST_0.70_00001,LATE,HSV-1,UL36,UL36,3129,LATE,0.9999999,True,CORRECT,Q4_Long
CANONICAL_0c22fa917124,TRAIN,TEST,CLUST_0.70_00009,LATE,HSV-2,UL48,UL48,490,LATE,0.99982953,True,CORRECT,Q2_Medium_Low
CANONICAL_0c2448654110,TRAIN,TEST,CLUST_0.70_00001,LATE,HSV-1,UNKNOWN,large tegument protein,3142,LATE,0.9999999,True,CORRECT,Q4_Long
CANONICAL_0c2d703c8389,TRAIN,TEST,CLUST_0.70_00037,LATE,HSV-1,UNKNOWN,envelope glycoprotein D,394,LATE,0.9999999,True,CORRECT,Q2_Medium_Low
CANONICAL_0c55cd6cd3d4,VALIDATION,TEST,CLUST_0.70_00004,IMMEDIATE_EARLY,HSV-1,ICP4,transcriptional regulator ICP4,1282,IMMEDIATE_EARLY,0.9996704,True,CORRECT,Q3_Medium_High
CANONICAL_0c7130a3b95e,TEST,TEST,CLUST_0.70_00051,LATE,HSV-2,ICP34,neurovirulence protein ICP34.5,260,LATE,0.9996234,True,CORRECT,Q1_Short
CANONICAL_0c7cb33af7ef,TRAIN,TEST,CLUST_0.70_00030,EARLY,HSV-1,UNKNOWN,thymidine kinase,376,EARLY,0.99857056,True,CORRECT,Q1_Short
CANONICAL_0c8d4fdedc3a,TEST,TEST,CLUST_0.70_00004,IMMEDIATE_EARLY,HSV-1,ICP4,transcriptional regulator ICP4,1297,IMMEDIATE_EARLY,0.9997905,True,CORRECT,Q3_Medium_High
CANONICAL_0c9bddf7dc25,VALIDATION,TEST,CLUST_0.70_00015,LATE,HSV-1,UL44,UL44,511,LATE,0.99999964,True,CORRECT,Q3_Medium_High
CANONICAL_0ca3cc0ecf9a,TEST,TEST,CLUST_0.70_00030,EARLY,HSV-1,UNKNOWN,thymidine kinase,376,EARLY,0.9993136,True,CORRECT,Q1_Short
CANONICAL_0ca9db13c74d,TRAIN,TEST,CLUST_0.70_00001,LATE,HSV-1,UNKNOWN,large tegument protein,3116,LATE,0.99999976,True,CORRECT,Q4_Long
CANONICAL_0cb17d4feb43,TEST,TEST,CLUST_0.70_00018,LATE,HSV-2,UNKNOWN,envelope glycoprotein E,548,LATE,0.99909186,True,CORRECT,Q3_Medium_High
CANONICAL_0cc439246d08,TRAIN,TEST,CLUST_0.70_00018,LATE,HSV-1,US8,US8,477,LATE,0.9999535,True,CORRECT,Q2_Medium_Low
CANONICAL_0ceb376b3d74,TRAIN,TEST,CLUST_0.70_00015,LATE,HSV-1,UNKNOWN,envelope glycoprotein C,511,LATE,0.99999833,True,CORRECT,Q3_Medium_High
CANONICAL_0d296eb96bed,TRAIN,TEST,CLUST_0.70_00020,LATE,HSV-2,UNKNOWN,tegument serine/threonine protein kinase,518,LATE,0.99972516,True,CORRECT,Q3_Medium_High
CANONICAL_0d37738138a7,TRAIN,TEST,CLUST_0.70_00071,LATE,HSV-1,UL24,UL24,254,LATE,0.58628833,True,CORRECT,Q1_Short
CANONICAL_0d588b07c44c,TRAIN,TEST,CLUST_0.70_00052,LATE,HSV-1,ICP34,neurovirulence protein ICP34.5,256,LATE,1.0,True,CORRECT,Q1_Short
CANONICAL_0d5a3c374cc3,TEST,TEST,CLUST_0.70_00004,IMMEDIATE_EARLY,HSV-1,ICP4,transcriptional regulator ICP4,1302,IMMEDIATE_EARLY,0.9998927,True,CORRECT,Q3_Medium_High
CANONICAL_0d673772d864,VALIDATION,TEST,CLUST_0.70_00018,LATE,HSV-1,US8,US8,477,LATE,0.99987936,True,CORRECT,Q2_Medium_Low
CANONICAL_0d6a3b7eeaeb,TRAIN,TEST,CLUST_0.70_00080,LATE,HSV-2,UL3,nuclear protein UL3,233,EARLY,0.8610247,False,LATE_PREDICTED_AS_EARLY,Q1_Short
CANONICAL_0d7f52ae7380,TRAIN,TEST,CLUST_0.70_00030,EARLY,HSV-2,UNKNOWN,thymidine kinase,376,EARLY,0.99556303,True,CORRECT,Q1_Short
CANONICAL_0dbf20c7885c,TRAIN,TEST,CLUST_0.70_00030,EARLY,HSV-2,UNKNOWN,thymidine kinase,376,EARLY,0.99554515,True,CORRECT,Q1_Short
CANONICAL_0dc03d90eea5,TRAIN,TEST,CLUST_0.70_00001,LATE,HSV-2,UNKNOWN,large tegument protein,3099,LATE,0.9999976,True,CORRECT,Q4_Long
CANONICAL_0dd048ec1d76,TRAIN,TEST,CLUST_0.70_00030,EARLY,HSV-1,UNKNOWN,thymidine kinase,376,EARLY,0.9994808,True,CORRECT,Q1_Short
CANONICAL_0df468a2168b,VALIDATION,TEST,CLUST_0.70_00030,EARLY,HSV-1,UNKNOWN,thymidine kinase,376,EARLY,0.99790996,True,CORRECT,Q1_Short
CANONICAL_0e00353fb1b6,TRAIN,TEST,CLUST_0.70_00030,EARLY,HSV-2,UNKNOWN,thymidine kinase,376,EARLY,0.9954911,True,CORRECT,Q1_Short
CANONICAL_0e066b5ca800,TRAIN,TEST,CLUST_0.70_00071,LATE,HSV-1,UL24,UL24,269,EARLY,0.5314609,False,LATE_PREDICTED_AS_EARLY,Q1_Short
CANONICAL_0e168e61b400,TRAIN,TEST,CLUST_0.70_00018,LATE,HSV-2,UNKNOWN,envelope glycoprotein E,548,LATE,0.9995474,True,CORRECT,Q3_Medium_High
CANONICAL_0e276c265e41,TRAIN,TEST,CLUST_0.70_00001,LATE,HSV-2,UNKNOWN,large tegument protein,3106,LATE,0.99999833,True,CORRECT,Q4_Long
CANONICAL_0e3115bff688,TRAIN,TEST,CLUST_0.70_00052,LATE,HSV-1,ICP34,neurovirulence protein ICP34.5,272,LATE,0.9998242,True,CORRECT,Q1_Short
CANONICAL_0e31c884eb97,TRAIN,TEST,CLUST_0.70_00030,EARLY,HSV-1,UNKNOWN,thymidine kinase,376,EARLY,0.9997377,True,CORRECT,Q1_Short
CANONICAL_0e4332d3440a,VALIDATION,TEST,CLUST_0.70_00004,IMMEDIATE_EARLY,HSV-2,ICP4,transcriptional regulator ICP4,1316,IMMEDIATE_EARLY,0.9999529,True,CORRECT,Q4_Long
CANONICAL_0e560f557ea0,TRAIN,TEST,CLUST_0.70_00037,LATE,HSV-1,US6,US6,394,LATE,0.9999999,True,CORRECT,Q2_Medium_Low
CANONICAL_0e833016e98d,TRAIN,TEST,CLUST_0.70_00030,EARLY,HSV-1,UNKNOWN,thymidine kinase,376,EARLY,0.99571854,True,CORRECT,Q1_Short
CANONICAL_0e8f8ca39b4d,TRAIN,TEST,CLUST_0.70_00020,LATE,HSV-1,UNKNOWN,tegument serine/threonine protein kinase,518,LATE,0.9999839,True,CORRECT,Q3_Medium_High
CANONICAL_0e99bf482f48,TRAIN,TEST,CLUST_0.70_00052,LATE,HSV-1,RL1,RL1,258,LATE,0.99999523,True,CORRECT,Q1_Short
CANONICAL_0ecfee6cadd1,TRAIN,TEST,CLUST_0.70_00001,LATE,HSV-1,UL36,UL36,3072,LATE,0.9999999,True,CORRECT,Q4_Long
CANONICAL_0edd79c9e662,TRAIN,TEST,CLUST_0.70_00071,LATE,HSV-2,UL24,nuclear protein UL24,281,EARLY,0.9804449,False,LATE_PREDICTED_AS_EARLY,Q1_Short
CANONICAL_0ee83de64931,VALIDATION,TEST,CLUST_0.70_00052,LATE,HSV-1,RL1,RL1,248,LATE,0.9999659,True,CORRECT,Q1_Short
CANONICAL_0efb0aaa1e1f,TRAIN,TEST,CLUST_0.70_00037,LATE,HSV-1,US6,US6,394,LATE,0.9999999,True,CORRECT,Q2_Medium_Low
CANONICAL_0f0ab8ad58dc,TRAIN,TEST,CLUST_0.70_00001,LATE,HSV-2,UNKNOWN,large tegument protein,3122,LATE,0.9999987,True,CORRECT,Q4_Long
CANONICAL_0f1efd32eb69,VALIDATION,TEST,CLUST_0.70_00004,IMMEDIATE_EARLY,HSV-2,ICP4,transcriptional regulator ICP4,1313,IMMEDIATE_EARLY,0.9999864,True,CORRECT,Q4_Long
CANONICAL_0f562e1f0563,TEST,TEST,CLUST_0.70_00030,EARLY,HSV-1,UNKNOWN,thymidine kinase,376,EARLY,0.9992593,True,CORRECT,Q1_Short
CANONICAL_0f8e3aa42045,TRAIN,TEST,CLUST_0.70_00020,LATE,HSV-2,UNKNOWN,tegument serine/threonine protein kinase,518,LATE,0.9999752,True,CORRECT,Q3_Medium_High
CANONICAL_0faf8bbaf87c,TRAIN,TEST,CLUST_0.70_00030,EARLY,HSV-1,UNKNOWN,thymidine kinase,376,EARLY,0.9993957,True,CORRECT,Q1_Short
CANONICAL_0ff38c27aa89,TEST,TEST,CLUST_0.70_00001,LATE,HSV-2,UNKNOWN,large tegument protein,3121,LATE,0.9999976,True,CORRECT,Q4_Long
CANONICAL_0ffe4473ace5,TRAIN,TEST,CLUST_0.70_00080,LATE,HSV-2,UL3,nuclear protein UL3,233,LATE,0.68093884,True,CORRECT,Q1_Short
CANONICAL_100a70c76ba9,TRAIN,TEST,CLUST_0.70_00004,IMMEDIATE_EARLY,HSV-1,ICP4,transcriptional regulator ICP4,1297,IMMEDIATE_EARLY,0.99957794,True,CORRECT,Q3_Medium_High
CANONICAL_100ed4163556,VALIDATION,TEST,CLUST_0.70_00009,LATE,HSV-1,UL48,UL48,490,LATE,0.9998379,True,CORRECT,Q2_Medium_Low
CANONICAL_102a14b6c95a,TRAIN,TEST,CLUST_0.70_00020,LATE,HSV-1,UNKNOWN,tegument serine/threonine protein kinase,518,LATE,0.999967,True,CORRECT,Q3_Medium_High
CANONICAL_1032f271ad3c,TEST,TEST,CLUST_0.70_00018,LATE,HSV-2,UNKNOWN,envelope glycoprotein E,548,LATE,0.9993206,True,CORRECT,Q3_Medium_High
CANONICAL_103d7bda781a,TRAIN,TEST,CLUST_0.70_00037,LATE,HSV-2,UNKNOWN,envelope glycoprotein D,347,LATE,0.9999999,True,CORRECT,Q1_Short
CANONICAL_105a0573c9a4,TRAIN,TEST,CLUST_0.70_00004,IMMEDIATE_EARLY,HSV-1,RS1,RS1,1304,IMMEDIATE_EARLY,0.9995652,True,CORRECT,Q4_Long
CANONICAL_10633e4db796,TRAIN,TEST,CLUST_0.70_00030,EARLY,HSV-1,UNKNOWN,thymidine kinase,376,EARLY,0.9997098,True,CORRECT,Q1_Short
CANONICAL_10781752e2f6,TEST,TEST,CLUST_0.70_00030,EARLY,HSV-2,UNKNOWN,thymidine kinase,376,EARLY,0.9948554,True,CORRECT,Q1_Short
CANONICAL_10967571dea2,TRAIN,TEST,CLUST_0.70_00071,LATE,HSV-1,UL24,nuclear protein UL24,269,EARLY,0.9204029,False,LATE_PREDICTED_AS_EARLY,Q1_Short
CANONICAL_10bd07d322d2,TRAIN,TEST,CLUST_0.70_00001,LATE,HSV-1,UNKNOWN,large tegument protein,3134,LATE,0.9999999,True,CORRECT,Q4_Long
CANONICAL_10e228577a84,VALIDATION,TEST,CLUST_0.70_00004,IMMEDIATE_EARLY,HSV-1,RS1,RS1-2,1300,IMMEDIATE_EARLY,0.99980444,True,CORRECT,Q3_Medium_High
CANONICAL_11382db7939a,TRAIN,TEST,CLUST_0.70_00004,IMMEDIATE_EARLY,HSV-1,ICP4,transcriptional regulator ICP4,1299,IMMEDIATE_EARLY,0.9995659,True,CORRECT,Q3_Medium_High
CANONICAL_113a73f8160c,TRAIN,TEST,CLUST_0.70_00052,LATE,HSV-2,ICP34,neurovirulence protein ICP34.5,301,LATE,0.9999993,True,CORRECT,Q1_Short
CANONICAL_1146dc742c7f,TRAIN,TEST,CLUST_0.70_00030,EARLY,HSV-2,UNKNOWN,thymidine kinase,376,EARLY,0.9963612,True,CORRECT,Q1_Short
CANONICAL_11714c9348b7,TRAIN,TEST,CLUST_0.70_00004,IMMEDIATE_EARLY,HSV-1,ICP4,transcriptional regulator ICP4,1300,IMMEDIATE_EARLY,0.99975234,True,CORRECT,Q3_Medium_High
CANONICAL_1177af4061f0,TRAIN,TEST,CLUST_0.70_00001,LATE,HSV-2,UNKNOWN,large tegument protein,3102,LATE,0.99999833,True,CORRECT,Q4_Long
CANONICAL_117bdba4b221,TRAIN,TEST,CLUST_0.70_00001,LATE,HSV-2,UNKNOWN,large tegument protein,3122,LATE,0.9999981,True,CORRECT,Q4_Long
CANONICAL_1183d522f29b,TRAIN,TEST,CLUST_0.70_00015,LATE,HSV-2,UNKNOWN,envelope glycoprotein C,480,LATE,1.0,True,CORRECT,Q2_Medium_Low
CANONICAL_11a145fa3c54,TRAIN,TEST,CLUST_0.70_00018,LATE,HSV-1,US8,US8,477,LATE,0.9998678,True,CORRECT,Q2_Medium_Low
CANONICAL_11a7f4e6f85f,TRAIN,TEST,CLUST_0.70_00001,LATE,HSV-1,UL36,UL36,3088,LATE,0.99999976,True,CORRECT,Q4_Long
CANONICAL_11b5fb351197,VALIDATION,TEST,CLUST_0.70_00030,EARLY,HSV-2,UNKNOWN,thymidine kinase,376,EARLY,0.99726737,True,CORRECT,Q1_Short
CANONICAL_11b81729b5bb,VALIDATION,TEST,CLUST_0.70_00018,LATE,HSV-1,UNKNOWN,envelope glycoprotein E,550,LATE,0.9997298,True,CORRECT,Q3_Medium_High
CANONICAL_11b98c494a0d,TRAIN,TEST,CLUST_0.70_00001,LATE,HSV-1,UNKNOWN,large tegument protein,3108,LATE,0.9999999,True,CORRECT,Q4_Long
CANONICAL_11f08874ff46,TRAIN,TEST,CLUST_0.70_00030,EARLY,HSV-1,UNKNOWN,thymidine kinase,376,EARLY,0.99955755,True,CORRECT,Q1_Short
CANONICAL_11fdf980ec01,TRAIN,TEST,CLUST_0.70_00001,LATE,HSV-1,UNKNOWN,large tegument protein,3139,LATE,0.9999999,True,CORRECT,Q4_Long
CANONICAL_12057787f096,TRAIN,TEST,CLUST_0.70_00004,IMMEDIATE_EARLY,HSV-2,ICP4,transcriptional regulator ICP4,1314,IMMEDIATE_EARLY,0.9999896,True,CORRECT,Q4_Long
CANONICAL_121b7ceab473,TRAIN,TEST,CLUST_0.70_00030,EARLY,HSV-2,UL23,UL23,307,LATE,0.98858976,False,EARLY_PREDICTED_AS_LATE,Q1_Short
CANONICAL_123208f43b86,TEST,TEST,CLUST_0.70_00004,IMMEDIATE_EARLY,HSV-2,ICP4,transcriptional regulator ICP4,1467,IMMEDIATE_EARLY,0.9999896,True,CORRECT,Q4_Long
CANONICAL_1233ae43d153,TRAIN,TEST,CLUST_0.70_00030,EARLY,HSV-1,UNKNOWN,thymidine kinase,376,EARLY,0.99940073,True,CORRECT,Q1_Short
CANONICAL_12455a457682,TRAIN,TEST,CLUST_0.70_00051,LATE,HSV-2,UNKNOWN,tegument protein VP22,302,LATE,0.99508107,True,CORRECT,Q1_Short
CANONICAL_124d3dd71f20,VALIDATION,TEST,CLUST_0.70_00001,LATE,HSV-1,UNKNOWN,large tegument protein,3139,LATE,0.9999999,True,CORRECT,Q4_Long
CANONICAL_127def83e853,TEST,TEST,CLUST_0.70_00015,LATE,HSV-2,UNKNOWN,envelope glycoprotein C,480,LATE,1.0,True,CORRECT,Q2_Medium_Low
CANONICAL_1280bcb63d80,TEST,TEST,CLUST_0.70_00030,EARLY,HSV-2,UNKNOWN,thymidine kinase,376,EARLY,0.99522036,True,CORRECT,Q1_Short
CANONICAL_129b872830dd,TRAIN,TEST,CLUST_0.70_00001,LATE,HSV-1,UNKNOWN,large tegument protein,3139,LATE,0.9999999,True,CORRECT,Q4_Long
CANONICAL_12a12215a8d7,TEST,TEST,CLUST_0.70_00052,LATE,HSV-1,RL1,RL1,248,LATE,0.99977595,True,CORRECT,Q1_Short
CANONICAL_12ad00e22ba0,TRAIN,TEST,CLUST_0.70_00004,IMMEDIATE_EARLY,HSV-1,ICP4,transcriptional regulator ICP4,1294,IMMEDIATE_EARLY,0.9997844,True,CORRECT,Q3_Medium_High
CANONICAL_12be297e1025,TRAIN,TEST,CLUST_0.70_00030,EARLY,HSV-1,UNKNOWN,thymidine kinase,376,EARLY,0.9987857,True,CORRECT,Q1_Short
CANONICAL_12bfa8776d48,VALIDATION,TEST,CLUST_0.70_00080,LATE,HSV-2,UL3,nuclear protein UL3,233,LATE,0.8764104,True,CORRECT,Q1_Short
CANONICAL_12bfd9369f8d,TEST,TEST,CLUST_0.70_00004,IMMEDIATE_EARLY,HSV-1,RS1,RS1,1302,IMMEDIATE_EARLY,0.99987745,True,CORRECT,Q3_Medium_High
CANONICAL_12c700f8ea0e,TRAIN,TEST,CLUST_0.70_00015,LATE,HSV-1,UNKNOWN,envelope glycoprotein C,511,LATE,0.9999993,True,CORRECT,Q3_Medium_High
CANONICAL_12eec575e2bc,TRAIN,TEST,CLUST_0.70_00004,IMMEDIATE_EARLY,HSV-2,ICP4,transcriptional regulator ICP4,1467,IMMEDIATE_EARLY,0.9999969,True,CORRECT,Q4_Long
CANONICAL_12fb2e8dad35,TRAIN,TEST,CLUST_0.70_00030,EARLY,HSV-1,UNKNOWN,thymidine kinase,376,EARLY,0.997279,True,CORRECT,Q1_Short
CANONICAL_13003763d22b,TRAIN,TEST,CLUST_0.70_00001,LATE,HSV-2,UL36,UL36,3113,LATE,0.99999857,True,CORRECT,Q4_Long
CANONICAL_1306613dd89b,VALIDATION,TEST,CLUST_0.70_00004,IMMEDIATE_EARLY,HSV-1,ICP4,transcriptional regulator ICP4,1290,IMMEDIATE_EARLY,0.999572,True,CORRECT,Q3_Medium_High
CANONICAL_13197336c2b7,TRAIN,TEST,CLUST_0.70_00052,LATE,HSV-1,ICP34,neurovirulence protein ICP34.5,258,LATE,0.9999945,True,CORRECT,Q1_Short
CANONICAL_1319776885e9,TRAIN,TEST,CLUST_0.70_00080,LATE,HSV-2,UL3,nuclear protein UL3,233,LATE,0.58115447,True,CORRECT,Q1_Short
CANONICAL_132c2589cb23,VALIDATION,TEST,CLUST_0.70_00001,LATE,HSV-2,UNKNOWN,large tegument protein,3107,LATE,0.99999857,True,CORRECT,Q4_Long
CANONICAL_133c228349a3,TRAIN,TEST,CLUST_0.70_00030,EARLY,HSV-1,UNKNOWN,thymidine kinase,376,EARLY,0.99950874,True,CORRECT,Q1_Short
CANONICAL_133e7be1d0a1,TRAIN,TEST,CLUST_0.70_00030,EARLY,HSV-1,UNKNOWN,thymidine kinase,376,EARLY,0.9980198,True,CORRECT,Q1_Short
CANONICAL_135176a9e785,TRAIN,TEST,CLUST_0.70_00030,EARLY,HSV-1,UNKNOWN,thymidine kinase,376,EARLY,0.9986482,True,CORRECT,Q1_Short
CANONICAL_1367ef1c1c5e,TRAIN,TEST,CLUST_0.70_00001,LATE,HSV-1,UNKNOWN,large tegument protein,3139,LATE,0.9999999,True,CORRECT,Q4_Long
CANONICAL_13696f55f6de,VALIDATION,TEST,CLUST_0.70_00037,LATE,HSV-1,UNKNOWN,"envelope glycoprotein D, partial",211,LATE,0.9595804,True,CORRECT,Q1_Short
CANONICAL_1376c9cced4e,TEST,TEST,CLUST_0.70_00004,IMMEDIATE_EARLY,HSV-1,ICP4,transcriptional regulator ICP4,1289,IMMEDIATE_EARLY,0.9998172,True,CORRECT,Q3_Medium_High
CANONICAL_137e9c6a6121,TRAIN,TEST,CLUST_0.70_00071,LATE,HSV-2,UL24,nuclear protein UL24,281,EARLY,0.81468964,False,LATE_PREDICTED_AS_EARLY,Q1_Short
CANONICAL_13a20d6aebe2,TRAIN,TEST,CLUST_0.70_00018,LATE,HSV-2,UNKNOWN,envelope glycoprotein E,545,LATE,0.9991967,True,CORRECT,Q3_Medium_High
CANONICAL_13b0c94e9bd0,TRAIN,TEST,CLUST_0.70_00015,LATE,HSV-2,UL44,UL44,475,LATE,1.0,True,CORRECT,Q2_Medium_Low
CANONICAL_13c5ec78f805,TRAIN,TEST,CLUST_0.70_00001,LATE,HSV-2,UNKNOWN,large tegument protein,3122,LATE,0.99999845,True,CORRECT,Q4_Long
CANONICAL_13d033c6635f,TRAIN,TEST,CLUST_0.70_00080,LATE,HSV-1,UL3,UL3,227,LATE,0.99648726,True,CORRECT,Q1_Short
CANONICAL_13dfaf5b6852,TEST,TEST,CLUST_0.70_00020,LATE,HSV-1,UNKNOWN,tegument serine/threonine protein kinase,518,LATE,0.99997425,True,CORRECT,Q3_Medium_High
CANONICAL_13e463c34f17,TRAIN,TEST,CLUST_0.70_00080,LATE,HSV-2,UL3,nuclear protein UL3,233,EARLY,0.7899365,False,LATE_PREDICTED_AS_EARLY,Q1_Short
CANONICAL_13fb813be624,TEST,TEST,CLUST_0.70_00052,LATE,HSV-1,ICP34,neurovirulence protein ICP34.5,244,LATE,0.5287782,True,CORRECT,Q1_Short
CANONICAL_142da70f5a4a,VALIDATION,TEST,CLUST_0.70_00004,IMMEDIATE_EARLY,HSV-1,RS1,RS1,1298,IMMEDIATE_EARLY,0.890399,True,CORRECT,Q3_Medium_High
CANONICAL_143959e67975,TEST,TEST,CLUST_0.70_00001,LATE,HSV-1,UL36,UL36,3094,LATE,0.99999976,True,CORRECT,Q4_Long
CANONICAL_143f833bb6b7,TRAIN,TEST,CLUST_0.70_00018,LATE,HSV-1,US8,US8,550,LATE,0.999668,True,CORRECT,Q3_Medium_High
CANONICAL_1449a98224f3,TRAIN,TEST,CLUST_0.70_00001,LATE,HSV-1,UL36,UL36,3099,LATE,0.99999976,True,CORRECT,Q4_Long
CANONICAL_14629f9cb846,TEST,TEST,CLUST_0.70_00018,LATE,HSV-1,UNKNOWN,envelope glycoprotein E,550,LATE,0.99975187,True,CORRECT,Q3_Medium_High
CANONICAL_146f250549d8,TRAIN,TEST,CLUST_0.70_00004,IMMEDIATE_EARLY,HSV-1,RS1,RS1,1299,IMMEDIATE_EARLY,0.99982387,True,CORRECT,Q3_Medium_High
CANONICAL_14730fa101e4,VALIDATION,TEST,CLUST_0.70_00004,IMMEDIATE_EARLY,HSV-2,ICP4,transcriptional regulator ICP4,1469,IMMEDIATE_EARLY,0.9999325,True,CORRECT,Q4_Long
CANONICAL_1478b8aa1b24,VALIDATION,TEST,CLUST_0.70_00080,LATE,HSV-2,UL3,"nuclear protein UL3, partial",219,LATE,0.9991159,True,CORRECT,Q1_Short
CANONICAL_149519133953,TRAIN,TEST,CLUST_0.70_00004,IMMEDIATE_EARLY,HSV-2,ICP4,transcriptional regulator ICP4,1480,IMMEDIATE_EARLY,0.99995387,True,CORRECT,Q4_Long
CANONICAL_14ad73546ce6,TEST,TEST,CLUST_0.70_00052,LATE,HSV-2,ICP34,neurovirulence protein ICP34.5,261,LATE,0.9999423,True,CORRECT,Q1_Short
CANONICAL_14b8f1358686,TRAIN,TEST,CLUST_0.70_00009,LATE,HSV-1,UL48,UL48,490,LATE,0.9997243,True,CORRECT,Q2_Medium_Low
CANONICAL_14c459351d9e,TRAIN,TEST,CLUST_0.70_00001,LATE,HSV-2,UL36,UL36,3119,LATE,0.99999785,True,CORRECT,Q4_Long
CANONICAL_14c9eafccb01,TRAIN,TEST,CLUST_0.70_00009,LATE,HSV-1,UL48,UL48,490,LATE,0.99972695,True,CORRECT,Q2_Medium_Low
CANONICAL_14d9c585dc57,TRAIN,TEST,CLUST_0.70_00004,IMMEDIATE_EARLY,HSV-1,RS1,RS1,1292,IMMEDIATE_EARLY,0.9998337,True,CORRECT,Q3_Medium_High
CANONICAL_14e3149c0fa1,TRAIN,TEST,CLUST_0.70_00004,IMMEDIATE_EARLY,HSV-1,RS1,RS1,1299,IMMEDIATE_EARLY,0.99956304,True,CORRECT,Q3_Medium_High
CANONICAL_14ff1b9d04d6,TEST,TEST,CLUST_0.70_00020,LATE,HSV-2,UNKNOWN,tegument serine/threonine protein kinase,518,LATE,0.9999864,True,CORRECT,Q3_Medium_High
CANONICAL_151238d75ed1,TRAIN,TEST,CLUST_0.70_00001,LATE,HSV-2,UNKNOWN,large tegument protein,3074,LATE,0.99999845,True,CORRECT,Q4_Long
CANONICAL_153766f5c264,TEST,TEST,CLUST_0.70_00018,LATE,HSV-1,UNKNOWN,envelope glycoprotein E,550,LATE,0.9997923,True,CORRECT,Q3_Medium_High
CANONICAL_156326c63c44,TEST,TEST,CLUST_0.70_00004,IMMEDIATE_EARLY,HSV-2,ICP4,transcriptional regulator ICP4,1470,IMMEDIATE_EARLY,0.99602085,True,CORRECT,Q4_Long
CANONICAL_157638548ce0,VALIDATION,TEST,CLUST_0.70_00030,EARLY,HSV-1,UL23,UL23,376,EARLY,0.99894756,True,CORRECT,Q1_Short
CANONICAL_1576f106dccc,TEST,TEST,CLUST_0.70_00030,EARLY,HSV-1,UNKNOWN,thymidine kinase,376,EARLY,0.99852186,True,CORRECT,Q1_Short
CANONICAL_1599cf8c1453,TRAIN,TEST,CLUST_0.70_00030,EARLY,HSV-1,UNKNOWN,thymidine kinase,376,EARLY,0.99905854,True,CORRECT,Q1_Short
CANONICAL_15d24e5e0f00,TRAIN,TEST,CLUST_0.70_00001,LATE,HSV-2,UL36,UL36,3112,LATE,0.9999989,True,CORRECT,Q4_Long
CANONICAL_15d4a5bf470c,TRAIN,TEST,CLUST_0.70_00030,EARLY,HSV-1,UNKNOWN,thymidine kinase,376,EARLY,0.9923544,True,CORRECT,Q1_Short
CANONICAL_15eb28bf3df5,TRAIN,TEST,CLUST_0.70_00001,LATE,HSV-1,UL36,UL36,3116,LATE,0.9999999,True,CORRECT,Q4_Long
CANONICAL_15fafc3dc75e,TRAIN,TEST,CLUST_0.70_00004,IMMEDIATE_EARLY,HSV-2,ICP4,transcriptional regulator ICP4,1465,IMMEDIATE_EARLY,0.9999964,True,CORRECT,Q4_Long
CANONICAL_1605a13c9e69,TRAIN,TEST,CLUST_0.70_00001,LATE,HSV-2,UNKNOWN,large tegument protein,3106,LATE,0.999998,True,CORRECT,Q4_Long
CANONICAL_160ef06e2a1b,TRAIN,TEST,CLUST_0.70_00030,EARLY,HSV-1,UNKNOWN,"thymidine kinase, partial",357,EARLY,0.99807173,True,CORRECT,Q1_Short
CANONICAL_161298cae317,TRAIN,TEST,CLUST_0.70_00037,LATE,HSV-2,UNKNOWN,envelope glycoprotein D,393,LATE,0.99999976,True,CORRECT,Q2_Medium_Low
CANONICAL_161b257107dc,TRAIN,TEST,CLUST_0.70_00030,EARLY,HSV-2,UNKNOWN,thymidine kinase,376,EARLY,0.9986285,True,CORRECT,Q1_Short
CANONICAL_164a92b0a5ef,VALIDATION,TEST,CLUST_0.70_00071,LATE,HSV-2,UL24,nuclear protein UL24,281,EARLY,0.6024989,False,LATE_PREDICTED_AS_EARLY,Q1_Short
CANONICAL_165a20359613,TRAIN,TEST,CLUST_0.70_00030,EARLY,HSV-2,UNKNOWN,thymidine kinase,376,EARLY,0.99056715,True,CORRECT,Q1_Short
CANONICAL_16717ebce8a2,TRAIN,TEST,CLUST_0.70_00015,LATE,HSV-1,UL44,UL44,511,LATE,0.9999982,True,CORRECT,Q3_Medium_High
CANONICAL_169b17e08a15,VALIDATION,TEST,CLUST_0.70_00030,EARLY,HSV-2,UNKNOWN,thymidine kinase,376,EARLY,0.9954958,True,CORRECT,Q1_Short
CANONICAL_16a06c340e32,TRAIN,TEST,CLUST_0.70_00037,LATE,HSV-2,UNKNOWN,envelope glycoprotein D,393,LATE,1.0,True,CORRECT,Q2_Medium_Low
CANONICAL_16bbbac434d4,TRAIN,TEST,CLUST_0.70_00018,EARLY,HSV-1,UNKNOWN,DNA polymerase processivity subunit,488,EARLY,0.97229517,True,CORRECT,Q2_Medium_Low
CANONICAL_16e36880ec6a,TRAIN,TEST,CLUST_0.70_00004,IMMEDIATE_EARLY,HSV-2,ICP4,transcriptional regulator ICP4,1313,IMMEDIATE_EARLY,0.9999876,True,CORRECT,Q4_Long
CANONICAL_16e7a587370e,TEST,TEST,CLUST_0.70_00071,LATE,HSV-1,UL24,UL24,269,EARLY,0.58129525,False,LATE_PREDICTED_AS_EARLY,Q1_Short
CANONICAL_17008e8b6708,TEST,TEST,CLUST_0.70_00001,LATE,HSV-2,UNKNOWN,large tegument protein,3122,LATE,0.9999968,True,CORRECT,Q4_Long
CANONICAL_1736ce0d63ca,TRAIN,TEST,CLUST_0.70_00052,LATE,HSV-1,RL1,RL1-1,242,LATE,0.99999905,True,CORRECT,Q1_Short
CANONICAL_1745d4816896,TRAIN,TEST,CLUST_0.70_00018,LATE,HSV-1,US8,US8,550,LATE,0.999941,True,CORRECT,Q3_Medium_High
CANONICAL_17755d7f0b06,VALIDATION,TEST,CLUST_0.70_00015,LATE,HSV-1,UL44,UL44,511,LATE,0.9999993,True,CORRECT,Q3_Medium_High
CANONICAL_1782c5c291e1,TEST,TEST,CLUST_0.70_00052,LATE,HSV-1,ICP34,neurovirulence protein ICP34.5,255,LATE,0.9999914,True,CORRECT,Q1_Short
CANONICAL_1786ac188f00,VALIDATION,TEST,CLUST_0.70_00001,LATE,HSV-1,UNKNOWN,large tegument protein,3134,LATE,0.9999999,True,CORRECT,Q4_Long
CANONICAL_17bf20e294be,TRAIN,TEST,CLUST_0.70_00018,LATE,HSV-2,UNKNOWN,envelope glycoprotein E,548,LATE,0.9994844,True,CORRECT,Q3_Medium_High
CANONICAL_17d7bfa1aa88,TRAIN,TEST,CLUST_0.70_00001,LATE,HSV-1,UL36,UL36,3118,LATE,0.9999999,True,CORRECT,Q4_Long
CANONICAL_17dca1154ab3,VALIDATION,TEST,CLUST_0.70_00001,LATE,HSV-1,UNKNOWN,large tegument protein,3102,LATE,0.9999999,True,CORRECT,Q4_Long
CANONICAL_17eb58c20ed0,TRAIN,TEST,CLUST_0.70_00030,EARLY,HSV-1,UNKNOWN,thymidine kinase,376,EARLY,0.99956113,True,CORRECT,Q1_Short
CANONICAL_17ef3cb3d59e,TRAIN,TEST,CLUST_0.70_00004,IMMEDIATE_EARLY,HSV-2,ICP4,transcriptional regulator ICP4,1469,IMMEDIATE_EARLY,0.9999958,True,CORRECT,Q4_Long
CANONICAL_1800b9b5df67,TRAIN,TEST,CLUST_0.70_00001,LATE,HSV-2,UL36,UL36,3123,LATE,0.999998,True,CORRECT,Q4_Long
CANONICAL_180513d21573,TRAIN,TEST,CLUST_0.70_00051,LATE,HSV-2,UL49,UL49,323,LATE,0.99817586,True,CORRECT,Q1_Short
CANONICAL_1815a2bbe6de,TRAIN,TEST,CLUST_0.70_00001,LATE,HSV-2,UNKNOWN,large tegument protein,3122,LATE,0.9999987,True,CORRECT,Q4_Long
CANONICAL_181f4f306e61,TRAIN,TEST,CLUST_0.70_00004,IMMEDIATE_EARLY,HSV-1,ICP4,transcriptional regulator ICP4,1302,IMMEDIATE_EARLY,0.9998616,True,CORRECT,Q3_Medium_High
CANONICAL_18269db562ae,TRAIN,TEST,CLUST_0.70_00015,LATE,HSV-1,UNKNOWN,Envelope glycoprotein C,511,LATE,0.9999987,True,CORRECT,Q3_Medium_High
CANONICAL_183341c20e34,TRAIN,TEST,CLUST_0.70_00030,EARLY,HSV-1,UNKNOWN,thymidine kinase,376,EARLY,0.9985032,True,CORRECT,Q1_Short
CANONICAL_1847649326e6,TRAIN,TEST,CLUST_0.70_00001,IMMEDIATE_EARLY,HSV-2,ICP4,transcriptional regulator ICP4,3529,EARLY,0.5326613,False,IMMEDIATE_EARLY_PREDICTED_AS_EARLY,Q4_Long
CANONICAL_18583cb8c056,VALIDATION,TEST,CLUST_0.70_00030,EARLY,HSV-1,UNKNOWN,Thymidine kinase,331,EARLY,0.9996264,True,CORRECT,Q1_Short
CANONICAL_187798567ffa,VALIDATION,TEST,CLUST_0.70_00030,EARLY,HSV-1,UNKNOWN,thymidine kinase,376,EARLY,0.9992912,True,CORRECT,Q1_Short
CANONICAL_187e633d2c20,TRAIN,TEST,CLUST_0.70_00001,LATE,HSV-1,UL36,UL36,3104,LATE,0.9999999,True,CORRECT,Q4_Long
CANONICAL_188fe3230844,TRAIN,TEST,CLUST_0.70_00001,LATE,HSV-2,UNKNOWN,large tegument protein,3122,LATE,0.9999982,True,CORRECT,Q4_Long
CANONICAL_18b2ae6ed44e,TRAIN,TEST,CLUST_0.70_00004,IMMEDIATE_EARLY,HSV-1,RS1,RS1,1301,IMMEDIATE_EARLY,0.9997998,True,CORRECT,Q3_Medium_High
CANONICAL_18b957a0b913,TRAIN,TEST,CLUST_0.70_00004,IMMEDIATE_EARLY,HSV-1,ICP4,transcriptional regulator ICP4,1299,IMMEDIATE_EARLY,0.99850357,True,CORRECT,Q3_Medium_High
CANONICAL_18c62823203c,TRAIN,TEST,CLUST_0.70_00030,EARLY,HSV-2,UNKNOWN,"thymidine kinase, partial",376,EARLY,0.99748105,True,CORRECT,Q1_Short
CANONICAL_18ce2e777d3f,TRAIN,TEST,CLUST_0.70_00037,LATE,HSV-2,UNKNOWN,envelope glycoprotein D,393,LATE,0.9999999,True,CORRECT,Q2_Medium_Low
CANONICAL_18da3e2a505f,VALIDATION,TEST,CLUST_0.70_00009,LATE,HSV-1,UL48,UL48,701,LATE,0.9523967,True,CORRECT,Q3_Medium_High
CANONICAL_190a00cf7676,VALIDATION,TEST,CLUST_0.70_00018,LATE,HSV-1,UNKNOWN,"glycoprotein E, partial",548,LATE,0.9999201,True,CORRECT,Q3_Medium_High
CANONICAL_191e15b17c7d,TRAIN,TEST,CLUST_0.70_00051,LATE,HSV-2,UL46,UL46,338,LATE,0.85660046,True,CORRECT,Q1_Short
CANONICAL_1921dd4802f2,TEST,TEST,CLUST_0.70_00004,IMMEDIATE_EARLY,HSV-1,RS1,RS1,1299,IMMEDIATE_EARLY,0.9993767,True,CORRECT,Q3_Medium_High
CANONICAL_1925c0616dc5,TRAIN,TEST,CLUST_0.70_00009,LATE,HSV-1,UL48,UL48,490,LATE,0.9996294,True,CORRECT,Q2_Medium_Low
CANONICAL_192bed0ac928,TRAIN,TEST,CLUST_0.70_00030,EARLY,HSV-2,UNKNOWN,thymidine kinase,376,EARLY,0.9974274,True,CORRECT,Q1_Short
CANONICAL_193d032c2546,TRAIN,TEST,CLUST_0.70_00004,IMMEDIATE_EARLY,HSV-1,ICP4,transcriptional regulator ICP4,1301,IMMEDIATE_EARLY,0.9998253,True,CORRECT,Q3_Medium_High
CANONICAL_1940841f3d38,TRAIN,TEST,CLUST_0.70_00015,LATE,HSV-2,UNKNOWN,envelope glycoprotein C,480,LATE,1.0,True,CORRECT,Q2_Medium_Low
CANONICAL_196f48d23544,TRAIN,TEST,CLUST_0.70_00001,LATE,HSV-2,UL36,UL36,3092,LATE,0.9999981,True,CORRECT,Q4_Long
CANONICAL_198ccfcdd96e,VALIDATION,TEST,CLUST_0.70_00001,LATE,HSV-2,UL36,UL36,3113,LATE,0.9999988,True,CORRECT,Q4_Long
CANONICAL_19962e59e81c,TEST,TEST,CLUST_0.70_00015,LATE,HSV-2,UNKNOWN,envelope glycoprotein C,480,LATE,1.0,True,CORRECT,Q2_Medium_Low
CANONICAL_19ac26c30e29,TRAIN,TEST,CLUST_0.70_00001,LATE,HSV-2,UNKNOWN,large tegument protein,3122,LATE,0.99999857,True,CORRECT,Q4_Long
CANONICAL_19c0f3dbef7d,VALIDATION,TEST,CLUST_0.70_00071,LATE,HSV-1,UL24,nuclear protein UL24,269,EARLY,0.68416756,False,LATE_PREDICTED_AS_EARLY,Q1_Short
CANONICAL_19eda2566c27,TRAIN,TEST,CLUST_0.70_00001,LATE,HSV-2,UNKNOWN,large tegument protein,3122,LATE,0.99999857,True,CORRECT,Q4_Long
CANONICAL_19ef7cd9fb19,TRAIN,TEST,CLUST_0.70_00052,LATE,HSV-1,ICP34,neurovirulence protein ICP34.5,245,LATE,0.9999262,True,CORRECT,Q1_Short
CANONICAL_19fa97616d4e,TRAIN,TEST,CLUST_0.70_00018,LATE,HSV-2,UNKNOWN,envelope glycoprotein E,548,LATE,0.99954814,True,CORRECT,Q3_Medium_High
CANONICAL_1a09cf7ca1b1,TRAIN,TEST,CLUST_0.70_00052,LATE,HSV-1,RL1,RL1-1,248,LATE,0.99999964,True,CORRECT,Q1_Short
CANONICAL_1a0dd425f133,TRAIN,TEST,CLUST_0.70_00004,IMMEDIATE_EARLY,HSV-1,ICP4,transcriptional regulator ICP4,1302,IMMEDIATE_EARLY,0.99990785,True,CORRECT,Q3_Medium_High
CANONICAL_1a12b5b5250e,TRAIN,TEST,CLUST_0.70_00001,LATE,HSV-1,UL36,UL36,3094,LATE,0.9999999,True,CORRECT,Q4_Long
CANONICAL_1a25a6854921,TEST,TEST,CLUST_0.70_00001,LATE,HSV-2,UNKNOWN,large tegument protein,3123,LATE,0.9999926,True,CORRECT,Q4_Long
CANONICAL_1a3216151275,VALIDATION,TEST,CLUST_0.70_00004,IMMEDIATE_EARLY,HSV-2,ICP4,transcriptional regulator ICP4,1397,IMMEDIATE_EARLY,0.99999964,True,CORRECT,Q4_Long
CANONICAL_1a3af4760957,TRAIN,TEST,CLUST_0.70_00004,IMMEDIATE_EARLY,HSV-1,RS1,RS1,1298,IMMEDIATE_EARLY,0.9998534,True,CORRECT,Q3_Medium_High
CANONICAL_1a3b20822192,TEST,TEST,CLUST_0.70_00015,LATE,HSV-2,UNKNOWN,envelope glycoprotein C,480,LATE,0.999995,True,CORRECT,Q2_Medium_Low
CANONICAL_1a69a5050dff,TRAIN,TEST,CLUST_0.70_00015,LATE,HSV-1,UL44,UL44,511,LATE,0.99999595,True,CORRECT,Q3_Medium_High
CANONICAL_1a78418a080b,TEST,TEST,CLUST_0.70_00051,LATE,HSV-2,UNKNOWN,tegument protein VP22,302,LATE,0.99624276,True,CORRECT,Q1_Short
CANONICAL_1a7adebfa4c3,TRAIN,TEST,CLUST_0.70_00020,LATE,HSV-2,UNKNOWN,tegument serine/threonine protein kinase,518,LATE,0.99997747,True,CORRECT,Q3_Medium_High
CANONICAL_1a9201d00a1d,TRAIN,TEST,CLUST_0.70_00018,LATE,HSV-2,UNKNOWN,envelope glycoprotein E,548,LATE,0.7898742,True,CORRECT,Q3_Medium_High
CANONICAL_1a96448943d6,TRAIN,TEST,CLUST_0.70_00080,LATE,HSV-1,UL3,UL3,235,LATE,0.9976019,True,CORRECT,Q1_Short
CANONICAL_1a9af1e7705e,TRAIN,TEST,CLUST_0.70_00030,EARLY,HSV-2,UNKNOWN,thymidine kinase,376,EARLY,0.99504507,True,CORRECT,Q1_Short
CANONICAL_1a9db863a8eb,TRAIN,TEST,CLUST_0.70_00080,LATE,HSV-1,UL3,nuclear protein UL3,224,LATE,0.99876094,True,CORRECT,Q1_Short
CANONICAL_1ab472a4fb50,TRAIN,TEST,CLUST_0.70_00004,IMMEDIATE_EARLY,HSV-2,ICP4,transcriptional regulator ICP4,1318,IMMEDIATE_EARLY,0.9999906,True,CORRECT,Q4_Long
CANONICAL_1abe6674c752,TRAIN,TEST,CLUST_0.70_00015,LATE,HSV-2,UNKNOWN,envelope glycoprotein C,480,LATE,1.0,True,CORRECT,Q2_Medium_Low
CANONICAL_1ac42404f10c,TRAIN,TEST,CLUST_0.70_00001,LATE,HSV-1,UL36,UL36,3134,LATE,0.9999999,True,CORRECT,Q4_Long
CANONICAL_1ac4ef411e49,VALIDATION,TEST,CLUST_0.70_00001,LATE,HSV-2,UNKNOWN,large tegument protein,3122,LATE,0.9999987,True,CORRECT,Q4_Long
CANONICAL_1ad10c817a1f,TRAIN,TEST,CLUST_0.70_00052,LATE,HSV-1,ICP34,neurovirulence protein ICP34.5,248,LATE,0.982553,True,CORRECT,Q1_Short
CANONICAL_1af9a89696c7,TRAIN,TEST,CLUST_0.70_00030,EARLY,HSV-1,UL23,UL23,331,EARLY,0.9997385,True,CORRECT,Q1_Short
CANONICAL_1b38277c9942,TRAIN,TEST,CLUST_0.70_00001,LATE,HSV-2,UNKNOWN,large tegument protein,3074,LATE,0.999997,True,CORRECT,Q4_Long
CANONICAL_1b4257e87999,VALIDATION,TEST,CLUST_0.70_00015,LATE,HSV-2,UNKNOWN,envelope glycoprotein C,480,LATE,1.0,True,CORRECT,Q2_Medium_Low
CANONICAL_1b4e67628095,TRAIN,TEST,CLUST_0.70_00071,LATE,HSV-1,UL24,nuclear protein UL24,257,EARLY,0.52547866,False,LATE_PREDICTED_AS_EARLY,Q1_Short
CANONICAL_1b4f5fcf2c24,TRAIN,TEST,CLUST_0.70_00015,LATE,HSV-1,UNKNOWN,envelope glycoprotein C,511,LATE,0.99999917,True,CORRECT,Q3_Medium_High
CANONICAL_1b582a480f1e,TEST,TEST,CLUST_0.70_00071,LATE,HSV-2,UL24,nuclear protein UL24,281,LATE,0.53398365,True,CORRECT,Q1_Short
CANONICAL_1b59cebc0ae3,TRAIN,TEST,CLUST_0.70_00071,LATE,HSV-2,UL24,nuclear protein UL24,281,LATE,0.6500704,True,CORRECT,Q1_Short
CANONICAL_1b85f5e8c423,TRAIN,TEST,CLUST_0.70_00052,LATE,HSV-1,RL1,RL1,257,LATE,0.99997556,True,CORRECT,Q1_Short
CANONICAL_1bcd475fc440,TEST,TEST,CLUST_0.70_00037,LATE,HSV-1,US6,US6,394,LATE,0.9999999,True,CORRECT,Q2_Medium_Low
CANONICAL_1be217bb228e,TRAIN,TEST,CLUST_0.70_00001,LATE,HSV-2,UNKNOWN,large tegument protein,3122,LATE,0.9999988,True,CORRECT,Q4_Long
CANONICAL_1bfbbb99846c,TEST,TEST,CLUST_0.70_00001,LATE,HSV-2,UL36,UL36,3119,LATE,0.99999845,True,CORRECT,Q4_Long
CANONICAL_1c05a0974789,TRAIN,TEST,CLUST_0.70_00030,EARLY,HSV-1,UNKNOWN,thymidine kinase,376,EARLY,0.999445,True,CORRECT,Q1_Short
CANONICAL_1c10fc329666,TRAIN,TEST,CLUST_0.70_00001,LATE,HSV-2,UNKNOWN,large tegument protein,3124,LATE,0.9999968,True,CORRECT,Q4_Long
CANONICAL_1c2a29840158,TRAIN,TEST,CLUST_0.70_00001,LATE,HSV-2,UNKNOWN,large tegument protein,3122,LATE,0.99999857,True,CORRECT,Q4_Long
CANONICAL_1c53058de033,TRAIN,TEST,CLUST_0.70_00001,LATE,HSV-2,UNKNOWN,large tegument protein,3122,LATE,0.9999901,True,CORRECT,Q4_Long
CANONICAL_1c9591f16df3,TRAIN,TEST,CLUST_0.70_00052,LATE,HSV-1,RL1,RL1,256,LATE,0.9999447,True,CORRECT,Q1_Short
CANONICAL_1cb0a4f12c66,TRAIN,TEST,CLUST_0.70_00004,IMMEDIATE_EARLY,HSV-1,ICP4,transcriptional regulator ICP4,1312,IMMEDIATE_EARLY,0.999871,True,CORRECT,Q4_Long
CANONICAL_1cc25ab9eca8,TRAIN,TEST,CLUST_0.70_00037,LATE,HSV-1,US6,US6,394,LATE,0.99999976,True,CORRECT,Q2_Medium_Low
CANONICAL_1cd989b8f489,TRAIN,TEST,CLUST_0.70_00030,EARLY,HSV-1,UNKNOWN,thymidine kinase,376,EARLY,0.9974976,True,CORRECT,Q1_Short
CANONICAL_1ce9d6796134,TEST,TEST,CLUST_0.70_00051,LATE,HSV-2,ICP34,neurovirulence protein ICP34.5,261,LATE,0.9996063,True,CORRECT,Q1_Short
CANONICAL_1ceff92b5bd2,TRAIN,TEST,CLUST_0.70_00015,LATE,HSV-1,UNKNOWN,envelope glycoprotein C,511,LATE,0.99999464,True,CORRECT,Q3_Medium_High
CANONICAL_1d0974148d99,TRAIN,TEST,CLUST_0.70_00052,LATE,HSV-1,RL1,RL1,246,LATE,0.99998975,True,CORRECT,Q1_Short
CANONICAL_1d09817f57c9,TRAIN,TEST,CLUST_0.70_00001,LATE,HSV-2,UNKNOWN,large tegument protein,3121,LATE,0.9999987,True,CORRECT,Q4_Long
CANONICAL_1d1e5ad574f4,TRAIN,TEST,CLUST_0.70_00015,LATE,HSV-2,UL44,UL44,480,LATE,1.0,True,CORRECT,Q2_Medium_Low
CANONICAL_1d2401a9de63,TRAIN,TEST,CLUST_0.70_00018,EARLY,HSV-1,UNKNOWN,DNA polymerase processivity subunit,488,EARLY,0.9738723,True,CORRECT,Q2_Medium_Low
CANONICAL_1d284f99f3cf,TRAIN,TEST,CLUST_0.70_00001,LATE,HSV-2,UNKNOWN,large tegument protein,3101,LATE,0.999998,True,CORRECT,Q4_Long
CANONICAL_1d4ec0bd9882,TRAIN,TEST,CLUST_0.70_00015,LATE,HSV-2,UL44,UL44,548,LATE,1.0,True,CORRECT,Q3_Medium_High
CANONICAL_1d5b346db34d,TEST,TEST,CLUST_0.70_00051,LATE,HSV-2,UL21,UL21,311,LATE,0.998326,True,CORRECT,Q1_Short
CANONICAL_1d5c2f135c51,VALIDATION,TEST,CLUST_0.70_00030,EARLY,HSV-1,UNKNOWN,thymidine kinase,376,EARLY,0.99798393,True,CORRECT,Q1_Short
CANONICAL_1d73f4417df3,TRAIN,TEST,CLUST_0.70_00004,IMMEDIATE_EARLY,HSV-1,ICP4,transcriptional regulator ICP4,1303,IMMEDIATE_EARLY,0.9997825,True,CORRECT,Q4_Long
CANONICAL_1d90b65d5cfc,TRAIN,TEST,CLUST_0.70_00052,LATE,HSV-1,RL1,RL1-2,247,LATE,0.9999896,True,CORRECT,Q1_Short
CANONICAL_1d9fe4391068,TRAIN,TEST,CLUST_0.70_00030,EARLY,HSV-1,UNKNOWN,thymidine kinase,376,EARLY,0.9994375,True,CORRECT,Q1_Short
CANONICAL_1da43478205e,TRAIN,TEST,CLUST_0.70_00001,LATE,HSV-2,UNKNOWN,large tegument protein,3122,LATE,0.9999981,True,CORRECT,Q4_Long
CANONICAL_1db6718a0f8b,TRAIN,TEST,CLUST_0.70_00020,LATE,HSV-1,UNKNOWN,tegument serine/threonine protein kinase,518,LATE,0.9999769,True,CORRECT,Q3_Medium_High
CANONICAL_1e0ac350eea1,TRAIN,TEST,CLUST_0.70_00001,LATE,HSV-2,UL36,UL36,3114,LATE,0.99999857,True,CORRECT,Q4_Long
CANONICAL_1e3f00685c92,TEST,TEST,CLUST_0.70_00020,LATE,HSV-2,UNKNOWN,tegument serine/threonine protein kinase,518,LATE,0.9999831,True,CORRECT,Q3_Medium_High
CANONICAL_1e4d5831d28a,TRAIN,TEST,CLUST_0.70_00004,IMMEDIATE_EARLY,HSV-1,ICP4,transcriptional regulator ICP4,1295,IMMEDIATE_EARLY,0.99974495,True,CORRECT,Q3_Medium_High
CANONICAL_1e4e1994f87f,TEST,TEST,CLUST_0.70_00004,IMMEDIATE_EARLY,HSV-1,ICP4,transcriptional regulator ICP4,1296,IMMEDIATE_EARLY,0.9997987,True,CORRECT,Q3_Medium_High
CANONICAL_1e57da0efc25,TRAIN,TEST,CLUST_0.70_00015,LATE,HSV-1,UL44,UL44,511,LATE,0.99999654,True,CORRECT,Q3_Medium_High
CANONICAL_1e5a2b1f2042,TRAIN,TEST,CLUST_0.70_00015,LATE,HSV-2,UNKNOWN,glycoprotein C,479,LATE,1.0,True,CORRECT,Q2_Medium_Low
CANONICAL_1e5b625655d2,VALIDATION,TEST,CLUST_0.70_00015,LATE,HSV-2,UNKNOWN,envelope glycoprotein C,480,LATE,1.0,True,CORRECT,Q2_Medium_Low
CANONICAL_1e5f1c8d107c,VALIDATION,TEST,CLUST_0.70_00052,LATE,HSV-2,RL1,RL1,258,LATE,0.99939525,True,CORRECT,Q1_Short
CANONICAL_1e6a222bb7c6,TRAIN,TEST,CLUST_0.70_00030,EARLY,HSV-1,UNKNOWN,thymidine kinase,376,EARLY,0.99932826,True,CORRECT,Q1_Short
CANONICAL_1e72a9c4953b,VALIDATION,TEST,CLUST_0.70_00030,EARLY,HSV-1,UNKNOWN,thymidine kinase,376,EARLY,0.9977831,True,CORRECT,Q1_Short
CANONICAL_1e882d7065f8,TRAIN,TEST,CLUST_0.70_00004,IMMEDIATE_EARLY,HSV-1,ICP4,transcriptional regulator ICP4,1301,IMMEDIATE_EARLY,0.9997428,True,CORRECT,Q3_Medium_High
CANONICAL_1e8bba16e258,VALIDATION,TEST,CLUST_0.70_00071,LATE,HSV-2,UL24,nuclear protein UL24,281,EARLY,0.81088156,False,LATE_PREDICTED_AS_EARLY,Q1_Short
CANONICAL_1ee2cc056896,TEST,TEST,CLUST_0.70_00080,LATE,HSV-1,UL3,Nuclear phosphoprotein UL3,235,LATE,0.9945321,True,CORRECT,Q1_Short
CANONICAL_1f14d73b6207,TRAIN,TEST,CLUST_0.70_00001,LATE,HSV-1,UL36,UL36,3106,LATE,0.9999999,True,CORRECT,Q4_Long
CANONICAL_1f1993f4a212,TEST,TEST,CLUST_0.70_00004,IMMEDIATE_EARLY,HSV-2,ICP4,transcriptional regulator ICP4,1463,IMMEDIATE_EARLY,0.9982331,True,CORRECT,Q4_Long
CANONICAL_1f2093d45682,TRAIN,TEST,CLUST_0.70_00018,LATE,HSV-1,UL21,tegument protein UL21,439,LATE,0.99310887,True,CORRECT,Q2_Medium_Low
CANONICAL_1f20fc6ce328,TRAIN,TEST,CLUST_0.70_00015,LATE,HSV-2,UNKNOWN,envelope glycoprotein C,480,LATE,1.0,True,CORRECT,Q2_Medium_Low
CANONICAL_1f2ef24fc0c4,VALIDATION,TEST,CLUST_0.70_00037,LATE,HSV-1,US6,US6,394,LATE,0.9999999,True,CORRECT,Q2_Medium_Low
CANONICAL_1f5fb93b40cd,VALIDATION,TEST,CLUST_0.70_00052,LATE,HSV-1,RL1,RL1 protein,248,LATE,0.9999815,True,CORRECT,Q1_Short
CANONICAL_1f776b30019a,TEST,TEST,CLUST_0.70_00030,EARLY,HSV-1,UNKNOWN,thymidine kinase,331,EARLY,0.9998317,True,CORRECT,Q1_Short
CANONICAL_1f7d20e8bd71,TRAIN,TEST,CLUST_0.70_00015,LATE,HSV-1,UNKNOWN,envelope glycoprotein C,511,LATE,0.99999785,True,CORRECT,Q3_Medium_High
CANONICAL_1f8df2b1ba87,TRAIN,TEST,CLUST_0.70_00080,LATE,HSV-2,UL3,nuclear protein UL3,233,LATE,0.7010676,True,CORRECT,Q1_Short
CANONICAL_1f8f26ad1e0a,TRAIN,TEST,CLUST_0.70_00015,LATE,HSV-2,UL44,UL44,333,LATE,1.0,True,CORRECT,Q1_Short
CANONICAL_1f9d60e117f6,VALIDATION,TEST,CLUST_0.70_00052,LATE,HSV-2,ICP34,neurovirulence protein ICP34.5,307,LATE,0.9906736,True,CORRECT,Q1_Short
CANONICAL_1fa5896bdc76,TRAIN,TEST,CLUST_0.70_00001,LATE,HSV-2,UL36,UL36,3112,LATE,0.9999989,True,CORRECT,Q4_Long
CANONICAL_1fdf44b33035,TEST,TEST,CLUST_0.70_00037,LATE,HSV-2,UNKNOWN,envelope glycoprotein D,393,LATE,0.99999774,True,CORRECT,Q2_Medium_Low
CANONICAL_1fe75fc098fb,TRAIN,TEST,CLUST_0.70_00001,LATE,HSV-2,UNKNOWN,large tegument protein,3122,LATE,0.9999926,True,CORRECT,Q4_Long
CANONICAL_1ffcdaea11c1,VALIDATION,TEST,CLUST_0.70_00015,LATE,HSV-1,UNKNOWN,envelope glycoprotein C,511,LATE,0.9999975,True,CORRECT,Q3_Medium_High
CANONICAL_20061bbd252d,TEST,TEST,CLUST_0.70_00071,LATE,HSV-2,UL24,nuclear protein UL24,281,LATE,0.668041,True,CORRECT,Q1_Short
CANONICAL_203ca7addfc1,TRAIN,TEST,CLUST_0.70_00080,LATE,HSV-1,UL3,nuclear protein UL3,224,LATE,0.99786806,True,CORRECT,Q1_Short
CANONICAL_2062aed63e0d,TRAIN,TEST,CLUST_0.70_00015,LATE,HSV-2,UNKNOWN,envelope glycoprotein C,480,LATE,1.0,True,CORRECT,Q2_Medium_Low
CANONICAL_2065c00d0540,TEST,TEST,CLUST_0.70_00004,IMMEDIATE_EARLY,HSV-2,ICP4,transcriptional regulator ICP4,1469,IMMEDIATE_EARLY,0.9999974,True,CORRECT,Q4_Long
CANONICAL_20a87e858697,TRAIN,TEST,CLUST_0.70_00004,IMMEDIATE_EARLY,HSV-1,ICP4,transcriptional regulator ICP4,1299,IMMEDIATE_EARLY,0.99987423,True,CORRECT,Q3_Medium_High
CANONICAL_20b04a122147,TRAIN,TEST,CLUST_0.70_00001,LATE,HSV-2,UNKNOWN,large tegument protein,3099,LATE,0.99999774,True,CORRECT,Q4_Long
CANONICAL_20c358a890b4,TRAIN,TEST,CLUST_0.70_00004,IMMEDIATE_EARLY,HSV-2,ICP4,transcriptional regulator ICP4,1469,IMMEDIATE_EARLY,0.9999411,True,CORRECT,Q4_Long
CANONICAL_20cebfac103e,VALIDATION,TEST,CLUST_0.70_00015,LATE,HSV-2,UL44,UL44,480,LATE,1.0,True,CORRECT,Q2_Medium_Low
CANONICAL_20d05323c65c,TRAIN,TEST,CLUST_0.70_00071,LATE,HSV-2,UL24,UL24,281,EARLY,0.5636355,False,LATE_PREDICTED_AS_EARLY,Q1_Short
CANONICAL_20d5436c3deb,TRAIN,TEST,CLUST_0.70_00030,EARLY,HSV-2,UNKNOWN,thymidine kinase,376,EARLY,0.9967982,True,CORRECT,Q1_Short
CANONICAL_20f8b0d9c6f6,TRAIN,TEST,CLUST_0.70_00004,IMMEDIATE_EARLY,HSV-1,RS1,RS1,1301,IMMEDIATE_EARLY,0.9994937,True,CORRECT,Q3_Medium_High
CANONICAL_21038d1a1120,TRAIN,TEST,CLUST_0.70_00018,LATE,HSV-2,UNKNOWN,envelope glycoprotein E,548,LATE,0.99933726,True,CORRECT,Q3_Medium_High
CANONICAL_210debf77abe,VALIDATION,TEST,CLUST_0.70_00030,EARLY,HSV-1,UNKNOWN,thymidine kinase,376,EARLY,0.99572694,True,CORRECT,Q1_Short
CANONICAL_2111feee6a1c,VALIDATION,TEST,CLUST_0.70_00018,LATE,HSV-2,US8,US8,548,LATE,0.9994155,True,CORRECT,Q3_Medium_High
CANONICAL_2114671bf122,TRAIN,TEST,CLUST_0.70_00030,EARLY,HSV-1,UNKNOWN,thymidine kinase,407,EARLY,0.97844315,True,CORRECT,Q2_Medium_Low
CANONICAL_211b66905884,TEST,TEST,CLUST_0.70_00030,EARLY,HSV-1,UL23,UL23,331,EARLY,0.99945015,True,CORRECT,Q1_Short
CANONICAL_21213fd978e5,TRAIN,TEST,CLUST_0.70_00030,EARLY,HSV-1,UNKNOWN,thymidine kinase,376,EARLY,0.99919826,True,CORRECT,Q1_Short
CANONICAL_2129736427a1,TRAIN,TEST,CLUST_0.70_00015,LATE,HSV-2,UNKNOWN,envelope glycoprotein C,480,LATE,1.0,True,CORRECT,Q2_Medium_Low
CANONICAL_213b32f6f09d,VALIDATION,TEST,CLUST_0.70_00030,EARLY,HSV-1,UNKNOWN,thymidine kinase,376,EARLY,0.99846846,True,CORRECT,Q1_Short
CANONICAL_2140c8dc0d5b,TRAIN,TEST,CLUST_0.70_00001,LATE,HSV-2,UL36,UL36,3095,LATE,0.99999785,True,CORRECT,Q4_Long
CANONICAL_215487511bc1,TRAIN,TEST,CLUST_0.70_00080,LATE,HSV-2,UL3,nuclear protein UL3,233,LATE,0.91693205,True,CORRECT,Q1_Short
CANONICAL_2165741ce58a,TRAIN,TEST,CLUST_0.70_00030,EARLY,HSV-1,UNKNOWN,thymidine kinase,376,EARLY,0.9993198,True,CORRECT,Q1_Short
CANONICAL_217896724e4b,TRAIN,TEST,CLUST_0.70_00030,EARLY,HSV-2,UNKNOWN,thymidine kinase,376,EARLY,0.9982663,True,CORRECT,Q1_Short
CANONICAL_2178e968f991,VALIDATION,TEST,CLUST_0.70_00030,EARLY,HSV-1,UNKNOWN,thymidine kinase,376,EARLY,0.9990107,True,CORRECT,Q1_Short
CANONICAL_217ae77588f9,TEST,TEST,CLUST_0.70_00030,EARLY,HSV-2,UNKNOWN,thymidine kinase,376,LATE,0.678307,False,EARLY_PREDICTED_AS_LATE,Q1_Short
CANONICAL_217b2e812859,VALIDATION,TEST,CLUST_0.70_00001,LATE,HSV-2,UNKNOWN,large tegument protein,3085,LATE,0.999997,True,CORRECT,Q4_Long
CANONICAL_21834cac32f6,TEST,TEST,CLUST_0.70_00018,LATE,HSV-2,UNKNOWN,envelope glycoprotein E,548,LATE,0.9615398,True,CORRECT,Q3_Medium_High
CANONICAL_218925d5f418,TEST,TEST,CLUST_0.70_00004,IMMEDIATE_EARLY,HSV-1,ICP4,transcriptional regulator ICP4,1301,IMMEDIATE_EARLY,0.99990904,True,CORRECT,Q3_Medium_High
CANONICAL_219c34d72fca,TRAIN,TEST,CLUST_0.70_00001,LATE,HSV-2,UL36,UL36,3079,LATE,0.99999774,True,CORRECT,Q4_Long
CANONICAL_21bbc5141b7d,TRAIN,TEST,CLUST_0.70_00018,EARLY,HSV-1,UL42,DNA polymerase UL42 processivity factor,488,EARLY,0.9809584,True,CORRECT,Q2_Medium_Low
CANONICAL_21c05bc2964e,TRAIN,TEST,CLUST_0.70_00037,LATE,HSV-1,US6,US6,394,LATE,0.9999999,True,CORRECT,Q2_Medium_Low
CANONICAL_21c877ceca36,TRAIN,TEST,CLUST_0.70_00030,EARLY,HSV-1,UNKNOWN,thymidine kinase,376,EARLY,0.9994772,True,CORRECT,Q1_Short
CANONICAL_21fc54d37371,TRAIN,TEST,CLUST_0.70_00004,IMMEDIATE_EARLY,HSV-2,ICP4,transcriptional regulator ICP4,1323,IMMEDIATE_EARLY,0.99998665,True,CORRECT,Q4_Long
CANONICAL_220b59d764fa,TRAIN,TEST,CLUST_0.70_00018,LATE,HSV-1,UNKNOWN,envelope glycoprotein E,547,LATE,0.999853,True,CORRECT,Q3_Medium_High
CANONICAL_221eb59fea36,TEST,TEST,CLUST_0.70_00020,LATE,HSV-1,UNKNOWN,tegument serine/threonine protein kinase,518,LATE,0.99997735,True,CORRECT,Q3_Medium_High
CANONICAL_2221a09da0cc,TEST,TEST,CLUST_0.70_00004,IMMEDIATE_EARLY,HSV-2,ICP4,transcriptional regulator ICP4,1324,IMMEDIATE_EARLY,0.9999845,True,CORRECT,Q4_Long
CANONICAL_22417c043e07,TRAIN,TEST,CLUST_0.70_00018,LATE,HSV-2,UNKNOWN,envelope glycoprotein E,548,LATE,0.9993998,True,CORRECT,Q3_Medium_High
CANONICAL_224c2f1b9ee9,TRAIN,TEST,CLUST_0.70_00001,LATE,HSV-1,UNKNOWN,large tegument protein,3134,LATE,0.9999999,True,CORRECT,Q4_Long
CANONICAL_225402c9aabc,TRAIN,TEST,CLUST_0.70_00030,EARLY,HSV-1,UNKNOWN,thymidine kinase,376,EARLY,0.9997669,True,CORRECT,Q1_Short
CANONICAL_22675b9645b0,TRAIN,TEST,CLUST_0.70_00004,IMMEDIATE_EARLY,HSV-1,ICP4,transcriptional regulator ICP4,1297,IMMEDIATE_EARLY,0.9997216,True,CORRECT,Q3_Medium_High
CANONICAL_2267e0ec6044,VALIDATION,TEST,CLUST_0.70_00030,EARLY,HSV-1,UNKNOWN,thymidine kinase,376,EARLY,0.9992704,True,CORRECT,Q1_Short
CANONICAL_226f1b41b962,TRAIN,TEST,CLUST_0.70_00030,EARLY,HSV-1,UNKNOWN,thymidine kinase,376,EARLY,0.99866295,True,CORRECT,Q1_Short
CANONICAL_227f0255654b,TRAIN,TEST,CLUST_0.70_00052,LATE,HSV-1,RL1,RL1,253,LATE,0.99998105,True,CORRECT,Q1_Short
CANONICAL_22af3e2edc09,TEST,TEST,CLUST_0.70_00015,LATE,HSV-1,UL44,UL44,511,LATE,0.99999475,True,CORRECT,Q3_Medium_High
CANONICAL_22b1f8ced992,TRAIN,TEST,CLUST_0.70_00015,LATE,HSV-1,UL44,UL44,511,LATE,0.9999989,True,CORRECT,Q3_Medium_High
CANONICAL_22e66d385ca9,TRAIN,TEST,CLUST_0.70_00080,LATE,HSV-1,UL3,nuclear protein UL3,224,LATE,0.99890244,True,CORRECT,Q1_Short
CANONICAL_22fa017973c7,TRAIN,TEST,CLUST_0.70_00004,IMMEDIATE_EARLY,HSV-1,RS1,RS1,1299,IMMEDIATE_EARLY,0.9990877,True,CORRECT,Q3_Medium_High
CANONICAL_230a43fd0a67,TEST,TEST,CLUST_0.70_00018,LATE,HSV-2,UNKNOWN,envelope glycoprotein E,548,LATE,0.9995291,True,CORRECT,Q3_Medium_High
CANONICAL_2313d21d5416,TEST,TEST,CLUST_0.70_00071,LATE,HSV-2,UL24,nuclear protein UL24,281,EARLY,0.91583806,False,LATE_PREDICTED_AS_EARLY,Q1_Short
CANONICAL_2365299b4691,TRAIN,TEST,CLUST_0.70_00020,LATE,HSV-2,UNKNOWN,tegument serine/threonine protein kinase,518,LATE,0.9999857,True,CORRECT,Q3_Medium_High
CANONICAL_236bf262b710,TRAIN,TEST,CLUST_0.70_00020,LATE,HSV-1,UNKNOWN,tegument serine/threonine protein kinase,518,LATE,0.99996245,True,CORRECT,Q3_Medium_High
CANONICAL_237c613d7e22,TEST,TEST,CLUST_0.70_00030,EARLY,HSV-1,UL23,UL23,376,EARLY,0.99942005,True,CORRECT,Q1_Short
CANONICAL_238e15c55a9a,VALIDATION,TEST,CLUST_0.70_00001,LATE,HSV-2,UL36,UL36,3122,LATE,0.99999845,True,CORRECT,Q4_Long
CANONICAL_23af84848a0e,VALIDATION,TEST,CLUST_0.70_00018,LATE,HSV-2,UNKNOWN,envelope glycoprotein E,548,LATE,0.99983704,True,CORRECT,Q3_Medium_High
CANONICAL_23c6e36f3390,TRAIN,TEST,CLUST_0.70_00015,LATE,HSV-1,UNKNOWN,envelope glycoprotein C,511,LATE,0.9999974,True,CORRECT,Q3_Medium_High
CANONICAL_23ca96a44d38,VALIDATION,TEST,CLUST_0.70_00052,LATE,HSV-1,ICP34,neurovirulence protein ICP34.5,248,LATE,0.99999213,True,CORRECT,Q1_Short
CANONICAL_23f69edd82a4,TRAIN,TEST,CLUST_0.70_00030,EARLY,HSV-2,UNKNOWN,thymidine kinase,376,EARLY,0.99837756,True,CORRECT,Q1_Short
CANONICAL_243632ca977f,TRAIN,TEST,CLUST_0.70_00004,IMMEDIATE_EARLY,HSV-1,RS1,RS1,1296,IMMEDIATE_EARLY,0.99977905,True,CORRECT,Q3_Medium_High
CANONICAL_246814c56e4c,TRAIN,TEST,CLUST_0.70_00001,LATE,HSV-2,UNKNOWN,large tegument protein,3094,LATE,0.99999785,True,CORRECT,Q4_Long
CANONICAL_2479e7f6318a,VALIDATION,TEST,CLUST_0.70_00071,LATE,HSV-1,UL24,UL24,269,LATE,0.53726876,True,CORRECT,Q1_Short
CANONICAL_247e0b482aa1,TRAIN,TEST,CLUST_0.70_00001,LATE,HSV-1,UL36,UL36,3124,LATE,0.99999976,True,CORRECT,Q4_Long
CANONICAL_24a54bca6486,VALIDATION,TEST,CLUST_0.70_00020,LATE,HSV-1,UNKNOWN,tegument serine/threonine protein kinase,518,LATE,0.9999691,True,CORRECT,Q3_Medium_High
CANONICAL_24b65d37e620,TEST,TEST,CLUST_0.70_00015,LATE,HSV-2,UNKNOWN,envelope glycoprotein C,480,LATE,0.9999999,True,CORRECT,Q2_Medium_Low
CANONICAL_24b9813ea6c8,TRAIN,TEST,CLUST_0.70_00018,LATE,HSV-1,UL37,UL37,350,LATE,0.9985813,True,CORRECT,Q1_Short
CANONICAL_24bd6e461e87,TRAIN,TEST,CLUST_0.70_00030,EARLY,HSV-1,UNKNOWN,thymidine kinase,376,EARLY,0.9978137,True,CORRECT,Q1_Short
CANONICAL_24c075815901,VALIDATION,TEST,CLUST_0.70_00037,LATE,HSV-2,UNKNOWN,envelope glycoprotein D,393,LATE,0.9999924,True,CORRECT,Q2_Medium_Low
CANONICAL_24cbd0e0304d,TRAIN,TEST,CLUST_0.70_00004,IMMEDIATE_EARLY,HSV-2,ICP4,transcriptional regulator ICP4,1460,IMMEDIATE_EARLY,0.999949,True,CORRECT,Q4_Long
CANONICAL_24ceaf7fb524,TRAIN,TEST,CLUST_0.70_00030,EARLY,HSV-1,UNKNOWN,thymidine kinase,376,EARLY,0.9994036,True,CORRECT,Q1_Short
CANONICAL_24da31d79c65,TRAIN,TEST,CLUST_0.70_00004,IMMEDIATE_EARLY,HSV-1,ICP4,transcriptional regulator ICP4,1300,IMMEDIATE_EARLY,0.9997892,True,CORRECT,Q3_Medium_High
CANONICAL_24e5ec4a562c,TEST,TEST,CLUST_0.70_00030,EARLY,HSV-2,UNKNOWN,thymidine kinase,376,EARLY,0.98961735,True,CORRECT,Q1_Short
CANONICAL_24fa7d5564ed,TRAIN,TEST,CLUST_0.70_00052,LATE,HSV-1,RL1,RL1,242,LATE,0.9999913,True,CORRECT,Q1_Short
CANONICAL_25020f12104c,TRAIN,TEST,CLUST_0.70_00030,EARLY,HSV-1,UNKNOWN,thymidine kinase,376,EARLY,0.9994147,True,CORRECT,Q1_Short
CANONICAL_250cf3bab3a9,TRAIN,TEST,CLUST_0.70_00001,LATE,HSV-1,UNKNOWN,large tegument protein,3134,LATE,0.9999999,True,CORRECT,Q4_Long
CANONICAL_251252a1b4be,TRAIN,TEST,CLUST_0.70_00018,LATE,HSV-2,UNKNOWN,envelope glycoprotein E,548,LATE,0.9995301,True,CORRECT,Q3_Medium_High
CANONICAL_252e4d74847e,TRAIN,TEST,CLUST_0.70_00052,LATE,HSV-1,ICP34,neurovirulence protein ICP34.5,257,LATE,0.70366764,True,CORRECT,Q1_Short
CANONICAL_252e84db40b8,TRAIN,TEST,CLUST_0.70_00001,LATE,HSV-1,UNKNOWN,large tegument protein,3109,LATE,0.99999976,True,CORRECT,Q4_Long
CANONICAL_255f80579179,TEST,TEST,CLUST_0.70_00052,LATE,HSV-1,ICP34,neurovirulence protein ICP34.5,249,LATE,0.9999596,True,CORRECT,Q1_Short
CANONICAL_2581e864a913,TEST,TEST,CLUST_0.70_00030,EARLY,HSV-2,UNKNOWN,thymidine kinase,376,EARLY,0.99532336,True,CORRECT,Q1_Short
CANONICAL_25888a736b22,TRAIN,TEST,CLUST_0.70_00015,LATE,HSV-1,UNKNOWN,envelope glycoprotein C,511,LATE,0.9999974,True,CORRECT,Q3_Medium_High
CANONICAL_259590f2a47e,TRAIN,TEST,CLUST_0.70_00001,LATE,HSV-1,UL36,UL36,3096,LATE,0.9999999,True,CORRECT,Q4_Long
CANONICAL_259855fb7094,TRAIN,TEST,CLUST_0.70_00030,EARLY,HSV-2,UNKNOWN,thymidine kinase,376,EARLY,0.9931886,True,CORRECT,Q1_Short
CANONICAL_25aa7f676191,TEST,TEST,CLUST_0.70_00001,LATE,HSV-2,UNKNOWN,large tegument protein,3074,LATE,0.9999975,True,CORRECT,Q4_Long
CANONICAL_25c8ee073c06,TRAIN,TEST,CLUST_0.70_00004,IMMEDIATE_EARLY,HSV-1,ICP4,transcriptional regulator ICP4,1302,IMMEDIATE_EARLY,0.9999039,True,CORRECT,Q3_Medium_High
CANONICAL_25d8e335ae47,TRAIN,TEST,CLUST_0.70_00004,IMMEDIATE_EARLY,HSV-2,ICP4,transcriptional regulator ICP4,1471,IMMEDIATE_EARLY,0.99977714,True,CORRECT,Q4_Long
CANONICAL_262b54d0503c,TRAIN,TEST,CLUST_0.70_00030,EARLY,HSV-2,UNKNOWN,thymidine kinase,431,EARLY,0.6213834,True,CORRECT,Q2_Medium_Low
CANONICAL_26367205209e,VALIDATION,TEST,CLUST_0.70_00018,EARLY,HSV-1,UL42,UL42,488,EARLY,0.9780148,True,CORRECT,Q2_Medium_Low
CANONICAL_2639e1cfe7ee,TRAIN,TEST,CLUST_0.70_00015,LATE,HSV-2,UL44,UL44,548,LATE,1.0,True,CORRECT,Q3_Medium_High
CANONICAL_267157c8366d,TRAIN,TEST,CLUST_0.70_00004,IMMEDIATE_EARLY,HSV-1,RS1,RS1,1300,IMMEDIATE_EARLY,0.99980015,True,CORRECT,Q3_Medium_High
CANONICAL_26897c54368d,TRAIN,TEST,CLUST_0.70_00018,LATE,HSV-1,UNKNOWN,envelope glycoprotein E,550,LATE,0.9997844,True,CORRECT,Q3_Medium_High
CANONICAL_269a827f7baf,TRAIN,TEST,CLUST_0.70_00071,LATE,HSV-1,UL24,nuclear protein UL24,247,EARLY,0.85811925,False,LATE_PREDICTED_AS_EARLY,Q1_Short
CANONICAL_26a7d1927787,TRAIN,TEST,CLUST_0.70_00030,EARLY,HSV-1,UNKNOWN,thymidine kinase,376,EARLY,0.99989116,True,CORRECT,Q1_Short
CANONICAL_26b5474bb878,TRAIN,TEST,CLUST_0.70_00018,LATE,HSV-2,US8,US8,548,LATE,0.9994708,True,CORRECT,Q3_Medium_High
CANONICAL_26c03182912c,TRAIN,TEST,CLUST_0.70_00037,LATE,HSV-1,UNKNOWN,"envelope glycoprotein D, partial",221,LATE,0.8755871,True,CORRECT,Q1_Short
CANONICAL_26c065134b92,TRAIN,TEST,CLUST_0.70_00004,IMMEDIATE_EARLY,HSV-2,ICP4,ICP4,1320,IMMEDIATE_EARLY,0.99998975,True,CORRECT,Q4_Long
CANONICAL_26c350f9ab80,TRAIN,TEST,CLUST_0.70_00030,EARLY,HSV-2,UNKNOWN,thymidine kinase,376,EARLY,0.952229,True,CORRECT,Q1_Short
CANONICAL_26d34ff3f361,TRAIN,TEST,CLUST_0.70_00018,LATE,HSV-1,UNKNOWN,envelope glycoprotein E,548,LATE,0.9999263,True,CORRECT,Q3_Medium_High
CANONICAL_26f2bdda9430,VALIDATION,TEST,CLUST_0.70_00030,EARLY,HSV-1,UNKNOWN,thymidine kinase,376,EARLY,0.9995466,True,CORRECT,Q1_Short
CANONICAL_27059216ab31,TRAIN,TEST,CLUST_0.70_00015,LATE,HSV-1,UNKNOWN,envelope glycoprotein C,511,LATE,0.9999975,True,CORRECT,Q3_Medium_High
CANONICAL_274beebf6d61,TRAIN,TEST,CLUST_0.70_00001,LATE,HSV-2,UNKNOWN,large tegument protein,3122,LATE,0.9999919,True,CORRECT,Q4_Long
CANONICAL_274c49324b98,TRAIN,TEST,CLUST_0.70_00004,IMMEDIATE_EARLY,HSV-1,ICP4,transcriptional regulator ICP4,1300,IMMEDIATE_EARLY,0.99988127,True,CORRECT,Q3_Medium_High
CANONICAL_2752975b45bc,TRAIN,TEST,CLUST_0.70_00018,LATE,HSV-2,UNKNOWN,envelope glycoprotein E,548,LATE,0.9990957,True,CORRECT,Q3_Medium_High
CANONICAL_277360f715b4,TRAIN,TEST,CLUST_0.70_00001,LATE,HSV-2,UNKNOWN,large tegument protein,3074,LATE,0.9999976,True,CORRECT,Q4_Long
CANONICAL_278115ed3728,TRAIN,TEST,CLUST_0.70_00052,LATE,HSV-1,ICP34,neurovirulence protein ICP34.5,242,LATE,0.99999785,True,CORRECT,Q1_Short
CANONICAL_2791dea11b41,TRAIN,TEST,CLUST_0.70_00004,IMMEDIATE_EARLY,HSV-2,ICP4,transcriptional regulator ICP4,1318,IMMEDIATE_EARLY,0.9942234,True,CORRECT,Q4_Long
CANONICAL_27b15c403870,TRAIN,TEST,CLUST_0.70_00071,LATE,HSV-2,UL24,nuclear protein UL24,281,LATE,0.8188882,True,CORRECT,Q1_Short
CANONICAL_27b3b3526a1c,VALIDATION,TEST,CLUST_0.70_00001,LATE,HSV-2,UNKNOWN,large tegument protein,3121,LATE,0.999997,True,CORRECT,Q4_Long
CANONICAL_27d752b1e2fd,TRAIN,TEST,CLUST_0.70_00030,EARLY,HSV-2,UNKNOWN,thymidine kinase,376,EARLY,0.9992822,True,CORRECT,Q1_Short
CANONICAL_27e454916246,TEST,TEST,CLUST_0.70_00030,EARLY,HSV-2,UNKNOWN,thymidine kinase,376,EARLY,0.997021,True,CORRECT,Q1_Short
CANONICAL_27e53110d5f8,TRAIN,TEST,CLUST_0.70_00004,IMMEDIATE_EARLY,HSV-2,ICP4,transcriptional regulator ICP4,1471,IMMEDIATE_EARLY,0.99999666,True,CORRECT,Q4_Long
CANONICAL_27ece727da60,TRAIN,TEST,CLUST_0.70_00004,IMMEDIATE_EARLY,HSV-2,ICP4,transcriptional regulator ICP4,1466,IMMEDIATE_EARLY,0.99998724,True,CORRECT,Q4_Long
CANONICAL_27efa0cd1c52,VALIDATION,TEST,CLUST_0.70_00004,IMMEDIATE_EARLY,HSV-1,ICP4,transcriptional regulator ICP4,1289,IMMEDIATE_EARLY,0.99990165,True,CORRECT,Q3_Medium_High
CANONICAL_280f9fe07acb,TRAIN,TEST,CLUST_0.70_00030,EARLY,HSV-1,UNKNOWN,thymidine kinase,376,EARLY,0.99462515,True,CORRECT,Q1_Short
CANONICAL_281808ea97c6,TRAIN,TEST,CLUST_0.70_00051,LATE,HSV-2,UNKNOWN,tegument protein VP22,302,LATE,0.9980533,True,CORRECT,Q1_Short
CANONICAL_282526dda687,TEST,TEST,CLUST_0.70_00030,EARLY,HSV-1,UNKNOWN,thymidine kinase,376,EARLY,0.9959413,True,CORRECT,Q1_Short
CANONICAL_282b4b41a38c,TRAIN,TEST,CLUST_0.70_00004,IMMEDIATE_EARLY,HSV-1,ICP4,transcriptional regulator ICP4,1301,IMMEDIATE_EARLY,0.9947462,True,CORRECT,Q3_Medium_High
CANONICAL_282e237c4070,VALIDATION,TEST,CLUST_0.70_00018,LATE,HSV-2,UNKNOWN,envelope glycoprotein E,548,LATE,0.9993211,True,CORRECT,Q3_Medium_High
CANONICAL_284fe038099b,TRAIN,TEST,CLUST_0.70_00051,LATE,HSV-2,UNKNOWN,tegument protein VP22,302,LATE,0.9985103,True,CORRECT,Q1_Short
CANONICAL_28595d14c3e8,TRAIN,TEST,CLUST_0.70_00037,LATE,HSV-1,US6,US6,394,LATE,0.99999976,True,CORRECT,Q2_Medium_Low
CANONICAL_2886268d0bf0,TRAIN,TEST,CLUST_0.70_00004,IMMEDIATE_EARLY,HSV-2,ICP4,transcriptional regulator ICP4,1468,IMMEDIATE_EARLY,0.9999958,True,CORRECT,Q4_Long
CANONICAL_28c1c7dacce5,TRAIN,TEST,CLUST_0.70_00052,LATE,HSV-1,UNKNOWN,capsid scaffold protein,325,LATE,1.0,True,CORRECT,Q1_Short
CANONICAL_29348d0833a1,VALIDATION,TEST,CLUST_0.70_00004,IMMEDIATE_EARLY,HSV-2,ICP4,transcriptional regulator ICP4,1468,IMMEDIATE_EARLY,0.99999976,True,CORRECT,Q4_Long
CANONICAL_294067601837,TEST,TEST,CLUST_0.70_00020,LATE,HSV-2,UNKNOWN,tegument serine/threonine protein kinase,518,LATE,0.99998057,True,CORRECT,Q3_Medium_High
CANONICAL_2957c641665e,TRAIN,TEST,CLUST_0.70_00015,LATE,HSV-1,UNKNOWN,glycoprotein C,511,LATE,0.99999917,True,CORRECT,Q3_Medium_High
CANONICAL_295dbd8909a9,TRAIN,TEST,CLUST_0.70_00080,LATE,HSV-1,UL3,nuclear protein UL3,235,LATE,0.9970361,True,CORRECT,Q1_Short
CANONICAL_29988456ead8,TRAIN,TEST,CLUST_0.70_00009,EARLY,HSV-2,UL52,UL52,457,EARLY,0.9999831,True,CORRECT,Q2_Medium_Low
CANONICAL_29a4abcb7518,VALIDATION,TEST,CLUST_0.70_00001,LATE,HSV-1,UNKNOWN,large tegument protein,3126,LATE,0.9999999,True,CORRECT,Q4_Long
CANONICAL_29cfb0e69df9,TRAIN,TEST,CLUST_0.70_00004,IMMEDIATE_EARLY,HSV-1,ICP4,transcriptional regulator ICP4,1295,IMMEDIATE_EARLY,0.99967766,True,CORRECT,Q3_Medium_High
CANONICAL_29d812bb7ede,TRAIN,TEST,CLUST_0.70_00052,LATE,HSV-1,RL1,RL1,240,LATE,0.9999833,True,CORRECT,Q1_Short
CANONICAL_29d9a23173fe,TRAIN,TEST,CLUST_0.70_00004,IMMEDIATE_EARLY,HSV-2,ICP4,transcriptional regulator ICP4,1315,IMMEDIATE_EARLY,0.9994547,True,CORRECT,Q4_Long
CANONICAL_29ec8c103997,TRAIN,TEST,CLUST_0.70_00004,IMMEDIATE_EARLY,HSV-2,ICP4,transcriptional regulator ICP4,1468,IMMEDIATE_EARLY,0.99999976,True,CORRECT,Q4_Long
CANONICAL_29ef88b1b47c,VALIDATION,TEST,CLUST_0.70_00030,EARLY,HSV-1,UNKNOWN,thymidine kinase,376,EARLY,0.98799324,True,CORRECT,Q1_Short
CANONICAL_29fdbbb071e1,TRAIN,TEST,CLUST_0.70_00071,LATE,HSV-1,UL24,nuclear protein UL24,269,EARLY,0.74011135,False,LATE_PREDICTED_AS_EARLY,Q1_Short
CANONICAL_2a0c12ce6550,TRAIN,TEST,CLUST_0.70_00051,LATE,HSV-2,UL49,UL49,302,LATE,0.99989665,True,CORRECT,Q1_Short
CANONICAL_2a38b33050ed,TEST,TEST,CLUST_0.70_00071,LATE,HSV-1,UL24,UL24,269,EARLY,0.56651396,False,LATE_PREDICTED_AS_EARLY,Q1_Short
CANONICAL_2a4fd58c9727,TRAIN,TEST,CLUST_0.70_00015,LATE,HSV-2,UNKNOWN,envelope glycoprotein C,480,LATE,1.0,True,CORRECT,Q2_Medium_Low
CANONICAL_2a6c884d912d,TRAIN,TEST,CLUST_0.70_00052,LATE,HSV-1,ICP34,neurovirulence protein ICP34.5,247,LATE,0.9999119,True,CORRECT,Q1_Short
CANONICAL_2a79dae4235b,TRAIN,TEST,CLUST_0.70_00009,LATE,HSV-1,UL48,UL48,490,LATE,0.9998332,True,CORRECT,Q2_Medium_Low
CANONICAL_2a7a07bf3644,VALIDATION,TEST,CLUST_0.70_00015,LATE,HSV-1,UNKNOWN,envelope glycoprotein C,511,LATE,0.9999993,True,CORRECT,Q3_Medium_High
CANONICAL_2a831d23e5e6,TRAIN,TEST,CLUST_0.70_00001,LATE,HSV-1,UNKNOWN,large tegument protein,3139,LATE,0.9999999,True,CORRECT,Q4_Long
CANONICAL_2a9dc5ed5d2b,TRAIN,TEST,CLUST_0.70_00018,LATE,HSV-2,UNKNOWN,envelope glycoprotein E,548,LATE,0.99958605,True,CORRECT,Q3_Medium_High
CANONICAL_2a9e6defcab0,VALIDATION,TEST,CLUST_0.70_00001,LATE,HSV-2,UNKNOWN,large tegument protein,3097,LATE,0.9999982,True,CORRECT,Q4_Long
CANONICAL_2aa4edd24ac4,TRAIN,TEST,CLUST_0.70_00001,LATE,HSV-2,UNKNOWN,large tegument protein,3137,LATE,0.9999968,True,CORRECT,Q4_Long
CANONICAL_2ac8d5b3bdcb,TRAIN,TEST,CLUST_0.70_00009,LATE,HSV-1,UL48,UL48,490,LATE,0.9997892,True,CORRECT,Q2_Medium_Low
CANONICAL_2b02d091e6c3,TRAIN,TEST,CLUST_0.70_00080,LATE,HSV-1,UL3,UL3,224,LATE,0.9979644,True,CORRECT,Q1_Short
CANONICAL_2b1c91398806,TRAIN,TEST,CLUST_0.70_00071,LATE,HSV-1,UL24,UL24,269,EARLY,0.5926192,False,LATE_PREDICTED_AS_EARLY,Q1_Short
CANONICAL_2b2089c1ae5e,VALIDATION,TEST,CLUST_0.70_00052,LATE,HSV-1,RL1,RL1,266,LATE,0.9999993,True,CORRECT,Q1_Short
CANONICAL_2b4eed5789b6,TEST,TEST,CLUST_0.70_00071,LATE,HSV-2,UL24,nuclear protein UL24,281,LATE,0.60896856,True,CORRECT,Q1_Short
CANONICAL_2b5313b2811d,TEST,TEST,CLUST_0.70_00052,LATE,HSV-2,ICP34,neurovirulence factor ICP34.5 isoform,176,LATE,0.9999976,True,CORRECT,Q1_Short
CANONICAL_2b548194b70c,TRAIN,TEST,CLUST_0.70_00001,LATE,HSV-1,UL36,UL36,3108,LATE,0.9999999,True,CORRECT,Q4_Long
CANONICAL_2b58278c6217,TRAIN,TEST,CLUST_0.70_00009,LATE,HSV-2,UL48,UL48,444,LATE,0.99985397,True,CORRECT,Q2_Medium_Low
CANONICAL_2b5eb3371ffc,VALIDATION,TEST,CLUST_0.70_00037,LATE,HSV-1,US6,US6,394,LATE,0.9999999,True,CORRECT,Q2_Medium_Low
CANONICAL_2baeed9a2f85,VALIDATION,TEST,CLUST_0.70_00004,IMMEDIATE_EARLY,HSV-2,ICP4,transcriptional regulator ICP4,1473,IMMEDIATE_EARLY,0.9999993,True,CORRECT,Q4_Long
CANONICAL_2bc0133a57b9,TRAIN,TEST,CLUST_0.70_00001,LATE,HSV-1,UL36,UL36,3134,LATE,0.9999999,True,CORRECT,Q4_Long
CANONICAL_2bc2c966e438,TRAIN,TEST,CLUST_0.70_00030,EARLY,HSV-2,UNKNOWN,thymidine kinase,376,EARLY,0.99844354,True,CORRECT,Q1_Short
CANONICAL_2bdb658ec43e,TEST,TEST,CLUST_0.70_00018,LATE,HSV-2,UNKNOWN,envelope glycoprotein E,548,LATE,0.9992279,True,CORRECT,Q3_Medium_High
CANONICAL_2bf596ad48d2,TRAIN,TEST,CLUST_0.70_00015,LATE,HSV-1,UNKNOWN,envelope glycoprotein C,511,LATE,0.9999956,True,CORRECT,Q3_Medium_High
CANONICAL_2bf7754e11ba,TRAIN,TEST,CLUST_0.70_00001,LATE,HSV-1,UNKNOWN,large tegument protein,3139,LATE,0.9999999,True,CORRECT,Q4_Long
CANONICAL_2c1faa0aea0e,TRAIN,TEST,CLUST_0.70_00001,LATE,HSV-1,UNKNOWN,large tegument protein,3134,LATE,0.9999999,True,CORRECT,Q4_Long
CANONICAL_2c29a3ace5d3,VALIDATION,TEST,CLUST_0.70_00004,IMMEDIATE_EARLY,HSV-1,ICP4,transcriptional regulator ICP4,1298,IMMEDIATE_EARLY,0.9995932,True,CORRECT,Q3_Medium_High
CANONICAL_2c2ae74d18c4,TRAIN,TEST,CLUST_0.70_00001,LATE,HSV-1,UNKNOWN,large tegument protein,3139,LATE,0.9999999,True,CORRECT,Q4_Long
CANONICAL_2c3c431487e2,TRAIN,TEST,CLUST_0.70_00018,LATE,HSV-2,UNKNOWN,envelope glycoprotein E,548,LATE,0.9994986,True,CORRECT,Q3_Medium_High
CANONICAL_2c7320370760,TEST,TEST,CLUST_0.70_00001,LATE,HSV-2,UNKNOWN,large tegument protein,3122,LATE,0.9999987,True,CORRECT,Q4_Long
CANONICAL_2c86891bc6d6,TRAIN,TEST,CLUST_0.70_00071,LATE,HSV-2,UL24,nuclear protein UL24,281,EARLY,0.9340411,False,LATE_PREDICTED_AS_EARLY,Q1_Short
CANONICAL_2c8a353c42f4,TRAIN,TEST,CLUST_0.70_00030,EARLY,HSV-2,UNKNOWN,thymidine kinase,376,EARLY,0.998475,True,CORRECT,Q1_Short
CANONICAL_2c9b40855cbe,TRAIN,TEST,CLUST_0.70_00004,IMMEDIATE_EARLY,HSV-1,ICP4,transcriptional regulator ICP4,1302,IMMEDIATE_EARLY,0.9996618,True,CORRECT,Q3_Medium_High
CANONICAL_2ca4a78681af,TRAIN,TEST,CLUST_0.70_00001,LATE,HSV-1,UNKNOWN,large tegument protein,3124,LATE,0.9999999,True,CORRECT,Q4_Long
CANONICAL_2cb50f09645c,TEST,TEST,CLUST_0.70_00001,LATE,HSV-1,UNKNOWN,large tegument protein,3126,LATE,0.9999999,True,CORRECT,Q4_Long
CANONICAL_2cb8e4d4b761,TRAIN,TEST,CLUST_0.70_00052,LATE,HSV-1,ICP34,Neurovirulence factor ICP34.5,266,LATE,0.9999969,True,CORRECT,Q1_Short
CANONICAL_2cc75411eff1,VALIDATION,TEST,CLUST_0.70_00018,LATE,HSV-2,US8,US8,459,LATE,0.9999969,True,CORRECT,Q2_Medium_Low
CANONICAL_2cd6eef8d6ba,TRAIN,TEST,CLUST_0.70_00052,LATE,HSV-1,ICP34,neurovirulence protein ICP34.5,247,LATE,0.99999845,True,CORRECT,Q1_Short
CANONICAL_2cd90daf5709,VALIDATION,TEST,CLUST_0.70_00030,EARLY,HSV-1,UNKNOWN,thymidine kinase,376,EARLY,0.9996617,True,CORRECT,Q1_Short
CANONICAL_2d01e202fb13,TRAIN,TEST,CLUST_0.70_00052,LATE,HSV-1,ICP34,neurovirulence protein ICP34.5,241,LATE,0.9999993,True,CORRECT,Q1_Short
CANONICAL_2d02e2c342eb,TRAIN,TEST,CLUST_0.70_00052,LATE,HSV-1,RL1,RL1,238,LATE,0.99999976,True,CORRECT,Q1_Short
CANONICAL_2d3eab042775,TRAIN,TEST,CLUST_0.70_00030,EARLY,HSV-2,UNKNOWN,thymidine kinase,376,EARLY,0.99573624,True,CORRECT,Q1_Short
CANONICAL_2d5716e2ef2f,TRAIN,TEST,CLUST_0.70_00052,LATE,HSV-1,ICP34,neurovirulence protein ICP34.5,271,LATE,0.9999999,True,CORRECT,Q1_Short
CANONICAL_2d5b527b65e8,VALIDATION,TEST,CLUST_0.70_00001,LATE,HSV-1,UL36,UL36,3092,LATE,0.999998,True,CORRECT,Q4_Long
CANONICAL_2d8649997644,TRAIN,TEST,CLUST_0.70_00004,IMMEDIATE_EARLY,HSV-1,ICP4,transcriptional regulator ICP4,1299,IMMEDIATE_EARLY,0.9998265,True,CORRECT,Q3_Medium_High
CANONICAL_2d93ddc41c86,TRAIN,TEST,CLUST_0.70_00015,LATE,HSV-1,UL44,UL44,511,LATE,0.99999726,True,CORRECT,Q3_Medium_High
CANONICAL_2da4cb72e2ca,TRAIN,TEST,CLUST_0.70_00015,LATE,HSV-1,UNKNOWN,envelope glycoprotein C,511,LATE,0.9999769,True,CORRECT,Q3_Medium_High
CANONICAL_2ddf32edd152,VALIDATION,TEST,CLUST_0.70_00001,LATE,HSV-1,UNKNOWN,large tegument protein,3147,LATE,0.9999999,True,CORRECT,Q4_Long
CANONICAL_2de4ba9319af,TRAIN,TEST,CLUST_0.70_00015,LATE,HSV-2,UNKNOWN,envelope glycoprotein C,480,LATE,1.0,True,CORRECT,Q2_Medium_Low
CANONICAL_2de58ed6e8fd,VALIDATION,TEST,CLUST_0.70_00030,EARLY,HSV-2,UNKNOWN,thymidine kinase,376,EARLY,0.99875486,True,CORRECT,Q1_Short
CANONICAL_2de8c05246bb,TEST,TEST,CLUST_0.70_00018,LATE,HSV-1,UNKNOWN,envelope glycoprotein E,550,LATE,0.99979717,True,CORRECT,Q3_Medium_High
CANONICAL_2dec692a6b7f,TEST,TEST,CLUST_0.70_00004,IMMEDIATE_EARLY,HSV-1,RS1,RS1,1300,IMMEDIATE_EARLY,0.9084784,True,CORRECT,Q3_Medium_High
CANONICAL_2e152406d6a5,TRAIN,TEST,CLUST_0.70_00001,LATE,HSV-2,UNKNOWN,large tegument protein,3124,LATE,0.9999982,True,CORRECT,Q4_Long
CANONICAL_2e23e510b49b,TRAIN,TEST,CLUST_0.70_00004,IMMEDIATE_EARLY,HSV-2,ICP4,transcriptional regulator ICP4,1469,IMMEDIATE_EARLY,0.9999405,True,CORRECT,Q4_Long
CANONICAL_2e2ace566cd2,TRAIN,TEST,CLUST_0.70_00030,EARLY,HSV-1,UNKNOWN,thymidine kinase,376,EARLY,0.998868,True,CORRECT,Q1_Short
CANONICAL_2e2f9654a1e5,TRAIN,TEST,CLUST_0.70_00001,LATE,HSV-1,UNKNOWN,large tegument protein,3139,LATE,0.9999999,True,CORRECT,Q4_Long
CANONICAL_2e49b30ebd82,VALIDATION,TEST,CLUST_0.70_00071,LATE,HSV-2,UL24,nuclear protein UL24,281,LATE,0.6582451,True,CORRECT,Q1_Short
CANONICAL_2eb1094a164e,VALIDATION,TEST,CLUST_0.70_00018,LATE,HSV-2,UNKNOWN,envelope glycoprotein E,548,LATE,0.99949074,True,CORRECT,Q3_Medium_High
CANONICAL_2ec5a456103c,TRAIN,TEST,CLUST_0.70_00030,EARLY,HSV-1,UNKNOWN,thymidine kinase,376,EARLY,0.9996513,True,CORRECT,Q1_Short
CANONICAL_2ee3276d8a51,TRAIN,TEST,CLUST_0.70_00051,LATE,HSV-2,ICP34,neurovirulence protein ICP34.5,261,LATE,0.99984026,True,CORRECT,Q1_Short
CANONICAL_2f055b603551,TRAIN,TEST,CLUST_0.70_00030,EARLY,HSV-1,UNKNOWN,thymidine kinase,376,EARLY,0.9995028,True,CORRECT,Q1_Short
CANONICAL_2f1511568b2a,TRAIN,TEST,CLUST_0.70_00030,EARLY,HSV-1,UL23,UL23,376,EARLY,0.99867684,True,CORRECT,Q1_Short
CANONICAL_2f198a31f448,VALIDATION,TEST,CLUST_0.70_00004,IMMEDIATE_EARLY,HSV-1,RS1,RS1-2,1297,IMMEDIATE_EARLY,0.9998919,True,CORRECT,Q3_Medium_High
CANONICAL_2f335bafbf2a,TRAIN,TEST,CLUST_0.70_00004,IMMEDIATE_EARLY,HSV-1,RS1,RS1,1298,IMMEDIATE_EARLY,0.99937767,True,CORRECT,Q3_Medium_High
CANONICAL_2f45927109ab,TRAIN,TEST,CLUST_0.70_00071,LATE,HSV-2,UL24,nuclear protein UL24,281,EARLY,0.60106605,False,LATE_PREDICTED_AS_EARLY,Q1_Short
CANONICAL_2f4fd12460f8,TRAIN,TEST,CLUST_0.70_00015,LATE,HSV-1,UNKNOWN,envelope glycoprotein C,511,LATE,0.9999995,True,CORRECT,Q3_Medium_High
CANONICAL_2f576b8fb1cf,TRAIN,TEST,CLUST_0.70_00030,EARLY,HSV-1,UNKNOWN,thymidine kinase,376,EARLY,0.99933857,True,CORRECT,Q1_Short
CANONICAL_2f76900d729d,TEST,TEST,CLUST_0.70_00080,LATE,HSV-1,UL3,nuclear protein UL3,235,LATE,0.99768484,True,CORRECT,Q1_Short
CANONICAL_2f7f95d2172c,TRAIN,TEST,CLUST_0.70_00001,LATE,HSV-2,UNKNOWN,large tegument protein,3099,LATE,0.99999726,True,CORRECT,Q4_Long
CANONICAL_2f8f470303db,TRAIN,TEST,CLUST_0.70_00015,LATE,HSV-1,UL44,UL44,511,LATE,0.9999976,True,CORRECT,Q3_Medium_High
CANONICAL_2f920e2c42ff,TRAIN,TEST,CLUST_0.70_00080,LATE,HSV-1,UL3,nuclear protein UL3,235,LATE,0.9981882,True,CORRECT,Q1_Short
CANONICAL_2f94eebf0958,TRAIN,TEST,CLUST_0.70_00030,EARLY,HSV-1,UL23,UL23,331,EARLY,0.9991873,True,CORRECT,Q1_Short
CANONICAL_2fa454c9f16d,TRAIN,TEST,CLUST_0.70_00001,LATE,HSV-2,UNKNOWN,large tegument protein,3121,LATE,0.9999895,True,CORRECT,Q4_Long
CANONICAL_2fb2cf8f542b,TRAIN,TEST,CLUST_0.70_00037,LATE,HSV-1,UNKNOWN,envelope glycoprotein D,394,LATE,0.9999999,True,CORRECT,Q2_Medium_Low
CANONICAL_2fc8ddb817aa,TRAIN,TEST,CLUST_0.70_00001,LATE,HSV-1,UL36,UL36,3094,LATE,0.9999999,True,CORRECT,Q4_Long
CANONICAL_2fded68202bf,TEST,TEST,CLUST_0.70_00001,LATE,HSV-2,UNKNOWN,large tegument protein,3124,LATE,0.99999833,True,CORRECT,Q4_Long
CANONICAL_3007596fb097,TEST,TEST,CLUST_0.70_00001,LATE,HSV-2,UNKNOWN,large tegument protein,3093,LATE,0.99999845,True,CORRECT,Q4_Long
CANONICAL_30157b7cf554,TEST,TEST,CLUST_0.70_00018,LATE,HSV-1,US8,US8,550,LATE,0.9998209,True,CORRECT,Q3_Medium_High
CANONICAL_301acf7b119e,VALIDATION,TEST,CLUST_0.70_00030,EARLY,HSV-1,UNKNOWN,thymidine kinase,376,EARLY,0.9990245,True,CORRECT,Q1_Short
CANONICAL_301d33e787b8,TRAIN,TEST,CLUST_0.70_00018,LATE,HSV-1,UNKNOWN,envelope glycoprotein E,550,LATE,0.9997713,True,CORRECT,Q3_Medium_High
CANONICAL_3020ac6ae86f,TRAIN,TEST,CLUST_0.70_00030,EARLY,HSV-1,UNKNOWN,thymidine kinase,376,EARLY,0.9943968,True,CORRECT,Q1_Short
CANONICAL_302ccee49104,VALIDATION,TEST,CLUST_0.70_00030,EARLY,HSV-1,UNKNOWN,thymidine kinase,376,EARLY,0.9996001,True,CORRECT,Q1_Short
CANONICAL_3031ab065dcc,TRAIN,TEST,CLUST_0.70_00004,IMMEDIATE_EARLY,HSV-2,ICP4,transcriptional regulator ICP4,1467,IMMEDIATE_EARLY,0.9996977,True,CORRECT,Q4_Long
CANONICAL_3037c715e88d,TRAIN,TEST,CLUST_0.70_00001,LATE,HSV-2,UNKNOWN,large tegument protein,3119,LATE,0.9999956,True,CORRECT,Q4_Long
CANONICAL_30685b8b5237,TRAIN,TEST,CLUST_0.70_00030,EARLY,HSV-1,UNKNOWN,thymidine kinase,376,EARLY,0.9995683,True,CORRECT,Q1_Short
CANONICAL_306a230fad99,TRAIN,TEST,CLUST_0.70_00004,IMMEDIATE_EARLY,HSV-1,ICP4,transcriptional regulator ICP4,1297,IMMEDIATE_EARLY,0.9998456,True,CORRECT,Q3_Medium_High
CANONICAL_306a97a8e00a,VALIDATION,TEST,CLUST_0.70_00080,LATE,HSV-2,UL3,nuclear protein UL3,233,LATE,0.98353773,True,CORRECT,Q1_Short
CANONICAL_3078deb96bb5,TRAIN,TEST,CLUST_0.70_00001,LATE,HSV-1,UL36,UL36,3086,LATE,0.99999976,True,CORRECT,Q4_Long
CANONICAL_3080c89f8027,VALIDATION,TEST,CLUST_0.70_00071,LATE,HSV-2,UL24,UL24,281,LATE,0.70177466,True,CORRECT,Q1_Short
CANONICAL_3086546e58c2,TRAIN,TEST,CLUST_0.70_00037,LATE,HSV-1,UNKNOWN,envelope glycoprotein D,387,LATE,0.9999999,True,CORRECT,Q2_Medium_Low
CANONICAL_30c3a056f7c7,TEST,TEST,CLUST_0.70_00030,EARLY,HSV-2,UNKNOWN,thymidine kinase,376,EARLY,0.99579227,True,CORRECT,Q1_Short
CANONICAL_30c6e9370de1,TRAIN,TEST,CLUST_0.70_00015,LATE,HSV-2,UNKNOWN,envelope glycoprotein C,480,LATE,1.0,True,CORRECT,Q2_Medium_Low
CANONICAL_30d97584d239,VALIDATION,TEST,CLUST_0.70_00037,LATE,HSV-2,UNKNOWN,envelope glycoprotein D,393,LATE,0.9999999,True,CORRECT,Q2_Medium_Low
CANONICAL_30e278edac76,TRAIN,TEST,CLUST_0.70_00037,LATE,HSV-2,UNKNOWN,envelope glycoprotein D,393,LATE,1.0,True,CORRECT,Q2_Medium_Low
CANONICAL_3115cb2ac569,TRAIN,TEST,CLUST_0.70_00052,LATE,HSV-1,ICP34,Neurovirulence factor ICP34.5,244,LATE,0.99999905,True,CORRECT,Q1_Short
CANONICAL_312810232329,TRAIN,TEST,CLUST_0.70_00015,LATE,HSV-2,UL44,UL44,548,LATE,1.0,True,CORRECT,Q3_Medium_High
CANONICAL_31320fd7ec82,TRAIN,TEST,CLUST_0.70_00015,LATE,HSV-1,UL44,UL44,511,LATE,0.9999968,True,CORRECT,Q3_Medium_High
CANONICAL_3133a09ffc55,TEST,TEST,CLUST_0.70_00071,LATE,HSV-2,UL24,UL24,281,LATE,0.55866426,True,CORRECT,Q1_Short
CANONICAL_313966e34693,TRAIN,TEST,CLUST_0.70_00030,EARLY,HSV-2,UNKNOWN,thymidine kinase,376,EARLY,0.9992569,True,CORRECT,Q1_Short
CANONICAL_313e188c1d6b,TRAIN,TEST,CLUST_0.70_00030,EARLY,HSV-1,UNKNOWN,thymidine kinase,376,EARLY,0.9974941,True,CORRECT,Q1_Short
CANONICAL_316116760bce,TRAIN,TEST,CLUST_0.70_00015,LATE,HSV-1,UL44,UL44,511,LATE,0.9999982,True,CORRECT,Q3_Medium_High
CANONICAL_3173d89147eb,TRAIN,TEST,CLUST_0.70_00004,IMMEDIATE_EARLY,HSV-1,ICP4,transcriptional regulator ICP4,1304,IMMEDIATE_EARLY,0.9996718,True,CORRECT,Q4_Long
CANONICAL_31893fae059e,VALIDATION,TEST,CLUST_0.70_00037,LATE,HSV-2,UNKNOWN,envelope glycoprotein D,393,LATE,0.9999999,True,CORRECT,Q2_Medium_Low
CANONICAL_319b4b81f046,VALIDATION,TEST,CLUST_0.70_00018,LATE,HSV-1,UNKNOWN,envelope glycoprotein E,550,LATE,0.99879444,True,CORRECT,Q3_Medium_High
CANONICAL_319bf7b6034a,TRAIN,TEST,CLUST_0.70_00018,EARLY,HSV-1,UL42,UL42,488,EARLY,0.97833455,True,CORRECT,Q2_Medium_Low
CANONICAL_31a7102a5206,TRAIN,TEST,CLUST_0.70_00071,LATE,HSV-2,UL24,nuclear protein UL24,281,EARLY,0.5006275,False,LATE_PREDICTED_AS_EARLY,Q1_Short
CANONICAL_31c75d201fa7,TRAIN,TEST,CLUST_0.70_00037,LATE,HSV-1,UNKNOWN,envelope glycoprotein D,394,LATE,0.99999976,True,CORRECT,Q2_Medium_Low
CANONICAL_31e4ee7cc00d,TEST,TEST,CLUST_0.70_00015,LATE,HSV-1,UNKNOWN,envelope glycoprotein C,511,LATE,0.99999857,True,CORRECT,Q3_Medium_High
CANONICAL_31eabedc0564,TRAIN,TEST,CLUST_0.70_00080,LATE,HSV-2,UL3,nuclear protein UL3,233,LATE,0.5518358,True,CORRECT,Q1_Short
CANONICAL_31ee900cf3d6,VALIDATION,TEST,CLUST_0.70_00015,LATE,HSV-2,UL44,UL44,480,LATE,1.0,True,CORRECT,Q2_Medium_Low
CANONICAL_31fa6f032e0e,TRAIN,TEST,CLUST_0.70_00030,EARLY,HSV-1,UNKNOWN,thymidine kinase,376,EARLY,0.9990382,True,CORRECT,Q1_Short
CANONICAL_3205b337d482,VALIDATION,TEST,CLUST_0.70_00018,LATE,HSV-1,US8,US8,325,LATE,0.99998856,True,CORRECT,Q1_Short
CANONICAL_320d25708fd0,TRAIN,TEST,CLUST_0.70_00052,LATE,HSV-1,RL1,RL1,261,LATE,0.9999887,True,CORRECT,Q1_Short
CANONICAL_3217b596ffca,TEST,TEST,CLUST_0.70_00052,LATE,HSV-1,ICP34,neurovirulence protein ICP34.5,257,LATE,0.99998796,True,CORRECT,Q1_Short
CANONICAL_3230ccb188da,TRAIN,TEST,CLUST_0.70_00004,IMMEDIATE_EARLY,HSV-1,RS1,RS1-2,1293,IMMEDIATE_EARLY,0.99969256,True,CORRECT,Q3_Medium_High
CANONICAL_3241348dbe87,VALIDATION,TEST,CLUST_0.70_00015,LATE,HSV-1,UNKNOWN,envelope glycoprotein C,511,LATE,0.99999774,True,CORRECT,Q3_Medium_High
CANONICAL_325644801220,TEST,TEST,CLUST_0.70_00052,LATE,HSV-1,ICP34,neurovirulence protein ICP34.5,336,EARLY,0.4809713,False,LATE_PREDICTED_AS_EARLY,Q1_Short
CANONICAL_327056d85db0,TRAIN,TEST,CLUST_0.70_00037,LATE,HSV-2,UNKNOWN,envelope glycoprotein D,393,LATE,0.9999999,True,CORRECT,Q2_Medium_Low
CANONICAL_3270c0726e38,TEST,TEST,CLUST_0.70_00030,EARLY,HSV-2,UNKNOWN,thymidine kinase,376,EARLY,0.99657923,True,CORRECT,Q1_Short
CANONICAL_327937cc8b1d,VALIDATION,TEST,CLUST_0.70_00004,IMMEDIATE_EARLY,HSV-1,ICP4,transcriptional regulator ICP4,1293,IMMEDIATE_EARLY,0.99983466,True,CORRECT,Q3_Medium_High
CANONICAL_329761deb71b,TRAIN,TEST,CLUST_0.70_00001,LATE,HSV-2,UNKNOWN,large tegument protein,3122,LATE,0.99999857,True,CORRECT,Q4_Long
CANONICAL_329c482e82af,VALIDATION,TEST,CLUST_0.70_00004,IMMEDIATE_EARLY,HSV-1,ICP4,transcriptional regulator ICP4,1298,IMMEDIATE_EARLY,0.9997696,True,CORRECT,Q3_Medium_High
CANONICAL_329dc1f6ea9e,TRAIN,TEST,CLUST_0.70_00052,LATE,HSV-1,RL1,RL1,252,LATE,0.9999616,True,CORRECT,Q1_Short
CANONICAL_32ca01698809,TRAIN,TEST,CLUST_0.70_00018,LATE,HSV-2,UNKNOWN,envelope glycoprotein E,548,LATE,0.99948055,True,CORRECT,Q3_Medium_High
CANONICAL_32ca56dbe640,TRAIN,TEST,CLUST_0.70_00037,LATE,HSV-1,UNKNOWN,"envelope glycoprotein D, partial",208,LATE,0.8983594,True,CORRECT,Q1_Short
CANONICAL_32cabc5bc640,TEST,TEST,CLUST_0.70_00015,LATE,HSV-1,UNKNOWN,envelope glycoprotein C,512,LATE,0.99999857,True,CORRECT,Q3_Medium_High
CANONICAL_32d9ceffe46e,TRAIN,TEST,CLUST_0.70_00018,LATE,HSV-2,UNKNOWN,envelope glycoprotein E,548,LATE,0.6002958,True,CORRECT,Q3_Medium_High
CANONICAL_3301326c20b8,TRAIN,TEST,CLUST_0.70_00018,LATE,HSV-1,US8,US8,550,LATE,0.9998178,True,CORRECT,Q3_Medium_High
CANONICAL_3334c69dbcdb,TEST,TEST,CLUST_0.70_00030,EARLY,HSV-1,UNKNOWN,thymidine kinase,376,EARLY,0.99874866,True,CORRECT,Q1_Short
CANONICAL_3366762a3546,TRAIN,TEST,CLUST_0.70_00015,LATE,HSV-2,UNKNOWN,envelope glycoprotein C,480,LATE,1.0,True,CORRECT,Q2_Medium_Low
CANONICAL_337219d65819,TRAIN,TEST,CLUST_0.70_00030,EARLY,HSV-2,UL23,UL23,307,LATE,0.9786347,False,EARLY_PREDICTED_AS_LATE,Q1_Short
CANONICAL_33b6fa0824cf,VALIDATION,TEST,CLUST_0.70_00004,IMMEDIATE_EARLY,HSV-1,RS1,RS1,1310,IMMEDIATE_EARLY,0.9998097,True,CORRECT,Q4_Long
CANONICAL_33c88624ab4c,TRAIN,TEST,CLUST_0.70_00018,EARLY,HSV-1,UNKNOWN,DNA polymerase processivity subunit,488,EARLY,0.94458073,True,CORRECT,Q2_Medium_Low
CANONICAL_33d820d1a46d,VALIDATION,TEST,CLUST_0.70_00030,EARLY,HSV-2,UNKNOWN,thymidine kinase,376,EARLY,0.986368,True,CORRECT,Q1_Short
CANONICAL_33de1e296527,TRAIN,TEST,CLUST_0.70_00037,LATE,HSV-2,UNKNOWN,envelope glycoprotein D,393,LATE,0.99999976,True,CORRECT,Q2_Medium_Low
CANONICAL_33e3c0f8b5d3,TRAIN,TEST,CLUST_0.70_00052,LATE,HSV-1,RL1,RL1,248,LATE,0.999944,True,CORRECT,Q1_Short
CANONICAL_33e6890902bf,TRAIN,TEST,CLUST_0.70_00018,LATE,HSV-1,US8,US8,479,LATE,0.9999478,True,CORRECT,Q2_Medium_Low
CANONICAL_33ec4ff6f462,TEST,TEST,CLUST_0.70_00052,LATE,HSV-1,ICP34,neurovirulence protein ICP34.5,241,LATE,0.9999939,True,CORRECT,Q1_Short
CANONICAL_33ed46ee7824,TRAIN,TEST,CLUST_0.70_00080,LATE,HSV-2,UL3,UL3,233,LATE,0.99514353,True,CORRECT,Q1_Short
CANONICAL_341573c17e50,TRAIN,TEST,CLUST_0.70_00018,LATE,HSV-2,UNKNOWN,envelope glycoprotein E,548,LATE,0.99970204,True,CORRECT,Q3_Medium_High
CANONICAL_341675c66c43,TRAIN,TEST,CLUST_0.70_00015,LATE,HSV-1,UNKNOWN,envelope glycoprotein C,511,LATE,0.99999774,True,CORRECT,Q3_Medium_High
CANONICAL_342cf5c2e633,TRAIN,TEST,CLUST_0.70_00004,IMMEDIATE_EARLY,HSV-2,ICP4,transcriptional regulator ICP4,1469,IMMEDIATE_EARLY,0.9719345,True,CORRECT,Q4_Long
CANONICAL_343c4b208c35,TRAIN,TEST,CLUST_0.70_00015,LATE,HSV-2,UL44,UL44,548,LATE,1.0,True,CORRECT,Q3_Medium_High
CANONICAL_343c69ff59c0,TRAIN,TEST,CLUST_0.70_00015,LATE,HSV-2,UNKNOWN,envelope glycoprotein C,333,LATE,1.0,True,CORRECT,Q1_Short
CANONICAL_343d666ab7a0,VALIDATION,TEST,CLUST_0.70_00071,LATE,HSV-2,UL24,nuclear protein UL24,281,EARLY,0.988492,False,LATE_PREDICTED_AS_EARLY,Q1_Short
CANONICAL_34448452b0c0,VALIDATION,TEST,CLUST_0.70_00001,LATE,HSV-1,UNKNOWN,large tegument protein,3139,LATE,0.9999993,True,CORRECT,Q4_Long
CANONICAL_345a7b756d37,TRAIN,TEST,CLUST_0.70_00001,LATE,HSV-2,UNKNOWN,large tegument protein,3120,LATE,0.9999982,True,CORRECT,Q4_Long
CANONICAL_345db172f3e0,TRAIN,TEST,CLUST_0.70_00015,LATE,HSV-1,UNKNOWN,"envelope glycoprotein C, partial",501,LATE,0.9999987,True,CORRECT,Q3_Medium_High
CANONICAL_3463b7b2ab06,TRAIN,TEST,CLUST_0.70_00030,EARLY,HSV-1,UNKNOWN,thymidine kinase,376,EARLY,0.9995197,True,CORRECT,Q1_Short
CANONICAL_34689e8a9db7,TRAIN,TEST,CLUST_0.70_00030,EARLY,HSV-1,UNKNOWN,thymidine kinase,376,EARLY,0.9991937,True,CORRECT,Q1_Short
CANONICAL_34abc4c7831c,TEST,TEST,CLUST_0.70_00052,LATE,HSV-1,ICP34,neurovirulence protein ICP34.5,248,IMMEDIATE_EARLY,0.96634966,False,LATE_PREDICTED_AS_IMMEDIATE_EARLY,Q1_Short
CANONICAL_34bd472b51a6,TRAIN,TEST,CLUST_0.70_00001,LATE,HSV-2,UNKNOWN,large tegument protein,3122,LATE,0.9999988,True,CORRECT,Q4_Long
CANONICAL_34cded4c5726,TRAIN,TEST,CLUST_0.70_00051,LATE,HSV-2,ICP34,neurovirulence protein ICP34.5,261,LATE,0.9998703,True,CORRECT,Q1_Short
CANONICAL_34edd27d69dc,TRAIN,TEST,CLUST_0.70_00052,LATE,HSV-2,ICP34,ICP34.5 regulation protein,176,LATE,0.9999995,True,CORRECT,Q1_Short
CANONICAL_34fc201f4aa9,TEST,TEST,CLUST_0.70_00004,IMMEDIATE_EARLY,HSV-2,ICP4,transcriptional regulator ICP4,1470,IMMEDIATE_EARLY,0.99999833,True,CORRECT,Q4_Long
CANONICAL_350cd6c70614,TRAIN,TEST,CLUST_0.70_00030,EARLY,HSV-1,UNKNOWN,thymidine kinase,376,EARLY,0.9991406,True,CORRECT,Q1_Short
CANONICAL_352f1276beba,TRAIN,TEST,CLUST_0.70_00071,LATE,HSV-2,UL24,UL24,281,LATE,0.7522838,True,CORRECT,Q1_Short
CANONICAL_35482f1285b4,TRAIN,TEST,CLUST_0.70_00051,LATE,HSV-2,UL49,UL49,313,LATE,0.9997814,True,CORRECT,Q1_Short
CANONICAL_357c8a9b7164,TRAIN,TEST,CLUST_0.70_00004,IMMEDIATE_EARLY,HSV-2,ICP4,transcriptional regulator ICP4,1318,IMMEDIATE_EARLY,0.9986712,True,CORRECT,Q4_Long
CANONICAL_35ac92544c31,TRAIN,TEST,CLUST_0.70_00004,IMMEDIATE_EARLY,HSV-1,RS1,RS1,1299,IMMEDIATE_EARLY,0.9997002,True,CORRECT,Q3_Medium_High
CANONICAL_35b5c41bd6b5,TEST,TEST,CLUST_0.70_00004,IMMEDIATE_EARLY,HSV-2,ICP4,transcriptional regulator ICP4,1467,IMMEDIATE_EARLY,0.9990074,True,CORRECT,Q4_Long
CANONICAL_35b88e146778,TRAIN,TEST,CLUST_0.70_00001,LATE,HSV-1,UNKNOWN,large tegument protein,3108,LATE,0.9999999,True,CORRECT,Q4_Long
CANONICAL_35f6b6b21099,TRAIN,TEST,CLUST_0.70_00018,EARLY,HSV-1,UL42,DNA polymerase UL42 processivity factor,488,EARLY,0.9316809,True,CORRECT,Q2_Medium_Low
CANONICAL_3609dd7b0e63,TRAIN,TEST,CLUST_0.70_00018,LATE,HSV-1,US8,US8,550,LATE,0.9995185,True,CORRECT,Q3_Medium_High
CANONICAL_3612daa92945,TRAIN,TEST,CLUST_0.70_00015,LATE,HSV-2,UNKNOWN,envelope glycoprotein C,480,LATE,1.0,True,CORRECT,Q2_Medium_Low
CANONICAL_3619f1548d22,TRAIN,TEST,CLUST_0.70_00051,LATE,HSV-2,ICP34,neurovirulence protein ICP34.5,307,LATE,0.99921846,True,CORRECT,Q1_Short
CANONICAL_361a9d1c22fd,VALIDATION,TEST,CLUST_0.70_00004,IMMEDIATE_EARLY,HSV-1,ICP4,transcriptional regulator ICP4,1298,IMMEDIATE_EARLY,0.99984586,True,CORRECT,Q3_Medium_High
CANONICAL_361f2073e0ae,TRAIN,TEST,CLUST_0.70_00015,LATE,HSV-1,UL44,UL44,511,LATE,0.9999975,True,CORRECT,Q3_Medium_High
CANONICAL_363265d65d32,TEST,TEST,CLUST_0.70_00018,LATE,HSV-1,UNKNOWN,envelope glycoprotein E,480,LATE,0.99922645,True,CORRECT,Q2_Medium_Low
CANONICAL_363ecdc8d47b,TRAIN,TEST,CLUST_0.70_00051,LATE,HSV-2,ICP34,neurovirulence protein ICP34.5,251,LATE,0.99703467,True,CORRECT,Q1_Short
CANONICAL_364c04efc3a9,TEST,TEST,CLUST_0.70_00004,IMMEDIATE_EARLY,HSV-1,ICP4,transcriptional regulator ICP4,1291,IMMEDIATE_EARLY,0.9997837,True,CORRECT,Q3_Medium_High
CANONICAL_365ef8de6640,VALIDATION,TEST,CLUST_0.70_00018,LATE,HSV-2,UNKNOWN,envelope glycoprotein E,548,LATE,0.9995555,True,CORRECT,Q3_Medium_High
CANONICAL_366ea1efb428,VALIDATION,TEST,CLUST_0.70_00015,LATE,HSV-1,UNKNOWN,envelope glycoprotein C,511,LATE,0.9999995,True,CORRECT,Q3_Medium_High
CANONICAL_3671e2a294ae,TEST,TEST,CLUST_0.70_00018,LATE,HSV-1,US8,US8,479,LATE,0.9999405,True,CORRECT,Q2_Medium_Low
CANONICAL_3680ffb1fc2d,TEST,TEST,CLUST_0.70_00001,LATE,HSV-1,UNKNOWN,large tegument protein,3144,LATE,0.9999999,True,CORRECT,Q4_Long
CANONICAL_3681aa48e62f,TEST,TEST,CLUST_0.70_00015,LATE,HSV-1,UNKNOWN,envelope glycoprotein C,511,LATE,0.9999993,True,CORRECT,Q3_Medium_High
CANONICAL_3685d755b157,TRAIN,TEST,CLUST_0.70_00001,LATE,HSV-2,UL36,UL36,3112,LATE,0.99999857,True,CORRECT,Q4_Long
CANONICAL_368e624c3f5c,TRAIN,TEST,CLUST_0.70_00052,LATE,HSV-2,ICP34,neurovirulence protein ICP34.5,307,LATE,0.9999664,True,CORRECT,Q1_Short
CANONICAL_36a8e8213fb3,VALIDATION,TEST,CLUST_0.70_00071,LATE,HSV-2,UL24,nuclear protein UL24,281,LATE,0.850829,True,CORRECT,Q1_Short
CANONICAL_36a940b00c61,TRAIN,TEST,CLUST_0.70_00030,EARLY,HSV-1,UNKNOWN,thymidine kinase,376,EARLY,0.9979589,True,CORRECT,Q1_Short
CANONICAL_36ae3ad3f61b,VALIDATION,TEST,CLUST_0.70_00015,LATE,HSV-2,UNKNOWN,envelope glycoprotein C,480,LATE,1.0,True,CORRECT,Q2_Medium_Low
CANONICAL_36b0f601039e,TRAIN,TEST,CLUST_0.70_00015,LATE,HSV-2,UNKNOWN,envelope glycoprotein C,480,LATE,1.0,True,CORRECT,Q2_Medium_Low
CANONICAL_36f361fa921e,TRAIN,TEST,CLUST_0.70_00015,LATE,HSV-1,UNKNOWN,envelope glycoprotein C,511,LATE,0.99999964,True,CORRECT,Q3_Medium_High
CANONICAL_37032a556a0b,TRAIN,TEST,CLUST_0.70_00004,IMMEDIATE_EARLY,HSV-1,RS1,RS1,1299,IMMEDIATE_EARLY,0.99969566,True,CORRECT,Q3_Medium_High
CANONICAL_370790e7290e,TRAIN,TEST,CLUST_0.70_00030,EARLY,HSV-2,UNKNOWN,thymidine kinase,376,EARLY,0.9979042,True,CORRECT,Q1_Short
CANONICAL_370a76af3468,TRAIN,TEST,CLUST_0.70_00018,LATE,HSV-1,UNKNOWN,"glycoprotein E, partial",550,LATE,0.99991083,True,CORRECT,Q3_Medium_High
CANONICAL_370d4d0ad435,TRAIN,TEST,CLUST_0.70_00020,LATE,HSV-2,UNKNOWN,tegument serine/threonine protein kinase,518,LATE,0.9999765,True,CORRECT,Q3_Medium_High
CANONICAL_371436e42ce6,TRAIN,TEST,CLUST_0.70_00009,LATE,HSV-1,UL48,UL48,490,LATE,0.99995625,True,CORRECT,Q2_Medium_Low
CANONICAL_371811950719,TRAIN,TEST,CLUST_0.70_00015,LATE,HSV-2,UNKNOWN,envelope glycoprotein C,480,LATE,0.99999976,True,CORRECT,Q2_Medium_Low
CANONICAL_372b40370910,TRAIN,TEST,CLUST_0.70_00004,IMMEDIATE_EARLY,HSV-1,RS1,RS1,1305,IMMEDIATE_EARLY,0.9994112,True,CORRECT,Q4_Long
CANONICAL_3740210ffb03,TRAIN,TEST,CLUST_0.70_00001,LATE,HSV-1,UNKNOWN,large tegument protein,3168,LATE,0.9999999,True,CORRECT,Q4_Long
CANONICAL_375bda250836,TRAIN,TEST,CLUST_0.70_00030,EARLY,HSV-1,UNKNOWN,thymidine kinase,376,EARLY,0.9990695,True,CORRECT,Q1_Short
CANONICAL_375c8c020d34,TRAIN,TEST,CLUST_0.70_00080,LATE,HSV-1,UL3,nuclear protein UL3,235,LATE,0.99244493,True,CORRECT,Q1_Short
CANONICAL_3765452ad75a,TRAIN,TEST,CLUST_0.70_00015,LATE,HSV-2,UNKNOWN,envelope glycoprotein C,480,LATE,0.99999976,True,CORRECT,Q2_Medium_Low
CANONICAL_377bc83e59dd,TRAIN,TEST,CLUST_0.70_00071,LATE,HSV-2,UL24,nuclear protein UL24,281,LATE,0.8682429,True,CORRECT,Q1_Short
CANONICAL_37ac49f5fb7d,TRAIN,TEST,CLUST_0.70_00015,LATE,HSV-1,UNKNOWN,glycoprotein C,511,LATE,0.99999905,True,CORRECT,Q3_Medium_High
CANONICAL_37ceeb1301e0,TRAIN,TEST,CLUST_0.70_00052,LATE,HSV-2,ICP34,neurovirulence protein ICP34.5,250,LATE,0.99957615,True,CORRECT,Q1_Short
CANONICAL_37dcc2c3f338,TRAIN,TEST,CLUST_0.70_00004,IMMEDIATE_EARLY,HSV-1,ICP4,transcriptional regulator ICP4,1294,IMMEDIATE_EARLY,0.9996642,True,CORRECT,Q3_Medium_High
CANONICAL_37fb9c1f52e5,VALIDATION,TEST,CLUST_0.70_00001,LATE,HSV-1,UL36,UL36,3083,LATE,0.99999976,True,CORRECT,Q4_Long
CANONICAL_3801e46de554,TRAIN,TEST,CLUST_0.70_00004,IMMEDIATE_EARLY,HSV-1,RS1,RS1,1310,IMMEDIATE_EARLY,0.99976844,True,CORRECT,Q4_Long
CANONICAL_38062a88a9a5,TRAIN,TEST,CLUST_0.70_00030,EARLY,HSV-2,UNKNOWN,thymidine kinase,376,EARLY,0.997424,True,CORRECT,Q1_Short
CANONICAL_3812dcdbaa98,TRAIN,TEST,CLUST_0.70_00001,LATE,HSV-1,UL36,UL36,3252,LATE,0.9999988,True,CORRECT,Q4_Long
CANONICAL_382dc625ea31,TEST,TEST,CLUST_0.70_00037,LATE,HSV-2,UNKNOWN,envelope glycoprotein D,393,LATE,0.9999999,True,CORRECT,Q2_Medium_Low
CANONICAL_382dee94a237,TRAIN,TEST,CLUST_0.70_00001,LATE,HSV-2,UNKNOWN,large tegument protein,3099,LATE,0.999998,True,CORRECT,Q4_Long
CANONICAL_38335806e0ac,TRAIN,TEST,CLUST_0.70_00004,IMMEDIATE_EARLY,HSV-1,ICP4,transcriptional regulator ICP4,1300,IMMEDIATE_EARLY,0.99981886,True,CORRECT,Q3_Medium_High
CANONICAL_383b6ceb2214,TRAIN,TEST,CLUST_0.70_00015,LATE,HSV-2,UNKNOWN,envelope glycoprotein C,480,LATE,1.0,True,CORRECT,Q2_Medium_Low
CANONICAL_383e9759763a,TRAIN,TEST,CLUST_0.70_00018,LATE,HSV-1,US8,US8,293,LATE,0.9979715,True,CORRECT,Q1_Short
CANONICAL_38493d745038,TRAIN,TEST,CLUST_0.70_00030,EARLY,HSV-1,UNKNOWN,thymidine kinase,376,EARLY,0.998548,True,CORRECT,Q1_Short
CANONICAL_38782a915d2c,TRAIN,TEST,CLUST_0.70_00001,LATE,HSV-1,UL36,UL36,3110,LATE,0.9999999,True,CORRECT,Q4_Long
CANONICAL_38875550fe48,TRAIN,TEST,CLUST_0.70_00001,LATE,HSV-1,UNKNOWN,large tegument protein,3139,LATE,0.9999999,True,CORRECT,Q4_Long
CANONICAL_389a4d42e1c4,TRAIN,TEST,CLUST_0.70_00004,IMMEDIATE_EARLY,HSV-2,ICP4,transcriptional regulator ICP4,1468,IMMEDIATE_EARLY,0.9999815,True,CORRECT,Q4_Long
CANONICAL_38b4b5014940,TEST,TEST,CLUST_0.70_00004,IMMEDIATE_EARLY,HSV-1,ICP4,transcriptional regulator ICP4,1301,IMMEDIATE_EARLY,0.99981815,True,CORRECT,Q3_Medium_High
CANONICAL_38d8dbff426e,TRAIN,TEST,CLUST_0.70_00080,LATE,HSV-2,UL3,nuclear protein UL3,233,LATE,0.71673375,True,CORRECT,Q1_Short
CANONICAL_38fa12892921,TRAIN,TEST,CLUST_0.70_00018,LATE,HSV-2,UNKNOWN,envelope glycoprotein E,548,LATE,0.9993782,True,CORRECT,Q3_Medium_High
CANONICAL_38fead69d8fb,VALIDATION,TEST,CLUST_0.70_00001,LATE,HSV-2,UL36,UL36,3114,LATE,0.99999845,True,CORRECT,Q4_Long
CANONICAL_3908a08dd70a,TRAIN,TEST,CLUST_0.70_00018,LATE,HSV-2,US8,US8,548,LATE,0.99968183,True,CORRECT,Q3_Medium_High
CANONICAL_3918699869fe,TRAIN,TEST,CLUST_0.70_00004,IMMEDIATE_EARLY,HSV-2,ICP4,transcriptional regulator ICP4,1468,IMMEDIATE_EARLY,0.99571276,True,CORRECT,Q4_Long
CANONICAL_391a85c45cc4,TRAIN,TEST,CLUST_0.70_00015,LATE,HSV-1,UNKNOWN,glycoprotein C,511,LATE,0.9999957,True,CORRECT,Q3_Medium_High
CANONICAL_393da5ce3dae,TRAIN,TEST,CLUST_0.70_00001,LATE,HSV-1,UL36,UL36,3084,LATE,0.99999976,True,CORRECT,Q4_Long
CANONICAL_394ef6c95401,VALIDATION,TEST,CLUST_0.70_00001,LATE,HSV-2,UL36,UL36,3122,LATE,0.9999982,True,CORRECT,Q4_Long
CANONICAL_3968691c0590,TRAIN,TEST,CLUST_0.70_00001,LATE,HSV-2,UNKNOWN,large tegument protein,3122,LATE,0.9999987,True,CORRECT,Q4_Long
CANONICAL_396dcff9eef8,TRAIN,TEST,CLUST_0.70_00071,LATE,HSV-2,UL24,nuclear protein UL24,281,LATE,0.8069549,True,CORRECT,Q1_Short
CANONICAL_39972d3978d2,TRAIN,TEST,CLUST_0.70_00015,LATE,HSV-1,UL44,UL44,511,LATE,0.9999969,True,CORRECT,Q3_Medium_High
CANONICAL_39c854cf73c3,TRAIN,TEST,CLUST_0.70_00071,LATE,HSV-2,UL24,nuclear protein UL24,281,EARLY,0.70186174,False,LATE_PREDICTED_AS_EARLY,Q1_Short
CANONICAL_39cf9bf563d0,TEST,TEST,CLUST_0.70_00004,IMMEDIATE_EARLY,HSV-1,RS1,RS1,1303,IMMEDIATE_EARLY,0.99987936,True,CORRECT,Q4_Long
CANONICAL_3a0517961d2a,TRAIN,TEST,CLUST_0.70_00052,LATE,HSV-1,ICP34,neurovirulence protein ICP34.5,248,IMMEDIATE_EARLY,0.9697948,False,LATE_PREDICTED_AS_IMMEDIATE_EARLY,Q1_Short
CANONICAL_3a55554b09cb,TRAIN,TEST,CLUST_0.70_00030,EARLY,HSV-1,UNKNOWN,thymidine kinase,376,EARLY,0.99920756,True,CORRECT,Q1_Short
CANONICAL_3a557fdf53df,TRAIN,TEST,CLUST_0.70_00080,LATE,HSV-1,UL3,UL3,224,LATE,0.9984011,True,CORRECT,Q1_Short
CANONICAL_3a5f07142185,TRAIN,TEST,CLUST_0.70_00080,LATE,HSV-1,UL3,nuclear protein UL3,235,LATE,0.99677545,True,CORRECT,Q1_Short
CANONICAL_3a73b7972036,TRAIN,TEST,CLUST_0.70_00015,LATE,HSV-2,UNKNOWN,envelope glycoprotein C,480,LATE,1.0,True,CORRECT,Q2_Medium_Low
CANONICAL_3a74ec512b3f,TRAIN,TEST,CLUST_0.70_00030,EARLY,HSV-1,UNKNOWN,thymidine kinase,376,EARLY,0.9997545,True,CORRECT,Q1_Short
CANONICAL_3a75f3af5a99,TRAIN,TEST,CLUST_0.70_00071,LATE,HSV-2,UL24,nuclear protein UL24,281,LATE,0.53803235,True,CORRECT,Q1_Short
CANONICAL_3abdd4c6fbd1,TEST,TEST,CLUST_0.70_00030,EARLY,HSV-1,UNKNOWN,thymidine kinase,376,EARLY,0.9991924,True,CORRECT,Q1_Short
CANONICAL_3ac4404d65f7,TEST,TEST,CLUST_0.70_00015,LATE,HSV-2,UNKNOWN,envelope glycoprotein C,480,LATE,0.9999896,True,CORRECT,Q2_Medium_Low
CANONICAL_3ae56a4f611f,TEST,TEST,CLUST_0.70_00037,LATE,HSV-2,UNKNOWN,envelope glycoprotein D,393,LATE,0.99999964,True,CORRECT,Q2_Medium_Low
CANONICAL_3af328e9e037,TRAIN,TEST,CLUST_0.70_00004,IMMEDIATE_EARLY,HSV-1,RS1,RS1,1312,IMMEDIATE_EARLY,0.99948645,True,CORRECT,Q4_Long
CANONICAL_3b2ace96884d,TEST,TEST,CLUST_0.70_00071,LATE,HSV-1,UL24,UL24,269,EARLY,0.7150833,False,LATE_PREDICTED_AS_EARLY,Q1_Short
CANONICAL_3b2c84ca6dda,TRAIN,TEST,CLUST_0.70_00020,LATE,HSV-2,UNKNOWN,tegument serine/threonine protein kinase,518,LATE,0.7053291,True,CORRECT,Q3_Medium_High
CANONICAL_3b8588ea0ef1,VALIDATION,TEST,CLUST_0.70_00071,LATE,HSV-1,UL24,UL24,269,EARLY,0.62368786,False,LATE_PREDICTED_AS_EARLY,Q1_Short
CANONICAL_3bb375136f82,TRAIN,TEST,CLUST_0.70_00030,EARLY,HSV-2,UNKNOWN,thymidine kinase,376,EARLY,0.9956026,True,CORRECT,Q1_Short
CANONICAL_3bcdad5399dd,TRAIN,TEST,CLUST_0.70_00015,LATE,HSV-2,UNKNOWN,envelope glycoprotein C,480,LATE,1.0,True,CORRECT,Q2_Medium_Low
CANONICAL_3bddb98112ef,TEST,TEST,CLUST_0.70_00037,LATE,HSV-1,US6,US6,394,LATE,0.9999999,True,CORRECT,Q2_Medium_Low
CANONICAL_3be6bbee497f,TRAIN,TEST,CLUST_0.70_00051,LATE,HSV-2,ICP34,neurovirulence protein ICP34.5,307,LATE,0.99998856,True,CORRECT,Q1_Short
CANONICAL_3bf246e22f99,TRAIN,TEST,CLUST_0.70_00009,LATE,HSV-1,UL48,UL48,490,LATE,0.9998288,True,CORRECT,Q2_Medium_Low
CANONICAL_3bf3de97a5ab,TRAIN,TEST,CLUST_0.70_00030,EARLY,HSV-1,UNKNOWN,thymidine kinase,376,EARLY,0.9995993,True,CORRECT,Q1_Short
CANONICAL_3c18319474b5,TRAIN,TEST,CLUST_0.70_00004,IMMEDIATE_EARLY,HSV-2,ICP4,transcriptional regulator ICP4,1469,IMMEDIATE_EARLY,0.9966846,True,CORRECT,Q4_Long
CANONICAL_3c18b05e1e6b,TRAIN,TEST,CLUST_0.70_00004,IMMEDIATE_EARLY,HSV-2,ICP4,transcriptional regulator ICP4,1469,IMMEDIATE_EARLY,0.999739,True,CORRECT,Q4_Long
CANONICAL_3c1ddcde808c,TRAIN,TEST,CLUST_0.70_00015,LATE,HSV-2,UL44,UL44,548,LATE,1.0,True,CORRECT,Q3_Medium_High
CANONICAL_3c2ba5a15c04,TRAIN,TEST,CLUST_0.70_00030,EARLY,HSV-1,UL23,UL23,331,EARLY,0.99931026,True,CORRECT,Q1_Short
CANONICAL_3c4df6da1576,TRAIN,TEST,CLUST_0.70_00001,LATE,HSV-1,UNKNOWN,large tegument protein,3180,LATE,0.9999999,True,CORRECT,Q4_Long
CANONICAL_3c5594b50de3,TRAIN,TEST,CLUST_0.70_00015,LATE,HSV-1,UNKNOWN,glycoprotein C,511,LATE,0.9999976,True,CORRECT,Q3_Medium_High
CANONICAL_3c67043e4340,TRAIN,TEST,CLUST_0.70_00080,LATE,HSV-1,UL3,nuclear protein UL3,235,LATE,0.99353856,True,CORRECT,Q1_Short
CANONICAL_3c6e26fc9d0e,TRAIN,TEST,CLUST_0.70_00052,LATE,HSV-1,ICP34,neurovirulence protein ICP34.5,248,LATE,0.99999774,True,CORRECT,Q1_Short
CANONICAL_3c76326a63a1,TRAIN,TEST,CLUST_0.70_00001,LATE,HSV-1,UL36,UL36,3094,LATE,0.9999999,True,CORRECT,Q4_Long
CANONICAL_3c844a10b677,TRAIN,TEST,CLUST_0.70_00004,IMMEDIATE_EARLY,HSV-2,ICP4,transcriptional regulator ICP4,1471,IMMEDIATE_EARLY,0.99964607,True,CORRECT,Q4_Long
CANONICAL_3c92e2fe9777,VALIDATION,TEST,CLUST_0.70_00052,LATE,HSV-1,ICP34,neurovirulence protein ICP34.5,233,LATE,0.9999963,True,CORRECT,Q1_Short
CANONICAL_3ca29cfe3c81,TEST,TEST,CLUST_0.70_00080,LATE,HSV-1,UL3,UL3,224,LATE,0.9991285,True,CORRECT,Q1_Short
CANONICAL_3cc8e277bd02,VALIDATION,TEST,CLUST_0.70_00015,LATE,HSV-2,UNKNOWN,envelope glycoprotein C,480,LATE,1.0,True,CORRECT,Q2_Medium_Low
CANONICAL_3cd3853397f2,TEST,TEST,CLUST_0.70_00037,LATE,HSV-1,US6,US6,394,LATE,0.9999999,True,CORRECT,Q2_Medium_Low
CANONICAL_3ce3eb53f960,TRAIN,TEST,CLUST_0.70_00080,LATE,HSV-1,UL3,UL3,224,LATE,0.99822265,True,CORRECT,Q1_Short
CANONICAL_3ceaf8f02516,TRAIN,TEST,CLUST_0.70_00052,LATE,HSV-1,ICP34,neurovirulence protein ICP34.5,246,LATE,0.9994466,True,CORRECT,Q1_Short
CANONICAL_3ceb84756f63,TEST,TEST,CLUST_0.70_00001,LATE,HSV-2,UL36,UL36,3114,LATE,0.9999988,True,CORRECT,Q4_Long
CANONICAL_3cf7e7de1adb,TRAIN,TEST,CLUST_0.70_00030,EARLY,HSV-1,UNKNOWN,thymidine kinase,376,EARLY,0.9993936,True,CORRECT,Q1_Short
CANONICAL_3cfda544a6f8,TRAIN,TEST,CLUST_0.70_00052,LATE,HSV-1,ICP34,neurovirulence protein ICP34.5,241,LATE,0.9340073,True,CORRECT,Q1_Short
CANONICAL_3d0c32a5f24e,TRAIN,TEST,CLUST_0.70_00004,IMMEDIATE_EARLY,HSV-1,ICP4,transcriptional regulator ICP4,1303,IMMEDIATE_EARLY,0.9984112,True,CORRECT,Q4_Long
CANONICAL_3d162ff39460,TEST,TEST,CLUST_0.70_00018,LATE,HSV-2,UNKNOWN,glycoprotein E,548,LATE,0.9994881,True,CORRECT,Q3_Medium_High
CANONICAL_3d32e603c5a4,TRAIN,TEST,CLUST_0.70_00001,LATE,HSV-2,UNKNOWN,large tegument protein,3122,LATE,0.9999901,True,CORRECT,Q4_Long
CANONICAL_3d36b7a1f20a,VALIDATION,TEST,CLUST_0.70_00020,LATE,HSV-2,UNKNOWN,tegument serine/threonine protein kinase,289,LATE,0.9999999,True,CORRECT,Q1_Short
CANONICAL_3d44cebaf305,TRAIN,TEST,CLUST_0.70_00052,LATE,HSV-1,ICP34,neurovirulence protein ICP34.5,248,LATE,0.72587883,True,CORRECT,Q1_Short
CANONICAL_3d4a40a5e360,TEST,TEST,CLUST_0.70_00018,EARLY,HSV-1,UNKNOWN,DNA polymerase processivity subunit,488,EARLY,0.9840964,True,CORRECT,Q2_Medium_Low
CANONICAL_3d502bfbd7d4,TRAIN,TEST,CLUST_0.70_00018,LATE,HSV-2,UNKNOWN,envelope glycoprotein E,548,LATE,0.9994261,True,CORRECT,Q3_Medium_High
CANONICAL_3d7b4f64db7e,VALIDATION,TEST,CLUST_0.70_00015,LATE,HSV-1,UL44,UL44,511,LATE,0.9998808,True,CORRECT,Q3_Medium_High
CANONICAL_3d9c5fccad51,TRAIN,TEST,CLUST_0.70_00020,LATE,HSV-2,UNKNOWN,tegument serine/threonine protein kinase,518,LATE,0.9999784,True,CORRECT,Q3_Medium_High
CANONICAL_3dcd770709b9,TRAIN,TEST,CLUST_0.70_00030,EARLY,HSV-1,UNKNOWN,thymidine kinase,376,EARLY,0.9990989,True,CORRECT,Q1_Short
CANONICAL_3de6ab30e3a9,TRAIN,TEST,CLUST_0.70_00071,LATE,HSV-2,UL24,UL24,281,LATE,0.5621745,True,CORRECT,Q1_Short
CANONICAL_3dee6de46451,TRAIN,TEST,CLUST_0.70_00001,LATE,HSV-2,UL36,UL36,3112,LATE,0.9999987,True,CORRECT,Q4_Long
CANONICAL_3e0153ab5a3b,VALIDATION,TEST,CLUST_0.70_00001,LATE,HSV-1,UL36,UL36,3100,LATE,0.9999999,True,CORRECT,Q4_Long
CANONICAL_3e0ae4328c91,TEST,TEST,CLUST_0.70_00001,LATE,HSV-1,UNKNOWN,large tegument protein,3134,LATE,0.9999999,True,CORRECT,Q4_Long
CANONICAL_3e14d4c27b68,TRAIN,TEST,CLUST_0.70_00001,LATE,HSV-2,UL36,UL36,3112,LATE,0.9999987,True,CORRECT,Q4_Long
CANONICAL_3e17050f7b4b,TRAIN,TEST,CLUST_0.70_00030,EARLY,HSV-1,UL23,UL23,376,EARLY,0.99890697,True,CORRECT,Q1_Short
CANONICAL_3e363f12eb48,TEST,TEST,CLUST_0.70_00051,LATE,HSV-2,ICP34,neurovirulence protein ICP34.5,307,LATE,0.52713287,True,CORRECT,Q1_Short
CANONICAL_3e39a9d7ef5b,TRAIN,TEST,CLUST_0.70_00009,LATE,HSV-1,UL48,UL48,490,LATE,0.9998939,True,CORRECT,Q2_Medium_Low
CANONICAL_3e5604d368fc,TEST,TEST,CLUST_0.70_00004,IMMEDIATE_EARLY,HSV-1,ICP4,transcriptional regulator ICP4,1301,IMMEDIATE_EARLY,0.9970599,True,CORRECT,Q3_Medium_High
CANONICAL_3e57a1d7430f,VALIDATION,TEST,CLUST_0.70_00004,IMMEDIATE_EARLY,HSV-1,ICP4,transcriptional regulator ICP4,1303,IMMEDIATE_EARLY,0.99961275,True,CORRECT,Q4_Long
CANONICAL_3e5bddc4fa0c,TRAIN,TEST,CLUST_0.70_00052,LATE,HSV-2,ICP34,neurovirulence protein ICP34.5,305,LATE,0.9999771,True,CORRECT,Q1_Short
CANONICAL_3e80fabdd91f,TRAIN,TEST,CLUST_0.70_00015,LATE,HSV-2,UNKNOWN,glycoprotein C,480,LATE,1.0,True,CORRECT,Q2_Medium_Low
CANONICAL_3e951d439e2e,TRAIN,TEST,CLUST_0.70_00004,IMMEDIATE_EARLY,HSV-2,ICP4,transcriptional regulator ICP4,1317,IMMEDIATE_EARLY,0.99998796,True,CORRECT,Q4_Long
CANONICAL_3e9d6a8df6cb,TRAIN,TEST,CLUST_0.70_00004,IMMEDIATE_EARLY,HSV-1,ICP4,transcriptional regulator ICP4,1295,IMMEDIATE_EARLY,0.9998565,True,CORRECT,Q3_Medium_High
CANONICAL_3ecee984527a,TRAIN,TEST,CLUST_0.70_00030,EARLY,HSV-2,UNKNOWN,thymidine kinase,426,IMMEDIATE_EARLY,0.47112104,False,EARLY_PREDICTED_AS_IMMEDIATE_EARLY,Q2_Medium_Low
CANONICAL_3ed6945f675e,TRAIN,TEST,CLUST_0.70_00004,IMMEDIATE_EARLY,HSV-2,ICP4,"transcriptional regulator ICP4, partial",815,IMMEDIATE_EARLY,1.0,True,CORRECT,Q3_Medium_High
CANONICAL_3ed7b5bd1653,TRAIN,TEST,CLUST_0.70_00030,EARLY,HSV-1,UNKNOWN,thymidine kinase,376,EARLY,0.9985643,True,CORRECT,Q1_Short
CANONICAL_3ee66c73495b,TRAIN,TEST,CLUST_0.70_00030,EARLY,HSV-1,UNKNOWN,thymidine kinase,376,EARLY,0.9938718,True,CORRECT,Q1_Short
CANONICAL_3eefe84ef498,TRAIN,TEST,CLUST_0.70_00018,LATE,HSV-1,UNKNOWN,envelope glycoprotein E,550,LATE,0.9998172,True,CORRECT,Q3_Medium_High
CANONICAL_3ef80935c5bf,TRAIN,TEST,CLUST_0.70_00001,LATE,HSV-1,UNKNOWN,large tegument protein,3139,LATE,0.9999987,True,CORRECT,Q4_Long
CANONICAL_3f182ea1e411,TRAIN,TEST,CLUST_0.70_00037,LATE,HSV-1,US6,US6,394,LATE,0.9999999,True,CORRECT,Q2_Medium_Low
CANONICAL_3f2b895e72f9,TRAIN,TEST,CLUST_0.70_00004,IMMEDIATE_EARLY,HSV-1,RS1,RS1,1297,IMMEDIATE_EARLY,0.97873175,True,CORRECT,Q3_Medium_High
CANONICAL_3f31427310e8,VALIDATION,TEST,CLUST_0.70_00080,LATE,HSV-1,UL3,UL3,235,LATE,0.9824882,True,CORRECT,Q1_Short
CANONICAL_3f373be0c844,TEST,TEST,CLUST_0.70_00004,IMMEDIATE_EARLY,HSV-1,ICP4,transcriptional regulator ICP4,1297,IMMEDIATE_EARLY,0.99983025,True,CORRECT,Q3_Medium_High
CANONICAL_3f3fbfed0d28,VALIDATION,TEST,CLUST_0.70_00015,LATE,HSV-2,UNKNOWN,envelope glycoprotein C,480,LATE,0.9999993,True,CORRECT,Q2_Medium_Low
CANONICAL_3f5a9b8fbb46,VALIDATION,TEST,CLUST_0.70_00004,IMMEDIATE_EARLY,HSV-1,ICP4,transcriptional regulator ICP4,1301,IMMEDIATE_EARLY,0.9997948,True,CORRECT,Q3_Medium_High
CANONICAL_3f60bc942c42,TRAIN,TEST,CLUST_0.70_00015,LATE,HSV-2,UL44,UL44,548,LATE,1.0,True,CORRECT,Q3_Medium_High
CANONICAL_3f8b97015df7,VALIDATION,TEST,CLUST_0.70_00001,LATE,HSV-2,UNKNOWN,large tegument protein,3099,LATE,0.9999981,True,CORRECT,Q4_Long
CANONICAL_3f97079d4ff0,TRAIN,TEST,CLUST_0.70_00030,EARLY,HSV-1,UNKNOWN,thymidine kinase,376,EARLY,0.9994733,True,CORRECT,Q1_Short
CANONICAL_3fa8c73a14bc,TEST,TEST,CLUST_0.70_00030,EARLY,HSV-1,UL23,UL23,376,EARLY,0.9984023,True,CORRECT,Q1_Short
CANONICAL_3fb0aa3cecf8,TEST,TEST,CLUST_0.70_00030,EARLY,HSV-1,UNKNOWN,thymidine kinase,376,EARLY,0.9995072,True,CORRECT,Q1_Short
CANONICAL_3fc7d5569aff,TEST,TEST,CLUST_0.70_00001,LATE,HSV-1,UL36,UL36,3124,LATE,0.99999976,True,CORRECT,Q4_Long
CANONICAL_3fda3939a4a8,TRAIN,TEST,CLUST_0.70_00018,LATE,HSV-2,UNKNOWN,envelope glycoprotein E,548,LATE,0.99943095,True,CORRECT,Q3_Medium_High
CANONICAL_3fdbad98ed64,TRAIN,TEST,CLUST_0.70_00001,LATE,HSV-1,UL36,UL36,3072,LATE,0.9999999,True,CORRECT,Q4_Long
CANONICAL_3fe3c4fe9a29,VALIDATION,TEST,CLUST_0.70_00071,LATE,HSV-2,UL24,UL24,281,EARLY,0.8923623,False,LATE_PREDICTED_AS_EARLY,Q1_Short
CANONICAL_3fef3c3390c7,TRAIN,TEST,CLUST_0.70_00030,EARLY,HSV-2,UNKNOWN,thymidine kinase,375,EARLY,0.9978356,True,CORRECT,Q1_Short
CANONICAL_3ff66f924328,VALIDATION,TEST,CLUST_0.70_00001,LATE,HSV-1,UL36,UL36,3082,LATE,0.99999976,True,CORRECT,Q4_Long
CANONICAL_402ee4d839a5,TRAIN,TEST,CLUST_0.70_00030,EARLY,HSV-1,UL23,UL23,376,EARLY,0.9940295,True,CORRECT,Q1_Short
CANONICAL_403d241d5e8f,TRAIN,TEST,CLUST_0.70_00004,IMMEDIATE_EARLY,HSV-2,ICP4,transcriptional regulator ICP4,1469,IMMEDIATE_EARLY,0.99981624,True,CORRECT,Q4_Long
CANONICAL_403f99abc3b6,TRAIN,TEST,CLUST_0.70_00001,LATE,HSV-2,UNKNOWN,large tegument protein,3122,LATE,0.999982,True,CORRECT,Q4_Long
CANONICAL_40525da95a6d,TRAIN,TEST,CLUST_0.70_00001,LATE,HSV-1,UL36,UL36,3088,LATE,0.9999999,True,CORRECT,Q4_Long
CANONICAL_406708139ec3,TRAIN,TEST,CLUST_0.70_00004,IMMEDIATE_EARLY,HSV-1,RS1,RS1,1298,IMMEDIATE_EARLY,0.99974984,True,CORRECT,Q3_Medium_High
CANONICAL_406bf118d0f3,TRAIN,TEST,CLUST_0.70_00071,LATE,HSV-2,UL24,nuclear protein UL24,281,LATE,0.73519367,True,CORRECT,Q1_Short
CANONICAL_40bbeb69c5e1,TRAIN,TEST,CLUST_0.70_00004,IMMEDIATE_EARLY,HSV-2,ICP4,transcriptional regulator ICP4,1469,IMMEDIATE_EARLY,0.9930455,True,CORRECT,Q4_Long
CANONICAL_40c403dbaa8f,TEST,TEST,CLUST_0.70_00004,IMMEDIATE_EARLY,HSV-1,ICP4,transcriptional regulator ICP4,1300,IMMEDIATE_EARLY,0.9998117,True,CORRECT,Q3_Medium_High
CANONICAL_40c6bce9b3e9,TRAIN,TEST,CLUST_0.70_00004,IMMEDIATE_EARLY,HSV-2,ICP4,transcriptional regulator ICP4,1469,IMMEDIATE_EARLY,0.9999515,True,CORRECT,Q4_Long
CANONICAL_40d99f310231,TRAIN,TEST,CLUST_0.70_00020,LATE,HSV-1,UNKNOWN,tegument serine/threonine protein kinase,518,LATE,0.9999716,True,CORRECT,Q3_Medium_High
CANONICAL_40e01db50d96,TRAIN,TEST,CLUST_0.70_00018,LATE,HSV-2,UNKNOWN,envelope glycoprotein E,548,LATE,0.9950865,True,CORRECT,Q3_Medium_High
CANONICAL_40f73f511cc0,TRAIN,TEST,CLUST_0.70_00001,LATE,HSV-1,UNKNOWN,large tegument protein,3104,LATE,0.9999999,True,CORRECT,Q4_Long
CANONICAL_40fa622e2994,TRAIN,TEST,CLUST_0.70_00030,EARLY,HSV-2,UNKNOWN,thymidine kinase,376,EARLY,0.99089605,True,CORRECT,Q1_Short
CANONICAL_4101d8e8c1c1,TRAIN,TEST,CLUST_0.70_00051,LATE,HSV-2,UNKNOWN,tegument protein VP22,302,EARLY,0.5657266,False,LATE_PREDICTED_AS_EARLY,Q1_Short
CANONICAL_4103c64cc367,TEST,TEST,CLUST_0.70_00052,LATE,HSV-1,ICP34,neurovirulence protein ICP34.5,241,LATE,0.9999827,True,CORRECT,Q1_Short
CANONICAL_410f8d262ae7,TEST,TEST,CLUST_0.70_00001,LATE,HSV-1,UL36,UL36,3347,LATE,0.9999988,True,CORRECT,Q4_Long
CANONICAL_411359d1a90d,TEST,TEST,CLUST_0.70_00030,EARLY,HSV-2,UNKNOWN,thymidine kinase,376,EARLY,0.99894685,True,CORRECT,Q1_Short
CANONICAL_411e65bb6892,TRAIN,TEST,CLUST_0.70_00020,LATE,HSV-2,UNKNOWN,tegument serine/threonine protein kinase,518,LATE,0.99998355,True,CORRECT,Q3_Medium_High
CANONICAL_41313d283f42,TRAIN,TEST,CLUST_0.70_00018,LATE,HSV-2,UNKNOWN,envelope glycoprotein E,548,LATE,0.99977237,True,CORRECT,Q3_Medium_High
CANONICAL_41314791f961,TRAIN,TEST,CLUST_0.70_00001,LATE,HSV-2,UL36,UL36,3122,LATE,0.99999845,True,CORRECT,Q4_Long
CANONICAL_414647d9abcc,TRAIN,TEST,CLUST_0.70_00001,LATE,HSV-2,UNKNOWN,large tegument protein,3122,LATE,0.99998903,True,CORRECT,Q4_Long
CANONICAL_41483effb9d8,TRAIN,TEST,CLUST_0.70_00018,LATE,HSV-2,UNKNOWN,envelope glycoprotein E,548,LATE,0.99941933,True,CORRECT,Q3_Medium_High
CANONICAL_41508f597658,VALIDATION,TEST,CLUST_0.70_00052,LATE,HSV-2,ICP34,neurovirulence protein ICP34.5,256,LATE,0.9990534,True,CORRECT,Q1_Short
CANONICAL_415ee96cebf7,TRAIN,TEST,CLUST_0.70_00004,IMMEDIATE_EARLY,HSV-2,ICP4,transcriptional regulator ICP4,1469,IMMEDIATE_EARLY,0.99999464,True,CORRECT,Q4_Long
CANONICAL_4171287ca539,TRAIN,TEST,CLUST_0.70_00030,EARLY,HSV-1,UL23,UL23,292,LATE,0.7656072,False,EARLY_PREDICTED_AS_LATE,Q1_Short
CANONICAL_41a954f5c91b,TRAIN,TEST,CLUST_0.70_00052,LATE,HSV-1,ICP34,neurovirulence protein ICP34.5,248,LATE,0.99992704,True,CORRECT,Q1_Short
CANONICAL_41bca88410d1,VALIDATION,TEST,CLUST_0.70_00037,LATE,HSV-2,US6,US6,358,LATE,0.99998987,True,CORRECT,Q1_Short
CANONICAL_41c11e734037,VALIDATION,TEST,CLUST_0.70_00001,LATE,HSV-1,UNKNOWN,large tegument protein,3144,LATE,0.9999999,True,CORRECT,Q4_Long
CANONICAL_41d5fbb5fd81,TRAIN,TEST,CLUST_0.70_00015,LATE,HSV-2,UL44,UL44,480,LATE,1.0,True,CORRECT,Q2_Medium_Low
CANONICAL_41ed1f160f51,TEST,TEST,CLUST_0.70_00001,LATE,HSV-1,UNKNOWN,large tegument protein,3136,LATE,0.9999999,True,CORRECT,Q4_Long
CANONICAL_41ff174d8b67,TRAIN,TEST,CLUST_0.70_00004,IMMEDIATE_EARLY,HSV-1,RS1,RS1,1314,IMMEDIATE_EARLY,0.99981827,True,CORRECT,Q4_Long
CANONICAL_4215222aff7e,TEST,TEST,CLUST_0.70_00001,LATE,HSV-1,UNKNOWN,large tegument protein,3138,LATE,0.9999999,True,CORRECT,Q4_Long
CANONICAL_421e1f660c1f,TRAIN,TEST,CLUST_0.70_00080,LATE,HSV-2,UL3,nuclear protein UL3,233,LATE,0.57409763,True,CORRECT,Q1_Short
CANONICAL_4235185f3bf0,TEST,TEST,CLUST_0.70_00001,LATE,HSV-2,UNKNOWN,large tegument protein,3122,LATE,0.9999982,True,CORRECT,Q4_Long
CANONICAL_4237e855f1c0,TRAIN,TEST,CLUST_0.70_00015,LATE,HSV-2,UL44,UL44,480,LATE,1.0,True,CORRECT,Q2_Medium_Low
CANONICAL_423fa5cc26bf,TRAIN,TEST,CLUST_0.70_00020,LATE,HSV-2,UNKNOWN,tegument serine/threonine protein kinase,518,LATE,0.99998534,True,CORRECT,Q3_Medium_High
CANONICAL_4258f7ec2f46,TRAIN,TEST,CLUST_0.70_00001,LATE,HSV-1,UNKNOWN,large tegument protein,3139,LATE,0.9999999,True,CORRECT,Q4_Long
CANONICAL_425f390e0677,TEST,TEST,CLUST_0.70_00020,LATE,HSV-2,UNKNOWN,tegument serine/threonine protein kinase,518,LATE,0.9999058,True,CORRECT,Q3_Medium_High
CANONICAL_4262db4275cc,TRAIN,TEST,CLUST_0.70_00001,LATE,HSV-1,UNKNOWN,large tegument protein,3134,LATE,0.9999999,True,CORRECT,Q4_Long
CANONICAL_42825790469f,TRAIN,TEST,CLUST_0.70_00030,EARLY,HSV-2,UNKNOWN,thymidine kinase,376,EARLY,0.99756086,True,CORRECT,Q1_Short
CANONICAL_429403e30522,TRAIN,TEST,CLUST_0.70_00052,LATE,HSV-1,RL1,RL1,249,LATE,0.99994373,True,CORRECT,Q1_Short
CANONICAL_429643d6de28,TRAIN,TEST,CLUST_0.70_00080,LATE,HSV-1,UL3,nuclear protein UL3,235,LATE,0.99804235,True,CORRECT,Q1_Short
CANONICAL_42966f34bfec,TEST,TEST,CLUST_0.70_00001,LATE,HSV-1,UL36,UL36,3112,LATE,0.9999999,True,CORRECT,Q4_Long
CANONICAL_42995d595db2,TRAIN,TEST,CLUST_0.70_00001,LATE,HSV-1,UL36,UL36,3090,LATE,0.99999976,True,CORRECT,Q4_Long
CANONICAL_42a279a70aca,TRAIN,TEST,CLUST_0.70_00004,IMMEDIATE_EARLY,HSV-1,ICP4,ICP4,1298,IMMEDIATE_EARLY,0.99992037,True,CORRECT,Q3_Medium_High
CANONICAL_42a9dd02e7fb,VALIDATION,TEST,CLUST_0.70_00030,LATE,HSV-1,ICP34,neurovirulence protein ICP34.18,376,EARLY,0.99880314,False,LATE_PREDICTED_AS_EARLY,Q1_Short
CANONICAL_42ea05ca5fbf,TRAIN,TEST,CLUST_0.70_00001,LATE,HSV-1,UNKNOWN,large tegument protein,3138,LATE,0.99999976,True,CORRECT,Q4_Long
CANONICAL_42f26555d747,TRAIN,TEST,CLUST_0.70_00030,EARLY,HSV-1,UNKNOWN,thymidine kinase,376,EARLY,0.9997036,True,CORRECT,Q1_Short
CANONICAL_43084050e8a0,TRAIN,TEST,CLUST_0.70_00052,LATE,HSV-1,RL1,RL1,250,LATE,0.9997906,True,CORRECT,Q1_Short
CANONICAL_4328a798b08d,TRAIN,TEST,CLUST_0.70_00051,LATE,HSV-2,ICP34,neurovirulence protein ICP34.5,307,LATE,0.9930356,True,CORRECT,Q1_Short
CANONICAL_433349a2d468,TRAIN,TEST,CLUST_0.70_00030,EARLY,HSV-1,UL23,UL23,331,EARLY,0.99966455,True,CORRECT,Q1_Short
CANONICAL_435de64b5b64,VALIDATION,TEST,CLUST_0.70_00030,EARLY,HSV-2,UNKNOWN,thymidine kinase,376,EARLY,0.98743725,True,CORRECT,Q1_Short
CANONICAL_436a2b692f8d,TEST,TEST,CLUST_0.70_00015,LATE,HSV-1,UL44,UL44,511,LATE,0.9999987,True,CORRECT,Q3_Medium_High
CANONICAL_4372f5437891,TEST,TEST,CLUST_0.70_00071,LATE,HSV-2,UL24,nuclear protein UL24,281,EARLY,0.8926873,False,LATE_PREDICTED_AS_EARLY,Q1_Short
CANONICAL_437ae447dace,TEST,TEST,CLUST_0.70_00030,EARLY,HSV-1,UNKNOWN,thymidine kinase,376,EARLY,0.998917,True,CORRECT,Q1_Short
CANONICAL_439566f56c7d,TRAIN,TEST,CLUST_0.70_00001,LATE,HSV-2,UNKNOWN,large tegument protein,3120,LATE,0.99999726,True,CORRECT,Q4_Long
CANONICAL_43ab00add80b,VALIDATION,TEST,CLUST_0.70_00001,LATE,HSV-1,UL36,UL36,3096,LATE,0.9999999,True,CORRECT,Q4_Long
CANONICAL_43b4893190fd,TRAIN,TEST,CLUST_0.70_00004,IMMEDIATE_EARLY,HSV-1,ICP4,transcriptional regulator ICP4,1303,IMMEDIATE_EARLY,0.9998652,True,CORRECT,Q4_Long
CANONICAL_43efb462736b,TRAIN,TEST,CLUST_0.70_00080,LATE,HSV-1,UL3,UL3,224,LATE,0.9956235,True,CORRECT,Q1_Short
CANONICAL_4404d1c9a271,TRAIN,TEST,CLUST_0.70_00001,LATE,HSV-1,UL36,UL36,3108,LATE,0.9999999,True,CORRECT,Q4_Long
CANONICAL_441253316b31,VALIDATION,TEST,CLUST_0.70_00020,LATE,HSV-2,UNKNOWN,tegument serine/threonine protein kinase,518,LATE,0.9992588,True,CORRECT,Q3_Medium_High
CANONICAL_4428d7bb43b5,TRAIN,TEST,CLUST_0.70_00015,LATE,HSV-2,UNKNOWN,envelope glycoprotein C,480,LATE,1.0,True,CORRECT,Q2_Medium_Low
CANONICAL_44313654e327,TRAIN,TEST,CLUST_0.70_00080,LATE,HSV-2,UL3,UL3,233,LATE,0.9973008,True,CORRECT,Q1_Short
CANONICAL_443246156f2c,VALIDATION,TEST,CLUST_0.70_00030,EARLY,HSV-2,UNKNOWN,thymidine kinase,376,EARLY,0.9954875,True,CORRECT,Q1_Short
CANONICAL_4442f16852db,TRAIN,TEST,CLUST_0.70_00052,LATE,HSV-1,RL1,RL1,250,LATE,0.9999987,True,CORRECT,Q1_Short
CANONICAL_445e75810528,TRAIN,TEST,CLUST_0.70_00037,LATE,HSV-1,US6,US6,394,LATE,0.9999999,True,CORRECT,Q2_Medium_Low
CANONICAL_446cae6134ad,TRAIN,TEST,CLUST_0.70_00004,IMMEDIATE_EARLY,HSV-1,RS1,RS1,1301,IMMEDIATE_EARLY,0.9997004,True,CORRECT,Q3_Medium_High
CANONICAL_4479604a6101,TRAIN,TEST,CLUST_0.70_00071,LATE,HSV-1,UL24,nuclear protein UL24,269,EARLY,0.9409249,False,LATE_PREDICTED_AS_EARLY,Q1_Short
CANONICAL_448d94dfa871,TRAIN,TEST,CLUST_0.70_00015,LATE,HSV-1,UNKNOWN,envelope glycoprotein C,511,LATE,0.9999987,True,CORRECT,Q3_Medium_High
CANONICAL_44bc85da58f7,TRAIN,TEST,CLUST_0.70_00020,LATE,HSV-2,UNKNOWN,tegument serine/threonine protein kinase,518,LATE,0.99973315,True,CORRECT,Q3_Medium_High
CANONICAL_44d4376c3be5,TRAIN,TEST,CLUST_0.70_00018,LATE,HSV-2,UNKNOWN,envelope glycoprotein E,548,LATE,0.9986406,True,CORRECT,Q3_Medium_High
CANONICAL_44dd1b22c113,TRAIN,TEST,CLUST_0.70_00030,EARLY,HSV-1,UNKNOWN,thymidine kinase,376,EARLY,0.9990108,True,CORRECT,Q1_Short
CANONICAL_44e53d255039,TRAIN,TEST,CLUST_0.70_00018,LATE,HSV-2,UNKNOWN,envelope glycoprotein E,548,LATE,0.99955803,True,CORRECT,Q3_Medium_High
CANONICAL_44fb80093dbf,TEST,TEST,CLUST_0.70_00020,LATE,HSV-1,UNKNOWN,tegument serine/threonine protein kinase,518,LATE,0.99997985,True,CORRECT,Q3_Medium_High
CANONICAL_451d8b2a17fb,TRAIN,TEST,CLUST_0.70_00001,LATE,HSV-2,UL36,UL36,3122,LATE,0.99999845,True,CORRECT,Q4_Long
CANONICAL_452e4823e65a,TEST,TEST,CLUST_0.70_00018,LATE,HSV-1,US8,US8,550,LATE,0.9997372,True,CORRECT,Q3_Medium_High
CANONICAL_453b227e0f06,TEST,TEST,CLUST_0.70_00080,LATE,HSV-1,UL3,nuclear protein UL3,224,LATE,0.99720925,True,CORRECT,Q1_Short
CANONICAL_453b4a3fba92,TRAIN,TEST,CLUST_0.70_00001,LATE,HSV-2,UNKNOWN,large tegument protein,3122,LATE,0.99999857,True,CORRECT,Q4_Long
CANONICAL_453d534aad93,TRAIN,TEST,CLUST_0.70_00030,EARLY,HSV-1,UNKNOWN,thymidine kinase,376,EARLY,0.9993426,True,CORRECT,Q1_Short
CANONICAL_4542091adf67,TRAIN,TEST,CLUST_0.70_00052,LATE,HSV-2,ICP34,neurovirulence protein ICP34.5,250,LATE,0.99785656,True,CORRECT,Q1_Short
CANONICAL_45492e339790,TRAIN,TEST,CLUST_0.70_00030,EARLY,HSV-1,UL23,UL23,376,EARLY,0.99878997,True,CORRECT,Q1_Short
CANONICAL_45514b5f07de,TRAIN,TEST,CLUST_0.70_00001,LATE,HSV-2,UNKNOWN,large tegument protein,3123,LATE,0.9999877,True,CORRECT,Q4_Long
CANONICAL_45614cccc13b,TRAIN,TEST,CLUST_0.70_00052,LATE,HSV-1,RL1,RL1,261,LATE,0.9999639,True,CORRECT,Q1_Short
CANONICAL_45775ed0d01c,TRAIN,TEST,CLUST_0.70_00037,LATE,HSV-1,UNKNOWN,envelope glycoprotein D,394,LATE,0.99999964,True,CORRECT,Q2_Medium_Low
CANONICAL_45906262ea93,TRAIN,TEST,CLUST_0.70_00001,LATE,HSV-2,UNKNOWN,large tegument protein,3122,LATE,0.99999845,True,CORRECT,Q4_Long
CANONICAL_4595ff324121,TRAIN,TEST,CLUST_0.70_00020,LATE,HSV-1,UNKNOWN,tegument serine/threonine protein kinase,518,LATE,0.9998766,True,CORRECT,Q3_Medium_High
CANONICAL_45975911bf1b,TRAIN,TEST,CLUST_0.70_00018,LATE,HSV-1,US8,US8,477,LATE,0.99990106,True,CORRECT,Q2_Medium_Low
CANONICAL_45a7c0485b5e,TRAIN,TEST,CLUST_0.70_00080,LATE,HSV-2,UL3,nuclear protein UL3,233,EARLY,0.6982599,False,LATE_PREDICTED_AS_EARLY,Q1_Short
CANONICAL_45be3f7a8186,TRAIN,TEST,CLUST_0.70_00018,LATE,HSV-1,US8,US8,477,LATE,0.99997556,True,CORRECT,Q2_Medium_Low
CANONICAL_45c2dcb2385d,TRAIN,TEST,CLUST_0.70_00020,LATE,HSV-1,UNKNOWN,tegument serine/threonine protein kinase,518,LATE,0.99997604,True,CORRECT,Q3_Medium_High
CANONICAL_45d2bb177057,TEST,TEST,CLUST_0.70_00018,LATE,HSV-1,UNKNOWN,Envelope glycoprotein E,479,LATE,0.99994874,True,CORRECT,Q2_Medium_Low
CANONICAL_45d9095d11d6,TRAIN,TEST,CLUST_0.70_00030,EARLY,HSV-1,UNKNOWN,thymidine kinase,376,EARLY,0.999343,True,CORRECT,Q1_Short
CANONICAL_460ac2da3edc,TRAIN,TEST,CLUST_0.70_00015,LATE,HSV-2,UL44,UL44,480,LATE,1.0,True,CORRECT,Q2_Medium_Low
CANONICAL_461f130ef30f,TRAIN,TEST,CLUST_0.70_00015,LATE,HSV-2,UNKNOWN,envelope glycoprotein C,480,LATE,1.0,True,CORRECT,Q2_Medium_Low
CANONICAL_462424c70ac2,TRAIN,TEST,CLUST_0.70_00030,EARLY,HSV-2,UNKNOWN,thymidine kinase,376,EARLY,0.99631554,True,CORRECT,Q1_Short
CANONICAL_46425e8ed22f,TRAIN,TEST,CLUST_0.70_00018,LATE,HSV-1,US8,US8,550,LATE,0.9998313,True,CORRECT,Q3_Medium_High
CANONICAL_465707cee4cb,TRAIN,TEST,CLUST_0.70_00004,IMMEDIATE_EARLY,HSV-1,ICP4,transcriptional regulator ICP4,1302,IMMEDIATE_EARLY,0.9999238,True,CORRECT,Q3_Medium_High
CANONICAL_465cea80ce60,TRAIN,TEST,CLUST_0.70_00018,LATE,HSV-2,UNKNOWN,envelope glycoprotein E,548,LATE,0.9992861,True,CORRECT,Q3_Medium_High
CANONICAL_467b6d492096,TRAIN,TEST,CLUST_0.70_00020,LATE,HSV-2,UNKNOWN,tegument serine/threonine protein kinase,518,LATE,0.9999778,True,CORRECT,Q3_Medium_High
CANONICAL_46a59a74bcd3,TEST,TEST,CLUST_0.70_00051,LATE,HSV-2,ICP34,neurovirulence protein ICP34.5,307,LATE,0.9436293,True,CORRECT,Q1_Short
CANONICAL_46b52041c7ac,VALIDATION,TEST,CLUST_0.70_00030,EARLY,HSV-1,UNKNOWN,thymidine kinase,376,EARLY,0.99938047,True,CORRECT,Q1_Short
CANONICAL_46e541984a00,TEST,TEST,CLUST_0.70_00004,IMMEDIATE_EARLY,HSV-1,ICP4,transcriptional regulator ICP4,1303,IMMEDIATE_EARLY,0.9997056,True,CORRECT,Q4_Long
CANONICAL_46ea55d250f2,TRAIN,TEST,CLUST_0.70_00080,LATE,HSV-2,UL3,nuclear protein UL3,233,EARLY,0.9564017,False,LATE_PREDICTED_AS_EARLY,Q1_Short
CANONICAL_46f8b7328b16,TRAIN,TEST,CLUST_0.70_00052,LATE,HSV-1,ICP34,neurovirulence protein ICP34.5,246,LATE,0.999749,True,CORRECT,Q1_Short
CANONICAL_4702a62a607c,TRAIN,TEST,CLUST_0.70_00004,IMMEDIATE_EARLY,HSV-2,ICP4,transcriptional regulator ICP4,1337,IMMEDIATE_EARLY,0.9987729,True,CORRECT,Q4_Long
CANONICAL_472903a179a8,TRAIN,TEST,CLUST_0.70_00018,EARLY,HSV-1,UNKNOWN,DNA polymerase processivity subunit,488,EARLY,0.95921594,True,CORRECT,Q2_Medium_Low
CANONICAL_47354f471329,TRAIN,TEST,CLUST_0.70_00030,EARLY,HSV-1,UNKNOWN,thymidine kinase,376,EARLY,0.99833506,True,CORRECT,Q1_Short
CANONICAL_47417eb1eef7,TRAIN,TEST,CLUST_0.70_00004,IMMEDIATE_EARLY,HSV-2,ICP4,transcriptional regulator ICP4,1412,IMMEDIATE_EARLY,0.9999783,True,CORRECT,Q4_Long
CANONICAL_478dcc541353,VALIDATION,TEST,CLUST_0.70_00018,LATE,HSV-1,UNKNOWN,envelope glycoprotein E,550,LATE,0.9998797,True,CORRECT,Q3_Medium_High
CANONICAL_47959e161260,TRAIN,TEST,CLUST_0.70_00030,EARLY,HSV-1,UNKNOWN,thymidine kinase,376,EARLY,0.9978484,True,CORRECT,Q1_Short
CANONICAL_4798e4b97585,TRAIN,TEST,CLUST_0.70_00001,LATE,HSV-1,UL36,UL36,3108,LATE,0.99999976,True,CORRECT,Q4_Long
CANONICAL_47bb350819da,TRAIN,TEST,CLUST_0.70_00015,LATE,HSV-1,UNKNOWN,envelope glycoprotein C,511,LATE,0.9999957,True,CORRECT,Q3_Medium_High
CANONICAL_47bdf97d488a,TRAIN,TEST,CLUST_0.70_00052,LATE,HSV-1,ICP34,neurovirulence protein ICP34.5,248,LATE,0.99588364,True,CORRECT,Q1_Short
CANONICAL_47dfaab03397,TRAIN,TEST,CLUST_0.70_00004,IMMEDIATE_EARLY,HSV-1,ICP4,transcriptional regulator ICP4,1293,IMMEDIATE_EARLY,0.9997974,True,CORRECT,Q3_Medium_High
CANONICAL_47fbffd9c205,TEST,TEST,CLUST_0.70_00001,LATE,HSV-2,UNKNOWN,large tegument protein,3122,LATE,0.99999845,True,CORRECT,Q4_Long
CANONICAL_48009dd45045,VALIDATION,TEST,CLUST_0.70_00080,LATE,HSV-2,UL3,nuclear protein UL3,222,LATE,0.99677426,True,CORRECT,Q1_Short
CANONICAL_480957ae3955,TRAIN,TEST,CLUST_0.70_00030,EARLY,HSV-1,UL23,UL23,331,EARLY,0.9995964,True,CORRECT,Q1_Short
CANONICAL_4837ca86f95d,TRAIN,TEST,CLUST_0.70_00018,LATE,HSV-2,UNKNOWN,envelope glycoprotein E,548,LATE,0.9995161,True,CORRECT,Q3_Medium_High
CANONICAL_483d0479cdcc,TRAIN,TEST,CLUST_0.70_00018,LATE,HSV-2,UNKNOWN,envelope glycoprotein E,548,LATE,0.9995745,True,CORRECT,Q3_Medium_High
CANONICAL_4841ffeeb3c9,TRAIN,TEST,CLUST_0.70_00004,IMMEDIATE_EARLY,HSV-2,ICP4,transcriptional regulator ICP4,1311,IMMEDIATE_EARLY,0.9999869,True,CORRECT,Q4_Long
CANONICAL_484963beeab2,TEST,TEST,CLUST_0.70_00001,LATE,HSV-1,UL36,UL36,3129,LATE,0.9999999,True,CORRECT,Q4_Long
CANONICAL_488f17228025,TRAIN,TEST,CLUST_0.70_00030,EARLY,HSV-1,UNKNOWN,thymidine kinase,376,EARLY,0.9993469,True,CORRECT,Q1_Short
CANONICAL_48989b47a071,TRAIN,TEST,CLUST_0.70_00071,LATE,HSV-1,UL24,UL24,269,EARLY,0.6278906,False,LATE_PREDICTED_AS_EARLY,Q1_Short
CANONICAL_48b9aa36fedb,TRAIN,TEST,CLUST_0.70_00015,LATE,HSV-1,UL44,UL44,511,LATE,0.9999981,True,CORRECT,Q3_Medium_High
CANONICAL_48bb706062b3,TRAIN,TEST,CLUST_0.70_00015,LATE,HSV-1,UNKNOWN,envelope glycoprotein C,511,LATE,0.99999905,True,CORRECT,Q3_Medium_High
CANONICAL_48e4e1c4dd0a,TRAIN,TEST,CLUST_0.70_00001,LATE,HSV-2,UL36,UL36,3084,LATE,0.99999774,True,CORRECT,Q4_Long
CANONICAL_48f0ef1afc58,VALIDATION,TEST,CLUST_0.70_00001,LATE,HSV-2,UL36,UL36,3112,LATE,0.9999988,True,CORRECT,Q4_Long
CANONICAL_490316ba2176,TRAIN,TEST,CLUST_0.70_00001,LATE,HSV-1,UNKNOWN,large tegument protein,3139,LATE,0.9999999,True,CORRECT,Q4_Long
CANONICAL_49081c59548e,VALIDATION,TEST,CLUST_0.70_00030,EARLY,HSV-1,UNKNOWN,thymidine kinase,376,EARLY,0.998953,True,CORRECT,Q1_Short
CANONICAL_491945c8d72a,TRAIN,TEST,CLUST_0.70_00004,IMMEDIATE_EARLY,HSV-1,ICP4,transcriptional regulator ICP4,1303,IMMEDIATE_EARLY,0.99985003,True,CORRECT,Q4_Long
CANONICAL_491f34e78665,TEST,TEST,CLUST_0.70_00052,LATE,HSV-1,RL1,RL1,258,LATE,0.9999974,True,CORRECT,Q1_Short
CANONICAL_49203d4589ad,TRAIN,TEST,CLUST_0.70_00020,LATE,HSV-1,UNKNOWN,tegument serine/threonine protein kinase,518,LATE,0.99996674,True,CORRECT,Q3_Medium_High
CANONICAL_494e8ba7281f,TRAIN,TEST,CLUST_0.70_00018,LATE,HSV-1,UNKNOWN,envelope glycoprotein E,550,LATE,0.9998541,True,CORRECT,Q3_Medium_High
CANONICAL_495036ab0b46,VALIDATION,TEST,CLUST_0.70_00020,LATE,HSV-1,UNKNOWN,tegument serine/threonine protein kinase,516,LATE,0.99991965,True,CORRECT,Q3_Medium_High
CANONICAL_495237cae5bb,TEST,TEST,CLUST_0.70_00030,EARLY,HSV-2,UNKNOWN,thymidine kinase,376,EARLY,0.9954442,True,CORRECT,Q1_Short
CANONICAL_496b0bd1bbb6,TRAIN,TEST,CLUST_0.70_00004,IMMEDIATE_EARLY,HSV-2,ICP4,transcriptional regulator ICP4,1473,IMMEDIATE_EARLY,0.99997425,True,CORRECT,Q4_Long
CANONICAL_499168247995,TRAIN,TEST,CLUST_0.70_00018,LATE,HSV-2,UNKNOWN,envelope glycoprotein E,545,LATE,0.9400233,True,CORRECT,Q3_Medium_High
CANONICAL_499c69c47a76,TRAIN,TEST,CLUST_0.70_00071,LATE,HSV-2,UL24,nuclear protein UL24,281,LATE,0.55442595,True,CORRECT,Q1_Short
CANONICAL_49af56fe5495,VALIDATION,TEST,CLUST_0.70_00030,EARLY,HSV-1,UNKNOWN,thymidine kinase,376,EARLY,0.9970553,True,CORRECT,Q1_Short
CANONICAL_49ddd41bf939,TRAIN,TEST,CLUST_0.70_00001,LATE,HSV-2,UNKNOWN,large tegument protein,3123,LATE,0.9999987,True,CORRECT,Q4_Long
CANONICAL_49ea814fac57,TEST,TEST,CLUST_0.70_00052,LATE,HSV-1,ICP34,neurovirulence protein ICP34.5,246,LATE,0.9999784,True,CORRECT,Q1_Short
CANONICAL_4a0b82df12c3,TEST,TEST,CLUST_0.70_00030,EARLY,HSV-2,UNKNOWN,thymidine kinase,376,EARLY,0.9847083,True,CORRECT,Q1_Short
CANONICAL_4a4ce0326f39,TRAIN,TEST,CLUST_0.70_00030,EARLY,HSV-1,UNKNOWN,thymidine kinase,376,EARLY,0.9985933,True,CORRECT,Q1_Short
CANONICAL_4a7430171d99,TRAIN,TEST,CLUST_0.70_00004,IMMEDIATE_EARLY,HSV-2,ICP4,transcriptional regulator ICP4,1465,IMMEDIATE_EARLY,0.99998,True,CORRECT,Q4_Long
CANONICAL_4a7c62555a93,TEST,TEST,CLUST_0.70_00001,LATE,HSV-1,UL36,UL36,3139,LATE,0.99999976,True,CORRECT,Q4_Long
CANONICAL_4a88ef69e8c7,VALIDATION,TEST,CLUST_0.70_00030,EARLY,HSV-1,UNKNOWN,thymidine kinase,376,EARLY,0.9997631,True,CORRECT,Q1_Short
CANONICAL_4a9f56328852,TRAIN,TEST,CLUST_0.70_00004,IMMEDIATE_EARLY,HSV-1,ICP4,transcriptional regulator ICP4,1300,IMMEDIATE_EARLY,0.9995938,True,CORRECT,Q3_Medium_High
CANONICAL_4ab468a7c340,VALIDATION,TEST,CLUST_0.70_00052,LATE,HSV-1,RL1,RL1,247,LATE,0.9999918,True,CORRECT,Q1_Short
CANONICAL_4ad2a151cebd,TRAIN,TEST,CLUST_0.70_00030,EARLY,HSV-1,UNKNOWN,thymidine kinase,376,EARLY,0.9989722,True,CORRECT,Q1_Short
CANONICAL_4adcdc02d93c,TRAIN,TEST,CLUST_0.70_00030,EARLY,HSV-1,UL23,UL23,331,EARLY,0.99933356,True,CORRECT,Q1_Short
CANONICAL_4b0041626fda,TEST,TEST,CLUST_0.70_00071,LATE,HSV-2,UL24,nuclear protein UL24,281,LATE,0.5489175,True,CORRECT,Q1_Short
CANONICAL_4b0129156c63,TRAIN,TEST,CLUST_0.70_00051,LATE,HSV-2,ICP34,neurovirulence protein ICP34.5,261,LATE,0.99999785,True,CORRECT,Q1_Short
CANONICAL_4b1f675e4e8f,TRAIN,TEST,CLUST_0.70_00030,EARLY,HSV-1,UNKNOWN,thymidine kinase,376,EARLY,0.99748945,True,CORRECT,Q1_Short
CANONICAL_4b215fb5b213,TEST,TEST,CLUST_0.70_00030,EARLY,HSV-2,UNKNOWN,thymidine kinase,376,EARLY,0.9891082,True,CORRECT,Q1_Short
CANONICAL_4b358ea3a114,TRAIN,TEST,CLUST_0.70_00030,EARLY,HSV-2,UNKNOWN,thymidine kinase,376,EARLY,0.9948067,True,CORRECT,Q1_Short
CANONICAL_4b3822781425,TRAIN,TEST,CLUST_0.70_00018,LATE,HSV-2,UNKNOWN,envelope glycoprotein E,545,LATE,0.9982672,True,CORRECT,Q3_Medium_High
CANONICAL_4b6423792389,TRAIN,TEST,CLUST_0.70_00030,EARLY,HSV-1,UNKNOWN,thymidine kinase,376,EARLY,0.9996307,True,CORRECT,Q1_Short
CANONICAL_4b809be131a0,TRAIN,TEST,CLUST_0.70_00015,LATE,HSV-1,UNKNOWN,envelope glycoprotein C,506,LATE,0.999997,True,CORRECT,Q3_Medium_High
CANONICAL_4b8cbc6ca5c3,TRAIN,TEST,CLUST_0.70_00001,LATE,HSV-2,UNKNOWN,large tegument protein,3122,LATE,0.999997,True,CORRECT,Q4_Long
CANONICAL_4b98ccfcc3fd,TRAIN,TEST,CLUST_0.70_00030,EARLY,HSV-2,UNKNOWN,thymidine kinase,376,EARLY,0.99868256,True,CORRECT,Q1_Short
CANONICAL_4bad3cb88295,TRAIN,TEST,CLUST_0.70_00080,LATE,HSV-1,UL3,nuclear protein UL3,224,LATE,0.99612385,True,CORRECT,Q1_Short
CANONICAL_4bc164b70227,TRAIN,TEST,CLUST_0.70_00004,IMMEDIATE_EARLY,HSV-1,ICP4,transcriptional regulator ICP4,1295,IMMEDIATE_EARLY,0.99980754,True,CORRECT,Q3_Medium_High
CANONICAL_4bcf0bbbe910,TRAIN,TEST,CLUST_0.70_00015,LATE,HSV-1,UNKNOWN,envelope glycoprotein C,511,LATE,0.9999968,True,CORRECT,Q3_Medium_High
CANONICAL_4bd3d53a4549,TRAIN,TEST,CLUST_0.70_00004,IMMEDIATE_EARLY,HSV-1,RS1,RS1,1298,IMMEDIATE_EARLY,0.99971265,True,CORRECT,Q3_Medium_High
CANONICAL_4bd41be8f121,TRAIN,TEST,CLUST_0.70_00030,EARLY,HSV-1,UNKNOWN,thymidine kinase,376,EARLY,0.9949709,True,CORRECT,Q1_Short
CANONICAL_4bdc93a2d240,TRAIN,TEST,CLUST_0.70_00052,LATE,HSV-1,RL1,RL1,269,LATE,0.9999995,True,CORRECT,Q1_Short
CANONICAL_4c04648e37fd,VALIDATION,TEST,CLUST_0.70_00004,IMMEDIATE_EARLY,HSV-1,RS1,RS1,1301,IMMEDIATE_EARLY,0.99975914,True,CORRECT,Q3_Medium_High
CANONICAL_4c192ac7998a,TEST,TEST,CLUST_0.70_00004,IMMEDIATE_EARLY,HSV-2,ICP4,transcriptional regulator ICP4,1466,IMMEDIATE_EARLY,0.9983524,True,CORRECT,Q4_Long
CANONICAL_4c25ccce9f66,TRAIN,TEST,CLUST_0.70_00071,LATE,HSV-1,UL24,Protein UL24,254,LATE,0.6117457,True,CORRECT,Q1_Short
CANONICAL_4c2fade12284,TRAIN,TEST,CLUST_0.70_00071,LATE,HSV-2,UL24,nuclear protein UL24,281,EARLY,0.61087936,False,LATE_PREDICTED_AS_EARLY,Q1_Short
CANONICAL_4c5cb3726861,TRAIN,TEST,CLUST_0.70_00001,LATE,HSV-2,UNKNOWN,large tegument protein,3060,LATE,0.99999845,True,CORRECT,Q4_Long
CANONICAL_4c87eea4bf57,TRAIN,TEST,CLUST_0.70_00018,LATE,HSV-2,US8,US8,545,LATE,0.9987178,True,CORRECT,Q3_Medium_High
CANONICAL_4c8f4a05bb91,TRAIN,TEST,CLUST_0.70_00001,LATE,HSV-2,UNKNOWN,large tegument protein,3100,LATE,0.999998,True,CORRECT,Q4_Long
CANONICAL_4c9d6a8a5411,TEST,TEST,CLUST_0.70_00071,LATE,HSV-2,UL24,nuclear protein UL24,281,LATE,0.7281239,True,CORRECT,Q1_Short
CANONICAL_4cbc0851c005,TRAIN,TEST,CLUST_0.70_00015,LATE,HSV-1,UNKNOWN,envelope glycoprotein C,511,LATE,0.9999987,True,CORRECT,Q3_Medium_High
CANONICAL_4d227914d5b4,TRAIN,TEST,CLUST_0.70_00004,IMMEDIATE_EARLY,HSV-2,ICP4,transcriptional regulator ICP4,1467,IMMEDIATE_EARLY,0.99999905,True,CORRECT,Q4_Long
CANONICAL_4d245b75c9f2,TRAIN,TEST,CLUST_0.70_00030,EARLY,HSV-1,UNKNOWN,thymidine kinase,376,EARLY,0.9992279,True,CORRECT,Q1_Short
CANONICAL_4d3a564be13f,TRAIN,TEST,CLUST_0.70_00018,EARLY,HSV-1,UL42,UL42,488,EARLY,0.9889769,True,CORRECT,Q2_Medium_Low
CANONICAL_4d573c4c8a26,TRAIN,TEST,CLUST_0.70_00001,LATE,HSV-2,UNKNOWN,large tegument protein,3122,LATE,0.9999982,True,CORRECT,Q4_Long
CANONICAL_4d6544d33d85,TRAIN,TEST,CLUST_0.70_00001,LATE,HSV-1,UL36,UL36,3092,LATE,0.9999999,True,CORRECT,Q4_Long
CANONICAL_4d69ba66248b,TRAIN,TEST,CLUST_0.70_00004,IMMEDIATE_EARLY,HSV-2,ICP4,transcriptional regulator ICP4,1468,IMMEDIATE_EARLY,0.99982697,True,CORRECT,Q4_Long
CANONICAL_4d7f60ed03ba,TEST,TEST,CLUST_0.70_00037,LATE,HSV-1,UNKNOWN,envelope glycoprotein D,394,LATE,0.9999999,True,CORRECT,Q2_Medium_Low
CANONICAL_4dcb711418a0,TEST,TEST,CLUST_0.70_00004,IMMEDIATE_EARLY,HSV-2,ICP4,transcriptional regulator ICP4,1469,IMMEDIATE_EARLY,0.9932399,True,CORRECT,Q4_Long
CANONICAL_4e01ca0397f0,VALIDATION,TEST,CLUST_0.70_00001,LATE,HSV-1,UL36,UL36,3092,LATE,0.99999976,True,CORRECT,Q4_Long
CANONICAL_4e036ffa4df6,VALIDATION,TEST,CLUST_0.70_00071,LATE,HSV-2,UL24,nuclear protein UL24,281,EARLY,0.9900067,False,LATE_PREDICTED_AS_EARLY,Q1_Short
CANONICAL_4e542dcb4166,TEST,TEST,CLUST_0.70_00001,LATE,HSV-2,UNKNOWN,large tegument protein,3119,LATE,0.99999785,True,CORRECT,Q4_Long
CANONICAL_4e65f86198af,TRAIN,TEST,CLUST_0.70_00004,IMMEDIATE_EARLY,HSV-1,RS1,RS1,1293,IMMEDIATE_EARLY,0.9999026,True,CORRECT,Q3_Medium_High
CANONICAL_4e9270b383c5,TRAIN,TEST,CLUST_0.70_00001,LATE,HSV-2,UNKNOWN,large tegument protein,3122,LATE,0.9999987,True,CORRECT,Q4_Long
CANONICAL_4eac047e8932,TEST,TEST,CLUST_0.70_00004,IMMEDIATE_EARLY,HSV-2,ICP4,transcriptional regulator ICP4,1469,IMMEDIATE_EARLY,0.9999963,True,CORRECT,Q4_Long
CANONICAL_4ed0b54b0083,VALIDATION,TEST,CLUST_0.70_00030,EARLY,HSV-1,UNKNOWN,thymidine kinase,376,EARLY,0.9991154,True,CORRECT,Q1_Short
CANONICAL_4ef69b5c3abf,TRAIN,TEST,CLUST_0.70_00071,LATE,HSV-1,UL24,nuclear protein UL24,269,EARLY,0.6672416,False,LATE_PREDICTED_AS_EARLY,Q1_Short
CANONICAL_4efda80df6e2,TRAIN,TEST,CLUST_0.70_00052,LATE,HSV-1,ICP34,neurovirulence protein ICP34.5,248,LATE,0.9999559,True,CORRECT,Q1_Short
CANONICAL_4f1e11aa6be4,TEST,TEST,CLUST_0.70_00004,IMMEDIATE_EARLY,HSV-1,ICP4,transcriptional regulator ICP4,1302,IMMEDIATE_EARLY,0.9999107,True,CORRECT,Q3_Medium_High
CANONICAL_4f1f3dc00665,TRAIN,TEST,CLUST_0.70_00052,LATE,HSV-1,ICP34,neurovirulence protein ICP34.5,250,LATE,0.9999989,True,CORRECT,Q1_Short
CANONICAL_4f476267e9fc,TRAIN,TEST,CLUST_0.70_00071,LATE,HSV-2,UL24,UL24,281,LATE,0.62023544,True,CORRECT,Q1_Short
CANONICAL_4f693edf8954,TRAIN,TEST,CLUST_0.70_00052,LATE,HSV-1,RL1,RL1,237,LATE,0.99982375,True,CORRECT,Q1_Short
CANONICAL_4f9c9d4e11ae,TRAIN,TEST,CLUST_0.70_00051,LATE,HSV-2,ICP34,neurovirulence protein ICP34.5,241,LATE,0.99895144,True,CORRECT,Q1_Short
CANONICAL_4fad354d256d,TRAIN,TEST,CLUST_0.70_00015,LATE,HSV-2,UNKNOWN,envelope glycoprotein C,480,LATE,1.0,True,CORRECT,Q2_Medium_Low
CANONICAL_4fc1a8717d47,VALIDATION,TEST,CLUST_0.70_00030,EARLY,HSV-1,UNKNOWN,thymidine kinase,376,EARLY,0.9990864,True,CORRECT,Q1_Short
CANONICAL_4fe1176fc7c0,VALIDATION,TEST,CLUST_0.70_00080,LATE,HSV-1,UL3,nuclear protein UL3,235,LATE,0.99831367,True,CORRECT,Q1_Short
CANONICAL_4fe38db07bed,TRAIN,TEST,CLUST_0.70_00009,LATE,HSV-1,UL48,UL48,490,LATE,0.99986696,True,CORRECT,Q2_Medium_Low
CANONICAL_505a8c5292d3,TRAIN,TEST,CLUST_0.70_00001,LATE,HSV-1,UNKNOWN,large tegument protein,3126,LATE,0.9999999,True,CORRECT,Q4_Long
CANONICAL_50826c01b76a,TRAIN,TEST,CLUST_0.70_00001,LATE,HSV-2,UL36,UL36,3112,LATE,0.9999982,True,CORRECT,Q4_Long
CANONICAL_508daf26de0a,TRAIN,TEST,CLUST_0.70_00004,IMMEDIATE_EARLY,HSV-2,RS1,RS1,1327,IMMEDIATE_EARLY,0.99998355,True,CORRECT,Q4_Long
CANONICAL_5094daa2eedf,TRAIN,TEST,CLUST_0.70_00015,LATE,HSV-1,UNKNOWN,envelope glycoprotein C,511,LATE,0.99999905,True,CORRECT,Q3_Medium_High
CANONICAL_5096c3664bed,TRAIN,TEST,CLUST_0.70_00037,LATE,HSV-1,US6,US6,359,LATE,1.0,True,CORRECT,Q1_Short
CANONICAL_50a270183738,TEST,TEST,CLUST_0.70_00080,LATE,HSV-2,UL3,nuclear protein UL3,233,EARLY,0.9288223,False,LATE_PREDICTED_AS_EARLY,Q1_Short
CANONICAL_50cc578cb034,TRAIN,TEST,CLUST_0.70_00018,LATE,HSV-2,UNKNOWN,envelope glycoprotein E,548,LATE,0.99871695,True,CORRECT,Q3_Medium_High
CANONICAL_50d31b4b7051,TRAIN,TEST,CLUST_0.70_00018,LATE,HSV-2,US8,US8,459,LATE,0.99999774,True,CORRECT,Q2_Medium_Low
CANONICAL_50d61ceb4c8c,TRAIN,TEST,CLUST_0.70_00004,IMMEDIATE_EARLY,HSV-2,ICP4,transcriptional regulator ICP4,1315,IMMEDIATE_EARLY,0.99998915,True,CORRECT,Q4_Long
CANONICAL_50d7a337a970,TEST,TEST,CLUST_0.70_00037,LATE,HSV-1,UNKNOWN,envelope glycoprotein D,394,LATE,0.99999976,True,CORRECT,Q2_Medium_Low
CANONICAL_50f0d48199e1,VALIDATION,TEST,CLUST_0.70_00004,IMMEDIATE_EARLY,HSV-2,ICP4,transcriptional regulator ICP4,1315,IMMEDIATE_EARLY,0.9999901,True,CORRECT,Q4_Long
CANONICAL_50fe0842cd13,TRAIN,TEST,CLUST_0.70_00071,LATE,HSV-2,UL24,UL24,281,LATE,0.6699201,True,CORRECT,Q1_Short
CANONICAL_510e27fd7946,TEST,TEST,CLUST_0.70_00018,LATE,HSV-1,US8,US8,550,LATE,0.9998416,True,CORRECT,Q3_Medium_High
CANONICAL_511745816179,TRAIN,TEST,CLUST_0.70_00018,LATE,HSV-1,UNKNOWN,envelope glycoprotein E,550,LATE,0.9997805,True,CORRECT,Q3_Medium_High
CANONICAL_51244e71388e,TRAIN,TEST,CLUST_0.70_00030,EARLY,HSV-2,UNKNOWN,thymidine kinase,376,EARLY,0.9951121,True,CORRECT,Q1_Short
CANONICAL_5130556b00af,TRAIN,TEST,CLUST_0.70_00030,EARLY,HSV-1,UNKNOWN,thymidine kinase,376,EARLY,0.9973972,True,CORRECT,Q1_Short
CANONICAL_5134de35b0b3,TRAIN,TEST,CLUST_0.70_00030,EARLY,HSV-1,UNKNOWN,thymidine kinase,376,EARLY,0.99854326,True,CORRECT,Q1_Short
CANONICAL_5138d4996844,TRAIN,TEST,CLUST_0.70_00030,EARLY,HSV-1,UNKNOWN,thymidine kinase,376,EARLY,0.9988558,True,CORRECT,Q1_Short
CANONICAL_5169088984eb,TEST,TEST,CLUST_0.70_00004,IMMEDIATE_EARLY,HSV-1,ICP4,"transcriptional regulator ICP4, partial",1263,IMMEDIATE_EARLY,0.99934214,True,CORRECT,Q3_Medium_High
CANONICAL_5187a9cf015c,VALIDATION,TEST,CLUST_0.70_00004,IMMEDIATE_EARLY,HSV-2,ICP4,transcriptional regulator ICP4,1317,IMMEDIATE_EARLY,0.9999912,True,CORRECT,Q4_Long
CANONICAL_51b7b3d0607f,TEST,TEST,CLUST_0.70_00030,EARLY,HSV-1,UNKNOWN,thymidine kinase,376,EARLY,0.9989151,True,CORRECT,Q1_Short
CANONICAL_51cca0f734a0,VALIDATION,TEST,CLUST_0.70_00080,LATE,HSV-2,UL3,UL3,233,LATE,0.99420375,True,CORRECT,Q1_Short
CANONICAL_51dac3a068fe,TRAIN,TEST,CLUST_0.70_00030,EARLY,HSV-1,UNKNOWN,thymidine kinase,376,EARLY,0.998026,True,CORRECT,Q1_Short
CANONICAL_51f680c49575,TRAIN,TEST,CLUST_0.70_00004,IMMEDIATE_EARLY,HSV-1,RS1,RS1,1297,IMMEDIATE_EARLY,0.9998338,True,CORRECT,Q3_Medium_High
CANONICAL_51fe939bf3c7,TRAIN,TEST,CLUST_0.70_00052,LATE,HSV-1,ICP34,neurovirulence protein ICP34.5,249,LATE,0.9999075,True,CORRECT,Q1_Short
CANONICAL_5209ef700995,TRAIN,TEST,CLUST_0.70_00004,IMMEDIATE_EARLY,HSV-1,ICP4,transcriptional regulator ICP4,1302,IMMEDIATE_EARLY,0.9998902,True,CORRECT,Q3_Medium_High
CANONICAL_522b026a1a2c,TEST,TEST,CLUST_0.70_00018,LATE,HSV-2,UNKNOWN,envelope glycoprotein E,548,LATE,0.99948955,True,CORRECT,Q3_Medium_High
CANONICAL_523807dc2d0f,TRAIN,TEST,CLUST_0.70_00030,EARLY,HSV-1,UL23,UL23,376,EARLY,0.99369824,True,CORRECT,Q1_Short
CANONICAL_5239877bf8bb,TEST,TEST,CLUST_0.70_00004,IMMEDIATE_EARLY,HSV-2,ICP4,"transcriptional regulator ICP4, partial",1133,IMMEDIATE_EARLY,1.0,True,CORRECT,Q3_Medium_High
CANONICAL_5260f2abb0b5,TRAIN,TEST,CLUST_0.70_00001,LATE,HSV-1,UNKNOWN,large tegument protein,3135,LATE,0.9999999,True,CORRECT,Q4_Long
CANONICAL_528e08a4b548,TRAIN,TEST,CLUST_0.70_00004,IMMEDIATE_EARLY,HSV-1,ICP4,transcriptional regulator ICP4,1298,IMMEDIATE_EARLY,0.9998925,True,CORRECT,Q3_Medium_High
CANONICAL_528e6591f19c,TRAIN,TEST,CLUST_0.70_00030,EARLY,HSV-2,UNKNOWN,thymidine kinase,376,EARLY,0.99900144,True,CORRECT,Q1_Short
CANONICAL_52948fd8cc17,TRAIN,TEST,CLUST_0.70_00071,LATE,HSV-1,UL24,nuclear protein UL24,269,LATE,0.5106352,True,CORRECT,Q1_Short
CANONICAL_52a89943cedf,TRAIN,TEST,CLUST_0.70_00071,LATE,HSV-2,UL24,UL24,281,EARLY,0.7901797,False,LATE_PREDICTED_AS_EARLY,Q1_Short
CANONICAL_52cdb27fe885,TRAIN,TEST,CLUST_0.70_00018,LATE,HSV-1,UNKNOWN,envelope glycoprotein E,548,LATE,0.99993896,True,CORRECT,Q3_Medium_High
CANONICAL_52d275e84656,TRAIN,TEST,CLUST_0.70_00004,IMMEDIATE_EARLY,HSV-1,ICP4,transcriptional regulator ICP4,1302,IMMEDIATE_EARLY,0.99989486,True,CORRECT,Q3_Medium_High
CANONICAL_530b349f2603,TRAIN,TEST,CLUST_0.70_00001,LATE,HSV-2,UNKNOWN,large tegument protein,3102,LATE,0.99999833,True,CORRECT,Q4_Long
CANONICAL_5321d4791a00,TRAIN,TEST,CLUST_0.70_00001,LATE,HSV-1,UL36,UL36,3084,LATE,0.9999993,True,CORRECT,Q4_Long
CANONICAL_5327dc644766,TRAIN,TEST,CLUST_0.70_00052,LATE,HSV-1,UL36,UL36,184,LATE,0.9902535,True,CORRECT,Q1_Short
CANONICAL_533147daf74e,VALIDATION,TEST,CLUST_0.70_00071,LATE,HSV-2,UL24,UL24,281,LATE,0.9223821,True,CORRECT,Q1_Short
CANONICAL_5338d4b4354d,TRAIN,TEST,CLUST_0.70_00004,IMMEDIATE_EARLY,HSV-2,ICP4,transcriptional regulator ICP4,1322,IMMEDIATE_EARLY,0.9999813,True,CORRECT,Q4_Long
CANONICAL_535a86ad9f5e,TRAIN,TEST,CLUST_0.70_00071,LATE,HSV-1,UL24,UL24,269,EARLY,0.6704391,False,LATE_PREDICTED_AS_EARLY,Q1_Short
CANONICAL_5360dc5b97fb,TRAIN,TEST,CLUST_0.70_00004,IMMEDIATE_EARLY,HSV-1,ICP4,transcriptional regulator ICP4,1300,IMMEDIATE_EARLY,0.99987185,True,CORRECT,Q3_Medium_High
CANONICAL_536bd362d973,TEST,TEST,CLUST_0.70_00004,IMMEDIATE_EARLY,HSV-2,ICP4,transcriptional regulator ICP4,1468,IMMEDIATE_EARLY,0.9999447,True,CORRECT,Q4_Long
CANONICAL_537f1c2aaafe,TRAIN,TEST,CLUST_0.70_00004,IMMEDIATE_EARLY,HSV-1,RS1,RS1,1299,IMMEDIATE_EARLY,0.9998826,True,CORRECT,Q3_Medium_High
CANONICAL_53b5a42df9e6,VALIDATION,TEST,CLUST_0.70_00004,IMMEDIATE_EARLY,HSV-1,ICP4,transcriptional regulator ICP4,1305,IMMEDIATE_EARLY,0.99983954,True,CORRECT,Q4_Long
CANONICAL_53b7f9532fe6,TRAIN,TEST,CLUST_0.70_00052,LATE,HSV-1,RL1,RL1,247,LATE,0.9997391,True,CORRECT,Q1_Short
CANONICAL_53bcf0a1da83,TRAIN,TEST,CLUST_0.70_00030,EARLY,HSV-1,UNKNOWN,thymidine kinase,376,EARLY,0.99974793,True,CORRECT,Q1_Short
CANONICAL_53be2f989bc3,TRAIN,TEST,CLUST_0.70_00052,LATE,HSV-1,ICP34,neurovirulence protein ICP34.5,246,LATE,0.9998172,True,CORRECT,Q1_Short
CANONICAL_53fd65760337,TEST,TEST,CLUST_0.70_00071,LATE,HSV-2,UL24,UL24,281,EARLY,0.5358436,False,LATE_PREDICTED_AS_EARLY,Q1_Short
CANONICAL_53fef177eaa3,TEST,TEST,CLUST_0.70_00004,IMMEDIATE_EARLY,HSV-2,ICP4,transcriptional regulator ICP4,1469,IMMEDIATE_EARLY,0.9987753,True,CORRECT,Q4_Long
CANONICAL_54107d716e71,TRAIN,TEST,CLUST_0.70_00018,EARLY,HSV-1,UL42,DNA polymerase UL42 processivity factor,488,EARLY,0.97654074,True,CORRECT,Q2_Medium_Low
CANONICAL_541386d3e9fe,TRAIN,TEST,CLUST_0.70_00071,LATE,HSV-1,UL24,UL24,269,EARLY,0.69238937,False,LATE_PREDICTED_AS_EARLY,Q1_Short
CANONICAL_5422fc4007a0,TEST,TEST,CLUST_0.70_00001,LATE,HSV-1,UL36,UL36,3072,LATE,0.99999976,True,CORRECT,Q4_Long
CANONICAL_542306c412f9,TRAIN,TEST,CLUST_0.70_00030,EARLY,HSV-1,UNKNOWN,thymidine kinase,376,EARLY,0.9970835,True,CORRECT,Q1_Short
CANONICAL_54270426b597,TRAIN,TEST,CLUST_0.70_00001,LATE,HSV-1,UNKNOWN,large tegument protein,3023,LATE,0.99952817,True,CORRECT,Q4_Long
CANONICAL_5428dcbee771,TRAIN,TEST,CLUST_0.70_00018,LATE,HSV-1,US8,US8,550,LATE,0.99989927,True,CORRECT,Q3_Medium_High
CANONICAL_5429329bd351,VALIDATION,TEST,CLUST_0.70_00052,LATE,HSV-1,ICP34,neurovirulence protein ICP34.5,248,LATE,0.99906296,True,CORRECT,Q1_Short
CANONICAL_543991277196,TEST,TEST,CLUST_0.70_00001,LATE,HSV-1,UL36,UL36,3082,LATE,0.99999976,True,CORRECT,Q4_Long
CANONICAL_5439d1cea23e,TRAIN,TEST,CLUST_0.70_00030,EARLY,HSV-2,UNKNOWN,thymidine kinase,376,EARLY,0.99930525,True,CORRECT,Q1_Short
CANONICAL_543c65f8658f,TRAIN,TEST,CLUST_0.70_00071,LATE,HSV-1,UL24,UL24,254,LATE,0.55055666,True,CORRECT,Q1_Short
CANONICAL_5444fd05c8d9,TEST,TEST,CLUST_0.70_00030,EARLY,HSV-1,UL23,TPA_asm: UL23,376,EARLY,0.999461,True,CORRECT,Q1_Short
CANONICAL_54463dad9506,TRAIN,TEST,CLUST_0.70_00030,EARLY,HSV-1,UNKNOWN,thymidine kinase,376,EARLY,0.9991248,True,CORRECT,Q1_Short
CANONICAL_544c97294197,TRAIN,TEST,CLUST_0.70_00030,EARLY,HSV-1,UNKNOWN,thymidine kinase,376,EARLY,0.99957913,True,CORRECT,Q1_Short
CANONICAL_546f0168b767,VALIDATION,TEST,CLUST_0.70_00004,IMMEDIATE_EARLY,HSV-2,ICP4,transcriptional regulator ICP4,1475,IMMEDIATE_EARLY,0.9983785,True,CORRECT,Q4_Long
CANONICAL_5470561fd0c0,TRAIN,TEST,CLUST_0.70_00004,IMMEDIATE_EARLY,HSV-2,ICP4,transcriptional regulator ICP4,1471,IMMEDIATE_EARLY,0.998528,True,CORRECT,Q4_Long
CANONICAL_547cff580773,TRAIN,TEST,CLUST_0.70_00015,LATE,HSV-1,UNKNOWN,envelope glycoprotein C,511,LATE,0.99999917,True,CORRECT,Q3_Medium_High
CANONICAL_549ca2a6e10a,TRAIN,TEST,CLUST_0.70_00004,IMMEDIATE_EARLY,HSV-1,RS1,RS1,1301,IMMEDIATE_EARLY,0.99966383,True,CORRECT,Q3_Medium_High
CANONICAL_549e24b7bf72,TEST,TEST,CLUST_0.70_00052,LATE,HSV-1,ICP34,neurovirulence protein ICP34.5,248,LATE,0.9999939,True,CORRECT,Q1_Short
CANONICAL_549fc78e0729,TRAIN,TEST,CLUST_0.70_00030,EARLY,HSV-2,UL23,UL23,307,LATE,0.90452164,False,EARLY_PREDICTED_AS_LATE,Q1_Short
CANONICAL_54abbc8fff6e,TRAIN,TEST,CLUST_0.70_00004,IMMEDIATE_EARLY,HSV-2,ICP4,transcriptional regulator ICP4,1470,IMMEDIATE_EARLY,0.99970895,True,CORRECT,Q4_Long
CANONICAL_54c6fcf086a2,VALIDATION,TEST,CLUST_0.70_00009,LATE,HSV-2,UL48,UL48,490,LATE,0.9996494,True,CORRECT,Q2_Medium_Low
CANONICAL_54c987fd555e,VALIDATION,TEST,CLUST_0.70_00020,LATE,HSV-1,UNKNOWN,tegument serine/threonine protein kinase,517,LATE,0.9999076,True,CORRECT,Q3_Medium_High
CANONICAL_54f6536c5643,TRAIN,TEST,CLUST_0.70_00001,LATE,HSV-2,UNKNOWN,large tegument protein,3093,LATE,0.9999962,True,CORRECT,Q4_Long
CANONICAL_550af1bbcee5,TRAIN,TEST,CLUST_0.70_00030,EARLY,HSV-1,UNKNOWN,thymidine kinase,376,EARLY,0.9963102,True,CORRECT,Q1_Short
CANONICAL_55196cf18f26,TEST,TEST,CLUST_0.70_00018,LATE,HSV-2,UNKNOWN,envelope glycoprotein E,548,LATE,0.9994584,True,CORRECT,Q3_Medium_High
CANONICAL_5533873e2cd2,VALIDATION,TEST,CLUST_0.70_00052,LATE,HSV-1,RL1,RL1,246,LATE,0.9999981,True,CORRECT,Q1_Short
CANONICAL_553cf5f05eec,VALIDATION,TEST,CLUST_0.70_00030,EARLY,HSV-1,UNKNOWN,thymidine kinase,376,EARLY,0.99931645,True,CORRECT,Q1_Short
CANONICAL_5549fe40ebeb,TRAIN,TEST,CLUST_0.70_00052,LATE,HSV-1,RL1,RL1,258,LATE,0.99999106,True,CORRECT,Q1_Short
CANONICAL_554c582d9dbe,TRAIN,TEST,CLUST_0.70_00018,EARLY,HSV-1,UNKNOWN,DNA polymerase processivity subunit,488,EARLY,0.9477894,True,CORRECT,Q2_Medium_Low
CANONICAL_55545990cc91,TRAIN,TEST,CLUST_0.70_00001,LATE,HSV-2,UL36,UL36,3109,LATE,0.99999845,True,CORRECT,Q4_Long
CANONICAL_5555e48d2a36,VALIDATION,TEST,CLUST_0.70_00001,LATE,HSV-1,UNKNOWN,large tegument protein,3139,LATE,0.9999999,True,CORRECT,Q4_Long
CANONICAL_555d7add6fc7,TRAIN,TEST,CLUST_0.70_00052,LATE,HSV-1,RL1,RL1,242,LATE,0.999974,True,CORRECT,Q1_Short
CANONICAL_5568f434fc15,TRAIN,TEST,CLUST_0.70_00018,LATE,HSV-1,UNKNOWN,envelope glycoprotein E,550,LATE,0.9998357,True,CORRECT,Q3_Medium_High
CANONICAL_556e934843d0,TRAIN,TEST,CLUST_0.70_00030,EARLY,HSV-1,UNKNOWN,thymidine kinase,376,EARLY,0.9987897,True,CORRECT,Q1_Short
CANONICAL_55834e05b0e9,TRAIN,TEST,CLUST_0.70_00071,LATE,HSV-1,UL24,nuclear protein UL24,269,EARLY,0.61972845,False,LATE_PREDICTED_AS_EARLY,Q1_Short
CANONICAL_55a0e602d82d,TRAIN,TEST,CLUST_0.70_00080,LATE,HSV-2,UL3,nuclear protein UL3,233,EARLY,0.86705446,False,LATE_PREDICTED_AS_EARLY,Q1_Short
CANONICAL_55af797b0245,TRAIN,TEST,CLUST_0.70_00018,LATE,HSV-1,US8,US8,550,LATE,0.9997843,True,CORRECT,Q3_Medium_High
CANONICAL_55c2c17ec5a9,TRAIN,TEST,CLUST_0.70_00004,IMMEDIATE_EARLY,HSV-2,ICP4,transcriptional regulator ICP4,1468,IMMEDIATE_EARLY,0.9997038,True,CORRECT,Q4_Long
CANONICAL_55d830067284,TRAIN,TEST,CLUST_0.70_00004,IMMEDIATE_EARLY,HSV-2,ICP4,transcriptional regulator ICP4,1447,IMMEDIATE_EARLY,0.9999745,True,CORRECT,Q4_Long
CANONICAL_55f397f41b65,TRAIN,TEST,CLUST_0.70_00015,LATE,HSV-2,UNKNOWN,envelope glycoprotein C,480,LATE,1.0,True,CORRECT,Q2_Medium_Low
CANONICAL_561744752da2,TRAIN,TEST,CLUST_0.70_00052,LATE,HSV-1,RL1,RL1,248,LATE,0.9999068,True,CORRECT,Q1_Short
CANONICAL_565fdc49abcc,VALIDATION,TEST,CLUST_0.70_00001,LATE,HSV-1,UL36,UL36,3084,LATE,0.99999976,True,CORRECT,Q4_Long
CANONICAL_566c92f59f83,VALIDATION,TEST,CLUST_0.70_00001,LATE,HSV-2,UNKNOWN,large tegument protein,3123,LATE,0.99999857,True,CORRECT,Q4_Long
CANONICAL_56767de3ca2c,TRAIN,TEST,CLUST_0.70_00018,LATE,HSV-1,UNKNOWN,envelope glycoprotein E,550,LATE,0.99981433,True,CORRECT,Q3_Medium_High
CANONICAL_569598f5506a,TEST,TEST,CLUST_0.70_00037,LATE,HSV-1,UNKNOWN,envelope glycoprotein D,393,LATE,0.99999976,True,CORRECT,Q2_Medium_Low
CANONICAL_569fe7db7f13,TRAIN,TEST,CLUST_0.70_00030,EARLY,HSV-1,UNKNOWN,thymidine kinase,376,EARLY,0.9998282,True,CORRECT,Q1_Short
CANONICAL_56aa4ada5179,TRAIN,TEST,CLUST_0.70_00071,LATE,HSV-1,UL24,UL24,269,EARLY,0.7832331,False,LATE_PREDICTED_AS_EARLY,Q1_Short
CANONICAL_56ae1f484410,TRAIN,TEST,CLUST_0.70_00071,LATE,HSV-2,UL24,nuclear protein UL24,281,EARLY,0.8599511,False,LATE_PREDICTED_AS_EARLY,Q1_Short
CANONICAL_56da1bdbb819,VALIDATION,TEST,CLUST_0.70_00004,EARLY,HSV-2,UNKNOWN,deoxyribonuclease,763,EARLY,0.9290676,True,CORRECT,Q3_Medium_High
CANONICAL_5713ae4ce732,TRAIN,TEST,CLUST_0.70_00004,IMMEDIATE_EARLY,HSV-2,ICP4,transcriptional regulator ICP4,1469,IMMEDIATE_EARLY,0.9999671,True,CORRECT,Q4_Long
CANONICAL_571698eb38d3,VALIDATION,TEST,CLUST_0.70_00018,LATE,HSV-1,US8,US8,477,LATE,0.9999019,True,CORRECT,Q2_Medium_Low
CANONICAL_572265ff21e8,TEST,TEST,CLUST_0.70_00030,EARLY,HSV-2,UNKNOWN,thymidine kinase,376,EARLY,0.9964168,True,CORRECT,Q1_Short
CANONICAL_57431f503579,TRAIN,TEST,CLUST_0.70_00004,IMMEDIATE_EARLY,HSV-2,ICP4,transcriptional regulator ICP4,1468,IMMEDIATE_EARLY,0.89874786,True,CORRECT,Q4_Long
CANONICAL_575164ff2764,TRAIN,TEST,CLUST_0.70_00030,EARLY,HSV-2,UNKNOWN,thymidine kinase,376,EARLY,0.9985065,True,CORRECT,Q1_Short
CANONICAL_5755b60b17fe,TRAIN,TEST,CLUST_0.70_00030,EARLY,HSV-1,UL23,TPA_asm: UL23 *1,391,EARLY,0.999226,True,CORRECT,Q2_Medium_Low
CANONICAL_57631f3d7109,TRAIN,TEST,CLUST_0.70_00001,LATE,HSV-1,UNKNOWN,large tegument protein,3134,LATE,0.9999999,True,CORRECT,Q4_Long
CANONICAL_57848e5c9bd5,TRAIN,TEST,CLUST_0.70_00004,IMMEDIATE_EARLY,HSV-1,ICP4,transcriptional regulator ICP4,1293,IMMEDIATE_EARLY,0.9997689,True,CORRECT,Q3_Medium_High
CANONICAL_57866625a6dd,TEST,TEST,CLUST_0.70_00001,LATE,HSV-1,UNKNOWN,large tegument protein,3106,LATE,0.9999999,True,CORRECT,Q4_Long
CANONICAL_57ae6dab59b0,TEST,TEST,CLUST_0.70_00080,LATE,HSV-1,UL3,nuclear protein UL3,235,LATE,0.9966158,True,CORRECT,Q1_Short
CANONICAL_57b61c9afbb6,TRAIN,TEST,CLUST_0.70_00001,LATE,HSV-2,UNKNOWN,large tegument protein,3122,LATE,0.99999774,True,CORRECT,Q4_Long
CANONICAL_57bfba10a630,TEST,TEST,CLUST_0.70_00001,LATE,HSV-2,UL36,UL36,3119,LATE,0.9999988,True,CORRECT,Q4_Long
CANONICAL_57cd72174994,VALIDATION,TEST,CLUST_0.70_00052,LATE,HSV-1,ICP34,neurovirulence protein ICP34.5,247,LATE,0.9999931,True,CORRECT,Q1_Short
CANONICAL_57d2d1188833,TRAIN,TEST,CLUST_0.70_00030,EARLY,HSV-1,UNKNOWN,thymidine kinase,376,EARLY,0.99893814,True,CORRECT,Q1_Short
CANONICAL_57d462b45e88,TRAIN,TEST,CLUST_0.70_00071,LATE,HSV-2,UL24,nuclear protein UL24,281,EARLY,0.8090221,False,LATE_PREDICTED_AS_EARLY,Q1_Short
CANONICAL_57edd1f0f8d0,TEST,TEST,CLUST_0.70_00030,EARLY,HSV-1,UNKNOWN,thymidine kinase,331,EARLY,0.9993793,True,CORRECT,Q1_Short
CANONICAL_57f32a76c9cc,TRAIN,TEST,CLUST_0.70_00015,LATE,HSV-2,UNKNOWN,envelope glycoprotein C,480,LATE,0.9999999,True,CORRECT,Q2_Medium_Low
CANONICAL_57fa083d7ede,TRAIN,TEST,CLUST_0.70_00001,LATE,HSV-1,UL36,UL36,3086,LATE,0.99999976,True,CORRECT,Q4_Long
CANONICAL_5817de36a406,TRAIN,TEST,CLUST_0.70_00004,IMMEDIATE_EARLY,HSV-1,ICP4,transcriptional regulator ICP4,1299,IMMEDIATE_EARLY,0.99934655,True,CORRECT,Q3_Medium_High
CANONICAL_581d4e70e3ad,TRAIN,TEST,CLUST_0.70_00030,EARLY,HSV-2,UL23,UL23,307,LATE,0.87958163,False,EARLY_PREDICTED_AS_LATE,Q1_Short
CANONICAL_581dcdd362bf,TEST,TEST,CLUST_0.70_00037,LATE,HSV-2,US6,US6,392,LATE,0.9999999,True,CORRECT,Q2_Medium_Low
CANONICAL_5827df1e79cb,TRAIN,TEST,CLUST_0.70_00001,LATE,HSV-1,UNKNOWN,large tegument protein,3139,LATE,0.99999857,True,CORRECT,Q4_Long
CANONICAL_585f40c6cf9a,TRAIN,TEST,CLUST_0.70_00030,EARLY,HSV-2,UNKNOWN,thymidine kinase,376,EARLY,0.9949458,True,CORRECT,Q1_Short
CANONICAL_58677f245251,TRAIN,TEST,CLUST_0.70_00004,IMMEDIATE_EARLY,HSV-1,ICP4,transcriptional regulator ICP4,1302,IMMEDIATE_EARLY,0.9998671,True,CORRECT,Q3_Medium_High
CANONICAL_58b61cf99e04,TRAIN,TEST,CLUST_0.70_00030,EARLY,HSV-1,UNKNOWN,thymidine kinase,376,EARLY,0.9974221,True,CORRECT,Q1_Short
CANONICAL_58ca75ba21db,TEST,TEST,CLUST_0.70_00015,LATE,HSV-2,UL44,UL44,548,LATE,1.0,True,CORRECT,Q3_Medium_High
CANONICAL_58d1a863641f,VALIDATION,TEST,CLUST_0.70_00080,LATE,HSV-1,UL3,UL3,235,LATE,0.99794,True,CORRECT,Q1_Short
CANONICAL_58d3ae662a78,VALIDATION,TEST,CLUST_0.70_00080,LATE,HSV-2,UL3,nuclear protein UL3,233,EARLY,0.5641718,False,LATE_PREDICTED_AS_EARLY,Q1_Short
CANONICAL_58f23b69f692,TRAIN,TEST,CLUST_0.70_00030,EARLY,HSV-1,UNKNOWN,thymidine kinase,376,EARLY,0.99858165,True,CORRECT,Q1_Short
CANONICAL_58f6e548238c,TRAIN,TEST,CLUST_0.70_00080,LATE,HSV-2,UL3,UL3,222,LATE,0.9989256,True,CORRECT,Q1_Short
CANONICAL_590a14ed897f,TRAIN,TEST,CLUST_0.70_00030,EARLY,HSV-2,UL23,UL23,307,LATE,0.98930615,False,EARLY_PREDICTED_AS_LATE,Q1_Short
CANONICAL_590a5d8b48e1,TRAIN,TEST,CLUST_0.70_00080,LATE,HSV-2,UL3,nuclear protein UL3,233,LATE,0.73231995,True,CORRECT,Q1_Short
CANONICAL_590ee5081709,VALIDATION,TEST,CLUST_0.70_00018,EARLY,HSV-1,UL42,UL42,488,EARLY,0.9850367,True,CORRECT,Q2_Medium_Low
CANONICAL_591c265f863c,TRAIN,TEST,CLUST_0.70_00018,LATE,HSV-2,UNKNOWN,glycoprotein E,548,LATE,0.9995109,True,CORRECT,Q3_Medium_High
CANONICAL_591c67829466,TRAIN,TEST,CLUST_0.70_00004,IMMEDIATE_EARLY,HSV-1,ICP4,transcriptional regulator ICP4,1308,IMMEDIATE_EARLY,0.9998344,True,CORRECT,Q4_Long
CANONICAL_59238303ca2c,TRAIN,TEST,CLUST_0.70_00051,LATE,HSV-2,ICP34,neurovirulence protein ICP34.5,307,LATE,0.9711581,True,CORRECT,Q1_Short
CANONICAL_592c2b4b798c,TRAIN,TEST,CLUST_0.70_00030,EARLY,HSV-2,UNKNOWN,thymidine kinase,376,EARLY,0.9952662,True,CORRECT,Q1_Short
CANONICAL_593964fab494,TRAIN,TEST,CLUST_0.70_00004,IMMEDIATE_EARLY,HSV-1,RS1,RS1,1303,IMMEDIATE_EARLY,0.9998566,True,CORRECT,Q4_Long
CANONICAL_594625969d24,VALIDATION,TEST,CLUST_0.70_00030,EARLY,HSV-2,UNKNOWN,thymidine kinase,376,EARLY,0.9973297,True,CORRECT,Q1_Short
CANONICAL_595ee5995938,TEST,TEST,CLUST_0.70_00051,LATE,HSV-2,UNKNOWN,tegument protein VP22,302,LATE,0.99976784,True,CORRECT,Q1_Short
CANONICAL_59700a991cd8,TRAIN,TEST,CLUST_0.70_00004,IMMEDIATE_EARLY,HSV-1,ICP4,transcriptional regulator ICP4,1300,IMMEDIATE_EARLY,0.9997881,True,CORRECT,Q3_Medium_High
CANONICAL_597099ef8787,TRAIN,TEST,CLUST_0.70_00015,LATE,HSV-1,UNKNOWN,envelope glycoprotein C,511,LATE,0.999997,True,CORRECT,Q3_Medium_High
CANONICAL_5974f0c56da3,VALIDATION,TEST,CLUST_0.70_00052,LATE,HSV-2,ICP34,neurovirulence protein ICP34.5,256,LATE,0.9991924,True,CORRECT,Q1_Short
CANONICAL_59795296bf57,TRAIN,TEST,CLUST_0.70_00015,LATE,HSV-2,UNKNOWN,envelope glycoprotein C,480,LATE,1.0,True,CORRECT,Q2_Medium_Low
CANONICAL_598c998ac7a1,VALIDATION,TEST,CLUST_0.70_00015,LATE,HSV-2,UNKNOWN,envelope glycoprotein C,480,LATE,0.9999989,True,CORRECT,Q2_Medium_Low
CANONICAL_59941ce7b870,TRAIN,TEST,CLUST_0.70_00020,LATE,HSV-2,UNKNOWN,tegument serine/threonine protein kinase,518,LATE,0.99970776,True,CORRECT,Q3_Medium_High
CANONICAL_59991de55b5a,TRAIN,TEST,CLUST_0.70_00030,EARLY,HSV-1,UNKNOWN,thymidine kinase,376,EARLY,0.9972307,True,CORRECT,Q1_Short
CANONICAL_599c0641de0e,TRAIN,TEST,CLUST_0.70_00030,EARLY,HSV-1,UNKNOWN,thymidine kinase,376,EARLY,0.9993007,True,CORRECT,Q1_Short
CANONICAL_59c98e3fe3e2,TRAIN,TEST,CLUST_0.70_00001,LATE,HSV-1,UNKNOWN,large tegument protein,3150,LATE,0.9999999,True,CORRECT,Q4_Long
CANONICAL_59cad2096474,TRAIN,TEST,CLUST_0.70_00001,LATE,HSV-2,UNKNOWN,large tegument protein,3121,LATE,0.9999974,True,CORRECT,Q4_Long
CANONICAL_59db0bac8e4d,TRAIN,TEST,CLUST_0.70_00001,LATE,HSV-1,UNKNOWN,large tegument protein,3170,LATE,0.9999999,True,CORRECT,Q4_Long
CANONICAL_59e1f4210af4,TEST,TEST,CLUST_0.70_00080,LATE,HSV-2,UL3,nuclear protein UL3,233,LATE,0.996088,True,CORRECT,Q1_Short
CANONICAL_59f645b91443,TRAIN,TEST,CLUST_0.70_00037,LATE,HSV-1,US6,US6,394,LATE,0.9999993,True,CORRECT,Q2_Medium_Low
CANONICAL_59fac0b948f4,VALIDATION,TEST,CLUST_0.70_00001,LATE,HSV-1,UNKNOWN,large tegument protein,3139,LATE,0.9999999,True,CORRECT,Q4_Long
CANONICAL_59fba32311d7,VALIDATION,TEST,CLUST_0.70_00004,IMMEDIATE_EARLY,HSV-1,ICP4,transcriptional regulator ICP4,1302,IMMEDIATE_EARLY,0.9998692,True,CORRECT,Q3_Medium_High
CANONICAL_5a14c6a4666e,TRAIN,TEST,CLUST_0.70_00052,LATE,HSV-1,ICP34,neurovirulence protein ICP34.5,258,LATE,0.99999905,True,CORRECT,Q1_Short
CANONICAL_5a1b038c36d0,TRAIN,TEST,CLUST_0.70_00001,LATE,HSV-2,UL36,UL36,3126,LATE,0.99999857,True,CORRECT,Q4_Long
CANONICAL_5a46eed66b02,VALIDATION,TEST,CLUST_0.70_00071,LATE,HSV-1,UL24,UL24,269,EARLY,0.69698304,False,LATE_PREDICTED_AS_EARLY,Q1_Short
CANONICAL_5a71b1640503,TRAIN,TEST,CLUST_0.70_00001,LATE,HSV-2,UL36,UL36,3122,LATE,0.99999845,True,CORRECT,Q4_Long
CANONICAL_5a80bdcf5c24,TRAIN,TEST,CLUST_0.70_00015,LATE,HSV-1,UL44,UL44,511,LATE,0.9999988,True,CORRECT,Q3_Medium_High
CANONICAL_5a93ae646ae7,TEST,TEST,CLUST_0.70_00001,LATE,HSV-1,UL36,UL36,3124,LATE,0.99999964,True,CORRECT,Q4_Long
CANONICAL_5a93c96389d4,TRAIN,TEST,CLUST_0.70_00030,EARLY,HSV-1,UNKNOWN,thymidine kinase,376,EARLY,0.99971277,True,CORRECT,Q1_Short
CANONICAL_5a95d9351c0e,TRAIN,TEST,CLUST_0.70_00030,EARLY,HSV-1,UNKNOWN,thymidine kinase,376,EARLY,0.99691147,True,CORRECT,Q1_Short
CANONICAL_5a9e04f6ddc6,TRAIN,TEST,CLUST_0.70_00037,LATE,HSV-2,UNKNOWN,envelope glycoprotein D,393,LATE,0.99999976,True,CORRECT,Q2_Medium_Low
CANONICAL_5aa46d55a63c,TEST,TEST,CLUST_0.70_00020,LATE,HSV-1,UNKNOWN,tegument serine/threonine protein kinase,518,LATE,0.9999429,True,CORRECT,Q3_Medium_High
CANONICAL_5ab3687447da,TRAIN,TEST,CLUST_0.70_00015,LATE,HSV-2,UNKNOWN,envelope glycoprotein C,480,LATE,1.0,True,CORRECT,Q2_Medium_Low
CANONICAL_5ab8cb98fc5a,VALIDATION,TEST,CLUST_0.70_00001,LATE,HSV-1,UL36,UL36,3092,LATE,0.99999976,True,CORRECT,Q4_Long
CANONICAL_5abc46668d4f,TRAIN,TEST,CLUST_0.70_00004,IMMEDIATE_EARLY,HSV-1,ICP4,transcriptional regulator ICP4,1302,IMMEDIATE_EARLY,0.9998826,True,CORRECT,Q3_Medium_High
CANONICAL_5ac4896bcef0,TRAIN,TEST,CLUST_0.70_00001,LATE,HSV-1,UNKNOWN,large tegument protein,3139,LATE,0.9999999,True,CORRECT,Q4_Long
CANONICAL_5adc18d33642,VALIDATION,TEST,CLUST_0.70_00080,LATE,HSV-2,UL3,nuclear protein UL3,233,EARLY,0.8468,False,LATE_PREDICTED_AS_EARLY,Q1_Short
CANONICAL_5adc7315ce3a,TRAIN,TEST,CLUST_0.70_00015,LATE,HSV-2,UNKNOWN,envelope glycoprotein C,480,LATE,1.0,True,CORRECT,Q2_Medium_Low
CANONICAL_5ae86f7cf388,TEST,TEST,CLUST_0.70_00030,EARLY,HSV-2,UNKNOWN,thymidine kinase,376,EARLY,0.9968034,True,CORRECT,Q1_Short
CANONICAL_5afe5679ece7,TRAIN,TEST,CLUST_0.70_00001,LATE,HSV-2,UL36,UL36,3153,LATE,0.99999523,True,CORRECT,Q4_Long
CANONICAL_5b06eda724d6,VALIDATION,TEST,CLUST_0.70_00004,IMMEDIATE_EARLY,HSV-1,RS1,RS1,1299,IMMEDIATE_EARLY,0.99981195,True,CORRECT,Q3_Medium_High
CANONICAL_5b08ba435105,TRAIN,TEST,CLUST_0.70_00015,LATE,HSV-2,UNKNOWN,envelope glycoprotein C,480,LATE,0.9999999,True,CORRECT,Q2_Medium_Low
CANONICAL_5b1eb773de9c,TRAIN,TEST,CLUST_0.70_00037,LATE,HSV-1,UNKNOWN,envelope glycoprotein D,394,LATE,0.9999999,True,CORRECT,Q2_Medium_Low
CANONICAL_5b2a0db4fb90,TRAIN,TEST,CLUST_0.70_00030,EARLY,HSV-1,UNKNOWN,thymidine kinase,376,EARLY,0.9996613,True,CORRECT,Q1_Short
CANONICAL_5b311c8a57fb,TRAIN,TEST,CLUST_0.70_00018,LATE,HSV-2,UNKNOWN,envelope glycoprotein E,548,LATE,0.9996449,True,CORRECT,Q3_Medium_High
CANONICAL_5b398013bab7,TRAIN,TEST,CLUST_0.70_00020,LATE,HSV-1,UNKNOWN,tegument serine/threonine protein kinase,518,LATE,0.9999763,True,CORRECT,Q3_Medium_High
CANONICAL_5b455520eaf1,TEST,TEST,CLUST_0.70_00004,IMMEDIATE_EARLY,HSV-1,ICP4,"transcriptional regulator ICP4, partial",1259,IMMEDIATE_EARLY,0.99924845,True,CORRECT,Q3_Medium_High
CANONICAL_5b62f8988157,VALIDATION,TEST,CLUST_0.70_00001,LATE,HSV-1,UL36,UL36,3116,LATE,0.9999999,True,CORRECT,Q4_Long
CANONICAL_5b632420b77e,TRAIN,TEST,CLUST_0.70_00004,IMMEDIATE_EARLY,HSV-1,RS1,RS1,1301,IMMEDIATE_EARLY,0.99820733,True,CORRECT,Q3_Medium_High
CANONICAL_5b759cc7cb7c,TRAIN,TEST,CLUST_0.70_00001,LATE,HSV-1,UNKNOWN,large tegument protein,3134,LATE,0.9999999,True,CORRECT,Q4_Long
CANONICAL_5b792264ce5d,TRAIN,TEST,CLUST_0.70_00004,IMMEDIATE_EARLY,HSV-2,ICP4,transcriptional regulator ICP4,1472,IMMEDIATE_EARLY,0.99629384,True,CORRECT,Q4_Long
CANONICAL_5b9bbf65b12f,TRAIN,TEST,CLUST_0.70_00001,LATE,HSV-2,UNKNOWN,large tegument protein,3122,LATE,0.9999987,True,CORRECT,Q4_Long
CANONICAL_5bc19e2fac4b,TEST,TEST,CLUST_0.70_00015,LATE,HSV-2,UNKNOWN,envelope glycoprotein C,480,LATE,1.0,True,CORRECT,Q2_Medium_Low
CANONICAL_5bd56547e1e8,TRAIN,TEST,CLUST_0.70_00030,EARLY,HSV-1,UNKNOWN,thymidine kinase,376,EARLY,0.9994338,True,CORRECT,Q1_Short
CANONICAL_5be4317c42c3,TRAIN,TEST,CLUST_0.70_00004,IMMEDIATE_EARLY,HSV-2,ICP4,transcriptional regulator ICP4,1480,IMMEDIATE_EARLY,0.9998048,True,CORRECT,Q4_Long
CANONICAL_5bfb1932b688,TEST,TEST,CLUST_0.70_00015,LATE,HSV-1,UL44,UL44,511,LATE,0.9999958,True,CORRECT,Q3_Medium_High
CANONICAL_5c1294b71518,TRAIN,TEST,CLUST_0.70_00015,LATE,HSV-1,UNKNOWN,envelope glycoprotein C,511,LATE,0.99999714,True,CORRECT,Q3_Medium_High
CANONICAL_5c1869999c9d,TRAIN,TEST,CLUST_0.70_00037,LATE,HSV-2,UNKNOWN,envelope glycoprotein D,393,LATE,0.99844533,True,CORRECT,Q2_Medium_Low
CANONICAL_5c23f0c801cf,TRAIN,TEST,CLUST_0.70_00052,LATE,HSV-1,ICP34,Neurovirulence factor ICP34.5,255,LATE,0.9999988,True,CORRECT,Q1_Short
CANONICAL_5c324afd278d,TEST,TEST,CLUST_0.70_00018,LATE,HSV-1,US8,US8,477,LATE,0.99992466,True,CORRECT,Q2_Medium_Low
CANONICAL_5c3c77514ac6,TEST,TEST,CLUST_0.70_00004,IMMEDIATE_EARLY,HSV-1,RS1,RS1,1298,IMMEDIATE_EARLY,0.9975375,True,CORRECT,Q3_Medium_High
CANONICAL_5c4459e41274,TRAIN,TEST,CLUST_0.70_00071,LATE,HSV-2,UL24,nuclear protein UL24,281,EARLY,0.9925948,False,LATE_PREDICTED_AS_EARLY,Q1_Short
CANONICAL_5c6845cce356,TRAIN,TEST,CLUST_0.70_00001,LATE,HSV-1,UNKNOWN,large tegument protein,3168,LATE,0.9999999,True,CORRECT,Q4_Long
CANONICAL_5c826afed283,TEST,TEST,CLUST_0.70_00001,LATE,HSV-1,UL36,UL36,3076,LATE,0.9999999,True,CORRECT,Q4_Long
CANONICAL_5c9fa48adfec,TRAIN,TEST,CLUST_0.70_00030,EARLY,HSV-1,UNKNOWN,thymidine kinase,376,EARLY,0.99760216,True,CORRECT,Q1_Short
CANONICAL_5cb80059869b,TRAIN,TEST,CLUST_0.70_00052,LATE,HSV-2,RL1,RL1,269,LATE,0.9999999,True,CORRECT,Q1_Short
CANONICAL_5d0e0db7b4c7,TEST,TEST,CLUST_0.70_00051,LATE,HSV-2,UNKNOWN,tegument protein VP22,302,LATE,0.9997862,True,CORRECT,Q1_Short
CANONICAL_5d2750ebc815,TRAIN,TEST,CLUST_0.70_00030,EARLY,HSV-2,UNKNOWN,thymidine kinase,376,EARLY,0.9997391,True,CORRECT,Q1_Short
CANONICAL_5d2bbf421894,TRAIN,TEST,CLUST_0.70_00001,LATE,HSV-2,UNKNOWN,large tegument protein,3122,LATE,0.9999988,True,CORRECT,Q4_Long
CANONICAL_5d4d84628ba2,TRAIN,TEST,CLUST_0.70_00030,EARLY,HSV-1,UNKNOWN,thymidine kinase,376,EARLY,0.9981766,True,CORRECT,Q1_Short
CANONICAL_5d588dd7f0f1,TRAIN,TEST,CLUST_0.70_00001,LATE,HSV-1,UNKNOWN,large tegument protein,3139,LATE,0.9999999,True,CORRECT,Q4_Long
CANONICAL_5d63b3bf7c4c,TRAIN,TEST,CLUST_0.70_00018,LATE,HSV-2,UNKNOWN,envelope glycoprotein E,548,LATE,0.99943405,True,CORRECT,Q3_Medium_High
CANONICAL_5d642d970caf,TRAIN,TEST,CLUST_0.70_00001,LATE,HSV-2,UNKNOWN,large tegument protein,3104,LATE,0.9999982,True,CORRECT,Q4_Long
CANONICAL_5d6b311e7231,TEST,TEST,CLUST_0.70_00004,IMMEDIATE_EARLY,HSV-1,ICP4,transcriptional regulator ICP4,1300,IMMEDIATE_EARLY,0.9999126,True,CORRECT,Q3_Medium_High
CANONICAL_5d95e28e8176,TRAIN,TEST,CLUST_0.70_00052,LATE,HSV-1,ICP34,neurovirulence protein ICP34.5,239,LATE,0.9999844,True,CORRECT,Q1_Short
CANONICAL_5d9da905592a,VALIDATION,TEST,CLUST_0.70_00001,LATE,HSV-1,UNKNOWN,large tegument protein,3134,LATE,0.9999999,True,CORRECT,Q4_Long
CANONICAL_5db7bfc28587,TRAIN,TEST,CLUST_0.70_00004,IMMEDIATE_EARLY,HSV-1,ICP4,transcriptional regulator ICP4,1298,IMMEDIATE_EARLY,0.99973303,True,CORRECT,Q3_Medium_High
CANONICAL_5dc7cd500531,TRAIN,TEST,CLUST_0.70_00009,LATE,HSV-2,UL48,UL48,490,LATE,0.99978524,True,CORRECT,Q2_Medium_Low
CANONICAL_5dd5d23fd4ae,TRAIN,TEST,CLUST_0.70_00015,LATE,HSV-1,UNKNOWN,envelope glycoprotein C,511,LATE,0.99999857,True,CORRECT,Q3_Medium_High
CANONICAL_5ddd7501094b,TRAIN,TEST,CLUST_0.70_00030,EARLY,HSV-1,UNKNOWN,thymidine kinase,376,EARLY,0.9986602,True,CORRECT,Q1_Short
CANONICAL_5de6ac00e9bc,VALIDATION,TEST,CLUST_0.70_00037,LATE,HSV-2,UNKNOWN,envelope glycoprotein D,393,LATE,0.9999999,True,CORRECT,Q2_Medium_Low
CANONICAL_5dfb387da879,TRAIN,TEST,CLUST_0.70_00052,LATE,HSV-1,ICP34,neurovirulence protein ICP34.5,262,LATE,0.99996114,True,CORRECT,Q1_Short
CANONICAL_5dfe60a8e182,VALIDATION,TEST,CLUST_0.70_00052,LATE,HSV-1,RL1,RL1 protein,251,LATE,0.99999416,True,CORRECT,Q1_Short
CANONICAL_5e6a239761a1,VALIDATION,TEST,CLUST_0.70_00071,LATE,HSV-2,UL24,nuclear protein UL24,281,LATE,0.7501699,True,CORRECT,Q1_Short
CANONICAL_5e840a6b18b0,TRAIN,TEST,CLUST_0.70_00037,LATE,HSV-1,US6,US6,394,LATE,0.9999999,True,CORRECT,Q2_Medium_Low
CANONICAL_5e88a3f0ca5d,VALIDATION,TEST,CLUST_0.70_00001,LATE,HSV-1,UNKNOWN,large tegument protein,3108,LATE,0.9999999,True,CORRECT,Q4_Long
CANONICAL_5e8b796cb04e,TRAIN,TEST,CLUST_0.70_00004,IMMEDIATE_EARLY,HSV-2,ICP4,transcriptional regulator ICP4,1469,IMMEDIATE_EARLY,0.9988236,True,CORRECT,Q4_Long
CANONICAL_5ea0b81a4bdf,TRAIN,TEST,CLUST_0.70_00015,LATE,HSV-1,UNKNOWN,envelope glycoprotein C,511,LATE,0.9999993,True,CORRECT,Q3_Medium_High
CANONICAL_5ea4b6691be7,TRAIN,TEST,CLUST_0.70_00004,IMMEDIATE_EARLY,HSV-1,RS1,RS1,1299,IMMEDIATE_EARLY,0.9999063,True,CORRECT,Q3_Medium_High
CANONICAL_5eaa1f74cd7d,TEST,TEST,CLUST_0.70_00030,EARLY,HSV-1,UNKNOWN,thymidine kinase,376,EARLY,0.9980223,True,CORRECT,Q1_Short
CANONICAL_5ebb61bad83f,TRAIN,TEST,CLUST_0.70_00030,EARLY,HSV-2,UNKNOWN,thymidine kinase,376,EARLY,0.9965551,True,CORRECT,Q1_Short
CANONICAL_5ee05b05a8d2,TRAIN,TEST,CLUST_0.70_00004,IMMEDIATE_EARLY,HSV-2,ICP4,transcriptional regulator ICP4,1317,IMMEDIATE_EARLY,0.99997866,True,CORRECT,Q4_Long
CANONICAL_5ef4386b2ebb,TRAIN,TEST,CLUST_0.70_00052,LATE,HSV-1,ICP34,neurovirulence protein ICP34.5,259,LATE,0.9999871,True,CORRECT,Q1_Short
CANONICAL_5ef7b0c965a5,VALIDATION,TEST,CLUST_0.70_00030,EARLY,HSV-1,UNKNOWN,thymidine kinase,376,EARLY,0.9991277,True,CORRECT,Q1_Short
CANONICAL_5f0733cf0ae6,TRAIN,TEST,CLUST_0.70_00015,LATE,HSV-1,UNKNOWN,envelope glycoprotein C,511,LATE,0.9999963,True,CORRECT,Q3_Medium_High
CANONICAL_5f1096223572,TRAIN,TEST,CLUST_0.70_00004,IMMEDIATE_EARLY,HSV-1,RS1,RS1,970,IMMEDIATE_EARLY,0.99040854,True,CORRECT,Q3_Medium_High
CANONICAL_5f4b5ef96cc0,TRAIN,TEST,CLUST_0.70_00015,LATE,HSV-1,UL44,UL44,511,LATE,0.9999994,True,CORRECT,Q3_Medium_High
CANONICAL_5f7df0b1bd2e,TRAIN,TEST,CLUST_0.70_00015,LATE,HSV-1,UL44,UL44,511,LATE,0.99999785,True,CORRECT,Q3_Medium_High
CANONICAL_5fa9e2bfeb7e,VALIDATION,TEST,CLUST_0.70_00071,LATE,HSV-2,UL24,nuclear protein UL24,281,EARLY,0.62335473,False,LATE_PREDICTED_AS_EARLY,Q1_Short
CANONICAL_5fda97bac802,TRAIN,TEST,CLUST_0.70_00037,LATE,HSV-1,US6,US6,394,LATE,0.9999999,True,CORRECT,Q2_Medium_Low
CANONICAL_5ff2ec452f0b,TRAIN,TEST,CLUST_0.70_00001,LATE,HSV-2,UL36,UL36,3089,LATE,0.9999975,True,CORRECT,Q4_Long
CANONICAL_60089e080843,TRAIN,TEST,CLUST_0.70_00080,LATE,HSV-2,UL3,nuclear protein UL3,233,LATE,0.5393465,True,CORRECT,Q1_Short
CANONICAL_600e512b53fe,TRAIN,TEST,CLUST_0.70_00071,LATE,HSV-1,UL24,UL24,269,EARLY,0.7115104,False,LATE_PREDICTED_AS_EARLY,Q1_Short
CANONICAL_60287a2d97e7,TEST,TEST,CLUST_0.70_00052,LATE,HSV-1,ICP34,neurovirulence protein ICP34.5,280,LATE,0.99999976,True,CORRECT,Q1_Short
CANONICAL_60342c1cf12b,TEST,TEST,CLUST_0.70_00004,IMMEDIATE_EARLY,HSV-1,RS1,RS1,1297,IMMEDIATE_EARLY,0.9992151,True,CORRECT,Q3_Medium_High
CANONICAL_603b34a51c47,TRAIN,TEST,CLUST_0.70_00051,LATE,HSV-2,ICP34,neurovirulence protein ICP34.5,303,IMMEDIATE_EARLY,0.9436799,False,LATE_PREDICTED_AS_IMMEDIATE_EARLY,Q1_Short
CANONICAL_6044b2886617,TEST,TEST,CLUST_0.70_00015,LATE,HSV-1,UNKNOWN,envelope glycoprotein C,511,LATE,0.99999356,True,CORRECT,Q3_Medium_High
CANONICAL_6044fd13e1ee,TRAIN,TEST,CLUST_0.70_00052,LATE,HSV-1,RL1,RL1,238,LATE,0.9997322,True,CORRECT,Q1_Short
CANONICAL_605eeb1f7e66,TEST,TEST,CLUST_0.70_00052,LATE,HSV-1,ICP34,neurovirulence protein ICP34.5,238,LATE,0.9032915,True,CORRECT,Q1_Short
CANONICAL_606e6ab8b50e,TRAIN,TEST,CLUST_0.70_00009,LATE,HSV-1,UL48,UL48,490,LATE,0.99973255,True,CORRECT,Q2_Medium_Low
CANONICAL_60976cdaaae8,TRAIN,TEST,CLUST_0.70_00009,LATE,HSV-1,UL48,UL48,490,LATE,0.99968505,True,CORRECT,Q2_Medium_Low
CANONICAL_60b014414cd9,TRAIN,TEST,CLUST_0.70_00052,LATE,HSV-1,RL1,RL1,258,LATE,0.9999999,True,CORRECT,Q1_Short
CANONICAL_60b6e172f3d8,TRAIN,TEST,CLUST_0.70_00052,LATE,HSV-1,ICP34,neurovirulence protein ICP34.5,257,LATE,0.9999951,True,CORRECT,Q1_Short
CANONICAL_60c57faac70f,TEST,TEST,CLUST_0.70_00015,LATE,HSV-1,UNKNOWN,envelope glycoprotein C,511,LATE,0.9999974,True,CORRECT,Q3_Medium_High
CANONICAL_60da31f64f3b,VALIDATION,TEST,CLUST_0.70_00004,IMMEDIATE_EARLY,HSV-1,ICP4,transcriptional regulator ICP4,1298,IMMEDIATE_EARLY,0.99818087,True,CORRECT,Q3_Medium_High
CANONICAL_61109bbd867d,VALIDATION,TEST,CLUST_0.70_00004,IMMEDIATE_EARLY,HSV-1,RS1,RS1,1303,IMMEDIATE_EARLY,0.99967635,True,CORRECT,Q4_Long
CANONICAL_611663b2b51b,TRAIN,TEST,CLUST_0.70_00052,LATE,HSV-1,RL1,RL1,269,LATE,0.99999726,True,CORRECT,Q1_Short
CANONICAL_611c9137b614,TRAIN,TEST,CLUST_0.70_00001,LATE,HSV-2,UNKNOWN,large tegument protein,3122,LATE,0.99988663,True,CORRECT,Q4_Long
CANONICAL_6125aba4f73e,TRAIN,TEST,CLUST_0.70_00030,EARLY,HSV-1,UNKNOWN,thymidine kinase,376,EARLY,0.9985936,True,CORRECT,Q1_Short
CANONICAL_612a4cdd89b1,TEST,TEST,CLUST_0.70_00001,LATE,HSV-2,UNKNOWN,large tegument protein,3092,LATE,0.99999654,True,CORRECT,Q4_Long
CANONICAL_612c68916181,TRAIN,TEST,CLUST_0.70_00030,EARLY,HSV-1,UNKNOWN,thymidine kinase,376,EARLY,0.9984463,True,CORRECT,Q1_Short
CANONICAL_613945f1bb3f,TRAIN,TEST,CLUST_0.70_00030,EARLY,HSV-1,UNKNOWN,thymidine kinase,376,EARLY,0.9992779,True,CORRECT,Q1_Short
CANONICAL_61560fd13b30,TRAIN,TEST,CLUST_0.70_00001,LATE,HSV-2,UL36,UL36,3112,LATE,0.9999988,True,CORRECT,Q4_Long
CANONICAL_6159151868f0,TRAIN,TEST,CLUST_0.70_00020,LATE,HSV-2,UNKNOWN,tegument serine/threonine protein kinase,518,LATE,0.9999795,True,CORRECT,Q3_Medium_High
CANONICAL_615debbc9d0f,TRAIN,TEST,CLUST_0.70_00030,EARLY,HSV-2,UNKNOWN,thymidine kinase,376,EARLY,0.9968257,True,CORRECT,Q1_Short
CANONICAL_6170c719bc2e,TRAIN,TEST,CLUST_0.70_00080,LATE,HSV-1,UL3,UL3,224,LATE,0.9990227,True,CORRECT,Q1_Short
CANONICAL_618e42f92346,TRAIN,TEST,CLUST_0.70_00030,EARLY,HSV-1,UL23,UL23,331,EARLY,0.9995845,True,CORRECT,Q1_Short
CANONICAL_61929406f440,TRAIN,TEST,CLUST_0.70_00015,LATE,HSV-1,UL44,UL44,511,LATE,0.9999945,True,CORRECT,Q3_Medium_High
CANONICAL_61d26a9e6115,TRAIN,TEST,CLUST_0.70_00030,EARLY,HSV-2,UL23,UL23,307,LATE,0.99663806,False,EARLY_PREDICTED_AS_LATE,Q1_Short
CANONICAL_61e097d96242,TRAIN,TEST,CLUST_0.70_00004,IMMEDIATE_EARLY,HSV-1,RS1,RS1,1298,IMMEDIATE_EARLY,0.9997527,True,CORRECT,Q3_Medium_High
CANONICAL_61e82c0dd41c,TRAIN,TEST,CLUST_0.70_00004,IMMEDIATE_EARLY,HSV-1,RS1,RS1,1302,IMMEDIATE_EARLY,0.99990153,True,CORRECT,Q3_Medium_High
CANONICAL_61eb61c51b9b,TRAIN,TEST,CLUST_0.70_00015,LATE,HSV-2,UNKNOWN,envelope glycoprotein C,480,LATE,0.9999999,True,CORRECT,Q2_Medium_Low
CANONICAL_6202c6c7220d,TEST,TEST,CLUST_0.70_00030,EARLY,HSV-1,UNKNOWN,thymidine kinase,376,EARLY,0.993911,True,CORRECT,Q1_Short
CANONICAL_62095abdf14a,VALIDATION,TEST,CLUST_0.70_00001,LATE,HSV-1,UL36,UL36,3092,LATE,0.9999999,True,CORRECT,Q4_Long
CANONICAL_621928dae38e,TEST,TEST,CLUST_0.70_00018,LATE,HSV-2,UNKNOWN,envelope glycoprotein E,548,LATE,0.99936825,True,CORRECT,Q3_Medium_High
CANONICAL_621b6f3c73b5,TEST,TEST,CLUST_0.70_00080,LATE,HSV-2,UL3,nuclear protein UL3,233,LATE,0.99120027,True,CORRECT,Q1_Short
CANONICAL_622008684433,TRAIN,TEST,CLUST_0.70_00030,EARLY,HSV-1,UNKNOWN,thymidine kinase,280,EARLY,0.9998362,True,CORRECT,Q1_Short
CANONICAL_6224ee861a69,TRAIN,TEST,CLUST_0.70_00015,LATE,HSV-1,UNKNOWN,envelope glycoprotein C,511,LATE,0.9999962,True,CORRECT,Q3_Medium_High
CANONICAL_62364d98e9e7,VALIDATION,TEST,CLUST_0.70_00030,EARLY,HSV-2,UNKNOWN,thymidine kinase,376,EARLY,0.9959441,True,CORRECT,Q1_Short
CANONICAL_623a3c637ec6,TRAIN,TEST,CLUST_0.70_00080,LATE,HSV-2,UL3,nuclear protein UL3,239,LATE,0.9973525,True,CORRECT,Q1_Short
CANONICAL_624b78697118,TEST,TEST,CLUST_0.70_00004,IMMEDIATE_EARLY,HSV-1,ICP4,transcriptional regulator ICP4,1301,IMMEDIATE_EARLY,0.9995524,True,CORRECT,Q3_Medium_High
CANONICAL_624d7a6ba158,TEST,TEST,CLUST_0.70_00030,EARLY,HSV-1,UNKNOWN,thymidine kinase,376,EARLY,0.9981604,True,CORRECT,Q1_Short
CANONICAL_627632d7919b,TRAIN,TEST,CLUST_0.70_00015,LATE,HSV-2,UNKNOWN,envelope glycoprotein C,480,LATE,1.0,True,CORRECT,Q2_Medium_Low
CANONICAL_6288cc619a22,TEST,TEST,CLUST_0.70_00037,LATE,HSV-1,UNKNOWN,envelope glycoprotein D,394,LATE,0.9999999,True,CORRECT,Q2_Medium_Low
CANONICAL_628d0c381cc1,TRAIN,TEST,CLUST_0.70_00030,EARLY,HSV-1,UNKNOWN,"thymidine kinase, partial",376,EARLY,0.97357,True,CORRECT,Q1_Short
CANONICAL_62c210c3bce7,TEST,TEST,CLUST_0.70_00052,LATE,HSV-1,ICP34,neurovirulence protein ICP34.5,254,LATE,0.9999546,True,CORRECT,Q1_Short
CANONICAL_62d5e8ac2738,TRAIN,TEST,CLUST_0.70_00030,EARLY,HSV-1,UNKNOWN,thymidine kinase,376,EARLY,0.99885464,True,CORRECT,Q1_Short
CANONICAL_62d888668ada,VALIDATION,TEST,CLUST_0.70_00030,EARLY,HSV-2,UNKNOWN,thymidine kinase,376,EARLY,0.9932683,True,CORRECT,Q1_Short
CANONICAL_62e86c96b2f8,TRAIN,TEST,CLUST_0.70_00080,LATE,HSV-2,UL3,nuclear protein UL3,233,EARLY,0.91860944,False,LATE_PREDICTED_AS_EARLY,Q1_Short
CANONICAL_62e96426a91e,TRAIN,TEST,CLUST_0.70_00001,LATE,HSV-1,UNKNOWN,large tegument protein,3139,LATE,0.9999999,True,CORRECT,Q4_Long
CANONICAL_62f036c4113f,TRAIN,TEST,CLUST_0.70_00030,EARLY,HSV-2,UNKNOWN,thymidine kinase,376,EARLY,0.99436605,True,CORRECT,Q1_Short
CANONICAL_62fe3bedc1e6,TRAIN,TEST,CLUST_0.70_00071,LATE,HSV-2,UL24,nuclear protein UL24,281,EARLY,0.83227545,False,LATE_PREDICTED_AS_EARLY,Q1_Short
CANONICAL_631bfc7d5f80,VALIDATION,TEST,CLUST_0.70_00015,LATE,HSV-2,UL44,UL44,480,LATE,1.0,True,CORRECT,Q2_Medium_Low
CANONICAL_6325366d576f,TRAIN,TEST,CLUST_0.70_00001,LATE,HSV-1,UL36,UL36,3074,LATE,0.9999999,True,CORRECT,Q4_Long
CANONICAL_632555d53f06,TEST,TEST,CLUST_0.70_00015,LATE,HSV-1,UNKNOWN,envelope glycoprotein C,511,LATE,0.9999949,True,CORRECT,Q3_Medium_High
CANONICAL_63300cc71ad6,TRAIN,TEST,CLUST_0.70_00015,LATE,HSV-1,UNKNOWN,envelope glycoprotein C,511,LATE,0.9999994,True,CORRECT,Q3_Medium_High
CANONICAL_6339ec26f872,TEST,TEST,CLUST_0.70_00051,LATE,HSV-2,ICP34,neurovirulence protein ICP34.5,307,LATE,0.9999348,True,CORRECT,Q1_Short
CANONICAL_636838bf3545,TEST,TEST,CLUST_0.70_00020,LATE,HSV-2,UNKNOWN,tegument serine/threonine protein kinase,406,LATE,0.9999994,True,CORRECT,Q2_Medium_Low
CANONICAL_637a499f7f69,TEST,TEST,CLUST_0.70_00051,LATE,HSV-2,ICP34,neurovirulence protein ICP34.5,252,LATE,0.99736387,True,CORRECT,Q1_Short
CANONICAL_637c3ab969fe,TRAIN,TEST,CLUST_0.70_00001,LATE,HSV-2,UL36,UL36,3109,LATE,0.99999845,True,CORRECT,Q4_Long
CANONICAL_63b4567e98b0,TRAIN,TEST,CLUST_0.70_00020,LATE,HSV-2,UNKNOWN,tegument serine/threonine protein kinase,518,LATE,0.99998164,True,CORRECT,Q3_Medium_High
CANONICAL_63b952e82be9,TRAIN,TEST,CLUST_0.70_00004,IMMEDIATE_EARLY,HSV-1,RS1,RS1-1,1304,IMMEDIATE_EARLY,0.99975926,True,CORRECT,Q4_Long
CANONICAL_63bc14f8de9b,TRAIN,TEST,CLUST_0.70_00030,EARLY,HSV-2,UNKNOWN,thymidine kinase,376,EARLY,0.99702173,True,CORRECT,Q1_Short
CANONICAL_63beb072a809,TRAIN,TEST,CLUST_0.70_00004,IMMEDIATE_EARLY,HSV-1,RS1,RS1,1296,IMMEDIATE_EARLY,0.9999387,True,CORRECT,Q3_Medium_High
CANONICAL_63c676b24872,TRAIN,TEST,CLUST_0.70_00030,EARLY,HSV-1,UNKNOWN,thymidine kinase,376,EARLY,0.99904567,True,CORRECT,Q1_Short
CANONICAL_63e1fefb4400,TRAIN,TEST,CLUST_0.70_00052,LATE,HSV-2,RL1,RL1,269,LATE,0.99999917,True,CORRECT,Q1_Short
CANONICAL_63eabafac1e5,VALIDATION,TEST,CLUST_0.70_00037,LATE,HSV-1,UNKNOWN,envelope glycoprotein D,237,LATE,0.9934344,True,CORRECT,Q1_Short
CANONICAL_63f1c4e531da,TRAIN,TEST,CLUST_0.70_00030,EARLY,HSV-1,UNKNOWN,thymidine kinase,376,EARLY,0.9993352,True,CORRECT,Q1_Short
CANONICAL_63f234bf8fb2,TRAIN,TEST,CLUST_0.70_00030,EARLY,HSV-2,UNKNOWN,thymidine kinase,375,EARLY,0.9979381,True,CORRECT,Q1_Short
CANONICAL_63fbf5354b1a,TRAIN,TEST,CLUST_0.70_00037,LATE,HSV-2,UNKNOWN,envelope glycoprotein D,393,LATE,0.9999999,True,CORRECT,Q2_Medium_Low
CANONICAL_64089afce2d1,TEST,TEST,CLUST_0.70_00080,LATE,HSV-2,UL3,nuclear protein UL3,233,LATE,0.5622825,True,CORRECT,Q1_Short
CANONICAL_640c49854d9c,TRAIN,TEST,CLUST_0.70_00071,LATE,HSV-2,UL24,nuclear protein UL24,281,LATE,0.6296493,True,CORRECT,Q1_Short
CANONICAL_642cc5543ced,VALIDATION,TEST,CLUST_0.70_00001,LATE,HSV-2,UNKNOWN,large tegument protein,3122,LATE,0.9999987,True,CORRECT,Q4_Long
CANONICAL_644bc467f47c,TRAIN,TEST,CLUST_0.70_00004,IMMEDIATE_EARLY,HSV-2,ICP4,transcriptional regulator ICP4,1313,IMMEDIATE_EARLY,0.99982566,True,CORRECT,Q4_Long
CANONICAL_644d0e7e705b,VALIDATION,TEST,CLUST_0.70_00030,EARLY,HSV-1,UNKNOWN,thymidine kinase,376,EARLY,0.9969503,True,CORRECT,Q1_Short
CANONICAL_645113e42528,TRAIN,TEST,CLUST_0.70_00080,LATE,HSV-2,UL3,nuclear protein UL3,233,LATE,0.69470245,True,CORRECT,Q1_Short
CANONICAL_64622c31e9b2,TEST,TEST,CLUST_0.70_00052,LATE,HSV-1,RL1,RL1,248,LATE,0.99994576,True,CORRECT,Q1_Short
CANONICAL_64669f63d38f,TRAIN,TEST,CLUST_0.70_00018,LATE,HSV-2,UNKNOWN,"envelope glycoprotein E, partial",542,LATE,0.9809748,True,CORRECT,Q3_Medium_High
CANONICAL_646d63841d65,TRAIN,TEST,CLUST_0.70_00001,LATE,HSV-1,UL36,UL36,3082,LATE,0.9999999,True,CORRECT,Q4_Long
CANONICAL_64909a78e196,TRAIN,TEST,CLUST_0.70_00080,LATE,HSV-1,UL3,UL3,224,LATE,0.9989661,True,CORRECT,Q1_Short
CANONICAL_64957e6fb208,TRAIN,TEST,CLUST_0.70_00015,LATE,HSV-1,UNKNOWN,envelope glycoprotein C,511,LATE,0.9999919,True,CORRECT,Q3_Medium_High
CANONICAL_64a8794cdd14,TRAIN,TEST,CLUST_0.70_00001,LATE,HSV-1,UL36,UL36,3114,LATE,0.9999999,True,CORRECT,Q4_Long
CANONICAL_64c0202c1466,TRAIN,TEST,CLUST_0.70_00018,LATE,HSV-1,UNKNOWN,envelope glycoprotein E,550,LATE,0.9997111,True,CORRECT,Q3_Medium_High
CANONICAL_64f6f827b341,TRAIN,TEST,CLUST_0.70_00030,EARLY,HSV-1,UNKNOWN,thymidine kinase,376,EARLY,0.99934715,True,CORRECT,Q1_Short
CANONICAL_6522f5b4f75f,TRAIN,TEST,CLUST_0.70_00004,IMMEDIATE_EARLY,HSV-1,ICP4,transcriptional regulator ICP4,1301,IMMEDIATE_EARLY,0.99980456,True,CORRECT,Q3_Medium_High
CANONICAL_6523db2f9f1f,TRAIN,TEST,CLUST_0.70_00018,LATE,HSV-2,US8,US8,459,LATE,0.9999975,True,CORRECT,Q2_Medium_Low
CANONICAL_653671d1a73a,TRAIN,TEST,CLUST_0.70_00051,LATE,HSV-2,UNKNOWN,tegument protein VP22,302,LATE,0.9998858,True,CORRECT,Q1_Short
CANONICAL_65773c6406a2,TRAIN,TEST,CLUST_0.70_00071,LATE,HSV-1,UL24,nuclear protein UL24,269,EARLY,0.5318768,False,LATE_PREDICTED_AS_EARLY,Q1_Short
CANONICAL_6580d3698461,TRAIN,TEST,CLUST_0.70_00071,LATE,HSV-1,UL24,nuclear protein UL24,269,EARLY,0.61158925,False,LATE_PREDICTED_AS_EARLY,Q1_Short
CANONICAL_658524b1d655,TRAIN,TEST,CLUST_0.70_00015,LATE,HSV-2,UNKNOWN,envelope glycoprotein C,480,LATE,1.0,True,CORRECT,Q2_Medium_Low
CANONICAL_65882e4423c3,TEST,TEST,CLUST_0.70_00004,IMMEDIATE_EARLY,HSV-1,ICP4,transcriptional regulator ICP4,1293,IMMEDIATE_EARLY,0.9997209,True,CORRECT,Q3_Medium_High
CANONICAL_658c9bff7b91,TRAIN,TEST,CLUST_0.70_00001,LATE,HSV-2,UNKNOWN,large tegument protein,3122,LATE,0.99999857,True,CORRECT,Q4_Long
CANONICAL_65a066524a31,TRAIN,TEST,CLUST_0.70_00052,LATE,HSV-1,RL1,RL1 protein,261,LATE,0.9975783,True,CORRECT,Q1_Short
CANONICAL_65a93c082fbd,TEST,TEST,CLUST_0.70_00030,EARLY,HSV-1,UNKNOWN,thymidine kinase,376,EARLY,0.9955148,True,CORRECT,Q1_Short
CANONICAL_65d4fbcd9953,TRAIN,TEST,CLUST_0.70_00004,IMMEDIATE_EARLY,HSV-1,RS1,RS1,1299,IMMEDIATE_EARLY,0.99950826,True,CORRECT,Q3_Medium_High
CANONICAL_65de62352465,TRAIN,TEST,CLUST_0.70_00030,EARLY,HSV-1,UL23,UL23,376,EARLY,0.9994659,True,CORRECT,Q1_Short
CANONICAL_65f28416b34d,TEST,TEST,CLUST_0.70_00030,EARLY,HSV-1,UNKNOWN,thymidine kinase,376,EARLY,0.9995989,True,CORRECT,Q1_Short
CANONICAL_65fdc701a1fe,TRAIN,TEST,CLUST_0.70_00030,EARLY,HSV-2,UL23,UL23,307,LATE,0.96426934,False,EARLY_PREDICTED_AS_LATE,Q1_Short
CANONICAL_6600a67097f0,TRAIN,TEST,CLUST_0.70_00004,IMMEDIATE_EARLY,HSV-2,ICP4,transcriptional regulator ICP4,1317,IMMEDIATE_EARLY,0.9999653,True,CORRECT,Q4_Long
CANONICAL_660e4aed1a52,TRAIN,TEST,CLUST_0.70_00030,EARLY,HSV-1,UNKNOWN,thymidine kinase,376,EARLY,0.99965954,True,CORRECT,Q1_Short
CANONICAL_66149e713f9a,TRAIN,TEST,CLUST_0.70_00001,LATE,HSV-1,UL36,UL36,3116,LATE,0.9999999,True,CORRECT,Q4_Long
CANONICAL_662cee738a76,TRAIN,TEST,CLUST_0.70_00001,LATE,HSV-1,UNKNOWN,large tegument protein,3132,LATE,0.9999999,True,CORRECT,Q4_Long
CANONICAL_66a588579398,TRAIN,TEST,CLUST_0.70_00052,LATE,HSV-1,RL1,RL1,255,LATE,0.9999585,True,CORRECT,Q1_Short
CANONICAL_66a8c07a2f76,TRAIN,TEST,CLUST_0.70_00030,EARLY,HSV-1,UNKNOWN,thymidine kinase,376,EARLY,0.9991466,True,CORRECT,Q1_Short
CANONICAL_66bbc49fd5b3,VALIDATION,TEST,CLUST_0.70_00004,IMMEDIATE_EARLY,HSV-2,ICP4,transcriptional regulator ICP4,1322,IMMEDIATE_EARLY,0.99995816,True,CORRECT,Q4_Long
CANONICAL_66da18424d8c,TRAIN,TEST,CLUST_0.70_00001,LATE,HSV-2,UNKNOWN,large tegument protein,3123,LATE,0.99999845,True,CORRECT,Q4_Long
CANONICAL_66f5e9e1c058,VALIDATION,TEST,CLUST_0.70_00004,IMMEDIATE_EARLY,HSV-1,RS1,RS1-2,858,IMMEDIATE_EARLY,0.99983823,True,CORRECT,Q3_Medium_High
CANONICAL_670f923ef0e0,TRAIN,TEST,CLUST_0.70_00052,LATE,HSV-2,ICP34,neurovirulence protein ICP34.5,307,LATE,0.9999987,True,CORRECT,Q1_Short
CANONICAL_671b692ef211,VALIDATION,TEST,CLUST_0.70_00051,LATE,HSV-2,UNKNOWN,tegument protein VP22,302,LATE,0.9877458,True,CORRECT,Q1_Short
CANONICAL_6728825ab9bb,TRAIN,TEST,CLUST_0.70_00004,IMMEDIATE_EARLY,HSV-1,RS1,RS1,1318,IMMEDIATE_EARLY,0.99973875,True,CORRECT,Q4_Long
CANONICAL_672c1c1d4b4c,TRAIN,TEST,CLUST_0.70_00001,LATE,HSV-1,UNKNOWN,large tegument protein,3139,LATE,0.99999964,True,CORRECT,Q4_Long
CANONICAL_67378fa1a174,VALIDATION,TEST,CLUST_0.70_00030,EARLY,HSV-1,UNKNOWN,"thymidine kinase, partial",352,EARLY,0.99855536,True,CORRECT,Q1_Short
CANONICAL_674121e4c8e6,TRAIN,TEST,CLUST_0.70_00037,LATE,HSV-1,UNKNOWN,envelope glycoprotein D,394,LATE,0.99999976,True,CORRECT,Q2_Medium_Low
CANONICAL_676c6eeb10d5,TEST,TEST,CLUST_0.70_00009,LATE,HSV-2,UL21,tegument protein UL21,532,LATE,0.9999515,True,CORRECT,Q3_Medium_High
CANONICAL_676f09e41588,TRAIN,TEST,CLUST_0.70_00004,IMMEDIATE_EARLY,HSV-1,RS1,RS1,1287,IMMEDIATE_EARLY,0.99964035,True,CORRECT,Q3_Medium_High
CANONICAL_6771f87026c9,TRAIN,TEST,CLUST_0.70_00030,EARLY,HSV-1,UNKNOWN,thymidine kinase,376,EARLY,0.99244165,True,CORRECT,Q1_Short
CANONICAL_6781d73bdf39,TRAIN,TEST,CLUST_0.70_00052,LATE,HSV-1,RL1,RL1,245,LATE,0.9999851,True,CORRECT,Q1_Short
CANONICAL_67831343b8c8,TRAIN,TEST,CLUST_0.70_00030,EARLY,HSV-2,UNKNOWN,thymidine kinase,376,EARLY,0.9960347,True,CORRECT,Q1_Short
CANONICAL_67907701520f,TRAIN,TEST,CLUST_0.70_00080,LATE,HSV-2,UL3,nuclear protein UL3,233,EARLY,0.7732895,False,LATE_PREDICTED_AS_EARLY,Q1_Short
CANONICAL_6791a9961435,TRAIN,TEST,CLUST_0.70_00004,IMMEDIATE_EARLY,HSV-1,RS1,"RS1, partial",1077,IMMEDIATE_EARLY,0.9920214,True,CORRECT,Q3_Medium_High
CANONICAL_67d6377b46e1,TRAIN,TEST,CLUST_0.70_00052,LATE,HSV-1,ICP34,neurovirulence protein ICP34.5,246,LATE,0.99994314,True,CORRECT,Q1_Short
CANONICAL_67f0ae988b28,TRAIN,TEST,CLUST_0.70_00051,LATE,HSV-2,ICP34,neurovirulence protein ICP34.5,261,LATE,0.99993896,True,CORRECT,Q1_Short
CANONICAL_681886db98ac,VALIDATION,TEST,CLUST_0.70_00071,LATE,HSV-2,UL24,nuclear protein UL24,281,LATE,0.60699546,True,CORRECT,Q1_Short
CANONICAL_681c4df1daf5,TRAIN,TEST,CLUST_0.70_00004,IMMEDIATE_EARLY,HSV-1,RS1,RS1,1301,IMMEDIATE_EARLY,0.99810886,True,CORRECT,Q3_Medium_High
CANONICAL_6820a2cb89af,TRAIN,TEST,CLUST_0.70_00020,LATE,HSV-1,UNKNOWN,tegument serine/threonine protein kinase,518,LATE,0.9999778,True,CORRECT,Q3_Medium_High
CANONICAL_68449f58e0e6,TRAIN,TEST,CLUST_0.70_00001,LATE,HSV-1,UL36,UL36,3094,LATE,0.9999999,True,CORRECT,Q4_Long
CANONICAL_684a421c5132,TEST,TEST,CLUST_0.70_00030,EARLY,HSV-1,UNKNOWN,thymidine kinase,376,EARLY,0.9989159,True,CORRECT,Q1_Short
CANONICAL_68573e76b44b,TRAIN,TEST,CLUST_0.70_00020,LATE,HSV-2,UNKNOWN,tegument serine/threonine protein kinase,518,LATE,0.99972683,True,CORRECT,Q3_Medium_High
CANONICAL_6877c292cccc,TRAIN,TEST,CLUST_0.70_00030,EARLY,HSV-1,UNKNOWN,thymidine kinase,376,EARLY,0.9996239,True,CORRECT,Q1_Short
CANONICAL_687fd85b4483,TRAIN,TEST,CLUST_0.70_00004,IMMEDIATE_EARLY,HSV-1,RS1,RS1,1303,IMMEDIATE_EARLY,0.9997174,True,CORRECT,Q4_Long
CANONICAL_688544e107b7,VALIDATION,TEST,CLUST_0.70_00004,IMMEDIATE_EARLY,HSV-1,ICP4,transcriptional regulator ICP4,1295,IMMEDIATE_EARLY,0.99791676,True,CORRECT,Q3_Medium_High
CANONICAL_688823704e45,TRAIN,TEST,CLUST_0.70_00004,IMMEDIATE_EARLY,HSV-1,ICP4,transcriptional regulator ICP4,1301,IMMEDIATE_EARLY,0.9860569,True,CORRECT,Q3_Medium_High
CANONICAL_68b846714ee6,TRAIN,TEST,CLUST_0.70_00004,IMMEDIATE_EARLY,HSV-1,ICP4,transcriptional regulator ICP4,1298,IMMEDIATE_EARLY,0.98127246,True,CORRECT,Q3_Medium_High
CANONICAL_68bdffb31a60,TEST,TEST,CLUST_0.70_00051,LATE,HSV-2,ICP34,ICP34.5 regulation protein,246,LATE,0.99928325,True,CORRECT,Q1_Short
CANONICAL_68da35aaf01e,TRAIN,TEST,CLUST_0.70_00001,LATE,HSV-1,UL36,UL36,3106,LATE,0.99999976,True,CORRECT,Q4_Long
CANONICAL_6902efd6184f,TEST,TEST,CLUST_0.70_00001,LATE,HSV-1,UNKNOWN,large tegument protein,3160,LATE,0.9999999,True,CORRECT,Q4_Long
CANONICAL_691218c3a40e,TRAIN,TEST,CLUST_0.70_00015,LATE,HSV-2,UNKNOWN,envelope glycoprotein C,480,LATE,1.0,True,CORRECT,Q2_Medium_Low
CANONICAL_69136a81b5f8,VALIDATION,TEST,CLUST_0.70_00052,LATE,HSV-1,ICP34,neurovirulence protein ICP34.5,243,LATE,0.99999845,True,CORRECT,Q1_Short
CANONICAL_69209a672993,TRAIN,TEST,CLUST_0.70_00030,EARLY,HSV-2,UNKNOWN,thymidine kinase,376,EARLY,0.9968899,True,CORRECT,Q1_Short
CANONICAL_6943b15ce5cf,TRAIN,TEST,CLUST_0.70_00018,LATE,HSV-1,UNKNOWN,envelope glycoprotein E,550,LATE,0.99984276,True,CORRECT,Q3_Medium_High
CANONICAL_694ca637b673,TRAIN,TEST,CLUST_0.70_00071,LATE,HSV-1,UL24,nuclear protein UL24,269,LATE,0.59006566,True,CORRECT,Q1_Short
CANONICAL_69676bb828d9,TRAIN,TEST,CLUST_0.70_00004,IMMEDIATE_EARLY,HSV-2,ICP4,transcriptional regulator ICP4,1469,IMMEDIATE_EARLY,0.9999653,True,CORRECT,Q4_Long
CANONICAL_6967b5050df1,TRAIN,TEST,CLUST_0.70_00004,IMMEDIATE_EARLY,HSV-1,RS1,RS1,1295,IMMEDIATE_EARLY,0.9969811,True,CORRECT,Q3_Medium_High
CANONICAL_69798e5cbbba,TRAIN,TEST,CLUST_0.70_00030,EARLY,HSV-1,UNKNOWN,thymidine kinase,376,EARLY,0.9995857,True,CORRECT,Q1_Short
CANONICAL_697a2f8d755b,TRAIN,TEST,CLUST_0.70_00015,LATE,HSV-2,UNKNOWN,envelope glycoprotein C,480,LATE,1.0,True,CORRECT,Q2_Medium_Low
CANONICAL_69890bc83800,TRAIN,TEST,CLUST_0.70_00001,LATE,HSV-1,UL36,UL36,3074,LATE,0.9999999,True,CORRECT,Q4_Long
CANONICAL_698ac10e617b,TRAIN,TEST,CLUST_0.70_00018,LATE,HSV-2,US8,US8,459,LATE,0.9999982,True,CORRECT,Q2_Medium_Low
CANONICAL_698fea811033,TEST,TEST,CLUST_0.70_00015,LATE,HSV-1,UNKNOWN,envelope glycoprotein C,511,LATE,0.9999993,True,CORRECT,Q3_Medium_High
CANONICAL_6992e605fa1e,TEST,TEST,CLUST_0.70_00015,LATE,HSV-1,UNKNOWN,envelope glycoprotein C,511,LATE,0.9999949,True,CORRECT,Q3_Medium_High
CANONICAL_699b150c247d,TEST,TEST,CLUST_0.70_00030,EARLY,HSV-1,UNKNOWN,thymidine kinase,376,EARLY,0.9974941,True,CORRECT,Q1_Short
CANONICAL_69bce7aac856,TEST,TEST,CLUST_0.70_00015,LATE,HSV-1,UNKNOWN,envelope glycoprotein C,511,LATE,0.99999857,True,CORRECT,Q3_Medium_High
CANONICAL_69d5baef52a1,TRAIN,TEST,CLUST_0.70_00052,LATE,HSV-1,ICP34,neurovirulence protein ICP34.5,243,LATE,0.9999987,True,CORRECT,Q1_Short
CANONICAL_69d8b6f80a65,VALIDATION,TEST,CLUST_0.70_00004,IMMEDIATE_EARLY,HSV-1,ICP4,transcriptional regulator ICP4,1297,IMMEDIATE_EARLY,0.99817073,True,CORRECT,Q3_Medium_High
CANONICAL_6a13d9cf73a1,TRAIN,TEST,CLUST_0.70_00004,IMMEDIATE_EARLY,HSV-2,ICP4,transcriptional regulator ICP4,1467,IMMEDIATE_EARLY,0.9998853,True,CORRECT,Q4_Long
CANONICAL_6a16922f6a22,TRAIN,TEST,CLUST_0.70_00001,LATE,HSV-1,UL36,UL36,3098,LATE,0.9999999,True,CORRECT,Q4_Long
CANONICAL_6a26aaa46564,TEST,TEST,CLUST_0.70_00001,LATE,HSV-1,UNKNOWN,large tegument protein,3134,LATE,0.99999976,True,CORRECT,Q4_Long
CANONICAL_6a37bca9df8b,TRAIN,TEST,CLUST_0.70_00030,EARLY,HSV-1,UNKNOWN,thymidine kinase,376,EARLY,0.99939597,True,CORRECT,Q1_Short
CANONICAL_6a3eb6092c04,TRAIN,TEST,CLUST_0.70_00001,LATE,HSV-1,UL36,UL36,3088,LATE,0.99999976,True,CORRECT,Q4_Long
CANONICAL_6a4d70c4740a,TRAIN,TEST,CLUST_0.70_00015,LATE,HSV-2,UNKNOWN,envelope glycoprotein C,480,LATE,1.0,True,CORRECT,Q2_Medium_Low
CANONICAL_6a54c8ec7eb6,TRAIN,TEST,CLUST_0.70_00018,EARLY,HSV-1,UNKNOWN,DNA polymerase processivity subunit,488,EARLY,0.9844497,True,CORRECT,Q2_Medium_Low
CANONICAL_6a5a26ab9aca,VALIDATION,TEST,CLUST_0.70_00030,EARLY,HSV-1,UL23,UL23,331,EARLY,0.9998216,True,CORRECT,Q1_Short
CANONICAL_6ac288ae355b,VALIDATION,TEST,CLUST_0.70_00004,IMMEDIATE_EARLY,HSV-2,ICP4,transcriptional regulator ICP4,1318,IMMEDIATE_EARLY,0.9999759,True,CORRECT,Q4_Long
CANONICAL_6ad1917a19e4,TRAIN,TEST,CLUST_0.70_00051,LATE,HSV-2,UL46,UL46,217,LATE,0.99968076,True,CORRECT,Q1_Short
CANONICAL_6ae126e6481a,TRAIN,TEST,CLUST_0.70_00004,IMMEDIATE_EARLY,HSV-2,ICP4,transcriptional regulator ICP4,1318,IMMEDIATE_EARLY,0.99997866,True,CORRECT,Q4_Long
CANONICAL_6aeeddfe7f0f,TRAIN,TEST,CLUST_0.70_00071,LATE,HSV-2,UL24,UL24,281,LATE,0.7291843,True,CORRECT,Q1_Short
CANONICAL_6b13e6e7b769,TRAIN,TEST,CLUST_0.70_00037,LATE,HSV-1,UNKNOWN,envelope glycoprotein D,394,LATE,0.9999999,True,CORRECT,Q2_Medium_Low
CANONICAL_6b33ddba5c3a,TRAIN,TEST,CLUST_0.70_00015,LATE,HSV-1,UNKNOWN,envelope glycoprotein C,511,LATE,0.9999957,True,CORRECT,Q3_Medium_High
CANONICAL_6b435518ffdf,TEST,TEST,CLUST_0.70_00052,LATE,HSV-2,RL1,RL1,258,LATE,0.99967957,True,CORRECT,Q1_Short
CANONICAL_6b5a36e6be67,TRAIN,TEST,CLUST_0.70_00004,IMMEDIATE_EARLY,HSV-1,ICP4,transcriptional regulator ICP4,1299,IMMEDIATE_EARLY,0.9998615,True,CORRECT,Q3_Medium_High
CANONICAL_6b6fd5d88501,TRAIN,TEST,CLUST_0.70_00030,EARLY,HSV-1,UNKNOWN,thymidine kinase,376,EARLY,0.9998235,True,CORRECT,Q1_Short
CANONICAL_6b724aefa3fc,TRAIN,TEST,CLUST_0.70_00052,LATE,HSV-1,ICP34,neurovirulence protein ICP34.5,248,LATE,0.9999039,True,CORRECT,Q1_Short
CANONICAL_6b8028e2d106,TRAIN,TEST,CLUST_0.70_00001,LATE,HSV-2,UNKNOWN,large tegument protein,3122,LATE,0.99999845,True,CORRECT,Q4_Long
CANONICAL_6b94709bd564,TRAIN,TEST,CLUST_0.70_00030,EARLY,HSV-2,UNKNOWN,thymidine kinase,376,EARLY,0.99820685,True,CORRECT,Q1_Short
CANONICAL_6baf6f4d9b1c,TRAIN,TEST,CLUST_0.70_00001,LATE,HSV-1,UNKNOWN,large tegument protein,3168,LATE,0.9999999,True,CORRECT,Q4_Long
CANONICAL_6bd22eb2583e,TEST,TEST,CLUST_0.70_00030,EARLY,HSV-1,UNKNOWN,thymidine kinase,376,EARLY,0.99662435,True,CORRECT,Q1_Short
CANONICAL_6bd2feb845dc,TRAIN,TEST,CLUST_0.70_00001,LATE,HSV-1,UNKNOWN,large tegument protein,3168,LATE,0.9999999,True,CORRECT,Q4_Long
CANONICAL_6be023da95c3,TEST,TEST,CLUST_0.70_00004,IMMEDIATE_EARLY,HSV-1,RS1,RS1,1296,IMMEDIATE_EARLY,0.9998079,True,CORRECT,Q3_Medium_High
CANONICAL_6bfa586ddb41,TRAIN,TEST,CLUST_0.70_00001,LATE,HSV-1,UL36,UL36,3098,LATE,0.99999976,True,CORRECT,Q4_Long
CANONICAL_6c1f24093e1b,VALIDATION,TEST,CLUST_0.70_00030,EARLY,HSV-1,UNKNOWN,thymidine kinase,376,EARLY,0.9983278,True,CORRECT,Q1_Short
CANONICAL_6c44e541d0a7,TRAIN,TEST,CLUST_0.70_00001,LATE,HSV-2,UL36,UL36,3086,LATE,0.99999654,True,CORRECT,Q4_Long
CANONICAL_6c981861873e,TRAIN,TEST,CLUST_0.70_00030,EARLY,HSV-2,UNKNOWN,thymidine kinase,390,EARLY,0.9989422,True,CORRECT,Q2_Medium_Low
CANONICAL_6cc1074d2d5b,VALIDATION,TEST,CLUST_0.70_00051,LATE,HSV-2,ICP34,neurovirulence protein ICP34.5,252,LATE,0.9990963,True,CORRECT,Q1_Short
CANONICAL_6ccd5c2f9a65,TRAIN,TEST,CLUST_0.70_00020,LATE,HSV-2,UNKNOWN,tegument serine/threonine protein kinase,518,LATE,0.9998559,True,CORRECT,Q3_Medium_High
CANONICAL_6cd1ce9b5c92,TEST,TEST,CLUST_0.70_00004,IMMEDIATE_EARLY,HSV-1,RS1,RS1-1,1297,IMMEDIATE_EARLY,0.99981946,True,CORRECT,Q3_Medium_High
CANONICAL_6cd6f3d927f9,VALIDATION,TEST,CLUST_0.70_00004,IMMEDIATE_EARLY,HSV-1,ICP4,transcriptional regulator ICP4,1295,IMMEDIATE_EARLY,0.999703,True,CORRECT,Q3_Medium_High
CANONICAL_6ce0dd320c26,TRAIN,TEST,CLUST_0.70_00051,LATE,HSV-2,ICP34,ICP34.5,249,LATE,0.99956924,True,CORRECT,Q1_Short
CANONICAL_6ce9891754a3,TRAIN,TEST,CLUST_0.70_00030,EARLY,HSV-1,UNKNOWN,thymidine kinase,376,EARLY,0.99914145,True,CORRECT,Q1_Short
CANONICAL_6cfe47377666,TRAIN,TEST,CLUST_0.70_00052,LATE,HSV-1,ICP34,neurovirulence protein ICP34.5,259,LATE,0.99995184,True,CORRECT,Q1_Short
CANONICAL_6d0f748f441c,TRAIN,TEST,CLUST_0.70_00037,LATE,HSV-1,UNKNOWN,envelope glycoprotein D,394,LATE,0.9999999,True,CORRECT,Q2_Medium_Low
CANONICAL_6d124262a09b,TRAIN,TEST,CLUST_0.70_00071,LATE,HSV-1,UL24,UL24,269,EARLY,0.66525745,False,LATE_PREDICTED_AS_EARLY,Q1_Short
CANONICAL_6d1ed930f053,TEST,TEST,CLUST_0.70_00030,EARLY,HSV-1,UNKNOWN,thymidine kinase,376,EARLY,0.99873954,True,CORRECT,Q1_Short
CANONICAL_6d24da2e97a6,TRAIN,TEST,CLUST_0.70_00001,LATE,HSV-2,UNKNOWN,large tegument protein,3092,LATE,0.99999833,True,CORRECT,Q4_Long
CANONICAL_6d43cdff7dfe,TRAIN,TEST,CLUST_0.70_00030,EARLY,HSV-1,UNKNOWN,thymidine kinase,376,EARLY,0.99971336,True,CORRECT,Q1_Short
CANONICAL_6d50970597ed,TEST,TEST,CLUST_0.70_00015,LATE,HSV-1,UNKNOWN,envelope glycoprotein C,511,LATE,0.99999976,True,CORRECT,Q3_Medium_High
CANONICAL_6d5d405c1364,TEST,TEST,CLUST_0.70_00030,EARLY,HSV-2,UNKNOWN,thymidine kinase,376,EARLY,0.99938047,True,CORRECT,Q1_Short
CANONICAL_6d5dfdd55f81,TRAIN,TEST,CLUST_0.70_00071,LATE,HSV-2,UL24,nuclear protein UL24,281,LATE,0.5887905,True,CORRECT,Q1_Short
CANONICAL_6d6e1941ad73,TRAIN,TEST,CLUST_0.70_00001,LATE,HSV-1,UL36,UL36,3082,LATE,0.9999999,True,CORRECT,Q4_Long
CANONICAL_6d91f18b644d,TRAIN,TEST,CLUST_0.70_00004,IMMEDIATE_EARLY,HSV-2,ICP4,transcriptional regulator ICP4,1308,IMMEDIATE_EARLY,0.99998784,True,CORRECT,Q4_Long
CANONICAL_6db3ed2b881f,TRAIN,TEST,CLUST_0.70_00020,LATE,HSV-2,UNKNOWN,tegument serine/threonine protein kinase,518,LATE,0.99990356,True,CORRECT,Q3_Medium_High
CANONICAL_6db5732408ed,TRAIN,TEST,CLUST_0.70_00004,IMMEDIATE_EARLY,HSV-1,RS1,RS1,1297,IMMEDIATE_EARLY,0.9998191,True,CORRECT,Q3_Medium_High
CANONICAL_6dca1c681a7b,TEST,TEST,CLUST_0.70_00018,LATE,HSV-1,UNKNOWN,"glycoprotein E, partial",453,LATE,0.9994311,True,CORRECT,Q2_Medium_Low
CANONICAL_6ddb4bb067b7,TEST,TEST,CLUST_0.70_00018,LATE,HSV-2,UNKNOWN,envelope glycoprotein E,548,LATE,0.9996419,True,CORRECT,Q3_Medium_High
CANONICAL_6dff6389b888,TRAIN,TEST,CLUST_0.70_00001,LATE,HSV-2,UNKNOWN,large tegument protein,3099,LATE,0.9999981,True,CORRECT,Q4_Long
CANONICAL_6e09b23bcbc3,TRAIN,TEST,CLUST_0.70_00001,LATE,HSV-1,UNKNOWN,large tegument protein,3168,LATE,0.9999999,True,CORRECT,Q4_Long
CANONICAL_6e28fcff2db4,TRAIN,TEST,CLUST_0.70_00037,LATE,HSV-1,UNKNOWN,envelope glycoprotein D,394,LATE,0.99999976,True,CORRECT,Q2_Medium_Low
CANONICAL_6e41f46955f4,TRAIN,TEST,CLUST_0.70_00001,LATE,HSV-1,UNKNOWN,large tegument protein,3120,LATE,0.9999999,True,CORRECT,Q4_Long
CANONICAL_6e5e48f54a04,TRAIN,TEST,CLUST_0.70_00018,LATE,HSV-2,UNKNOWN,envelope glycoprotein E,548,LATE,0.8336544,True,CORRECT,Q3_Medium_High
CANONICAL_6e6a6f991077,TRAIN,TEST,CLUST_0.70_00071,LATE,HSV-1,UL24,nuclear protein UL24,269,EARLY,0.68637866,False,LATE_PREDICTED_AS_EARLY,Q1_Short
CANONICAL_6e6d0d8c264e,TEST,TEST,CLUST_0.70_00052,LATE,HSV-1,RL1,RL1,247,LATE,0.99996436,True,CORRECT,Q1_Short
CANONICAL_6e9f4e4df91b,VALIDATION,TEST,CLUST_0.70_00004,IMMEDIATE_EARLY,HSV-1,RS1,RS1,1295,IMMEDIATE_EARLY,0.9995048,True,CORRECT,Q3_Medium_High
CANONICAL_6eb52b3759b3,TRAIN,TEST,CLUST_0.70_00015,LATE,HSV-2,UNKNOWN,envelope glycoprotein C,563,LATE,1.0,True,CORRECT,Q3_Medium_High
CANONICAL_6ecd7e9936ec,VALIDATION,TEST,CLUST_0.70_00001,LATE,HSV-1,UL36,UL36,3084,LATE,0.99999976,True,CORRECT,Q4_Long
CANONICAL_6ecdd782edbf,TRAIN,TEST,CLUST_0.70_00052,LATE,HSV-1,RL1,RL1,243,LATE,0.99999964,True,CORRECT,Q1_Short
CANONICAL_6eed21f603b8,VALIDATION,TEST,CLUST_0.70_00015,LATE,HSV-2,UNKNOWN,envelope glycoprotein C,480,LATE,0.9999999,True,CORRECT,Q2_Medium_Low
CANONICAL_6ef29b5a54bd,TRAIN,TEST,CLUST_0.70_00030,EARLY,HSV-1,UNKNOWN,Thymidine kinase,331,EARLY,0.99838567,True,CORRECT,Q1_Short
CANONICAL_6efb553c3680,TRAIN,TEST,CLUST_0.70_00018,EARLY,HSV-1,UL42,UL42,488,EARLY,0.93836975,True,CORRECT,Q2_Medium_Low
CANONICAL_6f1617e1a5af,TEST,TEST,CLUST_0.70_00018,LATE,HSV-2,UNKNOWN,envelope glycoprotein E,548,LATE,0.999551,True,CORRECT,Q3_Medium_High
CANONICAL_6f1df0b92b10,TRAIN,TEST,CLUST_0.70_00001,LATE,HSV-2,UNKNOWN,large tegument protein,3121,LATE,0.9999981,True,CORRECT,Q4_Long
CANONICAL_6f43c06a698b,VALIDATION,TEST,CLUST_0.70_00004,IMMEDIATE_EARLY,HSV-1,RS1,RS1,1299,IMMEDIATE_EARLY,0.9999006,True,CORRECT,Q3_Medium_High
CANONICAL_6f4bf17e2193,TRAIN,TEST,CLUST_0.70_00001,LATE,HSV-1,UNKNOWN,large tegument protein,3069,LATE,0.99999976,True,CORRECT,Q4_Long
CANONICAL_6f52ffb0ea14,TRAIN,TEST,CLUST_0.70_00071,LATE,HSV-2,UL24,UL24,281,EARLY,0.5464022,False,LATE_PREDICTED_AS_EARLY,Q1_Short
CANONICAL_6f639bff27a3,TRAIN,TEST,CLUST_0.70_00004,IMMEDIATE_EARLY,HSV-1,ICP4,transcriptional regulator ICP4,1294,IMMEDIATE_EARLY,0.99876666,True,CORRECT,Q3_Medium_High
CANONICAL_6f7065fd1cb2,TEST,TEST,CLUST_0.70_00004,IMMEDIATE_EARLY,HSV-1,RS1,RS1,1294,IMMEDIATE_EARLY,0.9997341,True,CORRECT,Q3_Medium_High
CANONICAL_6f7756669a19,TRAIN,TEST,CLUST_0.70_00001,LATE,HSV-1,UNKNOWN,large tegument protein,3139,LATE,0.9999999,True,CORRECT,Q4_Long
CANONICAL_6f86c74244f7,TRAIN,TEST,CLUST_0.70_00018,LATE,HSV-2,US8,US8,459,LATE,0.99999774,True,CORRECT,Q2_Medium_Low
CANONICAL_6f8f1c284d26,TRAIN,TEST,CLUST_0.70_00052,LATE,HSV-2,ICP34,neurovirulence protein ICP34.5,251,LATE,0.9989673,True,CORRECT,Q1_Short
CANONICAL_6f8f676dc26c,VALIDATION,TEST,CLUST_0.70_00030,EARLY,HSV-1,UNKNOWN,thymidine kinase,376,EARLY,0.9995377,True,CORRECT,Q1_Short
CANONICAL_6fa36f755b7f,TRAIN,TEST,CLUST_0.70_00001,LATE,HSV-1,UNKNOWN,large tegument protein,3139,LATE,0.9999999,True,CORRECT,Q4_Long
CANONICAL_6fd070890222,TRAIN,TEST,CLUST_0.70_00004,IMMEDIATE_EARLY,HSV-2,ICP4,transcriptional regulator ICP4,1473,IMMEDIATE_EARLY,0.9999342,True,CORRECT,Q4_Long
CANONICAL_6fdee71e7763,TEST,TEST,CLUST_0.70_00071,LATE,HSV-2,UL24,nuclear protein UL24,281,EARLY,0.69361496,False,LATE_PREDICTED_AS_EARLY,Q1_Short
CANONICAL_6feeebcc5fb7,TRAIN,TEST,CLUST_0.70_00051,LATE,HSV-2,UNKNOWN,tegument protein VP22,302,LATE,0.9970132,True,CORRECT,Q1_Short
CANONICAL_6ff300725686,TEST,TEST,CLUST_0.70_00051,LATE,HSV-2,UNKNOWN,tegument protein VP22,302,LATE,0.9998667,True,CORRECT,Q1_Short
CANONICAL_70032371be60,TRAIN,TEST,CLUST_0.70_00030,EARLY,HSV-1,UNKNOWN,thymidine kinase,376,EARLY,0.99553585,True,CORRECT,Q1_Short
CANONICAL_7012d96e0dab,TRAIN,TEST,CLUST_0.70_00001,LATE,HSV-2,UNKNOWN,large tegument protein,3119,LATE,0.99999845,True,CORRECT,Q4_Long
CANONICAL_7014c6bf3f4b,TEST,TEST,CLUST_0.70_00001,LATE,HSV-1,UNKNOWN,large tegument protein,3139,LATE,0.9999999,True,CORRECT,Q4_Long
CANONICAL_705ce25b502e,TRAIN,TEST,CLUST_0.70_00018,LATE,HSV-2,UNKNOWN,envelope glycoprotein E,548,LATE,0.9994549,True,CORRECT,Q3_Medium_High
CANONICAL_7062339bbb0f,TRAIN,TEST,CLUST_0.70_00052,LATE,HSV-1,RL1,RL1-1,250,LATE,0.99998903,True,CORRECT,Q1_Short
CANONICAL_707f334541c5,TRAIN,TEST,CLUST_0.70_00052,LATE,HSV-1,ICP34,neurovirulence protein ICP34.5,237,LATE,0.9999957,True,CORRECT,Q1_Short
CANONICAL_7095dc60896d,TRAIN,TEST,CLUST_0.70_00037,LATE,HSV-2,UNKNOWN,envelope glycoprotein D,394,LATE,1.0,True,CORRECT,Q2_Medium_Low
CANONICAL_70aab3448d0a,TRAIN,TEST,CLUST_0.70_00001,LATE,HSV-2,UNKNOWN,large tegument protein,3122,LATE,0.9999932,True,CORRECT,Q4_Long
CANONICAL_70c72fe3ba09,TRAIN,TEST,CLUST_0.70_00015,LATE,HSV-2,UL44,UL44,480,LATE,1.0,True,CORRECT,Q2_Medium_Low
CANONICAL_70cf6de0ac62,TRAIN,TEST,CLUST_0.70_00001,LATE,HSV-2,UL36,UL36,3112,LATE,0.99999726,True,CORRECT,Q4_Long
CANONICAL_70dc510e3d5d,TRAIN,TEST,CLUST_0.70_00052,LATE,HSV-1,RL1,RL1,249,LATE,0.9997844,True,CORRECT,Q1_Short
CANONICAL_70e436c223f2,TRAIN,TEST,CLUST_0.70_00071,LATE,HSV-2,UL24,nuclear protein UL24,281,LATE,0.64687616,True,CORRECT,Q1_Short
CANONICAL_70f633240043,TRAIN,TEST,CLUST_0.70_00052,LATE,HSV-1,RL1,RL1,257,LATE,0.9999876,True,CORRECT,Q1_Short
CANONICAL_7103b3ced826,TRAIN,TEST,CLUST_0.70_00018,LATE,HSV-1,UNKNOWN,envelope glycoprotein E,546,LATE,0.9999074,True,CORRECT,Q3_Medium_High
CANONICAL_712764d16340,VALIDATION,TEST,CLUST_0.70_00052,LATE,HSV-1,RL1,RL1,246,LATE,0.9999924,True,CORRECT,Q1_Short
CANONICAL_7127a07ffd06,VALIDATION,TEST,CLUST_0.70_00018,LATE,HSV-1,US8,US8,550,LATE,0.9998429,True,CORRECT,Q3_Medium_High
CANONICAL_7146c9ec2bdb,TRAIN,TEST,CLUST_0.70_00071,LATE,HSV-1,UL24,UL24,269,EARLY,0.5488936,False,LATE_PREDICTED_AS_EARLY,Q1_Short
CANONICAL_71604bbc1698,TRAIN,TEST,CLUST_0.70_00004,IMMEDIATE_EARLY,HSV-1,RS1,RS1,1298,IMMEDIATE_EARLY,0.99975675,True,CORRECT,Q3_Medium_High
CANONICAL_7160a556ecb0,TRAIN,TEST,CLUST_0.70_00037,LATE,HSV-2,UNKNOWN,envelope glycoprotein D,393,LATE,0.9999999,True,CORRECT,Q2_Medium_Low
CANONICAL_71721f3f5c24,TRAIN,TEST,CLUST_0.70_00018,LATE,HSV-1,UNKNOWN,envelope glycoprotein E,550,LATE,0.99327266,True,CORRECT,Q3_Medium_High
CANONICAL_7184093d44ed,TRAIN,TEST,CLUST_0.70_00018,LATE,HSV-1,UNKNOWN,envelope glycoprotein E,550,LATE,0.9998511,True,CORRECT,Q3_Medium_High
CANONICAL_71a350e7ce64,TRAIN,TEST,CLUST_0.70_00015,LATE,HSV-1,UNKNOWN,envelope glycoprotein C,511,LATE,0.9999944,True,CORRECT,Q3_Medium_High
CANONICAL_71ab2d5ee512,VALIDATION,TEST,CLUST_0.70_00001,LATE,HSV-1,UNKNOWN,large tegument protein,3106,LATE,0.9999999,True,CORRECT,Q4_Long
CANONICAL_71c33bdf5f35,VALIDATION,TEST,CLUST_0.70_00001,LATE,HSV-2,UNKNOWN,large tegument protein,3122,LATE,0.9999988,True,CORRECT,Q4_Long
CANONICAL_7200e16db42a,TEST,TEST,CLUST_0.70_00052,LATE,HSV-1,RL1,RL1,264,LATE,0.9999862,True,CORRECT,Q1_Short
CANONICAL_72283e882e80,TRAIN,TEST,CLUST_0.70_00037,LATE,HSV-1,US6,US6,394,LATE,0.9999999,True,CORRECT,Q2_Medium_Low
CANONICAL_722b79a1fd75,TRAIN,TEST,CLUST_0.70_00001,LATE,HSV-1,UL36,UL36,3076,LATE,0.9999999,True,CORRECT,Q4_Long
CANONICAL_7234e7c2def3,TRAIN,TEST,CLUST_0.70_00004,IMMEDIATE_EARLY,HSV-1,ICP4,transcriptional regulator ICP4,1302,IMMEDIATE_EARLY,0.9997025,True,CORRECT,Q3_Medium_High
CANONICAL_724520f12eb1,TRAIN,TEST,CLUST_0.70_00004,IMMEDIATE_EARLY,HSV-2,RS1,RS1,1462,IMMEDIATE_EARLY,0.9997408,True,CORRECT,Q4_Long
CANONICAL_726c586f3abe,VALIDATION,TEST,CLUST_0.70_00052,LATE,HSV-1,ICP34,neurovirulence protein ICP34.5,263,LATE,0.99999607,True,CORRECT,Q1_Short
CANONICAL_727079e829d7,TRAIN,TEST,CLUST_0.70_00020,LATE,HSV-2,UNKNOWN,tegument serine/threonine protein kinase,518,LATE,0.99987364,True,CORRECT,Q3_Medium_High
CANONICAL_7275199edefe,TRAIN,TEST,CLUST_0.70_00018,LATE,HSV-2,US8,US8,548,LATE,0.99951875,True,CORRECT,Q3_Medium_High
CANONICAL_727979257446,TEST,TEST,CLUST_0.70_00020,LATE,HSV-1,UNKNOWN,tegument serine/threonine protein kinase,514,LATE,0.99995244,True,CORRECT,Q3_Medium_High
CANONICAL_728c7754d505,VALIDATION,TEST,CLUST_0.70_00015,LATE,HSV-2,UL44,UL44,563,LATE,1.0,True,CORRECT,Q3_Medium_High
CANONICAL_7293404a6950,TRAIN,TEST,CLUST_0.70_00001,LATE,HSV-2,UL36,UL36,3156,LATE,0.99999404,True,CORRECT,Q4_Long
CANONICAL_7299b578878d,TRAIN,TEST,CLUST_0.70_00052,LATE,HSV-1,ICP34,neurovirulence protein ICP34.5,241,LATE,0.9995813,True,CORRECT,Q1_Short
CANONICAL_72a01fb6e948,TEST,TEST,CLUST_0.70_00015,LATE,HSV-2,UNKNOWN,envelope glycoprotein C,480,LATE,1.0,True,CORRECT,Q2_Medium_Low
CANONICAL_72cf0a592992,TRAIN,TEST,CLUST_0.70_00004,IMMEDIATE_EARLY,HSV-2,ICP4,transcriptional regulator ICP4,1318,IMMEDIATE_EARLY,0.9999871,True,CORRECT,Q4_Long
CANONICAL_72d3f4256393,TEST,TEST,CLUST_0.70_00001,LATE,HSV-1,UL36,UL36,3086,LATE,0.99999976,True,CORRECT,Q4_Long
CANONICAL_72e626a6727a,TRAIN,TEST,CLUST_0.70_00018,LATE,HSV-1,US8,US8,550,LATE,0.9997669,True,CORRECT,Q3_Medium_High
CANONICAL_730df7d1ef53,TEST,TEST,CLUST_0.70_00052,LATE,HSV-1,RL1,RL1,248,LATE,0.99995637,True,CORRECT,Q1_Short
CANONICAL_7323946821da,TEST,TEST,CLUST_0.70_00004,IMMEDIATE_EARLY,HSV-1,RS1,RS1-1,1302,IMMEDIATE_EARLY,0.99987173,True,CORRECT,Q3_Medium_High
CANONICAL_732d6fdd7338,TRAIN,TEST,CLUST_0.70_00001,LATE,HSV-2,UNKNOWN,large tegument protein,3122,LATE,0.9999987,True,CORRECT,Q4_Long
CANONICAL_733c194dde65,TRAIN,TEST,CLUST_0.70_00018,EARLY,HSV-1,UL42,UL42,488,EARLY,0.989258,True,CORRECT,Q2_Medium_Low
CANONICAL_734a51dc9af5,TRAIN,TEST,CLUST_0.70_00015,LATE,HSV-2,UNKNOWN,envelope glycoprotein C,480,LATE,1.0,True,CORRECT,Q2_Medium_Low
CANONICAL_734dccadce8b,TRAIN,TEST,CLUST_0.70_00015,LATE,HSV-1,UL44,TPA_asm: UL44 iso1,489,LATE,0.9999993,True,CORRECT,Q2_Medium_Low
CANONICAL_736b342a9a4c,TRAIN,TEST,CLUST_0.70_00001,LATE,HSV-1,UL36,UL36,3124,LATE,0.99999964,True,CORRECT,Q4_Long
CANONICAL_737849b43ef5,VALIDATION,TEST,CLUST_0.70_00052,LATE,HSV-1,ICP34,neurovirulence protein ICP34.5,239,LATE,0.9999831,True,CORRECT,Q1_Short
CANONICAL_737b94240c5a,VALIDATION,TEST,CLUST_0.70_00037,LATE,HSV-1,UNKNOWN,envelope glycoprotein D,359,LATE,1.0,True,CORRECT,Q1_Short
CANONICAL_738a930e746f,TRAIN,TEST,CLUST_0.70_00018,LATE,HSV-2,UNKNOWN,envelope glycoprotein E,548,LATE,0.999398,True,CORRECT,Q3_Medium_High
CANONICAL_7391652a0030,TRAIN,TEST,CLUST_0.70_00020,LATE,HSV-2,UNKNOWN,tegument serine/threonine protein kinase,518,LATE,0.9999224,True,CORRECT,Q3_Medium_High
CANONICAL_73a6228432df,TRAIN,TEST,CLUST_0.70_00052,LATE,HSV-1,ICP34,RecName: Full=Neurovirulence factor ICP34.5; AltName: Full=Infected cell protein 34.5; AltName: Full=protein gamma(1)34.5,263,LATE,0.9999844,True,CORRECT,Q1_Short
CANONICAL_73bed46485db,TRAIN,TEST,CLUST_0.70_00030,EARLY,HSV-1,UNKNOWN,thymidine kinase,376,EARLY,0.998374,True,CORRECT,Q1_Short
CANONICAL_73beee6da3f6,TRAIN,TEST,CLUST_0.70_00051,LATE,HSV-2,ICP34,neurovirulence protein ICP34.5,307,LATE,0.99761677,True,CORRECT,Q1_Short
CANONICAL_73d4c18f7ed4,TRAIN,TEST,CLUST_0.70_00001,LATE,HSV-2,UNKNOWN,large tegument protein,3181,LATE,0.99999106,True,CORRECT,Q4_Long
CANONICAL_73d8da4aaecf,TEST,TEST,CLUST_0.70_00004,IMMEDIATE_EARLY,HSV-1,RS1,RS1,1299,IMMEDIATE_EARLY,0.9995958,True,CORRECT,Q3_Medium_High
CANONICAL_73db103d524c,TRAIN,TEST,CLUST_0.70_00018,EARLY,HSV-1,UL42,UL42,488,EARLY,0.98852694,True,CORRECT,Q2_Medium_Low
CANONICAL_73f713219605,TEST,TEST,CLUST_0.70_00030,EARLY,HSV-1,UNKNOWN,"thymidine kinase, partial",337,EARLY,0.99913895,True,CORRECT,Q1_Short
CANONICAL_7428849f84c2,TRAIN,TEST,CLUST_0.70_00080,LATE,HSV-1,UL3,nuclear protein UL3,224,LATE,0.9986772,True,CORRECT,Q1_Short
CANONICAL_742a9e42f1c5,TRAIN,TEST,CLUST_0.70_00051,LATE,HSV-2,UNKNOWN,tegument protein VP22,302,LATE,0.99136084,True,CORRECT,Q1_Short
CANONICAL_742ed928cd5a,VALIDATION,TEST,CLUST_0.70_00071,LATE,HSV-1,UL24,nuclear protein UL24,269,EARLY,0.59074575,False,LATE_PREDICTED_AS_EARLY,Q1_Short
CANONICAL_7442cdf904eb,TRAIN,TEST,CLUST_0.70_00001,LATE,HSV-1,UL36,UL36,3088,LATE,0.9999999,True,CORRECT,Q4_Long
CANONICAL_74453bcfde15,VALIDATION,TEST,CLUST_0.70_00001,LATE,HSV-1,UNKNOWN,large tegument protein,3111,LATE,0.99999976,True,CORRECT,Q4_Long
CANONICAL_74470e465a75,TRAIN,TEST,CLUST_0.70_00015,LATE,HSV-2,UL44,UL44,548,LATE,1.0,True,CORRECT,Q3_Medium_High
CANONICAL_745a84a3e51c,TRAIN,TEST,CLUST_0.70_00004,IMMEDIATE_EARLY,HSV-2,ICP4,transcriptional regulator ICP4,1318,IMMEDIATE_EARLY,0.99927944,True,CORRECT,Q4_Long
CANONICAL_745bcf2865cf,VALIDATION,TEST,CLUST_0.70_00080,LATE,HSV-2,UL3,nuclear protein UL3,233,LATE,0.60495836,True,CORRECT,Q1_Short
CANONICAL_745e561e380d,TRAIN,TEST,CLUST_0.70_00052,LATE,HSV-1,RL1,RL1,259,LATE,0.9999989,True,CORRECT,Q1_Short
CANONICAL_74636ecceebc,TEST,TEST,CLUST_0.70_00071,LATE,HSV-1,UL24,nuclear protein UL24,269,LATE,0.53390753,True,CORRECT,Q1_Short
CANONICAL_746f0164c478,VALIDATION,TEST,CLUST_0.70_00052,LATE,HSV-1,ICP34,neurovirulence protein ICP34.5,257,LATE,0.99998426,True,CORRECT,Q1_Short
CANONICAL_747be5d4d9ba,TRAIN,TEST,CLUST_0.70_00001,LATE,HSV-2,UNKNOWN,large tegument protein,3122,LATE,0.9999976,True,CORRECT,Q4_Long
CANONICAL_747c5342d764,TRAIN,TEST,CLUST_0.70_00018,EARLY,HSV-1,UL42,UL42,488,EARLY,0.98256826,True,CORRECT,Q2_Medium_Low
CANONICAL_74ab47048d40,VALIDATION,TEST,CLUST_0.70_00030,EARLY,HSV-1,UNKNOWN,thymidine kinase,376,EARLY,0.9994986,True,CORRECT,Q1_Short
CANONICAL_74ac5308bb44,VALIDATION,TEST,CLUST_0.70_00030,EARLY,HSV-2,UNKNOWN,thymidine kinase,376,EARLY,0.99659234,True,CORRECT,Q1_Short
CANONICAL_74d1929268bb,VALIDATION,TEST,CLUST_0.70_00001,LATE,HSV-1,UL36,UL36,3088,LATE,0.9999999,True,CORRECT,Q4_Long
CANONICAL_74e1090c0e5b,TRAIN,TEST,CLUST_0.70_00071,LATE,HSV-1,UL24,UL24,269,EARLY,0.5795513,False,LATE_PREDICTED_AS_EARLY,Q1_Short
CANONICAL_74e2385f027c,TRAIN,TEST,CLUST_0.70_00001,LATE,HSV-1,UNKNOWN,large tegument protein,3139,LATE,0.9999999,True,CORRECT,Q4_Long
CANONICAL_74e270602a24,TEST,TEST,CLUST_0.70_00015,LATE,HSV-2,UL44,UL44,480,LATE,1.0,True,CORRECT,Q2_Medium_Low
CANONICAL_75062a72400b,TRAIN,TEST,CLUST_0.70_00004,IMMEDIATE_EARLY,HSV-2,ICP4,transcriptional regulator ICP4,1314,IMMEDIATE_EARLY,0.9999896,True,CORRECT,Q4_Long
CANONICAL_752b12c7e8ee,TRAIN,TEST,CLUST_0.70_00018,LATE,HSV-2,UNKNOWN,envelope glycoprotein E,548,LATE,0.9995938,True,CORRECT,Q3_Medium_High
CANONICAL_754fc6695bc9,TRAIN,TEST,CLUST_0.70_00004,IMMEDIATE_EARLY,HSV-1,ICP4,transcriptional regulator ICP4,1306,IMMEDIATE_EARLY,0.9997627,True,CORRECT,Q4_Long
CANONICAL_7563f8c51a97,VALIDATION,TEST,CLUST_0.70_00030,EARLY,HSV-1,UNKNOWN,thymidine kinase,376,EARLY,0.997926,True,CORRECT,Q1_Short
CANONICAL_756d0b8d8c53,TRAIN,TEST,CLUST_0.70_00030,EARLY,HSV-2,UL23,UL23,376,EARLY,0.99639744,True,CORRECT,Q1_Short
CANONICAL_7579cff93a5f,TRAIN,TEST,CLUST_0.70_00018,EARLY,HSV-1,UNKNOWN,DNA polymerase processivity subunit,488,EARLY,0.96575856,True,CORRECT,Q2_Medium_Low
CANONICAL_758764f1ba9d,TRAIN,TEST,CLUST_0.70_00015,LATE,HSV-2,UNKNOWN,envelope glycoprotein C,480,LATE,1.0,True,CORRECT,Q2_Medium_Low
CANONICAL_7587adebbd0e,VALIDATION,TEST,CLUST_0.70_00071,LATE,HSV-2,UL24,nuclear protein UL24,281,LATE,0.5431693,True,CORRECT,Q1_Short
CANONICAL_759337157ee7,TRAIN,TEST,CLUST_0.70_00001,LATE,HSV-1,UL36,UL36,3096,LATE,0.99999964,True,CORRECT,Q4_Long
CANONICAL_75a8ad985721,TRAIN,TEST,CLUST_0.70_00071,LATE,HSV-1,UL24,nuclear protein UL24,269,EARLY,0.685928,False,LATE_PREDICTED_AS_EARLY,Q1_Short
CANONICAL_75b0e4520c23,TRAIN,TEST,CLUST_0.70_00004,IMMEDIATE_EARLY,HSV-1,ICP4,transcriptional regulator ICP4,1300,IMMEDIATE_EARLY,0.99983263,True,CORRECT,Q3_Medium_High
CANONICAL_75b4ac9571c6,TRAIN,TEST,CLUST_0.70_00051,LATE,HSV-2,ICP34,neurovirulence protein ICP34.5,307,LATE,0.99998367,True,CORRECT,Q1_Short
CANONICAL_75b7f2b2bca6,TEST,TEST,CLUST_0.70_00001,LATE,HSV-2,UL36,UL36,3079,LATE,0.9999975,True,CORRECT,Q4_Long
CANONICAL_75cba2cf1c7e,TRAIN,TEST,CLUST_0.70_00004,IMMEDIATE_EARLY,HSV-1,RS1,RS1,1302,IMMEDIATE_EARLY,0.99990284,True,CORRECT,Q3_Medium_High
CANONICAL_75cdb4d0a658,TRAIN,TEST,CLUST_0.70_00004,IMMEDIATE_EARLY,HSV-1,ICP4,transcriptional regulator ICP4,1302,IMMEDIATE_EARLY,0.9999014,True,CORRECT,Q3_Medium_High
CANONICAL_75dde33e5030,TRAIN,TEST,CLUST_0.70_00015,LATE,HSV-1,UL44,UL44,360,LATE,1.0,True,CORRECT,Q1_Short
CANONICAL_7601fca43a61,TEST,TEST,CLUST_0.70_00004,IMMEDIATE_EARLY,HSV-2,ICP4,transcriptional regulator ICP4,1313,IMMEDIATE_EARLY,0.9999869,True,CORRECT,Q4_Long
CANONICAL_7606d98c0649,TRAIN,TEST,CLUST_0.70_00004,IMMEDIATE_EARLY,HSV-2,ICP4,transcriptional regulator ICP4,1469,IMMEDIATE_EARLY,0.9937197,True,CORRECT,Q4_Long
CANONICAL_761e85e380d5,TRAIN,TEST,CLUST_0.70_00018,LATE,HSV-1,US8,US8,550,LATE,0.99960846,True,CORRECT,Q3_Medium_High
CANONICAL_763324451a8b,VALIDATION,TEST,CLUST_0.70_00001,LATE,HSV-1,UNKNOWN,large tegument protein,3139,LATE,0.9999999,True,CORRECT,Q4_Long
CANONICAL_76336611832f,TRAIN,TEST,CLUST_0.70_00015,LATE,HSV-1,UL44,UL44,511,LATE,0.9999927,True,CORRECT,Q3_Medium_High
CANONICAL_763807e29e6b,TRAIN,TEST,CLUST_0.70_00001,LATE,HSV-1,UL36,UL36,3153,LATE,0.9999995,True,CORRECT,Q4_Long
CANONICAL_76564b380fc1,TRAIN,TEST,CLUST_0.70_00015,LATE,HSV-1,UNKNOWN,envelope glycoprotein C,511,LATE,0.99999416,True,CORRECT,Q3_Medium_High
CANONICAL_765854ac9fc2,VALIDATION,TEST,CLUST_0.70_00052,LATE,HSV-1,RL1,RL1,259,LATE,0.99999905,True,CORRECT,Q1_Short
CANONICAL_766c61e3d6f5,TRAIN,TEST,CLUST_0.70_00018,LATE,HSV-1,US8,US8,479,LATE,0.99995303,True,CORRECT,Q2_Medium_Low
CANONICAL_7672a670f042,TRAIN,TEST,CLUST_0.70_00052,LATE,HSV-1,RL1,RL1,257,LATE,0.9999958,True,CORRECT,Q1_Short
CANONICAL_767677a6f56c,TRAIN,TEST,CLUST_0.70_00001,LATE,HSV-1,UNKNOWN,large tegument protein,3117,LATE,0.99999976,True,CORRECT,Q4_Long
CANONICAL_7679d6cbb727,TRAIN,TEST,CLUST_0.70_00030,EARLY,HSV-1,UNKNOWN,thymidine kinase,376,EARLY,0.99876654,True,CORRECT,Q1_Short
CANONICAL_76b1ac0199ff,TRAIN,TEST,CLUST_0.70_00030,EARLY,HSV-2,UL23,UL23,307,LATE,0.9727979,False,EARLY_PREDICTED_AS_LATE,Q1_Short
CANONICAL_76b30289bf06,TEST,TEST,CLUST_0.70_00030,EARLY,HSV-2,UNKNOWN,thymidine kinase,376,EARLY,0.9932735,True,CORRECT,Q1_Short
CANONICAL_76bd069d567d,TRAIN,TEST,CLUST_0.70_00051,LATE,HSV-2,ICP34,neurovirulence protein ICP34.5,255,LATE,0.9998647,True,CORRECT,Q1_Short
CANONICAL_76c4146f0c95,TRAIN,TEST,CLUST_0.70_00018,LATE,HSV-2,UNKNOWN,envelope glycoprotein E,548,LATE,0.9993186,True,CORRECT,Q3_Medium_High
CANONICAL_76c9ae077583,TRAIN,TEST,CLUST_0.70_00015,LATE,HSV-1,UNKNOWN,glycoprotein C,511,LATE,0.99999905,True,CORRECT,Q3_Medium_High
CANONICAL_76cc50ca1f6e,TRAIN,TEST,CLUST_0.70_00018,EARLY,HSV-1,UNKNOWN,DNA polymerase processivity subunit,488,EARLY,0.98422813,True,CORRECT,Q2_Medium_Low
CANONICAL_76d5c30f1468,TRAIN,TEST,CLUST_0.70_00015,LATE,HSV-2,UNKNOWN,envelope glycoprotein C,480,LATE,1.0,True,CORRECT,Q2_Medium_Low
CANONICAL_76d799202999,TRAIN,TEST,CLUST_0.70_00030,EARLY,HSV-1,UNKNOWN,thymidine kinase,376,EARLY,0.99873716,True,CORRECT,Q1_Short
CANONICAL_76ecbce579bb,TRAIN,TEST,CLUST_0.70_00020,LATE,HSV-2,UNKNOWN,tegument serine/threonine protein kinase,518,LATE,0.9997135,True,CORRECT,Q3_Medium_High
CANONICAL_76f4e88bd75e,TEST,TEST,CLUST_0.70_00052,LATE,HSV-1,RL1,RL1-2,254,LATE,0.99998915,True,CORRECT,Q1_Short
CANONICAL_77064b1d1c9c,TRAIN,TEST,CLUST_0.70_00004,IMMEDIATE_EARLY,HSV-1,ICP4,transcriptional regulator ICP4,1295,IMMEDIATE_EARLY,0.9998079,True,CORRECT,Q3_Medium_High
CANONICAL_770e3e9e54d5,TRAIN,TEST,CLUST_0.70_00018,LATE,HSV-1,UNKNOWN,envelope glycoprotein E,550,LATE,0.9994942,True,CORRECT,Q3_Medium_High
CANONICAL_77136f754634,TRAIN,TEST,CLUST_0.70_00015,LATE,HSV-1,UNKNOWN,envelope glycoprotein C,511,LATE,0.99999785,True,CORRECT,Q3_Medium_High
CANONICAL_772930b7d914,TRAIN,TEST,CLUST_0.70_00004,IMMEDIATE_EARLY,HSV-1,RS1,RS1,1301,IMMEDIATE_EARLY,0.99982566,True,CORRECT,Q3_Medium_High
CANONICAL_773035c8e0c6,TRAIN,TEST,CLUST_0.70_00001,LATE,HSV-1,UNKNOWN,large tegument protein,3139,LATE,0.9999999,True,CORRECT,Q4_Long
CANONICAL_7737e14ba91a,TRAIN,TEST,CLUST_0.70_00001,LATE,HSV-2,UNKNOWN,large tegument protein,3122,LATE,0.99999857,True,CORRECT,Q4_Long
CANONICAL_77533f3e7661,VALIDATION,TEST,CLUST_0.70_00071,LATE,HSV-2,UL24,UL24,281,LATE,0.74785525,True,CORRECT,Q1_Short
CANONICAL_775f9c346166,TRAIN,TEST,CLUST_0.70_00071,LATE,HSV-1,UL24,UL24,254,LATE,0.61311936,True,CORRECT,Q1_Short
CANONICAL_776b7649161f,TRAIN,TEST,CLUST_0.70_00018,LATE,HSV-2,UNKNOWN,envelope glycoprotein E,545,LATE,0.99797136,True,CORRECT,Q3_Medium_High
CANONICAL_779fe5e68104,TRAIN,TEST,CLUST_0.70_00004,IMMEDIATE_EARLY,HSV-2,ICP4,transcriptional regulator ICP4,1468,IMMEDIATE_EARLY,0.9999862,True,CORRECT,Q4_Long
CANONICAL_77a4888ddfb4,TRAIN,TEST,CLUST_0.70_00004,IMMEDIATE_EARLY,HSV-1,RS1,RS1-1,1302,IMMEDIATE_EARLY,0.9999238,True,CORRECT,Q3_Medium_High
CANONICAL_77ad00f9b549,TRAIN,TEST,CLUST_0.70_00051,IMMEDIATE_EARLY,HSV-1,ICP0,E3 ubiquitin-protein ligase ICP0,173,IMMEDIATE_EARLY,0.98927325,True,CORRECT,Q1_Short
CANONICAL_77afbac9aeda,TEST,TEST,CLUST_0.70_00004,IMMEDIATE_EARLY,HSV-1,ICP4,transcriptional regulator ICP4,1309,IMMEDIATE_EARLY,0.9996524,True,CORRECT,Q4_Long
CANONICAL_77b63ac027cf,TRAIN,TEST,CLUST_0.70_00018,LATE,HSV-1,US8,US8,484,LATE,0.9995957,True,CORRECT,Q2_Medium_Low
CANONICAL_77e1669fd94c,TRAIN,TEST,CLUST_0.70_00001,LATE,HSV-1,UNKNOWN,large tegument protein,3139,LATE,0.9999999,True,CORRECT,Q4_Long
CANONICAL_77f2e156d9d6,TRAIN,TEST,CLUST_0.70_00001,LATE,HSV-2,UL36,UL36,3124,LATE,0.9999933,True,CORRECT,Q4_Long
CANONICAL_780f8fab3cc2,TRAIN,TEST,CLUST_0.70_00004,IMMEDIATE_EARLY,HSV-1,ICP4,transcriptional regulator ICP4,1303,IMMEDIATE_EARLY,0.9998995,True,CORRECT,Q4_Long
CANONICAL_781f4f84640d,TRAIN,TEST,CLUST_0.70_00015,LATE,HSV-2,UNKNOWN,envelope glycoprotein C,480,LATE,1.0,True,CORRECT,Q2_Medium_Low
CANONICAL_7839dcaf6b3a,TRAIN,TEST,CLUST_0.70_00030,EARLY,HSV-1,UNKNOWN,thymidine kinase,376,EARLY,0.99927074,True,CORRECT,Q1_Short
CANONICAL_7895a2d6a430,VALIDATION,TEST,CLUST_0.70_00030,EARLY,HSV-1,UNKNOWN,thymidine kinase,376,EARLY,0.999393,True,CORRECT,Q1_Short
CANONICAL_78b913e85b97,TRAIN,TEST,CLUST_0.70_00004,IMMEDIATE_EARLY,HSV-1,RS1,RS1,1300,IMMEDIATE_EARLY,0.99992156,True,CORRECT,Q3_Medium_High
CANONICAL_78b937a3bbcd,TRAIN,TEST,CLUST_0.70_00001,LATE,HSV-1,UNKNOWN,large tegument protein,3123,LATE,0.9999999,True,CORRECT,Q4_Long
CANONICAL_78cd6e8a4689,TRAIN,TEST,CLUST_0.70_00001,LATE,HSV-2,UNKNOWN,large tegument protein,3123,LATE,0.99999857,True,CORRECT,Q4_Long
CANONICAL_78cfc983ca39,TEST,TEST,CLUST_0.70_00001,LATE,HSV-1,UL36,UL36,3129,LATE,0.9999999,True,CORRECT,Q4_Long
CANONICAL_78e272c83a62,TRAIN,TEST,CLUST_0.70_00030,EARLY,HSV-1,UNKNOWN,thymidine kinase,376,EARLY,0.99889416,True,CORRECT,Q1_Short
CANONICAL_78f94bbf77ac,TRAIN,TEST,CLUST_0.70_00071,LATE,HSV-2,UL24,UL24,281,LATE,0.6200252,True,CORRECT,Q1_Short
CANONICAL_790635127da6,TRAIN,TEST,CLUST_0.70_00018,LATE,HSV-2,UNKNOWN,envelope glycoprotein E,548,LATE,0.99560636,True,CORRECT,Q3_Medium_High
CANONICAL_790685712313,TRAIN,TEST,CLUST_0.70_00071,LATE,HSV-2,UL24,nuclear protein UL24,281,LATE,0.69391143,True,CORRECT,Q1_Short
CANONICAL_790a6b84e4f9,TRAIN,TEST,CLUST_0.70_00018,EARLY,HSV-1,UL42,UL42,488,EARLY,0.9607913,True,CORRECT,Q2_Medium_Low
CANONICAL_79160c506048,TRAIN,TEST,CLUST_0.70_00030,EARLY,HSV-1,UNKNOWN,thymidine kinase,376,EARLY,0.9990526,True,CORRECT,Q1_Short
CANONICAL_792385fe19d1,TRAIN,TEST,CLUST_0.70_00015,LATE,HSV-1,UNKNOWN,envelope glycoprotein C,511,LATE,0.9999974,True,CORRECT,Q3_Medium_High
CANONICAL_792902d2cc05,VALIDATION,TEST,CLUST_0.70_00001,LATE,HSV-1,UL36,UL36,3127,LATE,0.9999999,True,CORRECT,Q4_Long
CANONICAL_792987ab8b86,TRAIN,TEST,CLUST_0.70_00030,EARLY,HSV-2,UNKNOWN,thymidine kinase,376,EARLY,0.9973182,True,CORRECT,Q1_Short
CANONICAL_795501f7fb3e,TRAIN,TEST,CLUST_0.70_00052,LATE,HSV-1,ICP34,neurovirulence protein ICP34.5,248,LATE,0.9999999,True,CORRECT,Q1_Short
CANONICAL_797a133f7b3d,TRAIN,TEST,CLUST_0.70_00030,EARLY,HSV-1,UNKNOWN,thymidine kinase,376,EARLY,0.99937505,True,CORRECT,Q1_Short
CANONICAL_7995dc8f913a,TRAIN,TEST,CLUST_0.70_00071,LATE,HSV-2,UL24,UL24,281,LATE,0.55513436,True,CORRECT,Q1_Short
CANONICAL_79a11c94fdc1,TRAIN,TEST,CLUST_0.70_00001,LATE,HSV-2,UNKNOWN,large tegument protein,3083,LATE,0.99999774,True,CORRECT,Q4_Long
CANONICAL_79c33ae73ab1,TRAIN,TEST,CLUST_0.70_00015,LATE,HSV-1,UNKNOWN,envelope glycoprotein C,511,LATE,0.9999962,True,CORRECT,Q3_Medium_High
CANONICAL_7a1f3713bd6e,VALIDATION,TEST,CLUST_0.70_00015,LATE,HSV-2,UNKNOWN,envelope glycoprotein C,480,LATE,1.0,True,CORRECT,Q2_Medium_Low
CANONICAL_7a26179d1434,TRAIN,TEST,CLUST_0.70_00071,LATE,HSV-2,UL24,nuclear protein UL24,281,LATE,0.9090204,True,CORRECT,Q1_Short
CANONICAL_7a521a1da710,VALIDATION,TEST,CLUST_0.70_00001,LATE,HSV-2,UNKNOWN,large tegument protein,3070,LATE,0.9999379,True,CORRECT,Q4_Long
CANONICAL_7a71566911d4,TEST,TEST,CLUST_0.70_00001,LATE,HSV-1,UL36,UL36,3125,LATE,1.0,True,CORRECT,Q4_Long
CANONICAL_7ab19854a2fb,VALIDATION,TEST,CLUST_0.70_00004,IMMEDIATE_EARLY,HSV-1,RS1,RS1-2,1297,IMMEDIATE_EARLY,0.9998173,True,CORRECT,Q3_Medium_High
CANONICAL_7ad4bf761301,TRAIN,TEST,CLUST_0.70_00015,LATE,HSV-1,UNKNOWN,envelope glycoprotein C,511,LATE,0.9999981,True,CORRECT,Q3_Medium_High
CANONICAL_7ad4eddcaf90,TEST,TEST,CLUST_0.70_00030,EARLY,HSV-1,UNKNOWN,thymidine kinase,376,EARLY,0.99873036,True,CORRECT,Q1_Short
CANONICAL_7afa73c44a30,TRAIN,TEST,CLUST_0.70_00004,IMMEDIATE_EARLY,HSV-1,RS1,RS1,1296,IMMEDIATE_EARLY,0.9998299,True,CORRECT,Q3_Medium_High
CANONICAL_7b06550e9c4f,TRAIN,TEST,CLUST_0.70_00001,LATE,HSV-1,UNKNOWN,large tegument protein,3110,LATE,0.9999999,True,CORRECT,Q4_Long
CANONICAL_7b128b187822,VALIDATION,TEST,CLUST_0.70_00030,EARLY,HSV-2,UNKNOWN,thymidine kinase,376,EARLY,0.99569404,True,CORRECT,Q1_Short
CANONICAL_7b19253ab467,TRAIN,TEST,CLUST_0.70_00030,EARLY,HSV-2,UNKNOWN,thymidine kinase,376,EARLY,0.998007,True,CORRECT,Q1_Short
CANONICAL_7b51d7a7cae9,TRAIN,TEST,CLUST_0.70_00037,LATE,HSV-1,UNKNOWN,envelope glycoprotein D,394,LATE,0.9999999,True,CORRECT,Q2_Medium_Low
CANONICAL_7b5457f11ff6,TRAIN,TEST,CLUST_0.70_00030,EARLY,HSV-2,UNKNOWN,thymidine kinase,376,EARLY,0.9988943,True,CORRECT,Q1_Short
CANONICAL_7b57764ce2e4,TRAIN,TEST,CLUST_0.70_00071,LATE,HSV-2,UL24,nuclear protein UL24,222,LATE,0.84366095,True,CORRECT,Q1_Short
CANONICAL_7b786265a0c3,VALIDATION,TEST,CLUST_0.70_00030,EARLY,HSV-1,UNKNOWN,thymidine kinase,376,EARLY,0.998164,True,CORRECT,Q1_Short
CANONICAL_7b816fc844b9,TRAIN,TEST,CLUST_0.70_00030,EARLY,HSV-1,UNKNOWN,thymidine kinase,376,EARLY,0.99523795,True,CORRECT,Q1_Short
CANONICAL_7b843ebfb245,VALIDATION,TEST,CLUST_0.70_00018,LATE,HSV-1,US8,US8,477,LATE,0.9998554,True,CORRECT,Q2_Medium_Low
CANONICAL_7bba0c4959bf,TRAIN,TEST,CLUST_0.70_00030,EARLY,HSV-1,UNKNOWN,thymidine kinase,376,EARLY,0.99972624,True,CORRECT,Q1_Short
CANONICAL_7bc22e566438,VALIDATION,TEST,CLUST_0.70_00004,IMMEDIATE_EARLY,HSV-1,ICP4,transcriptional regulator ICP4,1302,IMMEDIATE_EARLY,0.9998029,True,CORRECT,Q3_Medium_High
CANONICAL_7bc4ea8b9b95,TRAIN,TEST,CLUST_0.70_00030,EARLY,HSV-1,UNKNOWN,thymidine kinase,376,EARLY,0.9985257,True,CORRECT,Q1_Short
CANONICAL_7be5b40be7e2,TRAIN,TEST,CLUST_0.70_00018,EARLY,HSV-1,UNKNOWN,DNA polymerase processivity subunit,488,EARLY,0.9817453,True,CORRECT,Q2_Medium_Low
CANONICAL_7becf65634df,TRAIN,TEST,CLUST_0.70_00004,IMMEDIATE_EARLY,HSV-1,RS1,RS1,1313,IMMEDIATE_EARLY,0.99984324,True,CORRECT,Q4_Long
CANONICAL_7bf4c883ef88,TRAIN,TEST,CLUST_0.70_00018,LATE,HSV-1,UNKNOWN,envelope glycoprotein E,550,LATE,0.99986553,True,CORRECT,Q3_Medium_High
CANONICAL_7c1e2523ab01,VALIDATION,TEST,CLUST_0.70_00071,LATE,HSV-1,UL24,nuclear protein UL24,269,EARLY,0.5322644,False,LATE_PREDICTED_AS_EARLY,Q1_Short
CANONICAL_7c22aab0e4c6,VALIDATION,TEST,CLUST_0.70_00080,LATE,HSV-1,UL3,UL3,224,LATE,0.9989171,True,CORRECT,Q1_Short
CANONICAL_7c2776586928,TEST,TEST,CLUST_0.70_00030,EARLY,HSV-1,UNKNOWN,thymidine kinase,376,EARLY,0.99780875,True,CORRECT,Q1_Short
CANONICAL_7c31782430d8,VALIDATION,TEST,CLUST_0.70_00052,LATE,HSV-1,ICP34,neurovirulence protein ICP34.5,251,LATE,0.999992,True,CORRECT,Q1_Short
CANONICAL_7c65c9f130c3,VALIDATION,TEST,CLUST_0.70_00018,LATE,HSV-1,UNKNOWN,envelope glycoprotein E,550,LATE,0.9998275,True,CORRECT,Q3_Medium_High
CANONICAL_7ca998baf42f,TEST,TEST,CLUST_0.70_00004,IMMEDIATE_EARLY,HSV-2,ICP4,transcriptional regulator ICP4,1468,IMMEDIATE_EARLY,0.9994319,True,CORRECT,Q4_Long
CANONICAL_7cbe4a93059d,TRAIN,TEST,CLUST_0.70_00004,IMMEDIATE_EARLY,HSV-2,ICP4,transcriptional regulator ICP4,1413,IMMEDIATE_EARLY,0.99995506,True,CORRECT,Q4_Long
CANONICAL_7cdea3785be0,TRAIN,TEST,CLUST_0.70_00001,LATE,HSV-2,UNKNOWN,large tegument protein,3122,LATE,0.99999845,True,CORRECT,Q4_Long
CANONICAL_7ce7720243a8,TRAIN,TEST,CLUST_0.70_00080,LATE,HSV-1,UL3,UL3,224,LATE,0.998654,True,CORRECT,Q1_Short
CANONICAL_7ce9a264858e,TRAIN,TEST,CLUST_0.70_00001,LATE,HSV-1,UL36,UL36,3086,LATE,0.9999999,True,CORRECT,Q4_Long
CANONICAL_7cea4f3c9933,TRAIN,TEST,CLUST_0.70_00080,LATE,HSV-2,UL3,nuclear protein UL3,233,LATE,0.9963857,True,CORRECT,Q1_Short
CANONICAL_7cf13fc81dde,TRAIN,TEST,CLUST_0.70_00015,LATE,HSV-1,UL44,UL44,511,LATE,0.9999968,True,CORRECT,Q3_Medium_High
CANONICAL_7d1b0940e631,TRAIN,TEST,CLUST_0.70_00030,EARLY,HSV-1,UNKNOWN,thymidine kinase,376,EARLY,0.9993581,True,CORRECT,Q1_Short
CANONICAL_7d351c8a72b0,TEST,TEST,CLUST_0.70_00004,IMMEDIATE_EARLY,HSV-1,RS1,RS1,1302,IMMEDIATE_EARLY,0.99783427,True,CORRECT,Q3_Medium_High
CANONICAL_7d49bef1a298,TRAIN,TEST,CLUST_0.70_00052,LATE,HSV-1,ICP34,neurovirulence protein ICP34.5,241,LATE,0.9999863,True,CORRECT,Q1_Short
CANONICAL_7d4e9842db2e,TRAIN,TEST,CLUST_0.70_00015,LATE,HSV-2,UL44,UL44,333,LATE,1.0,True,CORRECT,Q1_Short
CANONICAL_7d5a6be56174,TRAIN,TEST,CLUST_0.70_00018,LATE,HSV-2,UNKNOWN,envelope glycoprotein E,545,LATE,0.998899,True,CORRECT,Q3_Medium_High
CANONICAL_7d75b3549da0,TEST,TEST,CLUST_0.70_00030,EARLY,HSV-1,UNKNOWN,thymidine kinase,376,EARLY,0.99920017,True,CORRECT,Q1_Short
CANONICAL_7d77af12f57b,VALIDATION,TEST,CLUST_0.70_00018,EARLY,HSV-1,UNKNOWN,DNA polymerase processivity subunit,488,EARLY,0.9895215,True,CORRECT,Q2_Medium_Low
CANONICAL_7d787bf1f311,TRAIN,TEST,CLUST_0.70_00052,LATE,HSV-1,ICP34,neurovirulence protein ICP34.5,238,LATE,0.9999958,True,CORRECT,Q1_Short
CANONICAL_7d7ea71945e2,VALIDATION,TEST,CLUST_0.70_00030,EARLY,HSV-1,UNKNOWN,thymidine kinase,376,EARLY,0.9968196,True,CORRECT,Q1_Short
CANONICAL_7d815dd1943c,TRAIN,TEST,CLUST_0.70_00052,LATE,HSV-1,ICP34,neurovirulence protein ICP34.5,270,LATE,0.9967243,True,CORRECT,Q1_Short
CANONICAL_7d8d7ba42629,TRAIN,TEST,CLUST_0.70_00051,LATE,HSV-2,UNKNOWN,tegument protein VP22,302,LATE,0.99796766,True,CORRECT,Q1_Short
CANONICAL_7d974dd1480b,TRAIN,TEST,CLUST_0.70_00001,LATE,HSV-1,UNKNOWN,large tegument protein,3139,LATE,0.9999999,True,CORRECT,Q4_Long
CANONICAL_7d9b67669d58,TRAIN,TEST,CLUST_0.70_00030,EARLY,HSV-2,UNKNOWN,thymidine kinase,376,EARLY,0.99773115,True,CORRECT,Q1_Short
CANONICAL_7d9d508ddd72,TRAIN,TEST,CLUST_0.70_00030,EARLY,HSV-1,UNKNOWN,thymidine kinase,376,EARLY,0.99236053,True,CORRECT,Q1_Short
CANONICAL_7daa3c7e8f74,TRAIN,TEST,CLUST_0.70_00052,LATE,HSV-1,ICP34,neurovirulence protein ICP34.5,248,LATE,0.744676,True,CORRECT,Q1_Short
CANONICAL_7dc4717787ec,TRAIN,TEST,CLUST_0.70_00020,LATE,HSV-2,UNKNOWN,tegument serine/threonine protein kinase,518,LATE,0.9999627,True,CORRECT,Q3_Medium_High
CANONICAL_7dc4e8429fde,TRAIN,TEST,CLUST_0.70_00004,IMMEDIATE_EARLY,HSV-1,ICP4,transcriptional regulator ICP4,1305,IMMEDIATE_EARLY,0.9997054,True,CORRECT,Q4_Long
CANONICAL_7dccd8467a5e,TRAIN,TEST,CLUST_0.70_00004,IMMEDIATE_EARLY,HSV-1,ICP4,transcriptional regulator ICP4,1298,IMMEDIATE_EARLY,0.99992156,True,CORRECT,Q3_Medium_High
CANONICAL_7dce98b5c0f3,VALIDATION,TEST,CLUST_0.70_00004,IMMEDIATE_EARLY,HSV-2,ICP4,transcriptional regulator ICP4,1449,IMMEDIATE_EARLY,0.99999976,True,CORRECT,Q4_Long
CANONICAL_7de7e9bb7a68,TRAIN,TEST,CLUST_0.70_00015,LATE,HSV-1,UNKNOWN,envelope glycoprotein C,511,LATE,0.99999964,True,CORRECT,Q3_Medium_High
CANONICAL_7e06f592f82b,TRAIN,TEST,CLUST_0.70_00052,LATE,HSV-1,ICP34,neurovirulence protein ICP34.5,248,LATE,0.9999776,True,CORRECT,Q1_Short
CANONICAL_7e442044e4b6,TRAIN,TEST,CLUST_0.70_00037,LATE,HSV-2,UNKNOWN,envelope glycoprotein D,393,LATE,0.9999999,True,CORRECT,Q2_Medium_Low
CANONICAL_7e539a413ba9,TRAIN,TEST,CLUST_0.70_00080,LATE,HSV-1,UL3,UL3,235,LATE,0.9971474,True,CORRECT,Q1_Short
CANONICAL_7e5e055c8a89,TRAIN,TEST,CLUST_0.70_00001,LATE,HSV-1,UNKNOWN,large tegument protein,3139,LATE,0.9999999,True,CORRECT,Q4_Long
CANONICAL_7e63d668f37b,TRAIN,TEST,CLUST_0.70_00030,EARLY,HSV-2,UNKNOWN,thymidine kinase,376,EARLY,0.9963361,True,CORRECT,Q1_Short
CANONICAL_7e70985db422,TEST,TEST,CLUST_0.70_00004,IMMEDIATE_EARLY,HSV-2,ICP4,transcriptional regulator ICP4,1318,IMMEDIATE_EARLY,0.99998796,True,CORRECT,Q4_Long
CANONICAL_7e79ea0d43eb,VALIDATION,TEST,CLUST_0.70_00037,LATE,HSV-2,US6,US6,393,LATE,0.9999999,True,CORRECT,Q2_Medium_Low
CANONICAL_7e8934eab258,TEST,TEST,CLUST_0.70_00004,IMMEDIATE_EARLY,HSV-1,ICP4,transcriptional regulator ICP4,1298,IMMEDIATE_EARLY,0.9997993,True,CORRECT,Q3_Medium_High
CANONICAL_7e8d27bca75b,TRAIN,TEST,CLUST_0.70_00037,LATE,HSV-2,UNKNOWN,envelope glycoprotein D,216,LATE,0.7539276,True,CORRECT,Q1_Short
CANONICAL_7e9ac39418fc,TEST,TEST,CLUST_0.70_00018,LATE,HSV-2,UNKNOWN,glycoprotein E,548,LATE,0.9996791,True,CORRECT,Q3_Medium_High
CANONICAL_7ea837a97174,TEST,TEST,CLUST_0.70_00080,LATE,HSV-1,UL3,nuclear protein UL3,224,LATE,0.99637765,True,CORRECT,Q1_Short
CANONICAL_7eaa12abd7ea,TRAIN,TEST,CLUST_0.70_00015,LATE,HSV-1,UNKNOWN,envelope glycoprotein C,511,LATE,0.9999939,True,CORRECT,Q3_Medium_High
CANONICAL_7ead91e2af01,TRAIN,TEST,CLUST_0.70_00001,LATE,HSV-2,UNKNOWN,large tegument protein,3122,LATE,0.99999833,True,CORRECT,Q4_Long
CANONICAL_7eca4e868712,TRAIN,TEST,CLUST_0.70_00052,LATE,HSV-1,RL1,RL1,245,LATE,0.99997866,True,CORRECT,Q1_Short
CANONICAL_7f351b5e7418,VALIDATION,TEST,CLUST_0.70_00030,EARLY,HSV-1,UL23,UL23,331,EARLY,0.9996892,True,CORRECT,Q1_Short
CANONICAL_7f40b51eba17,TRAIN,TEST,CLUST_0.70_00052,LATE,HSV-1,ICP34,neurovirulence protein ICP34.5,264,LATE,0.9839401,True,CORRECT,Q1_Short
CANONICAL_7f4a140cb8e0,TRAIN,TEST,CLUST_0.70_00018,EARLY,HSV-1,UNKNOWN,DNA polymerase processivity subunit,488,EARLY,0.9728559,True,CORRECT,Q2_Medium_Low
CANONICAL_7f56fda41ced,TRAIN,TEST,CLUST_0.70_00004,IMMEDIATE_EARLY,HSV-1,ICP4,transcriptional regulator ICP4,1297,IMMEDIATE_EARLY,0.99719775,True,CORRECT,Q3_Medium_High
CANONICAL_7f632827d843,TRAIN,TEST,CLUST_0.70_00030,EARLY,HSV-1,UL23,UL23,376,EARLY,0.9987484,True,CORRECT,Q1_Short
CANONICAL_7f7ab26e00ef,TRAIN,TEST,CLUST_0.70_00004,IMMEDIATE_EARLY,HSV-2,ICP4,transcriptional regulator ICP4,1469,IMMEDIATE_EARLY,0.99975544,True,CORRECT,Q4_Long
CANONICAL_7f7f0e20fadf,TEST,TEST,CLUST_0.70_00009,LATE,HSV-1,UL48,UL48,490,LATE,0.9997793,True,CORRECT,Q2_Medium_Low
CANONICAL_7f89d83358ec,TRAIN,TEST,CLUST_0.70_00030,EARLY,HSV-2,UNKNOWN,thymidine kinase,376,EARLY,0.9969553,True,CORRECT,Q1_Short
CANONICAL_7f8aebe59b45,TRAIN,TEST,CLUST_0.70_00001,LATE,HSV-1,UNKNOWN,large tegument protein,3023,LATE,0.9999999,True,CORRECT,Q4_Long
CANONICAL_7fc00fcb9292,TEST,TEST,CLUST_0.70_00030,EARLY,HSV-2,UNKNOWN,thymidine kinase,376,EARLY,0.9964562,True,CORRECT,Q1_Short
CANONICAL_7fc2b92594d2,TRAIN,TEST,CLUST_0.70_00004,IMMEDIATE_EARLY,HSV-2,ICP4,transcriptional regulator ICP4,1473,IMMEDIATE_EARLY,0.9998223,True,CORRECT,Q4_Long
CANONICAL_7ffab21256a0,TEST,TEST,CLUST_0.70_00001,LATE,HSV-1,UL36,UL36,3124,LATE,0.9999995,True,CORRECT,Q4_Long
CANONICAL_801d89110b1f,TRAIN,TEST,CLUST_0.70_00071,LATE,HSV-2,UL24,nuclear protein UL24,281,EARLY,0.96996206,False,LATE_PREDICTED_AS_EARLY,Q1_Short
CANONICAL_802729aa8795,TRAIN,TEST,CLUST_0.70_00080,LATE,HSV-1,UL3,nuclear protein UL3,224,LATE,0.99924505,True,CORRECT,Q1_Short
CANONICAL_803e41355f0f,VALIDATION,TEST,CLUST_0.70_00020,LATE,HSV-2,UNKNOWN,tegument serine/threonine protein kinase,518,LATE,0.9996301,True,CORRECT,Q3_Medium_High
CANONICAL_805c0a25108c,TRAIN,TEST,CLUST_0.70_00030,EARLY,HSV-1,UNKNOWN,thymidine kinase,376,EARLY,0.99678314,True,CORRECT,Q1_Short
CANONICAL_80709f16088e,TRAIN,TEST,CLUST_0.70_00001,LATE,HSV-1,UNKNOWN,large tegument protein,3139,LATE,0.9999999,True,CORRECT,Q4_Long
CANONICAL_8079e7be07e1,TRAIN,TEST,CLUST_0.70_00004,IMMEDIATE_EARLY,HSV-2,ICP4,transcriptional regulator ICP4,1469,IMMEDIATE_EARLY,0.9993692,True,CORRECT,Q4_Long
CANONICAL_807f279537a9,TRAIN,TEST,CLUST_0.70_00030,EARLY,HSV-1,UNKNOWN,thymidine kinase,376,EARLY,0.9996126,True,CORRECT,Q1_Short
CANONICAL_8082ca276c12,TRAIN,TEST,CLUST_0.70_00001,LATE,HSV-1,UNKNOWN,large tegument protein,3139,LATE,0.9999999,True,CORRECT,Q4_Long
CANONICAL_80a1eaf90e3d,TRAIN,TEST,CLUST_0.70_00052,LATE,HSV-1,RL1,RL1,254,LATE,0.9999572,True,CORRECT,Q1_Short
CANONICAL_80a45b71af34,TRAIN,TEST,CLUST_0.70_00037,LATE,HSV-1,US6,US6,394,LATE,0.99999976,True,CORRECT,Q2_Medium_Low
CANONICAL_80ad1e21c085,TRAIN,TEST,CLUST_0.70_00052,LATE,HSV-1,ICP34,neurovirulence protein ICP34.5,248,LATE,0.99481887,True,CORRECT,Q1_Short
CANONICAL_80c6dfdd0b62,VALIDATION,TEST,CLUST_0.70_00030,EARLY,HSV-1,UNKNOWN,thymidine kinase,376,EARLY,0.99881685,True,CORRECT,Q1_Short
CANONICAL_80ca3925be64,TRAIN,TEST,CLUST_0.70_00001,LATE,HSV-2,UL36,UL36,3115,LATE,0.99999857,True,CORRECT,Q4_Long
CANONICAL_80d0e30c6c2b,TRAIN,TEST,CLUST_0.70_00030,EARLY,HSV-1,UNKNOWN,thymidine kinase,376,EARLY,0.9992804,True,CORRECT,Q1_Short
CANONICAL_80ea01bd57c6,TRAIN,TEST,CLUST_0.70_00001,LATE,HSV-1,UL36,UL36,3164,LATE,0.9999995,True,CORRECT,Q4_Long
CANONICAL_80edf1678987,TRAIN,TEST,CLUST_0.70_00009,LATE,HSV-2,UL48,UL48,490,LATE,0.99977106,True,CORRECT,Q2_Medium_Low
CANONICAL_811a6970f0d3,TRAIN,TEST,CLUST_0.70_00030,EARLY,HSV-1,UNKNOWN,thymidine kinase,376,EARLY,0.9995652,True,CORRECT,Q1_Short
CANONICAL_8120d4a6dea9,TRAIN,TEST,CLUST_0.70_00052,LATE,HSV-2,ICP34,neurovirulence protein ICP34.5,307,LATE,0.99958307,True,CORRECT,Q1_Short
CANONICAL_813e591f9920,TRAIN,TEST,CLUST_0.70_00001,LATE,HSV-2,UNKNOWN,large tegument protein,3104,LATE,0.9999982,True,CORRECT,Q4_Long
CANONICAL_815ae2da426c,TRAIN,TEST,CLUST_0.70_00004,IMMEDIATE_EARLY,HSV-2,ICP4,transcriptional regulator ICP4,1315,IMMEDIATE_EARLY,0.99984884,True,CORRECT,Q4_Long
CANONICAL_815b66148297,VALIDATION,TEST,CLUST_0.70_00018,LATE,HSV-2,UNKNOWN,envelope glycoprotein E,548,LATE,0.9991462,True,CORRECT,Q3_Medium_High
CANONICAL_8183fd9881f0,TRAIN,TEST,CLUST_0.70_00001,LATE,HSV-2,UNKNOWN,large tegument protein,3081,LATE,0.9999962,True,CORRECT,Q4_Long
CANONICAL_81848ed23488,TRAIN,TEST,CLUST_0.70_00004,IMMEDIATE_EARLY,HSV-1,RS1,RS1,1298,IMMEDIATE_EARLY,0.99906653,True,CORRECT,Q3_Medium_High
CANONICAL_8188329ee6e0,TRAIN,TEST,CLUST_0.70_00001,LATE,HSV-2,UL36,UL36,3122,LATE,0.9999988,True,CORRECT,Q4_Long
CANONICAL_81a21a62de35,TRAIN,TEST,CLUST_0.70_00001,LATE,HSV-1,UL36,UL36,3076,LATE,0.99999976,True,CORRECT,Q4_Long
CANONICAL_81a63ad8f3e2,TRAIN,TEST,CLUST_0.70_00071,LATE,HSV-2,UL24,nuclear protein UL24,281,EARLY,0.8124426,False,LATE_PREDICTED_AS_EARLY,Q1_Short
CANONICAL_81b3ae543e85,VALIDATION,TEST,CLUST_0.70_00052,LATE,HSV-1,ICP34,neurovirulence protein ICP34.5,248,LATE,1.0,True,CORRECT,Q1_Short
CANONICAL_81b76c8774b8,TEST,TEST,CLUST_0.70_00004,IMMEDIATE_EARLY,HSV-1,ICP4,transcriptional regulator ICP4,1298,IMMEDIATE_EARLY,0.9996743,True,CORRECT,Q3_Medium_High
CANONICAL_81be5849d030,TEST,TEST,CLUST_0.70_00030,EARLY,HSV-1,UNKNOWN,thymidine kinase,376,EARLY,0.999754,True,CORRECT,Q1_Short
CANONICAL_81e44efde6f1,TRAIN,TEST,CLUST_0.70_00004,IMMEDIATE_EARLY,HSV-1,RS1,RS1,1297,IMMEDIATE_EARLY,0.9995459,True,CORRECT,Q3_Medium_High
CANONICAL_81e5ab3e2e08,TRAIN,TEST,CLUST_0.70_00004,IMMEDIATE_EARLY,HSV-2,ICP4,transcriptional regulator ICP4,1411,IMMEDIATE_EARLY,0.9992818,True,CORRECT,Q4_Long
CANONICAL_81e990098a64,TRAIN,TEST,CLUST_0.70_00015,LATE,HSV-1,UL44,UL44,360,LATE,1.0,True,CORRECT,Q1_Short
CANONICAL_81f22204bc79,TRAIN,TEST,CLUST_0.70_00018,LATE,HSV-2,UNKNOWN,envelope glycoprotein E,548,LATE,0.99929965,True,CORRECT,Q3_Medium_High
CANONICAL_81f4215a278f,TRAIN,TEST,CLUST_0.70_00001,LATE,HSV-1,UNKNOWN,large tegument protein,3139,LATE,0.9999999,True,CORRECT,Q4_Long
CANONICAL_820667ed9d50,TRAIN,TEST,CLUST_0.70_00030,EARLY,HSV-1,UNKNOWN,"thymidine kinase, partial",374,EARLY,0.9990011,True,CORRECT,Q1_Short
CANONICAL_8210b81f64c6,TEST,TEST,CLUST_0.70_00004,IMMEDIATE_EARLY,HSV-2,ICP4,transcriptional regulator ICP4,1470,IMMEDIATE_EARLY,0.9999671,True,CORRECT,Q4_Long
CANONICAL_822667639f8c,TRAIN,TEST,CLUST_0.70_00052,LATE,HSV-1,RL1,RL1-2,248,LATE,0.999944,True,CORRECT,Q1_Short
CANONICAL_822cb4a71372,TRAIN,TEST,CLUST_0.70_00030,EARLY,HSV-1,UNKNOWN,thymidine kinase,376,EARLY,0.99912304,True,CORRECT,Q1_Short
CANONICAL_82625ac27974,TRAIN,TEST,CLUST_0.70_00004,IMMEDIATE_EARLY,HSV-2,ICP4,transcriptional regulator ICP4,1317,IMMEDIATE_EARLY,0.9999826,True,CORRECT,Q4_Long
CANONICAL_826de73b306e,TEST,TEST,CLUST_0.70_00030,EARLY,HSV-1,UNKNOWN,thymidine kinase,376,EARLY,0.99933356,True,CORRECT,Q1_Short
CANONICAL_826f2b8f4f1f,VALIDATION,TEST,CLUST_0.70_00030,EARLY,HSV-1,UNKNOWN,thymidine kinase,376,EARLY,0.999252,True,CORRECT,Q1_Short
CANONICAL_8276ae775559,TRAIN,TEST,CLUST_0.70_00004,IMMEDIATE_EARLY,HSV-1,RS1,RS1,1298,IMMEDIATE_EARLY,0.99921155,True,CORRECT,Q3_Medium_High
CANONICAL_827a1416db1c,TRAIN,TEST,CLUST_0.70_00004,IMMEDIATE_EARLY,HSV-1,ICP4,transcriptional regulator ICP4,1297,IMMEDIATE_EARLY,0.9959681,True,CORRECT,Q3_Medium_High
CANONICAL_828fc15c5f03,TRAIN,TEST,CLUST_0.70_00030,EARLY,HSV-1,UL23,UL23,376,EARLY,0.99933016,True,CORRECT,Q1_Short
CANONICAL_829607a7448f,TRAIN,TEST,CLUST_0.70_00018,LATE,HSV-2,US8,US8,459,LATE,0.9999975,True,CORRECT,Q2_Medium_Low
CANONICAL_829c1f288e1a,TEST,TEST,CLUST_0.70_00051,LATE,HSV-2,UNKNOWN,tegument protein VP22,302,LATE,0.9999198,True,CORRECT,Q1_Short
CANONICAL_82ad7f5377d7,TRAIN,TEST,CLUST_0.70_00001,LATE,HSV-2,UNKNOWN,large tegument protein,3121,LATE,0.9999821,True,CORRECT,Q4_Long
CANONICAL_82b96599e47b,VALIDATION,TEST,CLUST_0.70_00030,EARLY,HSV-1,UNKNOWN,thymidine kinase,376,EARLY,0.99954396,True,CORRECT,Q1_Short
CANONICAL_82c57ac0f8aa,TRAIN,TEST,CLUST_0.70_00030,EARLY,HSV-1,UNKNOWN,thymidine kinase,375,EARLY,0.9972466,True,CORRECT,Q1_Short
CANONICAL_82d5538e8e60,TRAIN,TEST,CLUST_0.70_00015,LATE,HSV-1,UNKNOWN,envelope glycoprotein C,511,LATE,0.99999917,True,CORRECT,Q3_Medium_High
CANONICAL_82e631c88398,TEST,TEST,CLUST_0.70_00030,EARLY,HSV-1,UNKNOWN,thymidine kinase,376,EARLY,0.9994374,True,CORRECT,Q1_Short
CANONICAL_82f98edeb1b7,VALIDATION,TEST,CLUST_0.70_00071,LATE,HSV-1,UL24,UL24,269,EARLY,0.6197329,False,LATE_PREDICTED_AS_EARLY,Q1_Short
CANONICAL_83000c207c09,TRAIN,TEST,CLUST_0.70_00030,EARLY,HSV-1,UNKNOWN,thymidine kinase,376,EARLY,0.9997209,True,CORRECT,Q1_Short
CANONICAL_831a7b4d2e65,TRAIN,TEST,CLUST_0.70_00018,LATE,HSV-2,UNKNOWN,envelope glycoprotein E,548,LATE,0.9995265,True,CORRECT,Q3_Medium_High
CANONICAL_831aa72ee203,VALIDATION,TEST,CLUST_0.70_00052,LATE,HSV-2,ICP34,neurovirulence protein ICP34.5,252,LATE,0.99995077,True,CORRECT,Q1_Short
CANONICAL_83390ff8b332,TEST,TEST,CLUST_0.70_00030,EARLY,HSV-1,UNKNOWN,thymidine kinase,376,EARLY,0.9991731,True,CORRECT,Q1_Short
CANONICAL_833d7c12d834,TEST,TEST,CLUST_0.70_00052,LATE,HSV-1,ICP34,neurovirulence protein ICP34.5,242,LATE,0.99999964,True,CORRECT,Q1_Short
CANONICAL_834541599808,TRAIN,TEST,CLUST_0.70_00004,IMMEDIATE_EARLY,HSV-1,RS1,RS1-2,1296,IMMEDIATE_EARLY,0.99986935,True,CORRECT,Q3_Medium_High
CANONICAL_8347a291839a,TRAIN,TEST,CLUST_0.70_00004,IMMEDIATE_EARLY,HSV-2,ICP4,transcriptional regulator ICP4,1315,IMMEDIATE_EARLY,0.99998915,True,CORRECT,Q4_Long
CANONICAL_83500a1080c6,TEST,TEST,CLUST_0.70_00052,LATE,HSV-1,RL1,RL1,227,LATE,0.9999987,True,CORRECT,Q1_Short
CANONICAL_8360c19ae03f,VALIDATION,TEST,CLUST_0.70_00004,IMMEDIATE_EARLY,HSV-2,ICP4,transcriptional regulator ICP4,1467,IMMEDIATE_EARLY,0.9999968,True,CORRECT,Q4_Long
CANONICAL_83638fab49fc,TRAIN,TEST,CLUST_0.70_00004,IMMEDIATE_EARLY,HSV-2,ICP4,transcriptional regulator ICP4,1315,IMMEDIATE_EARLY,0.99998915,True,CORRECT,Q4_Long
CANONICAL_8385249b8353,TEST,TEST,CLUST_0.70_00030,EARLY,HSV-1,UNKNOWN,thymidine kinase,376,EARLY,0.99909675,True,CORRECT,Q1_Short
CANONICAL_838dd7ca4ea8,TRAIN,TEST,CLUST_0.70_00004,IMMEDIATE_EARLY,HSV-2,ICP4,transcriptional regulator ICP4,1313,IMMEDIATE_EARLY,0.9999895,True,CORRECT,Q4_Long
CANONICAL_83d7dd997a43,TRAIN,TEST,CLUST_0.70_00018,LATE,HSV-2,UNKNOWN,glycoprotein E,548,LATE,0.99930954,True,CORRECT,Q3_Medium_High
CANONICAL_83fc89efb3dc,TRAIN,TEST,CLUST_0.70_00030,EARLY,HSV-2,UNKNOWN,thymidine kinase,376,EARLY,0.9984034,True,CORRECT,Q1_Short
CANONICAL_83ff322c28dc,VALIDATION,TEST,CLUST_0.70_00071,LATE,HSV-2,UL24,nuclear protein UL24,281,EARLY,0.5429359,False,LATE_PREDICTED_AS_EARLY,Q1_Short
CANONICAL_8418d238a233,TRAIN,TEST,CLUST_0.70_00004,IMMEDIATE_EARLY,HSV-1,ICP4,"transcriptional regulator ICP4, partial",1233,IMMEDIATE_EARLY,0.9990722,True,CORRECT,Q3_Medium_High
CANONICAL_8421da98adf9,TRAIN,TEST,CLUST_0.70_00004,IMMEDIATE_EARLY,HSV-1,RS1,RS1,1301,IMMEDIATE_EARLY,0.99980146,True,CORRECT,Q3_Medium_High
CANONICAL_84350a83df41,TRAIN,TEST,CLUST_0.70_00080,LATE,HSV-2,UL3,UL3,222,LATE,0.997724,True,CORRECT,Q1_Short
CANONICAL_845124b5d6b9,TEST,TEST,CLUST_0.70_00001,LATE,HSV-1,UL36,UL36,3104,LATE,0.9999999,True,CORRECT,Q4_Long
CANONICAL_8465613c2603,TRAIN,TEST,CLUST_0.70_00052,LATE,HSV-1,ICP34,neurovirulence protein ICP34.5,253,LATE,0.9990859,True,CORRECT,Q1_Short
CANONICAL_847a71205464,TRAIN,TEST,CLUST_0.70_00004,IMMEDIATE_EARLY,HSV-1,RS1,RS1,1304,IMMEDIATE_EARLY,0.99987245,True,CORRECT,Q4_Long
CANONICAL_848767ec209f,TRAIN,TEST,CLUST_0.70_00052,LATE,HSV-1,ICP34,neurovirulence protein ICP34.5,249,LATE,0.9999856,True,CORRECT,Q1_Short
CANONICAL_84ae9d3df199,TRAIN,TEST,CLUST_0.70_00004,IMMEDIATE_EARLY,HSV-1,RS1,RS1-1,1298,IMMEDIATE_EARLY,0.9998317,True,CORRECT,Q3_Medium_High
CANONICAL_84b49cffca1d,TEST,TEST,CLUST_0.70_00052,LATE,HSV-1,ICP34,neurovirulence protein ICP34.5,248,LATE,0.9993862,True,CORRECT,Q1_Short
CANONICAL_84be8bf87080,TRAIN,TEST,CLUST_0.70_00030,EARLY,HSV-1,UNKNOWN,thymidine kinase,376,EARLY,0.9995956,True,CORRECT,Q1_Short
CANONICAL_84ce2e8bf72f,TRAIN,TEST,CLUST_0.70_00020,LATE,HSV-1,UNKNOWN,tegument serine/threonine protein kinase,518,LATE,0.9999721,True,CORRECT,Q3_Medium_High
CANONICAL_84ce92868f60,TEST,TEST,CLUST_0.70_00001,LATE,HSV-2,UL36,UL36,3115,LATE,0.9999988,True,CORRECT,Q4_Long
CANONICAL_84fa8051a830,VALIDATION,TEST,CLUST_0.70_00020,LATE,HSV-2,UNKNOWN,tegument serine/threonine protein kinase,518,LATE,0.99998057,True,CORRECT,Q3_Medium_High
CANONICAL_852cca60f495,TRAIN,TEST,CLUST_0.70_00009,LATE,HSV-1,UL48,UL48,490,LATE,0.9998388,True,CORRECT,Q2_Medium_Low
CANONICAL_8555f0f190b2,TEST,TEST,CLUST_0.70_00030,EARLY,HSV-1,UNKNOWN,thymidine kinase,376,EARLY,0.99974746,True,CORRECT,Q1_Short
CANONICAL_85724b5ee474,TRAIN,TEST,CLUST_0.70_00001,LATE,HSV-2,UNKNOWN,large tegument protein,3118,LATE,0.999998,True,CORRECT,Q4_Long
CANONICAL_857ff1db2093,TRAIN,TEST,CLUST_0.70_00015,LATE,HSV-1,UL44,UL44,511,LATE,0.9999981,True,CORRECT,Q3_Medium_High
CANONICAL_8585ac120e2d,TRAIN,TEST,CLUST_0.70_00015,LATE,HSV-1,UL44,UL44,511,LATE,0.9999994,True,CORRECT,Q3_Medium_High
CANONICAL_8592dfac4417,TEST,TEST,CLUST_0.70_00052,LATE,HSV-1,ICP34,neurovirulence protein ICP34.5,241,LATE,0.9999162,True,CORRECT,Q1_Short
CANONICAL_8592f0f350ba,TRAIN,TEST,CLUST_0.70_00037,LATE,HSV-1,UNKNOWN,"envelope glycoprotein D, partial",212,LATE,0.68443185,True,CORRECT,Q1_Short
CANONICAL_85a57208ab14,TRAIN,TEST,CLUST_0.70_00001,LATE,HSV-1,UNKNOWN,large tegument protein,3076,LATE,0.99999976,True,CORRECT,Q4_Long
CANONICAL_85b8a7a5b121,VALIDATION,TEST,CLUST_0.70_00004,IMMEDIATE_EARLY,HSV-2,ICP4,transcriptional regulator ICP4,1469,IMMEDIATE_EARLY,0.9998198,True,CORRECT,Q4_Long
CANONICAL_85b9d8394485,TEST,TEST,CLUST_0.70_00018,LATE,HSV-1,US8,US8,550,LATE,0.99979025,True,CORRECT,Q3_Medium_High
CANONICAL_85c5a662f5ac,TRAIN,TEST,CLUST_0.70_00030,EARLY,HSV-1,UNKNOWN,thymidine kinase,376,EARLY,0.9974233,True,CORRECT,Q1_Short
CANONICAL_85d40dcfae37,TRAIN,TEST,CLUST_0.70_00030,EARLY,HSV-1,UNKNOWN,thymidine kinase,376,EARLY,0.999567,True,CORRECT,Q1_Short
CANONICAL_85e721abaf61,TRAIN,TEST,CLUST_0.70_00001,LATE,HSV-1,UL36,UL36,3086,LATE,0.9999999,True,CORRECT,Q4_Long
CANONICAL_85ee9784df83,TRAIN,TEST,CLUST_0.70_00018,LATE,HSV-2,UNKNOWN,envelope glycoprotein E,288,LATE,0.9996587,True,CORRECT,Q1_Short
CANONICAL_8623ccabb841,TEST,TEST,CLUST_0.70_00071,LATE,HSV-1,UL24,UL24,269,EARLY,0.5621751,False,LATE_PREDICTED_AS_EARLY,Q1_Short
CANONICAL_862e5fe79f7e,TRAIN,TEST,CLUST_0.70_00020,LATE,HSV-1,UNKNOWN,tegument serine/threonine protein kinase,518,LATE,0.9999726,True,CORRECT,Q3_Medium_High
CANONICAL_86453c2000b9,TRAIN,TEST,CLUST_0.70_00001,LATE,HSV-2,UNKNOWN,large tegument protein,3208,LATE,0.9999701,True,CORRECT,Q4_Long
CANONICAL_8651bc440a72,TRAIN,TEST,CLUST_0.70_00030,EARLY,HSV-1,UNKNOWN,thymidine kinase,376,EARLY,0.9992914,True,CORRECT,Q1_Short
CANONICAL_865f274eafed,TRAIN,TEST,CLUST_0.70_00004,IMMEDIATE_EARLY,HSV-1,ICP4,transcriptional regulator ICP4,1300,IMMEDIATE_EARLY,0.999882,True,CORRECT,Q3_Medium_High
CANONICAL_866e333d0d65,TRAIN,TEST,CLUST_0.70_00051,LATE,HSV-2,ICP34,neurovirulence protein ICP34.5,253,LATE,0.9997372,True,CORRECT,Q1_Short
CANONICAL_8693785c6f44,TRAIN,TEST,CLUST_0.70_00030,EARLY,HSV-1,UNKNOWN,thymidine kinase,376,EARLY,0.99963844,True,CORRECT,Q1_Short
CANONICAL_86b38fc7368c,TRAIN,TEST,CLUST_0.70_00020,LATE,HSV-2,UNKNOWN,tegument serine/threonine protein kinase,518,LATE,0.9999348,True,CORRECT,Q3_Medium_High
CANONICAL_86e90041805d,VALIDATION,TEST,CLUST_0.70_00030,EARLY,HSV-1,UNKNOWN,thymidine kinase,376,EARLY,0.99922895,True,CORRECT,Q1_Short
CANONICAL_86ea5881be7f,TRAIN,TEST,CLUST_0.70_00037,LATE,HSV-1,UNKNOWN,envelope glycoprotein D,394,LATE,0.9999999,True,CORRECT,Q2_Medium_Low
CANONICAL_86fcfdb6030d,TRAIN,TEST,CLUST_0.70_00004,IMMEDIATE_EARLY,HSV-2,ICP4,transcriptional regulator ICP4,1319,IMMEDIATE_EARLY,0.99998736,True,CORRECT,Q4_Long
CANONICAL_86fec5bfc0fc,VALIDATION,TEST,CLUST_0.70_00004,IMMEDIATE_EARLY,HSV-2,ICP4,transcriptional regulator ICP4,1469,IMMEDIATE_EARLY,0.999949,True,CORRECT,Q4_Long
CANONICAL_87008b73c24e,TRAIN,TEST,CLUST_0.70_00052,LATE,HSV-1,ICP34,neurovirulence protein ICP34.5,238,LATE,0.81755334,True,CORRECT,Q1_Short
CANONICAL_87113dde7082,TRAIN,TEST,CLUST_0.70_00052,LATE,HSV-1,ICP34,neurovirulence protein ICP34.5,248,LATE,0.8972257,True,CORRECT,Q1_Short
CANONICAL_875caa175f97,VALIDATION,TEST,CLUST_0.70_00030,EARLY,HSV-2,UNKNOWN,thymidine kinase,376,EARLY,0.99873036,True,CORRECT,Q1_Short
CANONICAL_876542bd9f5b,TRAIN,TEST,CLUST_0.70_00080,LATE,HSV-1,UL3,UL3,224,LATE,0.999213,True,CORRECT,Q1_Short
CANONICAL_878b7bb22431,VALIDATION,TEST,CLUST_0.70_00015,LATE,HSV-2,UNKNOWN,envelope glycoprotein C,480,LATE,1.0,True,CORRECT,Q2_Medium_Low
CANONICAL_87ae9ddbab4e,VALIDATION,TEST,CLUST_0.70_00080,LATE,HSV-2,UL3,nuclear protein UL3,233,LATE,0.7502286,True,CORRECT,Q1_Short
CANONICAL_87aff51795ea,TRAIN,TEST,CLUST_0.70_00037,LATE,HSV-1,UNKNOWN,envelope glycoprotein D,394,LATE,0.99999976,True,CORRECT,Q2_Medium_Low
CANONICAL_87bf65812356,TRAIN,TEST,CLUST_0.70_00001,LATE,HSV-1,UNKNOWN,large tegument protein,3134,LATE,0.9999999,True,CORRECT,Q4_Long
CANONICAL_87c02b493a9e,VALIDATION,TEST,CLUST_0.70_00071,LATE,HSV-2,UL24,nuclear protein UL24,281,EARLY,0.94668114,False,LATE_PREDICTED_AS_EARLY,Q1_Short
CANONICAL_87c832a11a54,TEST,TEST,CLUST_0.70_00020,LATE,HSV-1,UNKNOWN,tegument serine/threonine protein kinase,518,LATE,0.99997413,True,CORRECT,Q3_Medium_High
CANONICAL_87eb4f75b095,VALIDATION,TEST,CLUST_0.70_00030,EARLY,HSV-1,UNKNOWN,thymidine kinase,376,EARLY,0.99883085,True,CORRECT,Q1_Short
CANONICAL_87edecfecd22,TRAIN,TEST,CLUST_0.70_00004,IMMEDIATE_EARLY,HSV-1,ICP4,transcriptional regulator ICP4,1300,IMMEDIATE_EARLY,0.996739,True,CORRECT,Q3_Medium_High
CANONICAL_8805545dd4b5,TRAIN,TEST,CLUST_0.70_00004,IMMEDIATE_EARLY,HSV-1,RS1,RS1,1299,IMMEDIATE_EARLY,0.99961495,True,CORRECT,Q3_Medium_High
CANONICAL_882c811a2aaf,TRAIN,TEST,CLUST_0.70_00052,LATE,HSV-1,ICP34,neurovirulence protein ICP34.5,241,LATE,0.99999905,True,CORRECT,Q1_Short
CANONICAL_885cfc3f8363,TRAIN,TEST,CLUST_0.70_00004,IMMEDIATE_EARLY,HSV-1,ICP4,transcriptional regulator ICP4,1300,IMMEDIATE_EARLY,0.99978286,True,CORRECT,Q3_Medium_High
CANONICAL_888c9e8a6033,TEST,TEST,CLUST_0.70_00052,LATE,HSV-1,RL1,RL1,243,LATE,0.9999974,True,CORRECT,Q1_Short
CANONICAL_889877233982,TRAIN,TEST,CLUST_0.70_00020,LATE,HSV-2,UNKNOWN,tegument serine/threonine protein kinase,411,LATE,0.9999578,True,CORRECT,Q2_Medium_Low
CANONICAL_88c1fbba8986,TEST,TEST,CLUST_0.70_00004,IMMEDIATE_EARLY,HSV-1,ICP4,ICP4,1299,IMMEDIATE_EARLY,0.9993285,True,CORRECT,Q3_Medium_High
CANONICAL_88c72b7b1570,TRAIN,TEST,CLUST_0.70_00001,LATE,HSV-1,UNKNOWN,large tegument protein,3084,LATE,0.99999976,True,CORRECT,Q4_Long
CANONICAL_88ea7ebadf79,TRAIN,TEST,CLUST_0.70_00004,IMMEDIATE_EARLY,HSV-1,ICP4,transcriptional regulator ICP4,1305,IMMEDIATE_EARLY,0.9998072,True,CORRECT,Q4_Long
CANONICAL_88fa8f613aa1,TRAIN,TEST,CLUST_0.70_00030,EARLY,HSV-2,UNKNOWN,thymidine kinase,376,EARLY,0.99427575,True,CORRECT,Q1_Short
CANONICAL_8913c24b9b44,VALIDATION,TEST,CLUST_0.70_00004,IMMEDIATE_EARLY,HSV-1,ICP4,transcriptional regulator ICP4,862,IMMEDIATE_EARLY,0.9999529,True,CORRECT,Q3_Medium_High
CANONICAL_891b1c681e10,TRAIN,TEST,CLUST_0.70_00015,LATE,HSV-1,UL44,UL44,511,LATE,0.99999857,True,CORRECT,Q3_Medium_High
CANONICAL_891dc3f3df68,TRAIN,TEST,CLUST_0.70_00001,LATE,HSV-2,UL36,UL36,3112,LATE,0.9999987,True,CORRECT,Q4_Long
CANONICAL_8927fbc31f68,TRAIN,TEST,CLUST_0.70_00015,LATE,HSV-2,UL44,UL44,480,LATE,1.0,True,CORRECT,Q2_Medium_Low
CANONICAL_89281b331bf3,TRAIN,TEST,CLUST_0.70_00030,EARLY,HSV-1,UNKNOWN,thymidine kinase,376,EARLY,0.9995315,True,CORRECT,Q1_Short
CANONICAL_8943ab1b945d,TRAIN,TEST,CLUST_0.70_00030,EARLY,HSV-1,UNKNOWN,thymidine kinase,376,EARLY,0.99865615,True,CORRECT,Q1_Short
CANONICAL_896b7cdb992b,TEST,TEST,CLUST_0.70_00051,LATE,HSV-2,RL1,"RL1, partial",238,LATE,0.97585106,True,CORRECT,Q1_Short
CANONICAL_8977c5debe25,TRAIN,TEST,CLUST_0.70_00037,LATE,HSV-2,UNKNOWN,envelope glycoprotein D,393,LATE,0.9999999,True,CORRECT,Q2_Medium_Low
CANONICAL_89a76e7993ce,TRAIN,TEST,CLUST_0.70_00018,LATE,HSV-2,UNKNOWN,envelope glycoprotein E,548,LATE,0.99952114,True,CORRECT,Q3_Medium_High
CANONICAL_89b381ea97bb,TRAIN,TEST,CLUST_0.70_00001,LATE,HSV-2,UNKNOWN,large tegument protein,3086,LATE,0.9999975,True,CORRECT,Q4_Long
CANONICAL_89d65cd704be,TRAIN,TEST,CLUST_0.70_00009,LATE,HSV-1,UL48,UL48,490,LATE,0.9996995,True,CORRECT,Q2_Medium_Low
CANONICAL_89e82f5a6272,TRAIN,TEST,CLUST_0.70_00080,LATE,HSV-2,UL3,nuclear protein UL3,233,LATE,0.65049744,True,CORRECT,Q1_Short
CANONICAL_89ee638b7c33,TEST,TEST,CLUST_0.70_00052,LATE,HSV-1,ICP34,neurovirulence protein ICP34.5,247,LATE,0.9999995,True,CORRECT,Q1_Short
CANONICAL_89f2dce5218a,TRAIN,TEST,CLUST_0.70_00020,LATE,HSV-1,UNKNOWN,tegument serine/threonine protein kinase,518,LATE,0.9999682,True,CORRECT,Q3_Medium_High
CANONICAL_89f3a1c102e0,TRAIN,TEST,CLUST_0.70_00004,IMMEDIATE_EARLY,HSV-1,ICP4,transcriptional regulator ICP4,1302,IMMEDIATE_EARLY,0.99985254,True,CORRECT,Q3_Medium_High
CANONICAL_89f9d1cb8783,TRAIN,TEST,CLUST_0.70_00071,LATE,HSV-2,UL24,nuclear protein UL24,281,EARLY,0.6228311,False,LATE_PREDICTED_AS_EARLY,Q1_Short
CANONICAL_8a041447ab10,TRAIN,TEST,CLUST_0.70_00080,LATE,HSV-1,UL3,UL3,224,LATE,0.9990207,True,CORRECT,Q1_Short
CANONICAL_8a0478821266,VALIDATION,TEST,CLUST_0.70_00030,EARLY,HSV-1,UL23,UL23,376,EARLY,0.99955374,True,CORRECT,Q1_Short
CANONICAL_8a07a17d4507,TRAIN,TEST,CLUST_0.70_00015,LATE,HSV-2,UL44,UL44,548,LATE,0.9999994,True,CORRECT,Q3_Medium_High
CANONICAL_8a08bef05ad0,TRAIN,TEST,CLUST_0.70_00052,LATE,HSV-1,ICP34,neurovirulence protein ICP34.5,276,LATE,0.9986272,True,CORRECT,Q1_Short
CANONICAL_8a1b27e0feae,TRAIN,TEST,CLUST_0.70_00015,LATE,HSV-2,UNKNOWN,envelope glycoprotein C,480,LATE,1.0,True,CORRECT,Q2_Medium_Low
CANONICAL_8a3069ed4716,TRAIN,TEST,CLUST_0.70_00080,LATE,HSV-2,UL3,nuclear protein UL3,222,LATE,0.9920453,True,CORRECT,Q1_Short
CANONICAL_8a348496e89a,TEST,TEST,CLUST_0.70_00052,LATE,HSV-1,RL1,RL1,248,LATE,0.99996233,True,CORRECT,Q1_Short
CANONICAL_8a5e18864693,TRAIN,TEST,CLUST_0.70_00030,EARLY,HSV-1,UNKNOWN,thymidine kinase,376,EARLY,0.9991442,True,CORRECT,Q1_Short
CANONICAL_8a639ade5b50,TRAIN,TEST,CLUST_0.70_00020,LATE,HSV-2,UNKNOWN,tegument serine/threonine protein kinase,518,LATE,0.9999809,True,CORRECT,Q3_Medium_High
CANONICAL_8a7f3c8b78c1,TRAIN,TEST,CLUST_0.70_00037,LATE,HSV-2,US6,US6,393,LATE,0.9999999,True,CORRECT,Q2_Medium_Low
CANONICAL_8a978895c44b,TEST,TEST,CLUST_0.70_00080,LATE,HSV-1,UL3,nuclear protein UL3,235,LATE,0.99540627,True,CORRECT,Q1_Short
CANONICAL_8a9d109a710b,TRAIN,TEST,CLUST_0.70_00080,LATE,HSV-2,UL3,nuclear protein UL3,233,LATE,0.99109143,True,CORRECT,Q1_Short
CANONICAL_8ab2c994a52d,TRAIN,TEST,CLUST_0.70_00018,EARLY,HSV-1,UL42,UL42,488,EARLY,0.9820033,True,CORRECT,Q2_Medium_Low
CANONICAL_8ac5adf8af70,TRAIN,TEST,CLUST_0.70_00037,LATE,HSV-2,UNKNOWN,envelope glycoprotein D,393,LATE,0.9999999,True,CORRECT,Q2_Medium_Low
CANONICAL_8acf1c8eebf3,TRAIN,TEST,CLUST_0.70_00001,LATE,HSV-1,UNKNOWN,large tegument protein,3128,LATE,0.9999999,True,CORRECT,Q4_Long
CANONICAL_8acf79734e12,TRAIN,TEST,CLUST_0.70_00030,EARLY,HSV-1,UNKNOWN,thymidine kinase,376,EARLY,0.99889034,True,CORRECT,Q1_Short
CANONICAL_8ad63a6d33fd,TRAIN,TEST,CLUST_0.70_00037,LATE,HSV-2,UNKNOWN,envelope glycoprotein D,393,LATE,0.9999999,True,CORRECT,Q2_Medium_Low
CANONICAL_8add24d501d2,TRAIN,TEST,CLUST_0.70_00030,EARLY,HSV-1,UNKNOWN,thymidine kinase,376,EARLY,0.99833953,True,CORRECT,Q1_Short
CANONICAL_8ae0a07c6223,TEST,TEST,CLUST_0.70_00030,EARLY,HSV-1,UL23,UL23,331,EARLY,0.9989472,True,CORRECT,Q1_Short
CANONICAL_8aeda4f81f1d,TRAIN,TEST,CLUST_0.70_00015,LATE,HSV-2,UNKNOWN,envelope glycoprotein C,480,LATE,1.0,True,CORRECT,Q2_Medium_Low
CANONICAL_8afcc1c52df2,TEST,TEST,CLUST_0.70_00030,EARLY,HSV-1,UNKNOWN,thymidine kinase,376,EARLY,0.9993598,True,CORRECT,Q1_Short
CANONICAL_8b115eb61485,TRAIN,TEST,CLUST_0.70_00080,LATE,HSV-1,UL3,UL3,224,LATE,0.9991142,True,CORRECT,Q1_Short
CANONICAL_8b12f4d86a2f,TEST,TEST,CLUST_0.70_00004,IMMEDIATE_EARLY,HSV-1,ICP4,transcriptional regulator ICP4,1300,IMMEDIATE_EARLY,0.99966526,True,CORRECT,Q3_Medium_High
CANONICAL_8b1f0bd4e6f6,TEST,TEST,CLUST_0.70_00015,LATE,HSV-1,UL44,UL44,511,LATE,0.99998534,True,CORRECT,Q3_Medium_High
CANONICAL_8b243ec12ebf,TRAIN,TEST,CLUST_0.70_00052,LATE,HSV-1,ICP34,neurovirulence protein ICP34.5,248,LATE,0.99999344,True,CORRECT,Q1_Short
CANONICAL_8b26a92d89d6,VALIDATION,TEST,CLUST_0.70_00018,LATE,HSV-1,US8,US8,477,LATE,0.99994004,True,CORRECT,Q2_Medium_Low
CANONICAL_8b51cd41a18f,VALIDATION,TEST,CLUST_0.70_00004,IMMEDIATE_EARLY,HSV-2,ICP4,transcriptional regulator ICP4,1407,IMMEDIATE_EARLY,0.9999995,True,CORRECT,Q4_Long
CANONICAL_8baaad5de164,VALIDATION,TEST,CLUST_0.70_00071,LATE,HSV-1,UL24,nuclear protein UL24,269,EARLY,0.5373155,False,LATE_PREDICTED_AS_EARLY,Q1_Short
CANONICAL_8bdf45c1aa74,VALIDATION,TEST,CLUST_0.70_00030,EARLY,HSV-1,UNKNOWN,thymidine kinase,376,EARLY,0.9992587,True,CORRECT,Q1_Short
CANONICAL_8be73e488218,TRAIN,TEST,CLUST_0.70_00015,LATE,HSV-1,UNKNOWN,envelope glycoprotein C,511,LATE,0.9999933,True,CORRECT,Q3_Medium_High
CANONICAL_8be86fea3807,TRAIN,TEST,CLUST_0.70_00004,IMMEDIATE_EARLY,HSV-2,ICP4,transcriptional regulator ICP4,1411,IMMEDIATE_EARLY,0.99992526,True,CORRECT,Q4_Long
CANONICAL_8bf3bfca26ff,TRAIN,TEST,CLUST_0.70_00004,IMMEDIATE_EARLY,HSV-1,ICP4,transcriptional regulator ICP4,1296,IMMEDIATE_EARLY,0.9999155,True,CORRECT,Q3_Medium_High
CANONICAL_8c1351254f42,TRAIN,TEST,CLUST_0.70_00004,IMMEDIATE_EARLY,HSV-2,ICP4,transcriptional regulator ICP4,1476,IMMEDIATE_EARLY,0.99998355,True,CORRECT,Q4_Long
CANONICAL_8c2020ec974e,TRAIN,TEST,CLUST_0.70_00015,LATE,HSV-1,UNKNOWN,envelope glycoprotein C,511,LATE,0.99999964,True,CORRECT,Q3_Medium_High
CANONICAL_8c46bbd40d8d,TRAIN,TEST,CLUST_0.70_00030,EARLY,HSV-1,UNKNOWN,thymidine kinase,376,EARLY,0.99888927,True,CORRECT,Q1_Short
CANONICAL_8c50213a87fd,TRAIN,TEST,CLUST_0.70_00037,LATE,HSV-1,UNKNOWN,envelope glycoprotein D,394,LATE,0.9999999,True,CORRECT,Q2_Medium_Low
CANONICAL_8c5dca4f9475,VALIDATION,TEST,CLUST_0.70_00015,LATE,HSV-1,UNKNOWN,envelope glycoprotein C,511,LATE,0.9999982,True,CORRECT,Q3_Medium_High
CANONICAL_8c6d7dd2c17f,TEST,TEST,CLUST_0.70_00004,IMMEDIATE_EARLY,HSV-2,ICP4,transcriptional regulator ICP4,1469,IMMEDIATE_EARLY,0.9991559,True,CORRECT,Q4_Long
CANONICAL_8c80314404bc,TRAIN,TEST,CLUST_0.70_00051,LATE,HSV-2,UNKNOWN,tegument protein VP22,302,LATE,0.9971673,True,CORRECT,Q1_Short
CANONICAL_8c86f8b3931b,TEST,TEST,CLUST_0.70_00015,LATE,HSV-1,UL44,UL44,511,LATE,0.99999774,True,CORRECT,Q3_Medium_High
CANONICAL_8c960ff1e150,TRAIN,TEST,CLUST_0.70_00030,EARLY,HSV-1,UNKNOWN,thymidine kinase,376,EARLY,0.9944944,True,CORRECT,Q1_Short
CANONICAL_8cabe99152a0,TRAIN,TEST,CLUST_0.70_00080,LATE,HSV-1,UL3,UL3,235,LATE,0.99597114,True,CORRECT,Q1_Short
CANONICAL_8cb119b589ed,TRAIN,TEST,CLUST_0.70_00015,LATE,HSV-1,UL44,UL44,511,LATE,0.99999857,True,CORRECT,Q3_Medium_High
CANONICAL_8cb9bc2bdf56,TRAIN,TEST,CLUST_0.70_00004,IMMEDIATE_EARLY,HSV-1,ICP4,"transcriptional regulator ICP4, partial",1183,IMMEDIATE_EARLY,0.99788517,True,CORRECT,Q3_Medium_High
CANONICAL_8cba67c581eb,TEST,TEST,CLUST_0.70_00018,LATE,HSV-2,UNKNOWN,envelope glycoprotein E,548,LATE,0.99937636,True,CORRECT,Q3_Medium_High
CANONICAL_8cc13d80c2e6,VALIDATION,TEST,CLUST_0.70_00037,LATE,HSV-2,US6,US6,267,LATE,0.9999999,True,CORRECT,Q1_Short
CANONICAL_8cc95b5749b0,TRAIN,TEST,CLUST_0.70_00004,IMMEDIATE_EARLY,HSV-1,RS1,RS1-1,1303,IMMEDIATE_EARLY,0.99984217,True,CORRECT,Q4_Long
CANONICAL_8cce4828df34,TRAIN,TEST,CLUST_0.70_00037,LATE,HSV-1,UNKNOWN,envelope glycoprotein D,394,LATE,0.9999999,True,CORRECT,Q2_Medium_Low
CANONICAL_8cfd7b0fb035,VALIDATION,TEST,CLUST_0.70_00004,IMMEDIATE_EARLY,HSV-1,ICP4,transcriptional regulator ICP4,1302,IMMEDIATE_EARLY,0.9998988,True,CORRECT,Q3_Medium_High
CANONICAL_8d04728c4ce2,TEST,TEST,CLUST_0.70_00004,IMMEDIATE_EARLY,HSV-1,ICP4,transcriptional regulator ICP4,1303,IMMEDIATE_EARLY,0.99988127,True,CORRECT,Q4_Long
CANONICAL_8d0967ab7cb7,VALIDATION,TEST,CLUST_0.70_00004,IMMEDIATE_EARLY,HSV-2,ICP4,transcriptional regulator ICP4,1471,IMMEDIATE_EARLY,0.99983466,True,CORRECT,Q4_Long
CANONICAL_8d2a2f127646,TRAIN,TEST,CLUST_0.70_00052,LATE,HSV-1,RL1,RL1,247,LATE,0.9999995,True,CORRECT,Q1_Short
CANONICAL_8d4297ecd8af,TEST,TEST,CLUST_0.70_00001,LATE,HSV-2,UL36,UL36,3124,LATE,0.99999857,True,CORRECT,Q4_Long
CANONICAL_8d4800f39a6f,TRAIN,TEST,CLUST_0.70_00004,IMMEDIATE_EARLY,HSV-1,RS1,RS1,1298,IMMEDIATE_EARLY,0.9990947,True,CORRECT,Q3_Medium_High
CANONICAL_8d4b38c7a764,TRAIN,TEST,CLUST_0.70_00015,LATE,HSV-1,UL44,UL44,360,LATE,1.0,True,CORRECT,Q1_Short
CANONICAL_8d851b70abd1,TEST,TEST,CLUST_0.70_00030,EARLY,HSV-1,UNKNOWN,thymidine kinase,376,EARLY,0.99957997,True,CORRECT,Q1_Short
CANONICAL_8dab2a5d5a9c,TRAIN,TEST,CLUST_0.70_00015,LATE,HSV-2,UNKNOWN,envelope glycoprotein C,480,LATE,0.9999999,True,CORRECT,Q2_Medium_Low
CANONICAL_8dbf2c4a5c51,VALIDATION,TEST,CLUST_0.70_00009,LATE,HSV-1,UL48,TPA_asm: UL48,490,LATE,0.99980444,True,CORRECT,Q2_Medium_Low
CANONICAL_8dd7cb6fc27d,TRAIN,TEST,CLUST_0.70_00020,LATE,HSV-1,UNKNOWN,tegument serine/threonine protein kinase,518,LATE,0.9999715,True,CORRECT,Q3_Medium_High
CANONICAL_8ddeb25f8422,TRAIN,TEST,CLUST_0.70_00030,EARLY,HSV-1,UNKNOWN,thymidine kinase,376,EARLY,0.99676704,True,CORRECT,Q1_Short
CANONICAL_8de13334ad0d,TRAIN,TEST,CLUST_0.70_00030,EARLY,HSV-1,UL23,UL23,376,EARLY,0.9993999,True,CORRECT,Q1_Short
CANONICAL_8de22a32cdb8,TRAIN,TEST,CLUST_0.70_00052,LATE,HSV-1,RL1,RL1-1,248,LATE,0.999997,True,CORRECT,Q1_Short
CANONICAL_8e000029e6b6,TRAIN,TEST,CLUST_0.70_00052,LATE,HSV-1,RL1,RL1,248,LATE,0.9999993,True,CORRECT,Q1_Short
CANONICAL_8e0402d5b1bb,TEST,TEST,CLUST_0.70_00004,IMMEDIATE_EARLY,HSV-2,ICP4,transcriptional regulator ICP4,1466,IMMEDIATE_EARLY,0.99998903,True,CORRECT,Q4_Long
CANONICAL_8e05dda8e938,TRAIN,TEST,CLUST_0.70_00030,EARLY,HSV-1,UNKNOWN,thymidine kinase,376,EARLY,0.99957687,True,CORRECT,Q1_Short
CANONICAL_8e0f5165f8ec,VALIDATION,TEST,CLUST_0.70_00004,IMMEDIATE_EARLY,HSV-1,RS1,RS1,1304,IMMEDIATE_EARLY,0.9988814,True,CORRECT,Q4_Long
CANONICAL_8e1132ece999,TRAIN,TEST,CLUST_0.70_00052,LATE,HSV-1,RL1,"RL1, partial",228,LATE,0.99999535,True,CORRECT,Q1_Short
CANONICAL_8e1cd33c8ada,TRAIN,TEST,CLUST_0.70_00030,EARLY,HSV-2,UNKNOWN,thymidine kinase,376,EARLY,0.9965906,True,CORRECT,Q1_Short
CANONICAL_8e20600fccd0,TRAIN,TEST,CLUST_0.70_00001,LATE,HSV-1,UL36,UL36,3090,LATE,0.9999999,True,CORRECT,Q4_Long
CANONICAL_8e2b6ad50a4f,TRAIN,TEST,CLUST_0.70_00001,LATE,HSV-1,UL36,UL36,3082,LATE,0.99999976,True,CORRECT,Q4_Long
CANONICAL_8e5cda353d26,TRAIN,TEST,CLUST_0.70_00030,EARLY,HSV-2,UNKNOWN,thymidine kinase,376,EARLY,0.968556,True,CORRECT,Q1_Short
CANONICAL_8e69b0408c24,TRAIN,TEST,CLUST_0.70_00037,LATE,HSV-1,UNKNOWN,envelope glycoprotein D,394,LATE,0.99999976,True,CORRECT,Q2_Medium_Low
CANONICAL_8e7f2622383f,TRAIN,TEST,CLUST_0.70_00001,LATE,HSV-2,UNKNOWN,large tegument protein,3122,LATE,0.99999774,True,CORRECT,Q4_Long
CANONICAL_8e8fb81ba1ee,TRAIN,TEST,CLUST_0.70_00071,LATE,HSV-1,UL24,nuclear protein UL24,269,EARLY,0.8005131,False,LATE_PREDICTED_AS_EARLY,Q1_Short
CANONICAL_8eb8e45d5688,TEST,TEST,CLUST_0.70_00052,LATE,HSV-1,RL1,RL1,243,LATE,0.9999794,True,CORRECT,Q1_Short
CANONICAL_8ecb5a96890e,TRAIN,TEST,CLUST_0.70_00001,LATE,HSV-1,UL36,UL36,3145,LATE,0.9999999,True,CORRECT,Q4_Long
CANONICAL_8edeb42b39bb,TRAIN,TEST,CLUST_0.70_00018,LATE,HSV-2,UNKNOWN,envelope glycoprotein E,548,LATE,0.9996377,True,CORRECT,Q3_Medium_High
CANONICAL_8f1709b335e1,TRAIN,TEST,CLUST_0.70_00015,LATE,HSV-2,UNKNOWN,envelope glycoprotein C,480,LATE,1.0,True,CORRECT,Q2_Medium_Low
CANONICAL_8f2af9cf279a,TRAIN,TEST,CLUST_0.70_00030,EARLY,HSV-1,UNKNOWN,thymidine kinase,376,EARLY,0.99935013,True,CORRECT,Q1_Short
CANONICAL_8f31a5dcd4f8,TRAIN,TEST,CLUST_0.70_00015,LATE,HSV-2,UL44,UL44,548,LATE,1.0,True,CORRECT,Q3_Medium_High
CANONICAL_8f33d6e560be,TRAIN,TEST,CLUST_0.70_00018,LATE,HSV-2,UNKNOWN,envelope glycoprotein E,548,LATE,0.9656741,True,CORRECT,Q3_Medium_High
CANONICAL_8f37b9d12077,TRAIN,TEST,CLUST_0.70_00030,EARLY,HSV-2,UNKNOWN,thymidine kinase,376,EARLY,0.9965364,True,CORRECT,Q1_Short
CANONICAL_8f3e9adf9397,TRAIN,TEST,CLUST_0.70_00030,EARLY,HSV-1,UNKNOWN,thymidine kinase,376,EARLY,0.99913687,True,CORRECT,Q1_Short
CANONICAL_8f7162185b9d,TEST,TEST,CLUST_0.70_00001,LATE,HSV-1,UNKNOWN,large tegument protein,3138,LATE,0.9999999,True,CORRECT,Q4_Long
CANONICAL_8f85b05c25dd,TEST,TEST,CLUST_0.70_00030,EARLY,HSV-1,UNKNOWN,thymidine kinase,376,EARLY,0.9982657,True,CORRECT,Q1_Short
CANONICAL_8fa1af220044,TRAIN,TEST,CLUST_0.70_00004,IMMEDIATE_EARLY,HSV-1,RS1,RS1,1296,IMMEDIATE_EARLY,0.9998981,True,CORRECT,Q3_Medium_High
CANONICAL_8fa66286a0b7,TRAIN,TEST,CLUST_0.70_00052,LATE,HSV-1,ICP34,neurovirulence protein ICP34.5,249,LATE,0.99998784,True,CORRECT,Q1_Short
CANONICAL_8fa6a620e257,TEST,TEST,CLUST_0.70_00004,IMMEDIATE_EARLY,HSV-1,RS1,RS1,1297,IMMEDIATE_EARLY,0.9998023,True,CORRECT,Q3_Medium_High
CANONICAL_901e141e66eb,TRAIN,TEST,CLUST_0.70_00080,LATE,HSV-2,UL3,nuclear protein UL3,233,LATE,0.9962115,True,CORRECT,Q1_Short
CANONICAL_9027210ae00d,TRAIN,TEST,CLUST_0.70_00020,LATE,HSV-2,UNKNOWN,tegument serine/threonine protein kinase,518,LATE,0.99997926,True,CORRECT,Q3_Medium_High
CANONICAL_902d3c2c3e1e,VALIDATION,TEST,CLUST_0.70_00018,LATE,HSV-2,UNKNOWN,envelope glycoprotein E,548,LATE,0.99975365,True,CORRECT,Q3_Medium_High
CANONICAL_9050cd203002,TEST,TEST,CLUST_0.70_00052,LATE,HSV-1,RL1,RL1,257,LATE,0.9999881,True,CORRECT,Q1_Short
CANONICAL_9061309be025,TRAIN,TEST,CLUST_0.70_00004,IMMEDIATE_EARLY,HSV-1,ICP4,transcriptional regulator ICP4,1295,IMMEDIATE_EARLY,0.9998375,True,CORRECT,Q3_Medium_High
CANONICAL_906c3574f9a6,TEST,TEST,CLUST_0.70_00004,IMMEDIATE_EARLY,HSV-1,RS1,RS1,1302,IMMEDIATE_EARLY,0.9998976,True,CORRECT,Q3_Medium_High
CANONICAL_9075985cb148,TRAIN,TEST,CLUST_0.70_00015,LATE,HSV-2,UNKNOWN,glycoprotein C,480,LATE,1.0,True,CORRECT,Q2_Medium_Low
CANONICAL_90789aae6cea,TRAIN,TEST,CLUST_0.70_00001,LATE,HSV-2,UL36,UL36,3086,LATE,0.9999976,True,CORRECT,Q4_Long
CANONICAL_9093e9688e2a,TRAIN,TEST,CLUST_0.70_00009,LATE,HSV-1,UL48,UL48,490,LATE,0.999848,True,CORRECT,Q2_Medium_Low
CANONICAL_9094471730b9,TEST,TEST,CLUST_0.70_00001,LATE,HSV-1,UL36,UL36,3108,LATE,0.9999999,True,CORRECT,Q4_Long
CANONICAL_90d20057f290,TRAIN,TEST,CLUST_0.70_00052,LATE,HSV-2,RL1,RL1,173,LATE,0.9999995,True,CORRECT,Q1_Short
CANONICAL_9125293aeeb0,TRAIN,TEST,CLUST_0.70_00015,LATE,HSV-1,UL44,UL44,511,LATE,0.9999956,True,CORRECT,Q3_Medium_High
CANONICAL_9127ce3dbb33,TRAIN,TEST,CLUST_0.70_00001,LATE,HSV-1,UL36,UL36,3108,LATE,0.9999999,True,CORRECT,Q4_Long
CANONICAL_9137d216c377,VALIDATION,TEST,CLUST_0.70_00015,LATE,HSV-2,UNKNOWN,envelope glycoprotein C,480,LATE,0.99999714,True,CORRECT,Q2_Medium_Low
CANONICAL_91455a2b1263,TEST,TEST,CLUST_0.70_00004,IMMEDIATE_EARLY,HSV-2,ICP4,ICP4 regulation protein,1318,IMMEDIATE_EARLY,0.9999893,True,CORRECT,Q4_Long
CANONICAL_91633e067ae7,TRAIN,TEST,CLUST_0.70_00004,IMMEDIATE_EARLY,HSV-1,ICP4,transcriptional regulator ICP4,1298,IMMEDIATE_EARLY,0.9983059,True,CORRECT,Q3_Medium_High
CANONICAL_9165e0ce2e52,TRAIN,TEST,CLUST_0.70_00004,IMMEDIATE_EARLY,HSV-1,RS1,RS1,1298,IMMEDIATE_EARLY,0.99330527,True,CORRECT,Q3_Medium_High
CANONICAL_917cb617a2cb,TRAIN,TEST,CLUST_0.70_00018,EARLY,HSV-1,UL42,UL42,488,EARLY,0.972114,True,CORRECT,Q2_Medium_Low
CANONICAL_91a0998b010b,TRAIN,TEST,CLUST_0.70_00004,IMMEDIATE_EARLY,HSV-1,RS1,RS1,1301,IMMEDIATE_EARLY,0.9998405,True,CORRECT,Q3_Medium_High
CANONICAL_91a98b1d5b4b,TEST,TEST,CLUST_0.70_00015,LATE,HSV-2,UNKNOWN,envelope glycoprotein C,480,LATE,1.0,True,CORRECT,Q2_Medium_Low
CANONICAL_91b419614340,TRAIN,TEST,CLUST_0.70_00001,LATE,HSV-2,UL36,UL36,3122,LATE,0.9999982,True,CORRECT,Q4_Long
CANONICAL_91c2110c540e,TEST,TEST,CLUST_0.70_00080,LATE,HSV-1,UL3,UL3,224,LATE,0.9985788,True,CORRECT,Q1_Short
CANONICAL_91e59147af26,TRAIN,TEST,CLUST_0.70_00052,LATE,HSV-1,ICP34,neurovirulence protein ICP34.5,257,LATE,0.9999788,True,CORRECT,Q1_Short
CANONICAL_91e75f8cc16a,TRAIN,TEST,CLUST_0.70_00018,LATE,HSV-1,US8,US8,550,LATE,0.999848,True,CORRECT,Q3_Medium_High
CANONICAL_91f8cfdb7e54,TRAIN,TEST,CLUST_0.70_00052,LATE,HSV-1,RL1,RL1,247,LATE,0.99999917,True,CORRECT,Q1_Short
CANONICAL_920491757d39,TRAIN,TEST,CLUST_0.70_00018,EARLY,HSV-1,UL42,UL42,488,EARLY,0.98691654,True,CORRECT,Q2_Medium_Low
CANONICAL_920987c4b2e1,TRAIN,TEST,CLUST_0.70_00052,LATE,HSV-1,RL1,RL1,228,LATE,0.9999776,True,CORRECT,Q1_Short
CANONICAL_9240c01806e5,TRAIN,TEST,CLUST_0.70_00004,IMMEDIATE_EARLY,HSV-2,ICP4,"transcriptional regulator ICP4, partial",1411,IMMEDIATE_EARLY,0.99999905,True,CORRECT,Q4_Long
CANONICAL_92608a8a3113,TRAIN,TEST,CLUST_0.70_00030,EARLY,HSV-1,UNKNOWN,thymidine kinase,376,EARLY,0.9985996,True,CORRECT,Q1_Short
CANONICAL_9264ae1a9301,TRAIN,TEST,CLUST_0.70_00015,LATE,HSV-1,UNKNOWN,envelope glycoprotein C,511,LATE,0.9999987,True,CORRECT,Q3_Medium_High
CANONICAL_9266f3f5960c,TRAIN,TEST,CLUST_0.70_00071,LATE,HSV-1,UL24,TPA_asm: UL24.5,148,LATE,0.9998252,True,CORRECT,Q1_Short
CANONICAL_92836263611c,TRAIN,TEST,CLUST_0.70_00071,LATE,HSV-1,UL24,nuclear protein UL24,269,EARLY,0.7504641,False,LATE_PREDICTED_AS_EARLY,Q1_Short
CANONICAL_92a016e347e1,TRAIN,TEST,CLUST_0.70_00030,EARLY,HSV-1,UNKNOWN,thymidine kinase,376,EARLY,0.9940123,True,CORRECT,Q1_Short
CANONICAL_92c10e386869,TRAIN,TEST,CLUST_0.70_00004,IMMEDIATE_EARLY,HSV-1,ICP4,transcriptional regulator ICP4,1297,IMMEDIATE_EARLY,0.9993387,True,CORRECT,Q3_Medium_High
CANONICAL_92cb714e4860,TRAIN,TEST,CLUST_0.70_00018,LATE,HSV-1,UNKNOWN,envelope glycoprotein E,550,LATE,0.9996302,True,CORRECT,Q3_Medium_High
CANONICAL_92d299c9708d,VALIDATION,TEST,CLUST_0.70_00030,EARLY,HSV-1,UNKNOWN,thymidine kinase,409,EARLY,0.9897859,True,CORRECT,Q2_Medium_Low
CANONICAL_92d8b2aff03a,TRAIN,TEST,CLUST_0.70_00080,LATE,HSV-1,UL3,UL3,235,LATE,0.9955499,True,CORRECT,Q1_Short
CANONICAL_92ed8e3390a6,TRAIN,TEST,CLUST_0.70_00051,LATE,HSV-2,UNKNOWN,tegument protein VP22,302,LATE,0.5383625,True,CORRECT,Q1_Short
CANONICAL_930613a919a0,TEST,TEST,CLUST_0.70_00020,LATE,HSV-1,UNKNOWN,tegument serine/threonine protein kinase,518,LATE,0.99998367,True,CORRECT,Q3_Medium_High
CANONICAL_93220b37cf8e,TRAIN,TEST,CLUST_0.70_00001,LATE,HSV-2,UNKNOWN,large tegument protein,3122,LATE,0.9999987,True,CORRECT,Q4_Long
CANONICAL_9325418b7acd,TRAIN,TEST,CLUST_0.70_00030,EARLY,HSV-1,UNKNOWN,thymidine kinase,376,EARLY,0.99963284,True,CORRECT,Q1_Short
CANONICAL_93414456934e,TEST,TEST,CLUST_0.70_00030,EARLY,HSV-1,UNKNOWN,thymidine kinase,376,EARLY,0.9991352,True,CORRECT,Q1_Short
CANONICAL_934cb1610ec0,TRAIN,TEST,CLUST_0.70_00052,LATE,HSV-1,ICP34,neurovirulence protein ICP34.5,248,LATE,0.98735005,True,CORRECT,Q1_Short
CANONICAL_93668b271b69,TRAIN,TEST,CLUST_0.70_00004,IMMEDIATE_EARLY,HSV-2,ICP4,transcriptional regulator ICP4,1465,IMMEDIATE_EARLY,0.96959174,True,CORRECT,Q4_Long
CANONICAL_936af80d52ee,TRAIN,TEST,CLUST_0.70_00004,IMMEDIATE_EARLY,HSV-2,ICP4,transcriptional regulator ICP4,1469,IMMEDIATE_EARLY,0.9995908,True,CORRECT,Q4_Long
CANONICAL_9370617413e2,TRAIN,TEST,CLUST_0.70_00071,LATE,HSV-2,UL24,nuclear protein UL24,281,EARLY,0.98243207,False,LATE_PREDICTED_AS_EARLY,Q1_Short
CANONICAL_9379ce8d1a21,TRAIN,TEST,CLUST_0.70_00001,LATE,HSV-2,UNKNOWN,large tegument protein,3077,LATE,0.99999464,True,CORRECT,Q4_Long
CANONICAL_938461a19bdb,TEST,TEST,CLUST_0.70_00071,LATE,HSV-2,UL24,nuclear protein UL24,281,LATE,0.5873781,True,CORRECT,Q1_Short
CANONICAL_93861e0b74cd,TRAIN,TEST,CLUST_0.70_00001,LATE,HSV-1,UNKNOWN,large tegument protein,3139,LATE,0.9999999,True,CORRECT,Q4_Long
CANONICAL_9387795516a4,TRAIN,TEST,CLUST_0.70_00001,LATE,HSV-1,UNKNOWN,large tegument protein,3024,LATE,0.99999976,True,CORRECT,Q4_Long
CANONICAL_938c643289ae,TRAIN,TEST,CLUST_0.70_00071,LATE,HSV-2,UL24,nuclear protein UL24,281,EARLY,0.931265,False,LATE_PREDICTED_AS_EARLY,Q1_Short
CANONICAL_9398e9882fd0,TRAIN,TEST,CLUST_0.70_00001,LATE,HSV-2,UNKNOWN,large tegument protein,3122,LATE,0.99999857,True,CORRECT,Q4_Long
CANONICAL_939e7101883a,TRAIN,TEST,CLUST_0.70_00009,LATE,HSV-1,UL48,UL48,490,LATE,0.9998566,True,CORRECT,Q2_Medium_Low
CANONICAL_93b9414dba90,TRAIN,TEST,CLUST_0.70_00001,LATE,HSV-1,UL36,UL36,3098,LATE,0.9999999,True,CORRECT,Q4_Long
CANONICAL_93c362794a59,TRAIN,TEST,CLUST_0.70_00020,LATE,HSV-2,UNKNOWN,tegument serine/threonine protein kinase,518,LATE,0.9999275,True,CORRECT,Q3_Medium_High
CANONICAL_93cad28dcdd3,TRAIN,TEST,CLUST_0.70_00051,LATE,HSV-1,UNKNOWN,tegument protein VP22,334,LATE,0.99994814,True,CORRECT,Q1_Short
CANONICAL_93ded1d328cb,TRAIN,TEST,CLUST_0.70_00001,LATE,HSV-1,UL36,UL36,3139,LATE,0.99999976,True,CORRECT,Q4_Long
CANONICAL_942e448ce73b,TRAIN,TEST,CLUST_0.70_00030,EARLY,HSV-1,UNKNOWN,thymidine kinase,376,EARLY,0.99972147,True,CORRECT,Q1_Short
CANONICAL_943f9cb17b7d,TRAIN,TEST,CLUST_0.70_00015,LATE,HSV-2,UNKNOWN,envelope glycoprotein C,480,LATE,1.0,True,CORRECT,Q2_Medium_Low
CANONICAL_944670b58baa,TEST,TEST,CLUST_0.70_00071,LATE,HSV-1,UL24,nuclear protein UL24,292,EARLY,0.9370499,False,LATE_PREDICTED_AS_EARLY,Q1_Short
CANONICAL_944b084428c6,TEST,TEST,CLUST_0.70_00015,LATE,HSV-1,UNKNOWN,envelope glycoprotein C,511,LATE,0.99999607,True,CORRECT,Q3_Medium_High
CANONICAL_9474eaef3aa0,TRAIN,TEST,CLUST_0.70_00001,LATE,HSV-1,UL36,UL36,3092,LATE,0.9999999,True,CORRECT,Q4_Long
CANONICAL_94f1dde99899,TRAIN,TEST,CLUST_0.70_00080,LATE,HSV-2,UL3,nuclear protein UL3,233,EARLY,0.52047753,False,LATE_PREDICTED_AS_EARLY,Q1_Short
CANONICAL_95080a953d95,TRAIN,TEST,CLUST_0.70_00080,LATE,HSV-1,UL3,UL3,224,LATE,0.9983228,True,CORRECT,Q1_Short
CANONICAL_95390c88772a,TRAIN,TEST,CLUST_0.70_00018,LATE,HSV-1,UNKNOWN,envelope glycoprotein E,544,LATE,0.9996057,True,CORRECT,Q3_Medium_High
CANONICAL_95442637eedf,TRAIN,TEST,CLUST_0.70_00030,EARLY,HSV-1,UNKNOWN,thymidine kinase,409,EARLY,0.9993393,True,CORRECT,Q2_Medium_Low
CANONICAL_95463adae036,TRAIN,TEST,CLUST_0.70_00030,EARLY,HSV-2,UNKNOWN,thymidine kinase,376,EARLY,0.99254507,True,CORRECT,Q1_Short
CANONICAL_956c0b2ad554,TRAIN,TEST,CLUST_0.70_00004,IMMEDIATE_EARLY,HSV-1,ICP4,transcriptional regulator ICP4,1285,IMMEDIATE_EARLY,0.99952567,True,CORRECT,Q3_Medium_High
CANONICAL_9570cc537ef7,TRAIN,TEST,CLUST_0.70_00052,LATE,HSV-1,RL1,RL1,269,LATE,0.9999981,True,CORRECT,Q1_Short
CANONICAL_95791eb60a4a,VALIDATION,TEST,CLUST_0.70_00004,IMMEDIATE_EARLY,HSV-1,ICP4,transcriptional regulator ICP4,1302,IMMEDIATE_EARLY,0.9999269,True,CORRECT,Q3_Medium_High
CANONICAL_95ae81d6fca3,TRAIN,TEST,CLUST_0.70_00004,IMMEDIATE_EARLY,HSV-2,ICP4,transcriptional regulator ICP4,1309,IMMEDIATE_EARLY,0.9999877,True,CORRECT,Q4_Long
CANONICAL_95af0aa1683f,TEST,TEST,CLUST_0.70_00004,IMMEDIATE_EARLY,HSV-1,ICP4,transcriptional regulator ICP4,1298,IMMEDIATE_EARLY,0.9989718,True,CORRECT,Q3_Medium_High
CANONICAL_95b7b4991cd5,TRAIN,TEST,CLUST_0.70_00030,EARLY,HSV-2,UNKNOWN,thymidine kinase,376,EARLY,0.9947595,True,CORRECT,Q1_Short
CANONICAL_95cfc013f76b,TEST,TEST,CLUST_0.70_00018,LATE,HSV-2,UNKNOWN,envelope glycoprotein E,548,LATE,0.9995215,True,CORRECT,Q3_Medium_High
CANONICAL_95e296d81acf,TRAIN,TEST,CLUST_0.70_00015,LATE,HSV-2,UNKNOWN,envelope glycoprotein C,579,LATE,1.0,True,CORRECT,Q3_Medium_High
CANONICAL_95e9491a8058,TRAIN,TEST,CLUST_0.70_00001,LATE,HSV-1,UNKNOWN,large tegument protein,3096,LATE,0.99999976,True,CORRECT,Q4_Long
CANONICAL_95fcadf86d7f,TRAIN,TEST,CLUST_0.70_00001,LATE,HSV-1,UL36,UL36,3086,LATE,0.99999976,True,CORRECT,Q4_Long
CANONICAL_96007907378e,VALIDATION,TEST,CLUST_0.70_00004,IMMEDIATE_EARLY,HSV-2,ICP4,transcriptional regulator ICP4,1322,IMMEDIATE_EARLY,0.99998856,True,CORRECT,Q4_Long
CANONICAL_960172f46074,TRAIN,TEST,CLUST_0.70_00015,LATE,HSV-1,UL44,UL44,511,LATE,0.9999994,True,CORRECT,Q3_Medium_High
CANONICAL_9602b30dd06d,TRAIN,TEST,CLUST_0.70_00018,LATE,HSV-1,US8,US8,550,LATE,0.9997681,True,CORRECT,Q3_Medium_High
CANONICAL_960389e43100,TRAIN,TEST,CLUST_0.70_00018,EARLY,HSV-1,UNKNOWN,DNA polymerase processivity subunit,488,EARLY,0.95990217,True,CORRECT,Q2_Medium_Low
CANONICAL_9611ef38d4e6,TRAIN,TEST,CLUST_0.70_00052,LATE,HSV-2,ICP34,neurovirulence protein ICP34.5,249,LATE,0.9978581,True,CORRECT,Q1_Short
CANONICAL_96183f6bd748,TRAIN,TEST,CLUST_0.70_00037,LATE,HSV-2,US6,US6,393,LATE,1.0,True,CORRECT,Q2_Medium_Low
CANONICAL_9619155447e0,TRAIN,TEST,CLUST_0.70_00030,EARLY,HSV-1,UL23,UL23,331,EARLY,0.9995029,True,CORRECT,Q1_Short
CANONICAL_9693a961481a,TEST,TEST,CLUST_0.70_00052,LATE,HSV-1,RL1,RL1,246,LATE,0.99999535,True,CORRECT,Q1_Short
CANONICAL_96a47bba097a,VALIDATION,TEST,CLUST_0.70_00001,LATE,HSV-2,UNKNOWN,large tegument protein,3122,LATE,0.9999987,True,CORRECT,Q4_Long
CANONICAL_96d0e32cd45a,TRAIN,TEST,CLUST_0.70_00001,LATE,HSV-2,UNKNOWN,large tegument protein,3122,LATE,0.99980503,True,CORRECT,Q4_Long
CANONICAL_96d494563ac7,TRAIN,TEST,CLUST_0.70_00030,EARLY,HSV-1,UNKNOWN,thymidine kinase,376,EARLY,0.99881774,True,CORRECT,Q1_Short
CANONICAL_96d78c6833f2,TRAIN,TEST,CLUST_0.70_00001,LATE,HSV-2,UNKNOWN,large tegument protein,3123,LATE,0.9999988,True,CORRECT,Q4_Long
CANONICAL_96db034e39b8,TRAIN,TEST,CLUST_0.70_00071,LATE,HSV-2,UL24,nuclear protein UL24,281,EARLY,0.9225333,False,LATE_PREDICTED_AS_EARLY,Q1_Short
CANONICAL_96de3f7e1d14,TEST,TEST,CLUST_0.70_00015,LATE,HSV-2,UNKNOWN,envelope glycoprotein C,480,LATE,1.0,True,CORRECT,Q2_Medium_Low
CANONICAL_96fe7ceb9596,TRAIN,TEST,CLUST_0.70_00001,LATE,HSV-1,UL36,UL36,3112,LATE,0.99999976,True,CORRECT,Q4_Long
CANONICAL_971a85a82bd5,TEST,TEST,CLUST_0.70_00018,LATE,HSV-2,UNKNOWN,envelope glycoprotein E,548,LATE,0.9990502,True,CORRECT,Q3_Medium_High
CANONICAL_971e000f9d3c,TRAIN,TEST,CLUST_0.70_00030,EARLY,HSV-1,UL23,UL23,376,EARLY,0.9990343,True,CORRECT,Q1_Short
CANONICAL_97304680b0cc,TRAIN,TEST,CLUST_0.70_00015,LATE,HSV-2,UNKNOWN,envelope glycoprotein C,480,LATE,1.0,True,CORRECT,Q2_Medium_Low
CANONICAL_973826f7b16c,TRAIN,TEST,CLUST_0.70_00001,LATE,HSV-2,UL36,UL36,3077,LATE,0.99999785,True,CORRECT,Q4_Long
CANONICAL_973f977452e1,TRAIN,TEST,CLUST_0.70_00004,IMMEDIATE_EARLY,HSV-2,ICP4,transcriptional regulator ICP4,1470,IMMEDIATE_EARLY,0.99910384,True,CORRECT,Q4_Long
CANONICAL_974e006f3ad5,TRAIN,TEST,CLUST_0.70_00001,LATE,HSV-2,UNKNOWN,large tegument protein,3111,LATE,0.999995,True,CORRECT,Q4_Long
CANONICAL_9752a38b888b,TRAIN,TEST,CLUST_0.70_00052,LATE,HSV-1,ICP34,neurovirulence protein ICP34.5,266,LATE,0.99999523,True,CORRECT,Q1_Short
CANONICAL_975abaa39a58,TRAIN,TEST,CLUST_0.70_00009,LATE,HSV-1,UL48,UL48,490,LATE,0.99972504,True,CORRECT,Q2_Medium_Low
CANONICAL_978c39c9ec9d,TEST,TEST,CLUST_0.70_00001,LATE,HSV-1,UNKNOWN,large tegument protein,3126,LATE,0.9999999,True,CORRECT,Q4_Long
CANONICAL_978e3513bebd,TRAIN,TEST,CLUST_0.70_00015,LATE,HSV-2,UNKNOWN,envelope glycoprotein C,480,LATE,1.0,True,CORRECT,Q2_Medium_Low
CANONICAL_979571aac5fa,TRAIN,TEST,CLUST_0.70_00001,LATE,HSV-2,UNKNOWN,large tegument protein,3122,LATE,0.9999987,True,CORRECT,Q4_Long
CANONICAL_979bb01c7789,TEST,TEST,CLUST_0.70_00004,IMMEDIATE_EARLY,HSV-1,RS1,RS1,1313,IMMEDIATE_EARLY,0.9997843,True,CORRECT,Q4_Long
CANONICAL_97c4b3e67ca7,TRAIN,TEST,CLUST_0.70_00009,LATE,HSV-1,UL48,UL48,490,LATE,0.9997589,True,CORRECT,Q2_Medium_Low
CANONICAL_97e81dc9fe1d,TRAIN,TEST,CLUST_0.70_00071,LATE,HSV-1,UL24,nuclear protein UL24,269,EARLY,0.6398688,False,LATE_PREDICTED_AS_EARLY,Q1_Short
CANONICAL_97f1d2793f48,VALIDATION,TEST,CLUST_0.70_00030,EARLY,HSV-1,UNKNOWN,thymidine kinase,376,EARLY,0.9852315,True,CORRECT,Q1_Short
CANONICAL_9809a2147cf6,TRAIN,TEST,CLUST_0.70_00030,EARLY,HSV-1,UNKNOWN,thymidine kinase,376,EARLY,0.9996302,True,CORRECT,Q1_Short
CANONICAL_981e580954e8,TRAIN,TEST,CLUST_0.70_00030,EARLY,HSV-1,UNKNOWN,thymidine kinase,376,EARLY,0.99919564,True,CORRECT,Q1_Short
CANONICAL_98205a604615,TEST,TEST,CLUST_0.70_00001,LATE,HSV-1,UNKNOWN,large tegument protein,3126,LATE,0.9999999,True,CORRECT,Q4_Long
CANONICAL_983dc76c2891,TRAIN,TEST,CLUST_0.70_00051,LATE,HSV-2,UNKNOWN,tegument protein VP22,302,LATE,0.98582757,True,CORRECT,Q1_Short
CANONICAL_986581fb057a,TRAIN,TEST,CLUST_0.70_00001,LATE,HSV-2,UNKNOWN,large tegument protein,3094,LATE,0.99999785,True,CORRECT,Q4_Long
CANONICAL_987689db8ac5,TRAIN,TEST,CLUST_0.70_00009,LATE,HSV-1,UL48,UL48,490,LATE,0.9997764,True,CORRECT,Q2_Medium_Low
CANONICAL_988ab4f71c61,TRAIN,TEST,CLUST_0.70_00030,EARLY,HSV-2,UNKNOWN,thymidine kinase,376,EARLY,0.99687636,True,CORRECT,Q1_Short
CANONICAL_988edeea0852,TEST,TEST,CLUST_0.70_00001,LATE,HSV-1,UL36,UL36,3397,LATE,0.9999995,True,CORRECT,Q4_Long
CANONICAL_98c98a99b9b0,TRAIN,TEST,CLUST_0.70_00037,LATE,HSV-1,UNKNOWN,envelope glycoprotein D,394,LATE,0.9999999,True,CORRECT,Q2_Medium_Low
CANONICAL_98d08cffaa95,VALIDATION,TEST,CLUST_0.70_00071,LATE,HSV-2,UL24,UL24,281,EARLY,0.6615535,False,LATE_PREDICTED_AS_EARLY,Q1_Short
CANONICAL_98d0b7e238f1,VALIDATION,TEST,CLUST_0.70_00004,IMMEDIATE_EARLY,HSV-1,ICP4,transcriptional regulator ICP4,1295,IMMEDIATE_EARLY,0.9997873,True,CORRECT,Q3_Medium_High
CANONICAL_98da6979ac40,TRAIN,TEST,CLUST_0.70_00030,EARLY,HSV-2,UNKNOWN,thymidine kinase,376,EARLY,0.9900213,True,CORRECT,Q1_Short
CANONICAL_98fde6d41b6c,TRAIN,TEST,CLUST_0.70_00001,LATE,HSV-1,UNKNOWN,large tegument protein,3139,LATE,0.9999999,True,CORRECT,Q4_Long
CANONICAL_99168ce1f2ec,TRAIN,TEST,CLUST_0.70_00071,LATE,HSV-2,UL24,nuclear protein UL24,281,EARLY,0.57504404,False,LATE_PREDICTED_AS_EARLY,Q1_Short
CANONICAL_992744c10473,TRAIN,TEST,CLUST_0.70_00080,LATE,HSV-2,UL3,nuclear protein UL3,233,LATE,0.7630641,True,CORRECT,Q1_Short
CANONICAL_992cb5138fe1,VALIDATION,TEST,CLUST_0.70_00071,LATE,HSV-2,UL24,nuclear protein UL24,281,EARLY,0.6852376,False,LATE_PREDICTED_AS_EARLY,Q1_Short
CANONICAL_993ef22d3772,TRAIN,TEST,CLUST_0.70_00009,LATE,HSV-1,UL48,UL48,490,LATE,0.99980086,True,CORRECT,Q2_Medium_Low
CANONICAL_99416dd98a8b,VALIDATION,TEST,CLUST_0.70_00009,LATE,HSV-2,UL48,UL48,490,LATE,0.9997907,True,CORRECT,Q2_Medium_Low
CANONICAL_99608fd212b5,TRAIN,TEST,CLUST_0.70_00004,IMMEDIATE_EARLY,HSV-2,ICP4,transcriptional regulator ICP4,1477,IMMEDIATE_EARLY,0.9987072,True,CORRECT,Q4_Long
CANONICAL_998b521d9417,TEST,TEST,CLUST_0.70_00018,LATE,HSV-1,US8,US8,550,LATE,0.9998204,True,CORRECT,Q3_Medium_High
CANONICAL_998b5a42f978,TRAIN,TEST,CLUST_0.70_00030,EARLY,HSV-1,UNKNOWN,thymidine kinase,376,EARLY,0.9997427,True,CORRECT,Q1_Short
CANONICAL_998e136c9c85,TRAIN,TEST,CLUST_0.70_00018,EARLY,HSV-1,UL42,UL42,488,EARLY,0.9611684,True,CORRECT,Q2_Medium_Low
CANONICAL_999fc8ee47c5,TRAIN,TEST,CLUST_0.70_00052,LATE,HSV-1,RL1,RL1,249,LATE,0.99991727,True,CORRECT,Q1_Short
CANONICAL_99a704f02390,TRAIN,TEST,CLUST_0.70_00052,LATE,HSV-1,RL1,RL1,245,LATE,0.99998593,True,CORRECT,Q1_Short
CANONICAL_9a0695ac5284,TRAIN,TEST,CLUST_0.70_00001,LATE,HSV-2,UNKNOWN,large tegument protein,3119,LATE,0.9999975,True,CORRECT,Q4_Long
CANONICAL_9a2606410333,TRAIN,TEST,CLUST_0.70_00018,LATE,HSV-2,UNKNOWN,envelope glycoprotein E,548,LATE,0.9994791,True,CORRECT,Q3_Medium_High
CANONICAL_9a2cbb9bd83e,VALIDATION,TEST,CLUST_0.70_00015,LATE,HSV-1,UL44,UL44,511,LATE,0.9999964,True,CORRECT,Q3_Medium_High
CANONICAL_9a49f5617130,TRAIN,TEST,CLUST_0.70_00001,LATE,HSV-2,UL36,UL36,3112,LATE,0.99999857,True,CORRECT,Q4_Long
CANONICAL_9a5044dfa08b,TEST,TEST,CLUST_0.70_00018,LATE,HSV-2,US8,US8,548,LATE,0.99965894,True,CORRECT,Q3_Medium_High
CANONICAL_9a563716a44f,VALIDATION,TEST,CLUST_0.70_00009,LATE,HSV-1,UL48,UL48,490,LATE,0.99969554,True,CORRECT,Q2_Medium_Low
CANONICAL_9a5645082e67,VALIDATION,TEST,CLUST_0.70_00018,LATE,HSV-1,US8,US8,550,LATE,0.9997962,True,CORRECT,Q3_Medium_High
CANONICAL_9a76328af6f3,TRAIN,TEST,CLUST_0.70_00030,EARLY,HSV-1,UNKNOWN,thymidine kinase,376,EARLY,0.9988675,True,CORRECT,Q1_Short
CANONICAL_9a7951df1bf0,TRAIN,TEST,CLUST_0.70_00004,IMMEDIATE_EARLY,HSV-2,ICP4,transcriptional regulator ICP4,1466,IMMEDIATE_EARLY,0.99996257,True,CORRECT,Q4_Long
CANONICAL_9a8346bca173,TRAIN,TEST,CLUST_0.70_00001,LATE,HSV-1,UL36,UL36,3159,LATE,0.99999905,True,CORRECT,Q4_Long
CANONICAL_9a9f51ed2c4e,VALIDATION,TEST,CLUST_0.70_00004,IMMEDIATE_EARLY,HSV-1,ICP4,transcriptional regulator ICP4,1296,IMMEDIATE_EARLY,0.99990976,True,CORRECT,Q3_Medium_High
CANONICAL_9aa7a69ef0dd,TRAIN,TEST,CLUST_0.70_00001,LATE,HSV-1,UNKNOWN,large tegument protein,3134,LATE,0.99999976,True,CORRECT,Q4_Long
CANONICAL_9ab2d9134f5b,TEST,TEST,CLUST_0.70_00015,LATE,HSV-1,UL44,UL44,511,LATE,0.9999993,True,CORRECT,Q3_Medium_High
CANONICAL_9aca54006a51,TRAIN,TEST,CLUST_0.70_00004,IMMEDIATE_EARLY,HSV-1,RS1,RS1,1297,IMMEDIATE_EARLY,0.99981695,True,CORRECT,Q3_Medium_High
CANONICAL_9b1c2ce5c0ef,TEST,TEST,CLUST_0.70_00015,LATE,HSV-1,UNKNOWN,envelope glycoprotein C,511,LATE,0.99999225,True,CORRECT,Q3_Medium_High
CANONICAL_9b499953289e,TRAIN,TEST,CLUST_0.70_00018,LATE,HSV-2,US8,US8,548,LATE,0.9995426,True,CORRECT,Q3_Medium_High
CANONICAL_9b52205b7e95,TRAIN,TEST,CLUST_0.70_00030,EARLY,HSV-1,UNKNOWN,thymidine kinase,376,EARLY,0.9976503,True,CORRECT,Q1_Short
CANONICAL_9ba4e60a91b5,TEST,TEST,CLUST_0.70_00051,LATE,HSV-2,ICP34,neurovirulence protein ICP34.5,307,LATE,0.99994636,True,CORRECT,Q1_Short
CANONICAL_9bdd3b4933f2,TRAIN,TEST,CLUST_0.70_00030,EARLY,HSV-1,UNKNOWN,thymidine kinase,376,EARLY,0.9993857,True,CORRECT,Q1_Short
CANONICAL_9be207282da2,TRAIN,TEST,CLUST_0.70_00001,LATE,HSV-2,UNKNOWN,large tegument protein,3081,LATE,0.99999714,True,CORRECT,Q4_Long
CANONICAL_9bfedce837cb,TRAIN,TEST,CLUST_0.70_00004,IMMEDIATE_EARLY,HSV-2,RS1,RS1,1318,IMMEDIATE_EARLY,0.99998987,True,CORRECT,Q4_Long
CANONICAL_9c04ba800d96,TEST,TEST,CLUST_0.70_00001,LATE,HSV-1,UNKNOWN,large tegument protein,3136,LATE,0.9999999,True,CORRECT,Q4_Long
CANONICAL_9c1fabca2644,TRAIN,TEST,CLUST_0.70_00030,EARLY,HSV-1,UNKNOWN,thymidine kinase,376,EARLY,0.9992053,True,CORRECT,Q1_Short
CANONICAL_9c2a03906006,VALIDATION,TEST,CLUST_0.70_00030,EARLY,HSV-1,UNKNOWN,thymidine kinase,311,EARLY,0.9997745,True,CORRECT,Q1_Short
CANONICAL_9c3a40594f78,TRAIN,TEST,CLUST_0.70_00018,LATE,HSV-2,US8,US8,459,LATE,0.9999995,True,CORRECT,Q2_Medium_Low
CANONICAL_9c4a3f9019da,TRAIN,TEST,CLUST_0.70_00018,LATE,HSV-2,US8,US8,548,LATE,0.9994796,True,CORRECT,Q3_Medium_High
CANONICAL_9c511305c979,TRAIN,TEST,CLUST_0.70_00030,EARLY,HSV-1,UNKNOWN,thymidine kinase,376,EARLY,0.9976622,True,CORRECT,Q1_Short
CANONICAL_9c5758a1fdbf,VALIDATION,TEST,CLUST_0.70_00001,LATE,HSV-1,UNKNOWN,large tegument protein,3153,LATE,0.9999995,True,CORRECT,Q4_Long
CANONICAL_9c640636a831,VALIDATION,TEST,CLUST_0.70_00004,IMMEDIATE_EARLY,HSV-1,RS1,RS1,1299,IMMEDIATE_EARLY,0.9780295,True,CORRECT,Q3_Medium_High
CANONICAL_9c7024b6ab90,TEST,TEST,CLUST_0.70_00030,EARLY,HSV-2,UNKNOWN,thymidine kinase,376,EARLY,0.9977841,True,CORRECT,Q1_Short
CANONICAL_9c7557c21b9a,TRAIN,TEST,CLUST_0.70_00030,EARLY,HSV-2,UNKNOWN,thymidine kinase,376,EARLY,0.99888533,True,CORRECT,Q1_Short
CANONICAL_9c7d40d98b56,TRAIN,TEST,CLUST_0.70_00037,LATE,HSV-1,UNKNOWN,envelope glycoprotein D,394,LATE,0.99999976,True,CORRECT,Q2_Medium_Low
CANONICAL_9c919fa2600d,TRAIN,TEST,CLUST_0.70_00030,EARLY,HSV-1,UNKNOWN,thymidine kinase,376,EARLY,0.9963198,True,CORRECT,Q1_Short
CANONICAL_9cd793d62b19,TRAIN,TEST,CLUST_0.70_00030,EARLY,HSV-1,UNKNOWN,thymidine kinase,376,EARLY,0.9987471,True,CORRECT,Q1_Short
CANONICAL_9cdafd347b66,VALIDATION,TEST,CLUST_0.70_00001,LATE,HSV-1,UL36,UL36,3082,LATE,0.9999999,True,CORRECT,Q4_Long
CANONICAL_9ce24f5465af,TRAIN,TEST,CLUST_0.70_00009,LATE,HSV-1,UL48,UL48,490,LATE,0.9996593,True,CORRECT,Q2_Medium_Low
CANONICAL_9cf1c8c2a9d3,VALIDATION,TEST,CLUST_0.70_00030,EARLY,HSV-1,UNKNOWN,thymidine kinase,375,EARLY,0.99776876,True,CORRECT,Q1_Short
CANONICAL_9cfb87c22e68,TRAIN,TEST,CLUST_0.70_00001,LATE,HSV-2,UNKNOWN,large tegument protein,3084,LATE,0.99999666,True,CORRECT,Q4_Long
CANONICAL_9d28adaa1dc2,TEST,TEST,CLUST_0.70_00001,LATE,HSV-1,UL36,UL36,3119,LATE,0.9999993,True,CORRECT,Q4_Long
CANONICAL_9d56254f4136,TRAIN,TEST,CLUST_0.70_00001,LATE,HSV-2,UNKNOWN,large tegument protein,3134,LATE,0.999998,True,CORRECT,Q4_Long
CANONICAL_9d5f4c2c006f,TRAIN,TEST,CLUST_0.70_00018,LATE,HSV-2,UNKNOWN,envelope glycoprotein E,548,LATE,0.9996153,True,CORRECT,Q3_Medium_High
CANONICAL_9d67e4253d38,TRAIN,TEST,CLUST_0.70_00001,LATE,HSV-2,UNKNOWN,large tegument protein,3122,LATE,0.99995506,True,CORRECT,Q4_Long
CANONICAL_9d7ab4b734a9,TRAIN,TEST,CLUST_0.70_00030,EARLY,HSV-2,UNKNOWN,thymidine kinase,376,EARLY,0.99289316,True,CORRECT,Q1_Short
CANONICAL_9d7cd5af6f54,TRAIN,TEST,CLUST_0.70_00015,LATE,HSV-1,UNKNOWN,glycoprotein C,511,LATE,0.9999969,True,CORRECT,Q3_Medium_High
CANONICAL_9d8d081cfa5e,TRAIN,TEST,CLUST_0.70_00004,IMMEDIATE_EARLY,HSV-1,ICP4,transcriptional regulator ICP4,1303,IMMEDIATE_EARLY,0.99986553,True,CORRECT,Q4_Long
CANONICAL_9db2a8358020,TRAIN,TEST,CLUST_0.70_00052,LATE,HSV-2,ICP34,ICP34.5 regulation protein,185,LATE,0.99999964,True,CORRECT,Q1_Short
CANONICAL_9dc1b63b9bac,VALIDATION,TEST,CLUST_0.70_00052,LATE,HSV-1,ICP34,neurovirulence protein ICP34.5,241,LATE,0.9999995,True,CORRECT,Q1_Short
CANONICAL_9de9893edeb2,TRAIN,TEST,CLUST_0.70_00037,LATE,HSV-1,US6,US6,394,LATE,0.99999976,True,CORRECT,Q2_Medium_Low
CANONICAL_9decf369676b,TRAIN,TEST,CLUST_0.70_00052,LATE,HSV-1,ICP34,neurovirulence protein ICP34.5,248,IMMEDIATE_EARLY,0.9188012,False,LATE_PREDICTED_AS_IMMEDIATE_EARLY,Q1_Short
CANONICAL_9df11d668632,TRAIN,TEST,CLUST_0.70_00052,LATE,HSV-1,RL1,RL1,248,LATE,0.99938047,True,CORRECT,Q1_Short
CANONICAL_9e169e902aa4,TRAIN,TEST,CLUST_0.70_00015,LATE,HSV-2,UL44,UL44,548,LATE,1.0,True,CORRECT,Q3_Medium_High
CANONICAL_9e1a9b08e94a,TEST,TEST,CLUST_0.70_00001,LATE,HSV-2,UNKNOWN,large tegument protein,3124,LATE,0.99999774,True,CORRECT,Q4_Long
CANONICAL_9e266f50d516,TRAIN,TEST,CLUST_0.70_00001,LATE,HSV-2,UNKNOWN,large tegument protein,3124,LATE,0.999995,True,CORRECT,Q4_Long
CANONICAL_9e3661c03ac0,TRAIN,TEST,CLUST_0.70_00020,LATE,HSV-1,UNKNOWN,tegument serine/threonine protein kinase,518,LATE,0.9999788,True,CORRECT,Q3_Medium_High
CANONICAL_9e5ac4d8c985,TRAIN,TEST,CLUST_0.70_00018,LATE,HSV-2,US8,US8,459,LATE,0.9999975,True,CORRECT,Q2_Medium_Low
CANONICAL_9e6d2a86e103,TEST,TEST,CLUST_0.70_00037,LATE,HSV-1,UNKNOWN,envelope glycoprotein D,394,LATE,0.9999999,True,CORRECT,Q2_Medium_Low
CANONICAL_9e71f1611d7c,TEST,TEST,CLUST_0.70_00020,LATE,HSV-2,UNKNOWN,tegument serine/threonine protein kinase,518,LATE,0.9999814,True,CORRECT,Q3_Medium_High
CANONICAL_9e845296ff2e,TRAIN,TEST,CLUST_0.70_00004,IMMEDIATE_EARLY,HSV-2,ICP4,transcriptional regulator ICP4,1331,IMMEDIATE_EARLY,0.99997437,True,CORRECT,Q4_Long
CANONICAL_9e8845d97593,TRAIN,TEST,CLUST_0.70_00052,LATE,HSV-1,ICP34,neurovirulence protein ICP34.5,246,LATE,0.99994457,True,CORRECT,Q1_Short
CANONICAL_9eae9f651db8,TEST,TEST,CLUST_0.70_00037,LATE,HSV-1,UNKNOWN,envelope glycoprotein D,394,LATE,0.9999999,True,CORRECT,Q2_Medium_Low
CANONICAL_9ebf0ffe99f7,TRAIN,TEST,CLUST_0.70_00001,LATE,HSV-2,UNKNOWN,large tegument protein,3122,LATE,0.9999751,True,CORRECT,Q4_Long
CANONICAL_9ed31a11dba8,VALIDATION,TEST,CLUST_0.70_00001,LATE,HSV-1,UL36,UL36,3094,LATE,0.9999987,True,CORRECT,Q4_Long
CANONICAL_9ed9a1e481f1,TRAIN,TEST,CLUST_0.70_00015,LATE,HSV-2,UNKNOWN,envelope glycoprotein C,480,LATE,0.9999999,True,CORRECT,Q2_Medium_Low
CANONICAL_9ee6e9b180fe,TRAIN,TEST,CLUST_0.70_00052,LATE,HSV-1,RL1,RL1,248,LATE,0.9999789,True,CORRECT,Q1_Short
CANONICAL_9efcf5a77d63,TEST,TEST,CLUST_0.70_00004,IMMEDIATE_EARLY,HSV-2,ICP4,transcriptional regulator ICP4,1464,IMMEDIATE_EARLY,0.99993205,True,CORRECT,Q4_Long
CANONICAL_9f4f38e653b2,TRAIN,TEST,CLUST_0.70_00015,LATE,HSV-1,UL44,UL44,505,LATE,0.99999726,True,CORRECT,Q3_Medium_High
CANONICAL_9f646f72ac90,TEST,TEST,CLUST_0.70_00071,LATE,HSV-1,UL24,RecName: Full=Protein UL24,269,EARLY,0.64727235,False,LATE_PREDICTED_AS_EARLY,Q1_Short
CANONICAL_9f6cf9a5b9eb,TEST,TEST,CLUST_0.70_00030,EARLY,HSV-1,UL23,UL23,376,EARLY,0.9989441,True,CORRECT,Q1_Short
CANONICAL_9f767813c83a,TRAIN,TEST,CLUST_0.70_00030,EARLY,HSV-1,UNKNOWN,thymidine kinase,376,EARLY,0.9994005,True,CORRECT,Q1_Short
CANONICAL_9f794d42475d,TRAIN,TEST,CLUST_0.70_00020,LATE,HSV-2,UNKNOWN,tegument serine/threonine protein kinase,518,LATE,0.99846244,True,CORRECT,Q3_Medium_High
CANONICAL_9f83d1181d93,TRAIN,TEST,CLUST_0.70_00030,EARLY,HSV-1,UL23,UL23,376,EARLY,0.9983682,True,CORRECT,Q1_Short
CANONICAL_9f8bd67b0d73,TRAIN,TEST,CLUST_0.70_00080,LATE,HSV-2,UL3,nuclear protein UL3,233,EARLY,0.5520822,False,LATE_PREDICTED_AS_EARLY,Q1_Short
CANONICAL_9f91ec78df66,TRAIN,TEST,CLUST_0.70_00001,LATE,HSV-1,UNKNOWN,large tegument protein,3139,LATE,0.9999999,True,CORRECT,Q4_Long
CANONICAL_9fa2533be057,TRAIN,TEST,CLUST_0.70_00030,EARLY,HSV-1,UNKNOWN,thymidine kinase,376,EARLY,0.9998642,True,CORRECT,Q1_Short
CANONICAL_9fa7218f98ec,TRAIN,TEST,CLUST_0.70_00037,LATE,HSV-2,UNKNOWN,envelope glycoprotein D,393,LATE,0.9999999,True,CORRECT,Q2_Medium_Low
CANONICAL_9fb591a968c2,VALIDATION,TEST,CLUST_0.70_00001,LATE,HSV-2,UL36,UL36,3125,LATE,0.99999833,True,CORRECT,Q4_Long
CANONICAL_9fb843f1a550,TRAIN,TEST,CLUST_0.70_00052,LATE,HSV-1,ICP34,neurovirulence protein ICP34.5,260,LATE,0.8652917,True,CORRECT,Q1_Short
CANONICAL_9fc7122c44fd,TRAIN,TEST,CLUST_0.70_00001,LATE,HSV-2,UNKNOWN,large tegument protein,3122,LATE,0.99999213,True,CORRECT,Q4_Long
CANONICAL_9fdfb49df5ed,TRAIN,TEST,CLUST_0.70_00051,LATE,HSV-2,UL49,UL49,302,LATE,0.999866,True,CORRECT,Q1_Short
CANONICAL_9ff289e285e3,TRAIN,TEST,CLUST_0.70_00018,EARLY,HSV-1,UNKNOWN,DNA polymerase processivity subunit,488,EARLY,0.9846779,True,CORRECT,Q2_Medium_Low
CANONICAL_a0238dbe5b8a,TRAIN,TEST,CLUST_0.70_00004,IMMEDIATE_EARLY,HSV-2,ICP4,transcriptional regulator ICP4,1316,IMMEDIATE_EARLY,0.9999888,True,CORRECT,Q4_Long
CANONICAL_a02ce77aeadd,TRAIN,TEST,CLUST_0.70_00009,LATE,HSV-1,UL48,UL48,490,LATE,0.9997627,True,CORRECT,Q2_Medium_Low
CANONICAL_a052b74a3cb8,TRAIN,TEST,CLUST_0.70_00030,EARLY,HSV-1,UNKNOWN,thymidine kinase,376,EARLY,0.9984471,True,CORRECT,Q1_Short
CANONICAL_a0753f37040c,TRAIN,TEST,CLUST_0.70_00001,LATE,HSV-2,UL36,UL36,3086,LATE,0.9999974,True,CORRECT,Q4_Long
CANONICAL_a0763056509d,TRAIN,TEST,CLUST_0.70_00001,LATE,HSV-1,UNKNOWN,large tegument protein,3139,LATE,0.9999999,True,CORRECT,Q4_Long
CANONICAL_a07a5f69ce1a,VALIDATION,TEST,CLUST_0.70_00001,LATE,HSV-1,UL36,UL36,3139,LATE,0.99999976,True,CORRECT,Q4_Long
CANONICAL_a09f10375779,TRAIN,TEST,CLUST_0.70_00015,LATE,HSV-2,UNKNOWN,envelope glycoprotein C,480,LATE,1.0,True,CORRECT,Q2_Medium_Low
CANONICAL_a0b2de0dde2f,TRAIN,TEST,CLUST_0.70_00004,IMMEDIATE_EARLY,HSV-1,ICP4,transcriptional regulator ICP4,1300,IMMEDIATE_EARLY,0.999244,True,CORRECT,Q3_Medium_High
CANONICAL_a0b4f40ad5c7,TRAIN,TEST,CLUST_0.70_00020,LATE,HSV-2,UNKNOWN,tegument serine/threonine protein kinase,518,LATE,0.99962234,True,CORRECT,Q3_Medium_High
CANONICAL_a0bd0665bc02,TRAIN,TEST,CLUST_0.70_00001,LATE,HSV-1,UNKNOWN,large tegument protein,3136,LATE,0.9999999,True,CORRECT,Q4_Long
CANONICAL_a0caa2720797,VALIDATION,TEST,CLUST_0.70_00030,EARLY,HSV-1,UNKNOWN,thymidine kinase,376,EARLY,0.9967878,True,CORRECT,Q1_Short
CANONICAL_a0ccdb3d46b0,TEST,TEST,CLUST_0.70_00004,IMMEDIATE_EARLY,HSV-2,ICP4,transcriptional regulator ICP4,1467,IMMEDIATE_EARLY,0.99999964,True,CORRECT,Q4_Long
CANONICAL_a0d2a4d6873b,TRAIN,TEST,CLUST_0.70_00037,LATE,HSV-2,UNKNOWN,envelope glycoprotein D,393,LATE,0.9999999,True,CORRECT,Q2_Medium_Low
CANONICAL_a0db1b82b988,TRAIN,TEST,CLUST_0.70_00080,LATE,HSV-1,UL3,UL3,235,LATE,0.9964651,True,CORRECT,Q1_Short
CANONICAL_a0eefe7c0fbc,TRAIN,TEST,CLUST_0.70_00018,EARLY,HSV-1,UL42,UL42,504,EARLY,0.99467975,True,CORRECT,Q3_Medium_High
CANONICAL_a106bf6418d3,TRAIN,TEST,CLUST_0.70_00030,EARLY,HSV-1,UL23,UL23,331,EARLY,0.9995377,True,CORRECT,Q1_Short
CANONICAL_a129e6094767,VALIDATION,TEST,CLUST_0.70_00018,LATE,HSV-2,UNKNOWN,envelope glycoprotein E,548,LATE,0.9993687,True,CORRECT,Q3_Medium_High
CANONICAL_a13fc02103fa,TEST,TEST,CLUST_0.70_00030,EARLY,HSV-2,UNKNOWN,thymidine kinase,376,EARLY,0.9959806,True,CORRECT,Q1_Short
CANONICAL_a141cd457af7,VALIDATION,TEST,CLUST_0.70_00030,EARLY,HSV-2,UNKNOWN,thymidine kinase,376,EARLY,0.9960742,True,CORRECT,Q1_Short
CANONICAL_a14b580ade9d,TRAIN,TEST,CLUST_0.70_00004,IMMEDIATE_EARLY,HSV-2,ICP4,transcriptional regulator ICP4,1477,IMMEDIATE_EARLY,0.99986196,True,CORRECT,Q4_Long
CANONICAL_a15f2b1aeec4,TRAIN,TEST,CLUST_0.70_00051,LATE,HSV-2,ICP34,neurovirulence protein ICP34.5,307,LATE,0.9999988,True,CORRECT,Q1_Short
CANONICAL_a162c972d006,TRAIN,TEST,CLUST_0.70_00015,LATE,HSV-1,UNKNOWN,envelope glycoprotein C,511,LATE,0.9999994,True,CORRECT,Q3_Medium_High
CANONICAL_a17f9625108c,TRAIN,TEST,CLUST_0.70_00004,IMMEDIATE_EARLY,HSV-1,ICP4,transcriptional regulator ICP4,1295,IMMEDIATE_EARLY,0.9997782,True,CORRECT,Q3_Medium_High
CANONICAL_a191beafe9e3,TEST,TEST,CLUST_0.70_00030,EARLY,HSV-1,UNKNOWN,thymidine kinase,376,EARLY,0.9980538,True,CORRECT,Q1_Short
CANONICAL_a1a16f3624d4,TRAIN,TEST,CLUST_0.70_00018,LATE,HSV-2,UNKNOWN,envelope glycoprotein E,548,LATE,0.9997396,True,CORRECT,Q3_Medium_High
CANONICAL_a1acc2fc130d,TRAIN,TEST,CLUST_0.70_00052,LATE,HSV-2,ICP34,ICP34.5 regulation protein,176,LATE,0.99999964,True,CORRECT,Q1_Short
CANONICAL_a1bc68400ae0,TRAIN,TEST,CLUST_0.70_00030,EARLY,HSV-1,UNKNOWN,thymidine kinase,376,EARLY,0.99956626,True,CORRECT,Q1_Short
CANONICAL_a1c4f75d247f,TRAIN,TEST,CLUST_0.70_00004,IMMEDIATE_EARLY,HSV-1,RS1,RS1-2,1294,IMMEDIATE_EARLY,0.9997346,True,CORRECT,Q3_Medium_High
CANONICAL_a1de37bb8fa1,VALIDATION,TEST,CLUST_0.70_00001,LATE,HSV-2,UNKNOWN,large tegument protein,3077,LATE,0.99999666,True,CORRECT,Q4_Long
CANONICAL_a204fde6a002,TEST,TEST,CLUST_0.70_00030,EARLY,HSV-2,UL23,UL23,307,LATE,0.9742046,False,EARLY_PREDICTED_AS_LATE,Q1_Short
CANONICAL_a2100541f5d0,TRAIN,TEST,CLUST_0.70_00018,LATE,HSV-2,US8,US8,548,LATE,0.9996644,True,CORRECT,Q3_Medium_High
CANONICAL_a221c84853b7,TRAIN,TEST,CLUST_0.70_00004,IMMEDIATE_EARLY,HSV-1,RS1,RS1,1298,IMMEDIATE_EARLY,0.99978083,True,CORRECT,Q3_Medium_High
CANONICAL_a222ede2b5e0,TRAIN,TEST,CLUST_0.70_00001,LATE,HSV-2,UNKNOWN,large tegument protein,3132,LATE,0.9999702,True,CORRECT,Q4_Long
CANONICAL_a23a0ca20324,TRAIN,TEST,CLUST_0.70_00080,LATE,HSV-2,UL3,nuclear protein UL3,233,LATE,0.7620497,True,CORRECT,Q1_Short
CANONICAL_a2482d950c82,TRAIN,TEST,CLUST_0.70_00030,EARLY,HSV-1,UNKNOWN,thymidine kinase,376,EARLY,0.9996681,True,CORRECT,Q1_Short
CANONICAL_a24c7432befb,VALIDATION,TEST,CLUST_0.70_00071,LATE,HSV-1,UL24,nuclear protein UL24,269,EARLY,0.55325496,False,LATE_PREDICTED_AS_EARLY,Q1_Short
CANONICAL_a24ebdb7bc1b,TRAIN,TEST,CLUST_0.70_00030,EARLY,HSV-2,UNKNOWN,thymidine kinase,376,EARLY,0.99802315,True,CORRECT,Q1_Short
CANONICAL_a254fe26ab21,TRAIN,TEST,CLUST_0.70_00001,LATE,HSV-2,UL36,UL36,3122,LATE,0.9999987,True,CORRECT,Q4_Long
CANONICAL_a25e98b0a7a7,VALIDATION,TEST,CLUST_0.70_00004,IMMEDIATE_EARLY,HSV-1,ICP4,transcriptional regulator ICP4,1302,IMMEDIATE_EARLY,0.9998733,True,CORRECT,Q3_Medium_High
CANONICAL_a2897d495ee1,TRAIN,TEST,CLUST_0.70_00004,IMMEDIATE_EARLY,HSV-2,ICP4,transcriptional regulator ICP4,1466,IMMEDIATE_EARLY,0.9999529,True,CORRECT,Q4_Long
CANONICAL_a28e404d3e29,VALIDATION,TEST,CLUST_0.70_00018,LATE,HSV-2,US8,US8,459,LATE,0.9999969,True,CORRECT,Q2_Medium_Low
CANONICAL_a2b52e7747ee,TRAIN,TEST,CLUST_0.70_00015,LATE,HSV-1,UL44,UL44,511,LATE,0.99999714,True,CORRECT,Q3_Medium_High
CANONICAL_a2bab9d155b1,TRAIN,TEST,CLUST_0.70_00004,IMMEDIATE_EARLY,HSV-2,ICP4,transcriptional regulator ICP4,1467,IMMEDIATE_EARLY,0.99992406,True,CORRECT,Q4_Long
CANONICAL_a2c908adc185,TRAIN,TEST,CLUST_0.70_00001,LATE,HSV-1,UL36,UL36,3106,LATE,0.9999999,True,CORRECT,Q4_Long
CANONICAL_a2cc2bf9c2cf,VALIDATION,TEST,CLUST_0.70_00001,LATE,HSV-1,UNKNOWN,large tegument protein,3124,LATE,0.99999976,True,CORRECT,Q4_Long
CANONICAL_a2d643aca025,TRAIN,TEST,CLUST_0.70_00030,EARLY,HSV-1,UNKNOWN,thymidine kinase,376,EARLY,0.9947832,True,CORRECT,Q1_Short
CANONICAL_a2fa65bb6bd0,TEST,TEST,CLUST_0.70_00018,LATE,HSV-2,UNKNOWN,envelope glycoprotein E,548,LATE,0.9993012,True,CORRECT,Q3_Medium_High
CANONICAL_a3143fee49d0,TRAIN,TEST,CLUST_0.70_00030,EARLY,HSV-1,UNKNOWN,thymidine kinase,376,EARLY,0.99928856,True,CORRECT,Q1_Short
CANONICAL_a315c3a1521b,TRAIN,TEST,CLUST_0.70_00009,LATE,HSV-1,UL48,UL48,490,LATE,0.99983215,True,CORRECT,Q2_Medium_Low
CANONICAL_a31ed22bee6a,TRAIN,TEST,CLUST_0.70_00018,LATE,HSV-1,US8,US8,549,LATE,0.9999331,True,CORRECT,Q3_Medium_High
CANONICAL_a357fb252ddc,TRAIN,TEST,CLUST_0.70_00030,EARLY,HSV-2,UNKNOWN,thymidine kinase,376,EARLY,0.99552745,True,CORRECT,Q1_Short
CANONICAL_a36c0a8420f9,TEST,TEST,CLUST_0.70_00004,IMMEDIATE_EARLY,HSV-1,RS1,RS1-2,1300,IMMEDIATE_EARLY,0.9998103,True,CORRECT,Q3_Medium_High
CANONICAL_a37f3dbf0a18,TRAIN,TEST,CLUST_0.70_00004,IMMEDIATE_EARLY,HSV-1,ICP4,transcriptional regulator ICP4,1300,IMMEDIATE_EARLY,0.9994766,True,CORRECT,Q3_Medium_High
CANONICAL_a3941d799d49,TRAIN,TEST,CLUST_0.70_00001,LATE,HSV-1,UL36,UL36,3159,LATE,0.9999994,True,CORRECT,Q4_Long
CANONICAL_a3bc11f66b95,TRAIN,TEST,CLUST_0.70_00001,LATE,HSV-1,UL36,UL36,3082,LATE,0.9999999,True,CORRECT,Q4_Long
CANONICAL_a3c7ea43009e,TRAIN,TEST,CLUST_0.70_00030,EARLY,HSV-1,UNKNOWN,thymidine kinase,376,EARLY,0.9987662,True,CORRECT,Q1_Short
CANONICAL_a3ef641bc2cd,TRAIN,TEST,CLUST_0.70_00030,EARLY,HSV-2,UNKNOWN,thymidine kinase,376,EARLY,0.9972134,True,CORRECT,Q1_Short
CANONICAL_a41982f10fc5,TEST,TEST,CLUST_0.70_00020,LATE,HSV-2,UNKNOWN,tegument serine/threonine protein kinase,518,LATE,0.9999664,True,CORRECT,Q3_Medium_High
CANONICAL_a42d16e7df97,TRAIN,TEST,CLUST_0.70_00015,LATE,HSV-1,UNKNOWN,envelope glycoprotein C,511,LATE,0.9999995,True,CORRECT,Q3_Medium_High
CANONICAL_a42dfa45f8f8,TEST,TEST,CLUST_0.70_00030,EARLY,HSV-2,UL23,UL23,307,LATE,0.9783377,False,EARLY_PREDICTED_AS_LATE,Q1_Short
CANONICAL_a43719aa94ad,TRAIN,TEST,CLUST_0.70_00001,LATE,HSV-2,UNKNOWN,large tegument protein,3122,LATE,0.99999297,True,CORRECT,Q4_Long
CANONICAL_a4987c139118,TRAIN,TEST,CLUST_0.70_00004,IMMEDIATE_EARLY,HSV-2,ICP4,transcriptional regulator ICP4,1469,IMMEDIATE_EARLY,0.99884284,True,CORRECT,Q4_Long
CANONICAL_a4b921281c58,TRAIN,TEST,CLUST_0.70_00004,IMMEDIATE_EARLY,HSV-2,ICP4,transcriptional regulator ICP4,1468,IMMEDIATE_EARLY,0.99979585,True,CORRECT,Q4_Long
CANONICAL_a4cb67bd0caf,TRAIN,TEST,CLUST_0.70_00015,LATE,HSV-2,UNKNOWN,envelope glycoprotein C,480,LATE,1.0,True,CORRECT,Q2_Medium_Low
CANONICAL_a4db32226aa3,TRAIN,TEST,CLUST_0.70_00004,IMMEDIATE_EARLY,HSV-1,RS1,RS1-2,1298,IMMEDIATE_EARLY,0.9997389,True,CORRECT,Q3_Medium_High
CANONICAL_a4e32e9229be,TRAIN,TEST,CLUST_0.70_00030,EARLY,HSV-1,UNKNOWN,thymidine kinase,376,EARLY,0.99907196,True,CORRECT,Q1_Short
CANONICAL_a4e500dd7804,VALIDATION,TEST,CLUST_0.70_00037,LATE,HSV-2,UNKNOWN,envelope glycoprotein D,393,LATE,0.9999999,True,CORRECT,Q2_Medium_Low
CANONICAL_a4f7fc579071,TRAIN,TEST,CLUST_0.70_00004,IMMEDIATE_EARLY,HSV-2,ICP4,transcriptional regulator ICP4,1396,IMMEDIATE_EARLY,0.9999976,True,CORRECT,Q4_Long
CANONICAL_a50a88a891f9,TRAIN,TEST,CLUST_0.70_00071,LATE,HSV-2,UL24,nuclear protein UL24,281,EARLY,0.7713702,False,LATE_PREDICTED_AS_EARLY,Q1_Short
CANONICAL_a52f6b635eb2,TRAIN,TEST,CLUST_0.70_00001,LATE,HSV-1,UL36,UL36,3092,LATE,0.9999999,True,CORRECT,Q4_Long
CANONICAL_a530b63da16f,TEST,TEST,CLUST_0.70_00004,IMMEDIATE_EARLY,HSV-2,ICP4,"transcriptional regulator ICP4, partial",1133,IMMEDIATE_EARLY,0.99999917,True,CORRECT,Q3_Medium_High
CANONICAL_a53b5f89f872,VALIDATION,TEST,CLUST_0.70_00004,IMMEDIATE_EARLY,HSV-2,ICP4,transcriptional regulator ICP4,1319,IMMEDIATE_EARLY,0.9999864,True,CORRECT,Q4_Long
CANONICAL_a544d6dd75c8,TRAIN,TEST,CLUST_0.70_00030,EARLY,HSV-1,UL23,UL23,376,EARLY,0.9993339,True,CORRECT,Q1_Short
CANONICAL_a54f3a294218,TRAIN,TEST,CLUST_0.70_00052,LATE,HSV-1,RL1,RL1,261,LATE,0.9999887,True,CORRECT,Q1_Short
CANONICAL_a554a718be83,TRAIN,TEST,CLUST_0.70_00009,LATE,HSV-2,UL48,UL48,490,LATE,0.99993193,True,CORRECT,Q2_Medium_Low
CANONICAL_a55dbf17873b,TRAIN,TEST,CLUST_0.70_00080,LATE,HSV-1,UL3,nuclear protein UL3,235,LATE,0.9962436,True,CORRECT,Q1_Short
CANONICAL_a58ac2aea34f,VALIDATION,TEST,CLUST_0.70_00004,IMMEDIATE_EARLY,HSV-1,ICP4,transcriptional regulator ICP4,1302,IMMEDIATE_EARLY,0.99984956,True,CORRECT,Q3_Medium_High
CANONICAL_a5d285285995,TRAIN,TEST,CLUST_0.70_00001,LATE,HSV-1,UL36,UL36,3092,LATE,0.9999999,True,CORRECT,Q4_Long
CANONICAL_a5d5b934967a,TRAIN,TEST,CLUST_0.70_00015,LATE,HSV-1,UL44,UL44,511,LATE,0.9999975,True,CORRECT,Q3_Medium_High
CANONICAL_a5d6d23e8a03,TRAIN,TEST,CLUST_0.70_00015,LATE,HSV-1,UNKNOWN,envelope glycoprotein C,511,LATE,0.9999994,True,CORRECT,Q3_Medium_High
CANONICAL_a5ea752f1293,TRAIN,TEST,CLUST_0.70_00004,IMMEDIATE_EARLY,HSV-1,ICP4,transcriptional regulator ICP4,1298,IMMEDIATE_EARLY,0.9999069,True,CORRECT,Q3_Medium_High
CANONICAL_a6101dc37bf7,TEST,TEST,CLUST_0.70_00018,LATE,HSV-1,UNKNOWN,envelope glycoprotein E,550,LATE,0.99956924,True,CORRECT,Q3_Medium_High
CANONICAL_a61653ce6671,TRAIN,TEST,CLUST_0.70_00071,LATE,HSV-2,UL24,nuclear protein UL24,281,EARLY,0.9068018,False,LATE_PREDICTED_AS_EARLY,Q1_Short
CANONICAL_a61774354c57,TEST,TEST,CLUST_0.70_00004,IMMEDIATE_EARLY,HSV-2,ICP4,transcriptional regulator ICP4,1317,IMMEDIATE_EARLY,0.9999821,True,CORRECT,Q4_Long
CANONICAL_a61ca662fe96,TRAIN,TEST,CLUST_0.70_00004,IMMEDIATE_EARLY,HSV-1,ICP4,transcriptional regulator ICP4,1298,IMMEDIATE_EARLY,0.9987834,True,CORRECT,Q3_Medium_High
CANONICAL_a622392526b0,TRAIN,TEST,CLUST_0.70_00001,LATE,HSV-1,UL36,UL36,3084,LATE,0.9999999,True,CORRECT,Q4_Long
CANONICAL_a62ce46c9873,TRAIN,TEST,CLUST_0.70_00030,EARLY,HSV-1,UNKNOWN,thymidine kinase,376,EARLY,0.9985837,True,CORRECT,Q1_Short
CANONICAL_a63b5edb7c65,TRAIN,TEST,CLUST_0.70_00004,IMMEDIATE_EARLY,HSV-1,ICP4,transcriptional regulator ICP4,1302,IMMEDIATE_EARLY,0.9999114,True,CORRECT,Q3_Medium_High
CANONICAL_a656a35fec3a,VALIDATION,TEST,CLUST_0.70_00018,EARLY,HSV-1,UNKNOWN,DNA polymerase processivity subunit,488,EARLY,0.9890865,True,CORRECT,Q2_Medium_Low
CANONICAL_a6856482b9aa,TRAIN,TEST,CLUST_0.70_00030,EARLY,HSV-2,UNKNOWN,thymidine kinase,376,EARLY,0.9883334,True,CORRECT,Q1_Short
CANONICAL_a699b2429e49,VALIDATION,TEST,CLUST_0.70_00004,IMMEDIATE_EARLY,HSV-1,RS1,RS1,1298,IMMEDIATE_EARLY,0.99825245,True,CORRECT,Q3_Medium_High
CANONICAL_a6adbc5342f7,TRAIN,TEST,CLUST_0.70_00051,LATE,HSV-2,UNKNOWN,tegument protein VP22,302,LATE,0.9998709,True,CORRECT,Q1_Short
CANONICAL_a6bd89561f12,TRAIN,TEST,CLUST_0.70_00009,LATE,HSV-2,UL48,UL48,490,LATE,0.9997998,True,CORRECT,Q2_Medium_Low
CANONICAL_a6c830beacdf,TRAIN,TEST,CLUST_0.70_00018,LATE,HSV-2,UNKNOWN,envelope glycoprotein E,548,LATE,0.99002916,True,CORRECT,Q3_Medium_High
CANONICAL_a6dd35ddfa63,TRAIN,TEST,CLUST_0.70_00001,LATE,HSV-1,UL36,UL36,3076,LATE,0.99999976,True,CORRECT,Q4_Long
CANONICAL_a703616e61bb,TRAIN,TEST,CLUST_0.70_00015,LATE,HSV-1,UNKNOWN,glycoprotein C,511,LATE,0.99999726,True,CORRECT,Q3_Medium_High
CANONICAL_a72a03fb3a08,VALIDATION,TEST,CLUST_0.70_00080,LATE,HSV-1,UL3,UL3,235,LATE,0.99536324,True,CORRECT,Q1_Short
CANONICAL_a736b1ae71b4,TRAIN,TEST,CLUST_0.70_00030,EARLY,HSV-2,UNKNOWN,thymidine kinase,376,EARLY,0.99584275,True,CORRECT,Q1_Short
CANONICAL_a78d5e6e8556,TRAIN,TEST,CLUST_0.70_00052,LATE,HSV-1,ICP34,neurovirulence protein ICP34.5,241,LATE,0.99999905,True,CORRECT,Q1_Short
CANONICAL_a79599bb6e1a,TRAIN,TEST,CLUST_0.70_00080,LATE,HSV-1,UL3,"UL3, partial",217,LATE,0.9971175,True,CORRECT,Q1_Short
CANONICAL_a7b60eaee465,TRAIN,TEST,CLUST_0.70_00001,LATE,HSV-1,UNKNOWN,large tegument protein,3178,LATE,0.9999999,True,CORRECT,Q4_Long
CANONICAL_a7d8a6261a8f,TRAIN,TEST,CLUST_0.70_00037,LATE,HSV-1,US6,US6,394,LATE,0.99999976,True,CORRECT,Q2_Medium_Low
CANONICAL_a7e57f421e82,TRAIN,TEST,CLUST_0.70_00071,LATE,HSV-2,UL24,nuclear protein UL24,281,LATE,0.54340684,True,CORRECT,Q1_Short
CANONICAL_a819cb5d140e,TRAIN,TEST,CLUST_0.70_00030,EARLY,HSV-1,UNKNOWN,thymidine kinase,376,EARLY,0.9984987,True,CORRECT,Q1_Short
CANONICAL_a844d22f0217,TRAIN,TEST,CLUST_0.70_00004,IMMEDIATE_EARLY,HSV-2,ICP4,transcriptional regulator ICP4,1465,IMMEDIATE_EARLY,0.99999034,True,CORRECT,Q4_Long
CANONICAL_a8479253a844,TRAIN,TEST,CLUST_0.70_00018,LATE,HSV-2,UNKNOWN,envelope glycoprotein E,545,LATE,0.9989153,True,CORRECT,Q3_Medium_High
CANONICAL_a8567b3ed9ce,TRAIN,TEST,CLUST_0.70_00071,LATE,HSV-2,UL24,nuclear protein UL24,281,EARLY,0.6727136,False,LATE_PREDICTED_AS_EARLY,Q1_Short
CANONICAL_a87f7232fb74,TRAIN,TEST,CLUST_0.70_00015,LATE,HSV-1,UL44,UL44,511,LATE,0.99999785,True,CORRECT,Q3_Medium_High
CANONICAL_a883e53a3251,TRAIN,TEST,CLUST_0.70_00052,LATE,HSV-1,ICP34,neurovirulence protein ICP34.5,238,LATE,0.99713093,True,CORRECT,Q1_Short
CANONICAL_a889681d1c99,TRAIN,TEST,CLUST_0.70_00051,LATE,HSV-2,ICP34,neurovirulence protein ICP34.5,307,LATE,0.99975115,True,CORRECT,Q1_Short
CANONICAL_a8931165b551,TRAIN,TEST,CLUST_0.70_00001,LATE,HSV-2,UNKNOWN,large tegument protein,3126,LATE,0.99999857,True,CORRECT,Q4_Long
CANONICAL_a8acfe0c4787,TRAIN,TEST,CLUST_0.70_00052,LATE,HSV-1,RL1,RL1,257,LATE,0.99999034,True,CORRECT,Q1_Short
CANONICAL_a8ba26f4d9b1,TEST,TEST,CLUST_0.70_00071,LATE,HSV-2,UL24,UL24,281,LATE,0.8352725,True,CORRECT,Q1_Short
CANONICAL_a8be46fabb20,TRAIN,TEST,CLUST_0.70_00001,LATE,HSV-2,UL36,UL36,3112,LATE,0.9999989,True,CORRECT,Q4_Long
CANONICAL_a8ca93d096d6,TRAIN,TEST,CLUST_0.70_00020,LATE,HSV-1,UNKNOWN,tegument serine/threonine protein kinase,518,LATE,0.9999795,True,CORRECT,Q3_Medium_High
CANONICAL_a8ce9fe36f38,TEST,TEST,CLUST_0.70_00051,LATE,HSV-2,ICP34,neurovirulence protein ICP34.5,253,LATE,0.9993881,True,CORRECT,Q1_Short
CANONICAL_a8eb0f376c8f,TEST,TEST,CLUST_0.70_00052,LATE,HSV-1,RL1,RL1,249,LATE,0.99996996,True,CORRECT,Q1_Short
CANONICAL_a8eb8f89acdf,TRAIN,TEST,CLUST_0.70_00015,LATE,HSV-2,UNKNOWN,envelope glycoprotein C,480,LATE,1.0,True,CORRECT,Q2_Medium_Low
CANONICAL_a8ee7443a213,TRAIN,TEST,CLUST_0.70_00018,LATE,HSV-2,UNKNOWN,envelope glycoprotein E,548,LATE,0.9995511,True,CORRECT,Q3_Medium_High
CANONICAL_a8efdf1b4300,TRAIN,TEST,CLUST_0.70_00052,LATE,HSV-1,ICP34,neurovirulence protein ICP34.5,244,LATE,0.99999595,True,CORRECT,Q1_Short
CANONICAL_a8f587536f11,TRAIN,TEST,CLUST_0.70_00052,LATE,HSV-1,RL1,RL1,256,LATE,0.99999964,True,CORRECT,Q1_Short
CANONICAL_a8ff49a8c99b,TRAIN,TEST,CLUST_0.70_00030,EARLY,HSV-1,UNKNOWN,thymidine kinase,376,EARLY,0.9975303,True,CORRECT,Q1_Short
CANONICAL_a93b4cdcea80,TEST,TEST,CLUST_0.70_00030,EARLY,HSV-1,UL23,UL23,376,EARLY,0.99904054,True,CORRECT,Q1_Short
CANONICAL_a93de7ed341e,VALIDATION,TEST,CLUST_0.70_00004,IMMEDIATE_EARLY,HSV-1,ICP4,transcriptional regulator ICP4,1302,IMMEDIATE_EARLY,0.99981505,True,CORRECT,Q3_Medium_High
CANONICAL_a94716cc8aad,TRAIN,TEST,CLUST_0.70_00052,LATE,HSV-1,RL1,RL1,249,LATE,0.99999976,True,CORRECT,Q1_Short
CANONICAL_a95dfa82e1b4,TRAIN,TEST,CLUST_0.70_00004,IMMEDIATE_EARLY,HSV-2,ICP4,transcriptional regulator ICP4,1469,IMMEDIATE_EARLY,0.9995796,True,CORRECT,Q4_Long
CANONICAL_a96695d8e7b8,TRAIN,TEST,CLUST_0.70_00051,LATE,HSV-2,ICP34,neurovirulence protein ICP34.5,260,LATE,0.9986168,True,CORRECT,Q1_Short
CANONICAL_a96ed29d79dc,TRAIN,TEST,CLUST_0.70_00018,LATE,HSV-2,UNKNOWN,envelope glycoprotein E,325,LATE,0.99998724,True,CORRECT,Q1_Short
CANONICAL_a9813d272ddb,VALIDATION,TEST,CLUST_0.70_00001,LATE,HSV-2,UNKNOWN,large tegument protein,3122,LATE,0.99975365,True,CORRECT,Q4_Long
CANONICAL_a986c56d2b8b,TEST,TEST,CLUST_0.70_00030,EARLY,HSV-1,UNKNOWN,thymidine kinase,376,EARLY,0.99790156,True,CORRECT,Q1_Short
CANONICAL_a99ff70ba9ba,TRAIN,TEST,CLUST_0.70_00030,EARLY,HSV-2,UNKNOWN,thymidine kinase,376,EARLY,0.9984622,True,CORRECT,Q1_Short
CANONICAL_a9a2cdf62c68,TEST,TEST,CLUST_0.70_00018,LATE,HSV-2,UNKNOWN,envelope glycoprotein E,548,LATE,0.99878186,True,CORRECT,Q3_Medium_High
CANONICAL_a9da19dd0df0,TRAIN,TEST,CLUST_0.70_00015,LATE,HSV-2,UNKNOWN,envelope glycoprotein C,480,LATE,0.99999964,True,CORRECT,Q2_Medium_Low
CANONICAL_a9e4e00588e4,TRAIN,TEST,CLUST_0.70_00018,LATE,HSV-1,UL37,Capsid assembly protein UL37,384,LATE,0.9999485,True,CORRECT,Q2_Medium_Low
CANONICAL_a9f076048ddb,VALIDATION,TEST,CLUST_0.70_00004,IMMEDIATE_EARLY,HSV-2,ICP4,transcriptional regulator ICP4,1469,IMMEDIATE_EARLY,0.99891424,True,CORRECT,Q4_Long
CANONICAL_aa58a0b05c7b,VALIDATION,TEST,CLUST_0.70_00015,LATE,HSV-2,UNKNOWN,envelope glycoprotein C,480,LATE,1.0,True,CORRECT,Q2_Medium_Low
CANONICAL_aa87975b48aa,TRAIN,TEST,CLUST_0.70_00030,EARLY,HSV-1,UNKNOWN,thymidine kinase,376,EARLY,0.9996625,True,CORRECT,Q1_Short
CANONICAL_aa8f6308a712,TRAIN,TEST,CLUST_0.70_00052,LATE,HSV-1,RL1,RL1,251,LATE,0.99999344,True,CORRECT,Q1_Short
CANONICAL_aab9cffe115d,TEST,TEST,CLUST_0.70_00004,IMMEDIATE_EARLY,HSV-2,ICP4,major viral transcription factor ICP4-like protein,1303,IMMEDIATE_EARLY,0.9999467,True,CORRECT,Q4_Long
CANONICAL_aaec394569bc,TRAIN,TEST,CLUST_0.70_00080,LATE,HSV-1,UL3,nuclear protein UL3,224,LATE,0.99828404,True,CORRECT,Q1_Short
CANONICAL_ab01f87c2d84,TRAIN,TEST,CLUST_0.70_00030,EARLY,HSV-1,UNKNOWN,thymidine kinase,376,EARLY,0.9968484,True,CORRECT,Q1_Short
CANONICAL_ab1c4c9933fa,TEST,TEST,CLUST_0.70_00051,LATE,HSV-2,ICP34,neurovirulence protein ICP34.5,302,LATE,0.9999757,True,CORRECT,Q1_Short
CANONICAL_ab29e73d482c,TRAIN,TEST,CLUST_0.70_00004,IMMEDIATE_EARLY,HSV-1,ICP4,transcriptional regulator ICP4,1300,IMMEDIATE_EARLY,0.99938023,True,CORRECT,Q3_Medium_High
CANONICAL_ab6b82f51009,TRAIN,TEST,CLUST_0.70_00030,EARLY,HSV-2,UNKNOWN,thymidine kinase,337,EARLY,0.99912816,True,CORRECT,Q1_Short
CANONICAL_ab71f28860b9,TRAIN,TEST,CLUST_0.70_00018,LATE,HSV-1,US8,US8,480,LATE,0.9996829,True,CORRECT,Q2_Medium_Low
CANONICAL_ab79a8400b14,TRAIN,TEST,CLUST_0.70_00030,EARLY,HSV-1,UNKNOWN,thymidine kinase,376,EARLY,0.9988595,True,CORRECT,Q1_Short
CANONICAL_ab7fa7e677ed,TRAIN,TEST,CLUST_0.70_00052,LATE,HSV-1,RL1,RL1 protein,248,LATE,0.9983535,True,CORRECT,Q1_Short
CANONICAL_ab812cb028f4,TRAIN,TEST,CLUST_0.70_00004,IMMEDIATE_EARLY,HSV-2,ICP4,transcriptional regulator ICP4,1430,IMMEDIATE_EARLY,0.99999356,True,CORRECT,Q4_Long
CANONICAL_ab83e62ad818,TRAIN,TEST,CLUST_0.70_00037,LATE,HSV-2,UNKNOWN,envelope glycoprotein D,393,LATE,0.99999976,True,CORRECT,Q2_Medium_Low
CANONICAL_ab8fa74f35eb,TEST,TEST,CLUST_0.70_00020,LATE,HSV-2,UNKNOWN,tegument serine/threonine protein kinase,518,LATE,0.9999832,True,CORRECT,Q3_Medium_High
CANONICAL_ab9c1928de48,TRAIN,TEST,CLUST_0.70_00004,IMMEDIATE_EARLY,HSV-2,ICP4,transcriptional regulator ICP4,1467,IMMEDIATE_EARLY,0.99968827,True,CORRECT,Q4_Long
CANONICAL_abb7305a9d58,TRAIN,TEST,CLUST_0.70_00052,LATE,HSV-1,ICP34,neurovirulence protein ICP34.5,248,LATE,0.9854532,True,CORRECT,Q1_Short
CANONICAL_abba2bf7555a,TEST,TEST,CLUST_0.70_00015,LATE,HSV-1,UNKNOWN,envelope glycoprotein C,511,LATE,0.99999905,True,CORRECT,Q3_Medium_High
CANONICAL_abc2e112e69d,TRAIN,TEST,CLUST_0.70_00051,LATE,HSV-2,ICP34,neurovirulence protein ICP34.5,261,LATE,0.9982886,True,CORRECT,Q1_Short
CANONICAL_abe4bf5dc9ae,TRAIN,TEST,CLUST_0.70_00004,IMMEDIATE_EARLY,HSV-2,ICP4,transcriptional regulator ICP4,1444,IMMEDIATE_EARLY,0.9996125,True,CORRECT,Q4_Long
CANONICAL_abf658a5063c,TRAIN,TEST,CLUST_0.70_00004,IMMEDIATE_EARLY,HSV-1,ICP4,transcriptional regulator ICP4,1301,IMMEDIATE_EARLY,0.99978644,True,CORRECT,Q3_Medium_High
CANONICAL_ac2603e91191,TRAIN,TEST,CLUST_0.70_00018,LATE,HSV-2,US8,US8,548,LATE,0.9994929,True,CORRECT,Q3_Medium_High
CANONICAL_ac4fa7dbcb6a,TEST,TEST,CLUST_0.70_00004,IMMEDIATE_EARLY,HSV-2,ICP4,transcriptional regulator ICP4,1468,IMMEDIATE_EARLY,0.99866164,True,CORRECT,Q4_Long
CANONICAL_ac7bd243f4cd,TEST,TEST,CLUST_0.70_00030,EARLY,HSV-1,UNKNOWN,thymidine kinase,376,EARLY,0.9986272,True,CORRECT,Q1_Short
CANONICAL_acadd4f6a956,TRAIN,TEST,CLUST_0.70_00001,LATE,HSV-1,UNKNOWN,large tegument protein,3118,LATE,0.9999999,True,CORRECT,Q4_Long
CANONICAL_acb6a28f17e4,TRAIN,TEST,CLUST_0.70_00030,EARLY,HSV-2,UNKNOWN,thymidine kinase,376,EARLY,0.998343,True,CORRECT,Q1_Short
CANONICAL_acc085cde8f3,TRAIN,TEST,CLUST_0.70_00001,LATE,HSV-2,UL36,UL36,3111,LATE,0.9999988,True,CORRECT,Q4_Long
CANONICAL_acc899389a6a,VALIDATION,TEST,CLUST_0.70_00052,LATE,HSV-2,ICP34,neurovirulence protein ICP34.5,307,LATE,0.99999,True,CORRECT,Q1_Short
CANONICAL_acd4fcf59eae,TRAIN,TEST,CLUST_0.70_00030,EARLY,HSV-2,UNKNOWN,thymidine kinase,228,EARLY,0.8668328,True,CORRECT,Q1_Short
CANONICAL_acd7e19f3a71,TRAIN,TEST,CLUST_0.70_00030,EARLY,HSV-1,UNKNOWN,thymidine kinase,376,EARLY,0.9994985,True,CORRECT,Q1_Short
CANONICAL_acf12bf0b028,TRAIN,TEST,CLUST_0.70_00015,LATE,HSV-1,UNKNOWN,envelope glycoprotein C,511,LATE,0.999997,True,CORRECT,Q3_Medium_High
CANONICAL_acfa9f18bdac,TRAIN,TEST,CLUST_0.70_00004,IMMEDIATE_EARLY,HSV-1,ICP4,transcriptional regulator ICP4,1302,IMMEDIATE_EARLY,0.99989796,True,CORRECT,Q3_Medium_High
CANONICAL_ad004947dee8,VALIDATION,TEST,CLUST_0.70_00001,LATE,HSV-2,UL36,UL36,3122,LATE,0.99999857,True,CORRECT,Q4_Long
CANONICAL_ad143ffeaa7d,VALIDATION,TEST,CLUST_0.70_00052,LATE,HSV-1,RL1,RL1,239,LATE,0.9999832,True,CORRECT,Q1_Short
CANONICAL_ad48ce509c91,TRAIN,TEST,CLUST_0.70_00030,EARLY,HSV-2,UNKNOWN,thymidine kinase,376,EARLY,0.99245775,True,CORRECT,Q1_Short
CANONICAL_ad5184541ea9,TRAIN,TEST,CLUST_0.70_00052,LATE,HSV-1,RL1,RL1,247,LATE,0.997465,True,CORRECT,Q1_Short
CANONICAL_ad6902a6a463,TRAIN,TEST,CLUST_0.70_00001,LATE,HSV-1,UL36,UL36,3094,LATE,0.9999999,True,CORRECT,Q4_Long
CANONICAL_ad71047b07fa,TRAIN,TEST,CLUST_0.70_00004,IMMEDIATE_EARLY,HSV-1,RS1,RS1,1298,IMMEDIATE_EARLY,0.9985771,True,CORRECT,Q3_Medium_High
CANONICAL_ad7d156b7438,VALIDATION,TEST,CLUST_0.70_00080,LATE,HSV-1,UL3,UL3,224,LATE,0.998696,True,CORRECT,Q1_Short
CANONICAL_ad919daec1ec,TRAIN,TEST,CLUST_0.70_00030,EARLY,HSV-1,UNKNOWN,thymidine kinase,376,EARLY,0.9984119,True,CORRECT,Q1_Short
CANONICAL_ad9b0b800fd1,TRAIN,TEST,CLUST_0.70_00001,LATE,HSV-2,UL36,UL36,3152,LATE,0.9999963,True,CORRECT,Q4_Long
CANONICAL_ada8b56b0b19,TRAIN,TEST,CLUST_0.70_00020,LATE,HSV-2,UNKNOWN,tegument serine/threonine protein kinase,518,LATE,0.999884,True,CORRECT,Q3_Medium_High
CANONICAL_adabba91d95e,TRAIN,TEST,CLUST_0.70_00030,EARLY,HSV-1,UNKNOWN,thymidine kinase,376,EARLY,0.999052,True,CORRECT,Q1_Short
CANONICAL_adaf40001ecf,TRAIN,TEST,CLUST_0.70_00001,LATE,HSV-2,UNKNOWN,large tegument protein,3124,LATE,0.9999925,True,CORRECT,Q4_Long
CANONICAL_adb5f1159612,TRAIN,TEST,CLUST_0.70_00001,LATE,HSV-2,UNKNOWN,large tegument protein,3165,LATE,0.999997,True,CORRECT,Q4_Long
CANONICAL_adc926ec4aff,TEST,TEST,CLUST_0.70_00052,LATE,HSV-1,RL1,RL1 protein,259,LATE,0.9999987,True,CORRECT,Q1_Short
CANONICAL_adcb1f617de1,TRAIN,TEST,CLUST_0.70_00052,LATE,HSV-1,RL1,RL1,244,LATE,0.99997187,True,CORRECT,Q1_Short
CANONICAL_adce18480caf,TRAIN,TEST,CLUST_0.70_00080,LATE,HSV-2,UL3,nuclear protein UL3,233,EARLY,0.80159193,False,LATE_PREDICTED_AS_EARLY,Q1_Short
CANONICAL_ade328b0d6a2,TRAIN,TEST,CLUST_0.70_00015,LATE,HSV-2,UL44,UL44,548,LATE,1.0,True,CORRECT,Q3_Medium_High
CANONICAL_ae06ce866f14,TEST,TEST,CLUST_0.70_00080,LATE,HSV-2,UL3,nuclear protein UL3,266,LATE,0.55394846,True,CORRECT,Q1_Short
CANONICAL_ae13f7f9bcc6,TRAIN,TEST,CLUST_0.70_00018,LATE,HSV-2,UNKNOWN,envelope glycoprotein E,548,LATE,0.9995937,True,CORRECT,Q3_Medium_High
CANONICAL_ae2e9b5d952d,TRAIN,TEST,CLUST_0.70_00015,LATE,HSV-1,UNKNOWN,envelope glycoprotein C,511,LATE,0.999995,True,CORRECT,Q3_Medium_High
CANONICAL_ae393dde3613,TRAIN,TEST,CLUST_0.70_00071,LATE,HSV-2,UL24,nuclear protein UL24,281,LATE,0.66094613,True,CORRECT,Q1_Short
CANONICAL_ae4d097127f8,TRAIN,TEST,CLUST_0.70_00030,EARLY,HSV-1,UNKNOWN,thymidine kinase,376,EARLY,0.9970862,True,CORRECT,Q1_Short
CANONICAL_ae9a602806fe,TRAIN,TEST,CLUST_0.70_00071,LATE,HSV-1,UL24,UL24,269,EARLY,0.6822676,False,LATE_PREDICTED_AS_EARLY,Q1_Short
CANONICAL_ae9ffac6291a,TRAIN,TEST,CLUST_0.70_00071,LATE,HSV-2,UL24,nuclear protein UL24,281,LATE,0.7557587,True,CORRECT,Q1_Short
CANONICAL_aea2554835a1,TRAIN,TEST,CLUST_0.70_00030,EARLY,HSV-1,UNKNOWN,thymidine kinase,376,EARLY,0.99892586,True,CORRECT,Q1_Short
CANONICAL_aec5ae47caf4,VALIDATION,TEST,CLUST_0.70_00001,LATE,HSV-1,UL36,UL36,3096,LATE,0.9999999,True,CORRECT,Q4_Long
CANONICAL_aeeba0346906,TRAIN,TEST,CLUST_0.70_00001,LATE,HSV-1,UNKNOWN,large tegument protein,3130,LATE,0.9999999,True,CORRECT,Q4_Long
CANONICAL_aef3b212d2d3,TEST,TEST,CLUST_0.70_00001,LATE,HSV-1,UNKNOWN,large tegument protein,3139,LATE,0.9999999,True,CORRECT,Q4_Long
CANONICAL_af0a0943539d,TRAIN,TEST,CLUST_0.70_00004,IMMEDIATE_EARLY,HSV-1,ICP4,transcriptional regulator ICP4,1301,IMMEDIATE_EARLY,0.9991737,True,CORRECT,Q3_Medium_High
CANONICAL_af10a84796a3,VALIDATION,TEST,CLUST_0.70_00018,LATE,HSV-1,UNKNOWN,"glycoprotein E, partial",550,LATE,0.9999175,True,CORRECT,Q3_Medium_High
CANONICAL_af14014da934,TRAIN,TEST,CLUST_0.70_00015,LATE,HSV-1,UL44,UL44,511,LATE,0.99999404,True,CORRECT,Q3_Medium_High
CANONICAL_af143b306150,VALIDATION,TEST,CLUST_0.70_00030,EARLY,HSV-1,UNKNOWN,thymidine kinase,376,EARLY,0.99693406,True,CORRECT,Q1_Short
CANONICAL_af1d99e4d03c,TRAIN,TEST,CLUST_0.70_00001,LATE,HSV-1,UNKNOWN,large tegument protein,3139,LATE,0.9999999,True,CORRECT,Q4_Long
CANONICAL_af3c9ef6d866,TEST,TEST,CLUST_0.70_00018,LATE,HSV-2,UNKNOWN,envelope glycoprotein E,545,LATE,0.99871707,True,CORRECT,Q3_Medium_High
CANONICAL_af3e12032ced,TRAIN,TEST,CLUST_0.70_00004,IMMEDIATE_EARLY,HSV-1,ICP4,transcriptional regulator ICP4,1296,IMMEDIATE_EARLY,0.99987364,True,CORRECT,Q3_Medium_High
CANONICAL_af4573c4982c,VALIDATION,TEST,CLUST_0.70_00030,EARLY,HSV-2,UL23,UL23,376,EARLY,0.9962655,True,CORRECT,Q1_Short
CANONICAL_af4a8ff920d6,TRAIN,TEST,CLUST_0.70_00051,LATE,HSV-2,ICP34,neurovirulence protein ICP34.5,250,LATE,0.9987596,True,CORRECT,Q1_Short
CANONICAL_af50c5af11cf,TRAIN,TEST,CLUST_0.70_00001,LATE,HSV-2,UNKNOWN,large tegument protein,3122,LATE,0.99999785,True,CORRECT,Q4_Long
CANONICAL_af6574ca87ec,TRAIN,TEST,CLUST_0.70_00015,LATE,HSV-1,UL44,UL44,511,LATE,0.9999956,True,CORRECT,Q3_Medium_High
CANONICAL_af6f3d890e76,VALIDATION,TEST,CLUST_0.70_00001,LATE,HSV-2,UNKNOWN,large tegument protein,3122,LATE,0.9999987,True,CORRECT,Q4_Long
CANONICAL_af86d4b5fce8,TRAIN,TEST,CLUST_0.70_00004,IMMEDIATE_EARLY,HSV-1,ICP4,transcriptional regulator ICP4,1300,IMMEDIATE_EARLY,0.99960226,True,CORRECT,Q3_Medium_High
CANONICAL_af8dc9a093e2,TEST,TEST,CLUST_0.70_00004,IMMEDIATE_EARLY,HSV-2,ICP4,ICP4 regulation protein,1316,IMMEDIATE_EARLY,0.9999895,True,CORRECT,Q4_Long
CANONICAL_b00fff8f5725,TEST,TEST,CLUST_0.70_00030,EARLY,HSV-1,UNKNOWN,thymidine kinase,376,EARLY,0.9988041,True,CORRECT,Q1_Short
CANONICAL_b01d17cf1b62,TRAIN,TEST,CLUST_0.70_00004,IMMEDIATE_EARLY,HSV-2,ICP4,transcriptional regulator ICP4,1468,IMMEDIATE_EARLY,0.9999999,True,CORRECT,Q4_Long
CANONICAL_b01e53db2da6,TRAIN,TEST,CLUST_0.70_00001,LATE,HSV-2,UNKNOWN,large tegument protein,3122,LATE,0.9999987,True,CORRECT,Q4_Long
CANONICAL_b0282ec5be32,TEST,TEST,CLUST_0.70_00030,EARLY,HSV-1,UNKNOWN,thymidine kinase,376,EARLY,0.99911934,True,CORRECT,Q1_Short
CANONICAL_b02b7364bfec,TRAIN,TEST,CLUST_0.70_00052,LATE,HSV-1,ICP34,neurovirulence protein ICP34.5,252,LATE,0.99999344,True,CORRECT,Q1_Short
CANONICAL_b042c1b896f1,TRAIN,TEST,CLUST_0.70_00052,LATE,HSV-1,ICP34,neurovirulence protein ICP34.5,244,LATE,0.99999523,True,CORRECT,Q1_Short
CANONICAL_b066e279ae73,TRAIN,TEST,CLUST_0.70_00004,IMMEDIATE_EARLY,HSV-1,ICP4,ICP4,1298,IMMEDIATE_EARLY,0.9995797,True,CORRECT,Q3_Medium_High
CANONICAL_b0735a44d98d,VALIDATION,TEST,CLUST_0.70_00051,LATE,HSV-2,RL1,RL1,260,LATE,0.9954159,True,CORRECT,Q1_Short
CANONICAL_b0883feeb0b0,TEST,TEST,CLUST_0.70_00030,EARLY,HSV-1,UNKNOWN,thymidine kinase,376,EARLY,0.999376,True,CORRECT,Q1_Short
CANONICAL_b0b69c02d665,TEST,TEST,CLUST_0.70_00020,LATE,HSV-2,UNKNOWN,tegument serine/threonine protein kinase,388,LATE,1.0,True,CORRECT,Q2_Medium_Low
CANONICAL_b0ba213bc7ac,TRAIN,TEST,CLUST_0.70_00030,EARLY,HSV-1,UNKNOWN,"thymidine kinase, partial",376,EARLY,0.9983317,True,CORRECT,Q1_Short
CANONICAL_b0bbcf68d365,TRAIN,TEST,CLUST_0.70_00030,EARLY,HSV-2,UL23,UL23,307,LATE,0.97699374,False,EARLY_PREDICTED_AS_LATE,Q1_Short
CANONICAL_b0ca9244b7fc,TRAIN,TEST,CLUST_0.70_00004,IMMEDIATE_EARLY,HSV-1,ICP4,transcriptional regulator ICP4,1300,IMMEDIATE_EARLY,0.999448,True,CORRECT,Q3_Medium_High
CANONICAL_b0cd6d09aa9e,TRAIN,TEST,CLUST_0.70_00009,LATE,HSV-1,UL48,UL48,490,LATE,0.9998374,True,CORRECT,Q2_Medium_Low
CANONICAL_b0d8a0ad0a91,TRAIN,TEST,CLUST_0.70_00001,LATE,HSV-2,UNKNOWN,large tegument protein,3122,LATE,0.99999905,True,CORRECT,Q4_Long
CANONICAL_b0ecf9fe119f,TRAIN,TEST,CLUST_0.70_00004,IMMEDIATE_EARLY,HSV-1,RS1,RS1,1293,IMMEDIATE_EARLY,0.99975127,True,CORRECT,Q3_Medium_High
CANONICAL_b116b3b11332,TRAIN,TEST,CLUST_0.70_00020,LATE,HSV-1,UNKNOWN,tegument serine/threonine protein kinase,518,LATE,0.9999703,True,CORRECT,Q3_Medium_High
CANONICAL_b11a9472e8f7,TRAIN,TEST,CLUST_0.70_00004,IMMEDIATE_EARLY,HSV-1,ICP4,transcriptional regulator ICP4,1301,IMMEDIATE_EARLY,0.9983808,True,CORRECT,Q3_Medium_High
CANONICAL_b11d654e5109,TRAIN,TEST,CLUST_0.70_00051,LATE,HSV-2,ICP34,neurovirulence protein ICP34.5,253,LATE,0.9998011,True,CORRECT,Q1_Short
CANONICAL_b11dfe4d1eb8,TRAIN,TEST,CLUST_0.70_00020,LATE,HSV-2,UNKNOWN,tegument serine/threonine protein kinase,518,LATE,0.9999764,True,CORRECT,Q3_Medium_High
CANONICAL_b11ed3e32d4b,TRAIN,TEST,CLUST_0.70_00030,EARLY,HSV-1,UNKNOWN,thymidine kinase,376,EARLY,0.99844664,True,CORRECT,Q1_Short
CANONICAL_b11f01198c9b,TRAIN,TEST,CLUST_0.70_00004,IMMEDIATE_EARLY,HSV-1,RS1,RS1,1298,IMMEDIATE_EARLY,0.8287782,True,CORRECT,Q3_Medium_High
CANONICAL_b1396b2c04e7,TRAIN,TEST,CLUST_0.70_00020,LATE,HSV-1,UNKNOWN,tegument serine/threonine protein kinase,289,LATE,0.99999964,True,CORRECT,Q1_Short
CANONICAL_b142df9f807a,TRAIN,TEST,CLUST_0.70_00037,LATE,HSV-1,UNKNOWN,envelope glycoprotein D,394,LATE,0.9999999,True,CORRECT,Q2_Medium_Low
CANONICAL_b146b02e0005,TEST,TEST,CLUST_0.70_00004,IMMEDIATE_EARLY,HSV-1,ICP4,transcriptional regulator ICP4,1302,IMMEDIATE_EARLY,0.99989283,True,CORRECT,Q3_Medium_High
CANONICAL_b151f1bb8354,VALIDATION,TEST,CLUST_0.70_00001,LATE,HSV-2,UNKNOWN,large tegument protein,3121,LATE,0.99999857,True,CORRECT,Q4_Long
CANONICAL_b161b05e858b,TRAIN,TEST,CLUST_0.70_00030,EARLY,HSV-2,UNKNOWN,thymidine kinase,376,EARLY,0.9979432,True,CORRECT,Q1_Short
CANONICAL_b16bcb6f85d6,VALIDATION,TEST,CLUST_0.70_00052,LATE,HSV-1,ICP34,neurovirulence protein ICP34.5,253,LATE,0.9999999,True,CORRECT,Q1_Short
CANONICAL_b173e7778e15,TRAIN,TEST,CLUST_0.70_00052,LATE,HSV-1,ICP34,neurovirulence protein ICP34.5,241,LATE,0.9998342,True,CORRECT,Q1_Short
CANONICAL_b1805b0fa43d,TRAIN,TEST,CLUST_0.70_00020,LATE,HSV-1,UNKNOWN,tegument serine/threonine protein kinase,518,LATE,0.9999684,True,CORRECT,Q3_Medium_High
CANONICAL_b182b8c64dc2,TRAIN,TEST,CLUST_0.70_00030,EARLY,HSV-1,UNKNOWN,thymidine kinase,376,EARLY,0.99904984,True,CORRECT,Q1_Short
CANONICAL_b1877e637e35,TRAIN,TEST,CLUST_0.70_00071,LATE,HSV-2,UL24,UL24,281,EARLY,0.9391709,False,LATE_PREDICTED_AS_EARLY,Q1_Short
CANONICAL_b1b7c6117a18,VALIDATION,TEST,CLUST_0.70_00001,LATE,HSV-1,UNKNOWN,large tegument protein,3106,LATE,0.99999976,True,CORRECT,Q4_Long
CANONICAL_b1bfe08b82ff,TRAIN,TEST,CLUST_0.70_00051,LATE,HSV-2,ICP34,neurovirulence protein ICP34.5,307,IMMEDIATE_EARLY,0.9718679,False,LATE_PREDICTED_AS_IMMEDIATE_EARLY,Q1_Short
CANONICAL_b1c757351603,TRAIN,TEST,CLUST_0.70_00004,IMMEDIATE_EARLY,HSV-1,ICP4,transcriptional regulator ICP4,1299,IMMEDIATE_EARLY,0.9998802,True,CORRECT,Q3_Medium_High
CANONICAL_b1dbba20fe8a,TRAIN,TEST,CLUST_0.70_00018,LATE,HSV-2,UNKNOWN,envelope glycoprotein E,545,LATE,0.9986803,True,CORRECT,Q3_Medium_High
CANONICAL_b1f4d9046f8e,VALIDATION,TEST,CLUST_0.70_00015,LATE,HSV-1,UL44,UL44,511,LATE,0.99999666,True,CORRECT,Q3_Medium_High
CANONICAL_b2178e871333,VALIDATION,TEST,CLUST_0.70_00030,EARLY,HSV-1,UNKNOWN,thymidine kinase,376,EARLY,0.9976144,True,CORRECT,Q1_Short
CANONICAL_b21d9c44df42,TRAIN,TEST,CLUST_0.70_00001,LATE,HSV-2,UL36,UL36,3122,LATE,0.9999982,True,CORRECT,Q4_Long
CANONICAL_b22189b99d03,TRAIN,TEST,CLUST_0.70_00001,LATE,HSV-2,UNKNOWN,large tegument protein,3104,LATE,0.9999981,True,CORRECT,Q4_Long
CANONICAL_b2303db83297,VALIDATION,TEST,CLUST_0.70_00030,EARLY,HSV-2,UNKNOWN,thymidine kinase,376,EARLY,0.9957943,True,CORRECT,Q1_Short
CANONICAL_b245b0ae2a82,TRAIN,TEST,CLUST_0.70_00071,LATE,HSV-2,UL24,UL24,281,LATE,0.5359949,True,CORRECT,Q1_Short
CANONICAL_b24caa4a71c2,TRAIN,TEST,CLUST_0.70_00018,LATE,HSV-2,UNKNOWN,envelope glycoprotein E,545,LATE,0.99901235,True,CORRECT,Q3_Medium_High
CANONICAL_b24e47335992,TRAIN,TEST,CLUST_0.70_00015,LATE,HSV-1,UNKNOWN,envelope glycoprotein C,512,LATE,1.0,True,CORRECT,Q3_Medium_High
CANONICAL_b262892d28e8,TRAIN,TEST,CLUST_0.70_00001,LATE,HSV-2,UNKNOWN,large tegument protein,3096,LATE,0.9999976,True,CORRECT,Q4_Long
CANONICAL_b266c039ca4d,TRAIN,TEST,CLUST_0.70_00001,LATE,HSV-1,UL36,UL36,3082,LATE,0.99997723,True,CORRECT,Q4_Long
CANONICAL_b2678960dc1f,TRAIN,TEST,CLUST_0.70_00018,LATE,HSV-2,UNKNOWN,envelope glycoprotein E,548,LATE,0.98473746,True,CORRECT,Q3_Medium_High
CANONICAL_b26b55f9d302,TRAIN,TEST,CLUST_0.70_00018,LATE,HSV-1,UNKNOWN,envelope glycoprotein E,550,LATE,0.99989784,True,CORRECT,Q3_Medium_High
CANONICAL_b26ca8bc5778,TRAIN,TEST,CLUST_0.70_00030,EARLY,HSV-2,UNKNOWN,thymidine kinase,376,EARLY,0.99859065,True,CORRECT,Q1_Short
CANONICAL_b26ff88d8a7f,TRAIN,TEST,CLUST_0.70_00037,LATE,HSV-2,UNKNOWN,envelope glycoprotein D,393,LATE,0.99999285,True,CORRECT,Q2_Medium_Low
CANONICAL_b274d65342b0,TEST,TEST,CLUST_0.70_00037,LATE,HSV-2,UNKNOWN,envelope glycoprotein D,393,LATE,0.99996996,True,CORRECT,Q2_Medium_Low
CANONICAL_b276d2c68d25,TEST,TEST,CLUST_0.70_00080,LATE,HSV-2,UL3,nuclear protein UL3,233,EARLY,0.8521527,False,LATE_PREDICTED_AS_EARLY,Q1_Short
CANONICAL_b2bafe65f28d,TRAIN,TEST,CLUST_0.70_00052,LATE,HSV-1,RL1,RL1,251,LATE,1.0,True,CORRECT,Q1_Short
CANONICAL_b2c5caadaae2,TEST,TEST,CLUST_0.70_00015,LATE,HSV-2,UNKNOWN,envelope glycoprotein C,480,LATE,0.9999677,True,CORRECT,Q2_Medium_Low
CANONICAL_b2ce31c6dd3c,TRAIN,TEST,CLUST_0.70_00052,LATE,HSV-1,RL1,RL1,266,LATE,0.99999964,True,CORRECT,Q1_Short
CANONICAL_b2d47965f0d6,TRAIN,TEST,CLUST_0.70_00004,IMMEDIATE_EARLY,HSV-1,RS1,RS1,1301,IMMEDIATE_EARLY,0.9998946,True,CORRECT,Q3_Medium_High
CANONICAL_b2d97b225a43,TRAIN,TEST,CLUST_0.70_00004,IMMEDIATE_EARLY,HSV-1,RS1,RS1,1300,IMMEDIATE_EARLY,0.9998597,True,CORRECT,Q3_Medium_High
CANONICAL_b2db381cb7d4,VALIDATION,TEST,CLUST_0.70_00015,LATE,HSV-1,UL44,UL44,511,LATE,0.99999726,True,CORRECT,Q3_Medium_High
CANONICAL_b2fe900af35d,TRAIN,TEST,CLUST_0.70_00001,LATE,HSV-1,UNKNOWN,large tegument protein,3133,LATE,0.9999999,True,CORRECT,Q4_Long
CANONICAL_b3222c0fac96,TEST,TEST,CLUST_0.70_00018,LATE,HSV-2,UNKNOWN,envelope glycoprotein E,548,LATE,0.9994248,True,CORRECT,Q3_Medium_High
CANONICAL_b33c03e5f72a,TRAIN,TEST,CLUST_0.70_00071,LATE,HSV-2,UL24,nuclear protein UL24,281,EARLY,0.90389055,False,LATE_PREDICTED_AS_EARLY,Q1_Short
CANONICAL_b3654798711c,VALIDATION,TEST,CLUST_0.70_00030,EARLY,HSV-1,UL23,UL23,331,EARLY,0.9991264,True,CORRECT,Q1_Short
CANONICAL_b36ff8a94d97,VALIDATION,TEST,CLUST_0.70_00052,LATE,HSV-1,ICP34,neurovirulence protein ICP34.5,260,LATE,0.9999956,True,CORRECT,Q1_Short
CANONICAL_b383c786cb26,TRAIN,TEST,CLUST_0.70_00001,LATE,HSV-1,UL36,UL36,3134,LATE,0.9999999,True,CORRECT,Q4_Long
CANONICAL_b3af7b264c9f,TRAIN,TEST,CLUST_0.70_00030,EARLY,HSV-1,UNKNOWN,thymidine kinase,376,EARLY,0.9994036,True,CORRECT,Q1_Short
CANONICAL_b3c7680e13fd,TRAIN,TEST,CLUST_0.70_00030,EARLY,HSV-1,UNKNOWN,thymidine kinase,376,EARLY,0.99959725,True,CORRECT,Q1_Short
CANONICAL_b3ff18134240,TRAIN,TEST,CLUST_0.70_00004,IMMEDIATE_EARLY,HSV-1,ICP4,transcriptional regulator ICP4,1308,IMMEDIATE_EARLY,0.99700767,True,CORRECT,Q4_Long
CANONICAL_b40618454912,TRAIN,TEST,CLUST_0.70_00015,LATE,HSV-1,UNKNOWN,envelope glycoprotein C,511,LATE,0.99999905,True,CORRECT,Q3_Medium_High
CANONICAL_b4378a892e03,TRAIN,TEST,CLUST_0.70_00030,EARLY,HSV-1,UNKNOWN,thymidine kinase,376,EARLY,0.9987644,True,CORRECT,Q1_Short
CANONICAL_b4447f1ed1e8,TRAIN,TEST,CLUST_0.70_00009,LATE,HSV-1,UL48,UL48,490,LATE,0.99972767,True,CORRECT,Q2_Medium_Low
CANONICAL_b44bbf0409ba,TRAIN,TEST,CLUST_0.70_00052,LATE,HSV-1,RL1,RL1,248,LATE,0.9962262,True,CORRECT,Q1_Short
CANONICAL_b470efe0d5ea,TRAIN,TEST,CLUST_0.70_00018,LATE,HSV-2,UNKNOWN,envelope glycoprotein E,545,LATE,0.9986223,True,CORRECT,Q3_Medium_High
CANONICAL_b477e5347966,TRAIN,TEST,CLUST_0.70_00018,LATE,HSV-2,UNKNOWN,envelope glycoprotein E,387,LATE,0.9999951,True,CORRECT,Q2_Medium_Low
CANONICAL_b47e1b057db3,TRAIN,TEST,CLUST_0.70_00001,LATE,HSV-1,UL36,UL36,3080,LATE,0.9999999,True,CORRECT,Q4_Long
CANONICAL_b47e2dc44ac8,TRAIN,TEST,CLUST_0.70_00052,LATE,HSV-1,ICP34,neurovirulence protein ICP34.5,243,LATE,0.9999976,True,CORRECT,Q1_Short
CANONICAL_b484ec740b2e,TEST,TEST,CLUST_0.70_00015,LATE,HSV-1,UNKNOWN,envelope glycoprotein C,511,LATE,0.99999964,True,CORRECT,Q3_Medium_High
CANONICAL_b4a4b47808b1,TEST,TEST,CLUST_0.70_00030,EARLY,HSV-2,UNKNOWN,thymidine kinase,376,LATE,0.94960445,False,EARLY_PREDICTED_AS_LATE,Q1_Short
CANONICAL_b4b0dec46610,TRAIN,TEST,CLUST_0.70_00052,LATE,HSV-1,RL1,RL1,276,LATE,1.0,True,CORRECT,Q1_Short
CANONICAL_b4b32927344f,TRAIN,TEST,CLUST_0.70_00001,LATE,HSV-1,UL36,UL36,3159,LATE,0.9999995,True,CORRECT,Q4_Long
CANONICAL_b4b3f5bd8c30,TRAIN,TEST,CLUST_0.70_00051,LATE,HSV-2,ICP34,neurovirulence protein ICP34.5,307,LATE,0.99998724,True,CORRECT,Q1_Short
CANONICAL_b4d6c409299a,TRAIN,TEST,CLUST_0.70_00018,LATE,HSV-2,UNKNOWN,envelope glycoprotein E,548,LATE,0.99943334,True,CORRECT,Q3_Medium_High
CANONICAL_b4e7cf4a06e0,VALIDATION,TEST,CLUST_0.70_00018,LATE,HSV-2,UNKNOWN,envelope glycoprotein E,548,LATE,0.99984777,True,CORRECT,Q3_Medium_High
CANONICAL_b4ef21c5ee0a,TRAIN,TEST,CLUST_0.70_00020,LATE,HSV-2,UNKNOWN,tegument serine/threonine protein kinase,518,LATE,0.9998642,True,CORRECT,Q3_Medium_High
CANONICAL_b4f7f4aa3c5d,TEST,TEST,CLUST_0.70_00015,LATE,HSV-2,UNKNOWN,envelope glycoprotein C,480,LATE,1.0,True,CORRECT,Q2_Medium_Low
CANONICAL_b504b49b6a34,VALIDATION,TEST,CLUST_0.70_00004,IMMEDIATE_EARLY,HSV-1,RS1,RS1-1,911,IMMEDIATE_EARLY,0.9994972,True,CORRECT,Q3_Medium_High
CANONICAL_b507d2a0b657,TEST,TEST,CLUST_0.70_00071,LATE,HSV-1,UL24,UL24,269,EARLY,0.81058604,False,LATE_PREDICTED_AS_EARLY,Q1_Short
CANONICAL_b52bbb3126f7,TRAIN,TEST,CLUST_0.70_00071,LATE,HSV-1,UL24,UL24,269,EARLY,0.7255513,False,LATE_PREDICTED_AS_EARLY,Q1_Short
CANONICAL_b534c9abadec,TRAIN,TEST,CLUST_0.70_00001,LATE,HSV-1,UL36,UL36,3100,LATE,0.9999999,True,CORRECT,Q4_Long
CANONICAL_b55814859672,TRAIN,TEST,CLUST_0.70_00030,EARLY,HSV-1,UL23,UL23,331,EARLY,0.9982565,True,CORRECT,Q1_Short
CANONICAL_b56effd7f027,TEST,TEST,CLUST_0.70_00004,IMMEDIATE_EARLY,HSV-1,RS1,RS1,1293,IMMEDIATE_EARLY,0.99985325,True,CORRECT,Q3_Medium_High
CANONICAL_b5b0ca574579,TRAIN,TEST,CLUST_0.70_00015,LATE,HSV-1,UNKNOWN,glycoprotein C,511,LATE,0.9999937,True,CORRECT,Q3_Medium_High
CANONICAL_b5b59e34d665,TEST,TEST,CLUST_0.70_00020,LATE,HSV-2,UNKNOWN,tegument serine/threonine protein kinase,518,LATE,0.7828155,True,CORRECT,Q3_Medium_High
CANONICAL_b5ba09bacdcb,VALIDATION,TEST,CLUST_0.70_00030,EARLY,HSV-1,UNKNOWN,thymidine kinase,376,EARLY,0.99963236,True,CORRECT,Q1_Short
CANONICAL_b5c279fb2eb5,TRAIN,TEST,CLUST_0.70_00001,LATE,HSV-2,UL36,UL36,3124,LATE,0.9999989,True,CORRECT,Q4_Long
CANONICAL_b5d6844d7a63,VALIDATION,TEST,CLUST_0.70_00052,LATE,HSV-1,RL1,RL1,258,LATE,0.99995375,True,CORRECT,Q1_Short
CANONICAL_b5d930bafbc1,VALIDATION,TEST,CLUST_0.70_00030,EARLY,HSV-2,UNKNOWN,thymidine kinase,376,EARLY,0.9961642,True,CORRECT,Q1_Short
CANONICAL_b5e32b982d2d,TRAIN,TEST,CLUST_0.70_00020,LATE,HSV-1,UNKNOWN,tegument serine/threonine protein kinase,518,LATE,0.99996686,True,CORRECT,Q3_Medium_High
CANONICAL_b5e3a4ef9c2f,TRAIN,TEST,CLUST_0.70_00001,LATE,HSV-1,UL36,UL36,3094,LATE,0.9999999,True,CORRECT,Q4_Long
CANONICAL_b5fefa31578f,TRAIN,TEST,CLUST_0.70_00001,LATE,HSV-2,UNKNOWN,large tegument protein,3122,LATE,0.9999987,True,CORRECT,Q4_Long
CANONICAL_b6057831f4ee,TEST,TEST,CLUST_0.70_00080,LATE,HSV-1,UL3,UL3,235,LATE,0.99785006,True,CORRECT,Q1_Short
CANONICAL_b60eda8edfae,TRAIN,TEST,CLUST_0.70_00001,LATE,HSV-2,UL36,UL36,3084,LATE,0.9999976,True,CORRECT,Q4_Long
CANONICAL_b611da565f79,TEST,TEST,CLUST_0.70_00030,EARLY,HSV-1,UNKNOWN,thymidine kinase,376,EARLY,0.9994474,True,CORRECT,Q1_Short
CANONICAL_b63c8e95c085,TRAIN,TEST,CLUST_0.70_00015,LATE,HSV-1,UNKNOWN,envelope glycoprotein C,511,LATE,0.9999994,True,CORRECT,Q3_Medium_High
CANONICAL_b63febb92fdf,TRAIN,TEST,CLUST_0.70_00004,IMMEDIATE_EARLY,HSV-1,ICP4,transcriptional regulator ICP4,1300,IMMEDIATE_EARLY,0.99985754,True,CORRECT,Q3_Medium_High
CANONICAL_b6418fe18be8,TEST,TEST,CLUST_0.70_00004,IMMEDIATE_EARLY,HSV-1,RS1,RS1,1297,IMMEDIATE_EARLY,0.9997203,True,CORRECT,Q3_Medium_High
CANONICAL_b65087a69416,TEST,TEST,CLUST_0.70_00004,IMMEDIATE_EARLY,HSV-2,ICP4,transcriptional regulator ICP4,1324,IMMEDIATE_EARLY,0.999984,True,CORRECT,Q4_Long
CANONICAL_b671295d72db,TEST,TEST,CLUST_0.70_00001,LATE,HSV-1,UNKNOWN,large tegument protein,3139,LATE,0.99999976,True,CORRECT,Q4_Long
CANONICAL_b67724bb9853,TRAIN,TEST,CLUST_0.70_00052,LATE,HSV-1,ICP34,Neurovirulence factor ICP34.5,257,LATE,0.99999094,True,CORRECT,Q1_Short
CANONICAL_b6a606b21376,TRAIN,TEST,CLUST_0.70_00004,IMMEDIATE_EARLY,HSV-2,ICP4,transcriptional regulator ICP4,1474,IMMEDIATE_EARLY,0.99950266,True,CORRECT,Q4_Long
CANONICAL_b6b403e49066,TRAIN,TEST,CLUST_0.70_00015,LATE,HSV-1,UL44,UL44,511,LATE,0.9999999,True,CORRECT,Q3_Medium_High
CANONICAL_b6cc1ee1ad09,TEST,TEST,CLUST_0.70_00030,EARLY,HSV-1,UNKNOWN,thymidine kinase,376,EARLY,0.99916005,True,CORRECT,Q1_Short
CANONICAL_b6d19d221db5,VALIDATION,TEST,CLUST_0.70_00071,LATE,HSV-2,UL24,nuclear protein UL24,281,LATE,0.7402641,True,CORRECT,Q1_Short
CANONICAL_b6e20960038c,TRAIN,TEST,CLUST_0.70_00051,LATE,HSV-2,ICP34,neurovirulence protein ICP34.5,307,LATE,0.999874,True,CORRECT,Q1_Short
CANONICAL_b6f84a9a7178,VALIDATION,TEST,CLUST_0.70_00018,LATE,HSV-1,UNKNOWN,envelope glycoprotein E,550,LATE,0.99976414,True,CORRECT,Q3_Medium_High
CANONICAL_b70720a7ad4b,TEST,TEST,CLUST_0.70_00071,LATE,HSV-2,UL24,nuclear protein UL24,281,EARLY,0.72783816,False,LATE_PREDICTED_AS_EARLY,Q1_Short
CANONICAL_b7146608ceb4,TRAIN,TEST,CLUST_0.70_00001,LATE,HSV-2,UL36,UL36,3114,LATE,0.999998,True,CORRECT,Q4_Long
CANONICAL_b730aa33be4e,TRAIN,TEST,CLUST_0.70_00020,LATE,HSV-1,UNKNOWN,tegument serine/threonine protein kinase,518,LATE,0.99997795,True,CORRECT,Q3_Medium_High
CANONICAL_b74a516a8554,TRAIN,TEST,CLUST_0.70_00030,EARLY,HSV-2,UNKNOWN,thymidine kinase,376,EARLY,0.9953751,True,CORRECT,Q1_Short
CANONICAL_b74c54302b5c,TEST,TEST,CLUST_0.70_00018,EARLY,HSV-1,UNKNOWN,DNA polymerase processivity subunit,488,EARLY,0.9673913,True,CORRECT,Q2_Medium_Low
CANONICAL_b76a9068e9a3,TEST,TEST,CLUST_0.70_00004,IMMEDIATE_EARLY,HSV-1,ICP4,transcriptional regulator ICP4,1294,IMMEDIATE_EARLY,0.99977607,True,CORRECT,Q3_Medium_High
CANONICAL_b7a3edbb88ae,TRAIN,TEST,CLUST_0.70_00004,IMMEDIATE_EARLY,HSV-1,ICP4,transcriptional regulator ICP4,1301,IMMEDIATE_EARLY,0.99821067,True,CORRECT,Q3_Medium_High
CANONICAL_b7b20d57277b,TRAIN,TEST,CLUST_0.70_00004,IMMEDIATE_EARLY,HSV-1,ICP4,transcriptional regulator ICP4,1298,IMMEDIATE_EARLY,0.99934787,True,CORRECT,Q3_Medium_High
CANONICAL_b7b231f70cd9,TRAIN,TEST,CLUST_0.70_00001,LATE,HSV-2,UNKNOWN,large tegument protein,3123,LATE,0.99999857,True,CORRECT,Q4_Long
CANONICAL_b7befd66d87f,TEST,TEST,CLUST_0.70_00004,IMMEDIATE_EARLY,HSV-1,RS1,RS1,1298,IMMEDIATE_EARLY,0.9979797,True,CORRECT,Q3_Medium_High
CANONICAL_b7c53845e954,TEST,TEST,CLUST_0.70_00004,IMMEDIATE_EARLY,HSV-1,ICP4,transcriptional regulator ICP4,1297,IMMEDIATE_EARLY,0.9998833,True,CORRECT,Q3_Medium_High
CANONICAL_b7f1c56b37c0,TEST,TEST,CLUST_0.70_00004,IMMEDIATE_EARLY,HSV-1,RS1,RS1,1301,IMMEDIATE_EARLY,0.99969065,True,CORRECT,Q3_Medium_High
CANONICAL_b7f2b354afa0,TRAIN,TEST,CLUST_0.70_00004,IMMEDIATE_EARLY,HSV-1,ICP4,transcriptional regulator ICP4,1299,IMMEDIATE_EARLY,0.99982435,True,CORRECT,Q3_Medium_High
CANONICAL_b831adaa8ec2,TRAIN,TEST,CLUST_0.70_00051,LATE,HSV-1,UNKNOWN,capsid scaffold protein,325,LATE,1.0,True,CORRECT,Q1_Short
CANONICAL_b8478a2f592c,VALIDATION,TEST,CLUST_0.70_00015,LATE,HSV-1,UL44,UL44,511,LATE,0.99999917,True,CORRECT,Q3_Medium_High
CANONICAL_b84ccd28dbf7,VALIDATION,TEST,CLUST_0.70_00030,EARLY,HSV-1,UNKNOWN,thymidine kinase,376,EARLY,0.9989459,True,CORRECT,Q1_Short
CANONICAL_b85ee8613728,TRAIN,TEST,CLUST_0.70_00018,LATE,HSV-2,UNKNOWN,envelope glycoprotein E,548,LATE,0.99983823,True,CORRECT,Q3_Medium_High
CANONICAL_b86083148627,VALIDATION,TEST,CLUST_0.70_00030,EARLY,HSV-2,UNKNOWN,thymidine kinase,413,LATE,0.5377899,False,EARLY_PREDICTED_AS_LATE,Q2_Medium_Low
CANONICAL_b867de9c3cf9,TEST,TEST,CLUST_0.70_00030,EARLY,HSV-2,UNKNOWN,thymidine kinase,376,EARLY,0.9989827,True,CORRECT,Q1_Short
CANONICAL_b8776ae1b078,TRAIN,TEST,CLUST_0.70_00037,LATE,HSV-2,UNKNOWN,envelope glycoprotein D,393,LATE,0.9997073,True,CORRECT,Q2_Medium_Low
CANONICAL_b88300da2aa6,TRAIN,TEST,CLUST_0.70_00004,IMMEDIATE_EARLY,HSV-1,RS1,RS1,1298,IMMEDIATE_EARLY,0.9998779,True,CORRECT,Q3_Medium_High
CANONICAL_b888e0266742,TEST,TEST,CLUST_0.70_00004,IMMEDIATE_EARLY,HSV-1,RS1,RS1,1305,IMMEDIATE_EARLY,0.99948394,True,CORRECT,Q4_Long
CANONICAL_b89675d40026,TRAIN,TEST,CLUST_0.70_00052,LATE,HSV-1,RL1,RL1,258,LATE,0.9999994,True,CORRECT,Q1_Short
CANONICAL_b898d3d3b070,TRAIN,TEST,CLUST_0.70_00004,IMMEDIATE_EARLY,HSV-1,ICP4,transcriptional regulator ICP4,1293,IMMEDIATE_EARLY,0.99968934,True,CORRECT,Q3_Medium_High
CANONICAL_b8dd76d1d85b,TRAIN,TEST,CLUST_0.70_00001,LATE,HSV-1,UL36,UL36,3103,LATE,0.9999999,True,CORRECT,Q4_Long
CANONICAL_b90d5f920798,VALIDATION,TEST,CLUST_0.70_00080,LATE,HSV-1,UL3,nuclear protein UL3,235,LATE,0.9966664,True,CORRECT,Q1_Short
CANONICAL_b91464765d63,TRAIN,TEST,CLUST_0.70_00020,LATE,HSV-2,UNKNOWN,tegument serine/threonine protein kinase,518,LATE,0.99997413,True,CORRECT,Q3_Medium_High
CANONICAL_b9191e611469,VALIDATION,TEST,CLUST_0.70_00018,LATE,HSV-1,US8,US8,477,LATE,0.9999521,True,CORRECT,Q2_Medium_Low
CANONICAL_b91acbad02cc,TRAIN,TEST,CLUST_0.70_00001,LATE,HSV-1,UNKNOWN,large tegument protein,3136,LATE,0.999998,True,CORRECT,Q4_Long
CANONICAL_b92087068d50,VALIDATION,TEST,CLUST_0.70_00020,LATE,HSV-1,UNKNOWN,tegument serine/threonine protein kinase,518,LATE,0.9999758,True,CORRECT,Q3_Medium_High
CANONICAL_b953b7d3ff5b,TRAIN,TEST,CLUST_0.70_00018,LATE,HSV-2,UNKNOWN,envelope glycoprotein E,548,LATE,0.9993137,True,CORRECT,Q3_Medium_High
CANONICAL_b95a750ed137,TRAIN,TEST,CLUST_0.70_00052,LATE,HSV-1,RL1,RL1,248,LATE,0.99999857,True,CORRECT,Q1_Short
CANONICAL_b967d4372fd7,TRAIN,TEST,CLUST_0.70_00020,LATE,HSV-2,UNKNOWN,tegument serine/threonine protein kinase,518,LATE,0.9998888,True,CORRECT,Q3_Medium_High
CANONICAL_b9a8c931689e,TRAIN,TEST,CLUST_0.70_00018,LATE,HSV-2,US8,US8,459,LATE,0.9999974,True,CORRECT,Q2_Medium_Low
CANONICAL_b9bc2dcecd37,VALIDATION,TEST,CLUST_0.70_00018,EARLY,HSV-1,UL42,DNA polymerase UL42 processivity factor,488,EARLY,0.9826764,True,CORRECT,Q2_Medium_Low
CANONICAL_b9c5cc8d53ef,TRAIN,TEST,CLUST_0.70_00030,EARLY,HSV-1,UNKNOWN,thymidine kinase,376,EARLY,0.99971455,True,CORRECT,Q1_Short
CANONICAL_b9e1d4379cc5,TEST,TEST,CLUST_0.70_00030,EARLY,HSV-1,UNKNOWN,thymidine kinase,376,EARLY,0.99226063,True,CORRECT,Q1_Short
CANONICAL_b9e93d4bcbf6,TRAIN,TEST,CLUST_0.70_00030,EARLY,HSV-1,UNKNOWN,thymidine kinase,376,EARLY,0.99871075,True,CORRECT,Q1_Short
CANONICAL_b9f6e11a61d1,TRAIN,TEST,CLUST_0.70_00071,LATE,HSV-1,UL24,nuclear protein UL24,269,EARLY,0.6925473,False,LATE_PREDICTED_AS_EARLY,Q1_Short
CANONICAL_ba20fde7003f,TRAIN,TEST,CLUST_0.70_00004,IMMEDIATE_EARLY,HSV-1,ICP4,transcriptional regulator ICP4,1301,IMMEDIATE_EARLY,0.99975294,True,CORRECT,Q3_Medium_High
CANONICAL_ba304118c39e,TRAIN,TEST,CLUST_0.70_00030,EARLY,HSV-1,UNKNOWN,thymidine kinase,376,EARLY,0.99901474,True,CORRECT,Q1_Short
CANONICAL_ba321f582fec,TRAIN,TEST,CLUST_0.70_00004,IMMEDIATE_EARLY,HSV-2,RS1,RS1,1327,IMMEDIATE_EARLY,0.9999832,True,CORRECT,Q4_Long
CANONICAL_ba411edf7a2d,VALIDATION,TEST,CLUST_0.70_00020,LATE,HSV-2,UNKNOWN,tegument serine/threonine protein kinase,518,LATE,0.9999782,True,CORRECT,Q3_Medium_High
CANONICAL_ba459a46d676,TRAIN,TEST,CLUST_0.70_00018,LATE,HSV-2,UNKNOWN,envelope glycoprotein E,548,LATE,0.9999232,True,CORRECT,Q3_Medium_High
CANONICAL_ba59b070d2a1,TRAIN,TEST,CLUST_0.70_00080,LATE,HSV-1,UL3,nuclear protein UL3,235,LATE,0.9984744,True,CORRECT,Q1_Short
CANONICAL_ba6f7bb61ba1,TRAIN,TEST,CLUST_0.70_00001,LATE,HSV-1,UNKNOWN,large tegument protein,3134,LATE,0.99999976,True,CORRECT,Q4_Long
CANONICAL_ba707588f936,TRAIN,TEST,CLUST_0.70_00030,EARLY,HSV-1,UL23,UL23,376,EARLY,0.9989793,True,CORRECT,Q1_Short
CANONICAL_baa36c758c02,TRAIN,TEST,CLUST_0.70_00052,LATE,HSV-1,RL1,RL1,247,LATE,0.9999975,True,CORRECT,Q1_Short
CANONICAL_babc03efd179,TRAIN,TEST,CLUST_0.70_00037,LATE,HSV-2,UNKNOWN,envelope glycoprotein D,393,LATE,0.9711067,True,CORRECT,Q2_Medium_Low
CANONICAL_bad623060a61,VALIDATION,TEST,CLUST_0.70_00030,EARLY,HSV-1,UNKNOWN,thymidine kinase,376,EARLY,0.9985343,True,CORRECT,Q1_Short
CANONICAL_bb015b613d5f,VALIDATION,TEST,CLUST_0.70_00030,EARLY,HSV-1,UNKNOWN,thymidine kinase,376,EARLY,0.998437,True,CORRECT,Q1_Short
CANONICAL_bb1769675556,TRAIN,TEST,CLUST_0.70_00030,EARLY,HSV-1,UNKNOWN,thymidine kinase,376,EARLY,0.9994498,True,CORRECT,Q1_Short
CANONICAL_bb202bf99608,TRAIN,TEST,CLUST_0.70_00018,LATE,HSV-2,UNKNOWN,envelope glycoprotein E,548,LATE,0.99582505,True,CORRECT,Q3_Medium_High
CANONICAL_bb2c83f15d29,TEST,TEST,CLUST_0.70_00001,LATE,HSV-1,UNKNOWN,large tegument protein,3128,LATE,0.9999999,True,CORRECT,Q4_Long
CANONICAL_bb2e238d6753,TRAIN,TEST,CLUST_0.70_00030,EARLY,HSV-1,UNKNOWN,thymidine kinase,376,EARLY,0.99924195,True,CORRECT,Q1_Short
CANONICAL_bb788f3058f4,TEST,TEST,CLUST_0.70_00004,IMMEDIATE_EARLY,HSV-1,RS1,RS1,1299,IMMEDIATE_EARLY,0.9995316,True,CORRECT,Q3_Medium_High
CANONICAL_bb92f19117c5,TRAIN,TEST,CLUST_0.70_00051,LATE,HSV-2,ICP34,neurovirulence protein ICP34.5,260,LATE,0.99977654,True,CORRECT,Q1_Short
CANONICAL_bb9c07ae1b1f,TRAIN,TEST,CLUST_0.70_00080,LATE,HSV-1,UL3,nuclear protein UL3,235,LATE,0.99799585,True,CORRECT,Q1_Short
CANONICAL_bba31742eb8a,TRAIN,TEST,CLUST_0.70_00052,LATE,HSV-1,RL1,RL1,255,LATE,0.99997365,True,CORRECT,Q1_Short
CANONICAL_bbabb6878231,TRAIN,TEST,CLUST_0.70_00052,LATE,HSV-1,ICP34,neurovirulence protein ICP34.5,245,LATE,0.9998766,True,CORRECT,Q1_Short
CANONICAL_bbc2d7a4a022,VALIDATION,TEST,CLUST_0.70_00015,LATE,HSV-1,UNKNOWN,envelope glycoprotein C,511,LATE,0.99999917,True,CORRECT,Q3_Medium_High
CANONICAL_bbe0d4a0b229,TRAIN,TEST,CLUST_0.70_00020,LATE,HSV-2,UNKNOWN,tegument serine/threonine protein kinase,518,LATE,0.9999788,True,CORRECT,Q3_Medium_High
CANONICAL_bbec465ef0c1,TEST,TEST,CLUST_0.70_00004,IMMEDIATE_EARLY,HSV-2,ICP4,transcriptional regulator ICP4,1481,IMMEDIATE_EARLY,0.999912,True,CORRECT,Q4_Long
CANONICAL_bbed8dc68e9c,TRAIN,TEST,CLUST_0.70_00030,EARLY,HSV-1,UNKNOWN,"thymidine kinase, partial",377,EARLY,0.99872535,True,CORRECT,Q2_Medium_Low
CANONICAL_bbff156d2ad6,TRAIN,TEST,CLUST_0.70_00030,EARLY,HSV-2,UL23,UL23,307,LATE,0.9715163,False,EARLY_PREDICTED_AS_LATE,Q1_Short
CANONICAL_bc33c150d255,TRAIN,TEST,CLUST_0.70_00030,EARLY,HSV-1,UNKNOWN,thymidine kinase,376,EARLY,0.99874014,True,CORRECT,Q1_Short
CANONICAL_bc3591577821,VALIDATION,TEST,CLUST_0.70_00004,IMMEDIATE_EARLY,HSV-1,RS1,RS1,1299,IMMEDIATE_EARLY,0.9998393,True,CORRECT,Q3_Medium_High
CANONICAL_bc4a70fa5974,VALIDATION,TEST,CLUST_0.70_00018,LATE,HSV-2,UNKNOWN,envelope glycoprotein E,548,LATE,0.9981565,True,CORRECT,Q3_Medium_High
CANONICAL_bc5c8fda1201,TRAIN,TEST,CLUST_0.70_00015,LATE,HSV-1,UNKNOWN,envelope glycoprotein C,511,LATE,0.99999917,True,CORRECT,Q3_Medium_High
CANONICAL_bc704a1e48a2,TEST,TEST,CLUST_0.70_00004,IMMEDIATE_EARLY,HSV-2,ICP4,transcriptional regulator ICP4,1313,IMMEDIATE_EARLY,0.9996314,True,CORRECT,Q4_Long
CANONICAL_bc7b782b8b8f,TRAIN,TEST,CLUST_0.70_00030,EARLY,HSV-2,UNKNOWN,thymidine kinase,376,EARLY,0.98446596,True,CORRECT,Q1_Short
CANONICAL_bc7c21ce7cc4,TEST,TEST,CLUST_0.70_00051,LATE,HSV-2,UL14,tegument protein UL14,308,LATE,0.99993765,True,CORRECT,Q1_Short
CANONICAL_bc7f12b1a645,TRAIN,TEST,CLUST_0.70_00030,EARLY,HSV-1,UNKNOWN,thymidine kinase,376,EARLY,0.99854577,True,CORRECT,Q1_Short
CANONICAL_bc86efd25af2,TRAIN,TEST,CLUST_0.70_00018,EARLY,HSV-1,UL42,UL42,488,EARLY,0.96698874,True,CORRECT,Q2_Medium_Low
CANONICAL_bc911393b826,TRAIN,TEST,CLUST_0.70_00030,EARLY,HSV-2,UNKNOWN,thymidine kinase,376,EARLY,0.99582964,True,CORRECT,Q1_Short
CANONICAL_bca032b4d38d,TRAIN,TEST,CLUST_0.70_00018,LATE,HSV-2,UNKNOWN,envelope glycoprotein E,548,LATE,0.9994448,True,CORRECT,Q3_Medium_High
CANONICAL_bca9a0c6cca0,TRAIN,TEST,CLUST_0.70_00004,IMMEDIATE_EARLY,HSV-2,ICP4,transcriptional regulator ICP4,1469,IMMEDIATE_EARLY,0.9999789,True,CORRECT,Q4_Long
CANONICAL_bcd35868f817,TEST,TEST,CLUST_0.70_00001,LATE,HSV-1,UL36,UL36,3094,LATE,0.99999976,True,CORRECT,Q4_Long
CANONICAL_bcf1b73f8fde,TEST,TEST,CLUST_0.70_00052,LATE,HSV-1,RL1,RL1,257,LATE,0.9999963,True,CORRECT,Q1_Short
CANONICAL_bd096c50f173,VALIDATION,TEST,CLUST_0.70_00001,LATE,HSV-2,UNKNOWN,large tegument protein,3092,LATE,0.999998,True,CORRECT,Q4_Long
CANONICAL_bd170e5e3808,TRAIN,TEST,CLUST_0.70_00080,LATE,HSV-2,UL3,nuclear protein UL3,240,LATE,0.6249686,True,CORRECT,Q1_Short
CANONICAL_bd3db64d4053,TRAIN,TEST,CLUST_0.70_00001,LATE,HSV-2,UNKNOWN,large tegument protein,3122,LATE,0.99995565,True,CORRECT,Q4_Long
CANONICAL_bd3dd15d674b,TRAIN,TEST,CLUST_0.70_00020,LATE,HSV-1,UNKNOWN,tegument serine/threonine protein kinase,518,LATE,0.99997425,True,CORRECT,Q3_Medium_High
CANONICAL_bd4e82deffa3,TRAIN,TEST,CLUST_0.70_00030,EARLY,HSV-1,UNKNOWN,thymidine kinase,376,EARLY,0.98868227,True,CORRECT,Q1_Short
CANONICAL_bd716f77adda,TRAIN,TEST,CLUST_0.70_00030,EARLY,HSV-1,UNKNOWN,thymidine kinase,376,EARLY,0.9987735,True,CORRECT,Q1_Short
CANONICAL_bd74662b79b8,VALIDATION,TEST,CLUST_0.70_00030,EARLY,HSV-2,UNKNOWN,thymidine kinase,376,EARLY,0.9951702,True,CORRECT,Q1_Short
CANONICAL_bd88e6486e37,TRAIN,TEST,CLUST_0.70_00001,LATE,HSV-2,UL36,UL36,3112,LATE,0.99999857,True,CORRECT,Q4_Long
CANONICAL_bdb9dc3c13fb,TRAIN,TEST,CLUST_0.70_00037,LATE,HSV-2,UNKNOWN,envelope glycoprotein D,393,LATE,0.9972005,True,CORRECT,Q2_Medium_Low
CANONICAL_bdc9693cf3de,TRAIN,TEST,CLUST_0.70_00001,LATE,HSV-1,UL36,UL36,3094,LATE,0.99999976,True,CORRECT,Q4_Long
CANONICAL_bdd90a0ca2d1,TRAIN,TEST,CLUST_0.70_00001,LATE,HSV-2,UL36,UL36,3114,LATE,0.9999987,True,CORRECT,Q4_Long
CANONICAL_bddac6dd8d14,TRAIN,TEST,CLUST_0.70_00030,EARLY,HSV-2,UNKNOWN,thymidine kinase,376,EARLY,0.9968214,True,CORRECT,Q1_Short
CANONICAL_bdfb7572aa65,TRAIN,TEST,CLUST_0.70_00001,LATE,HSV-2,UNKNOWN,large tegument protein,3122,LATE,0.99999857,True,CORRECT,Q4_Long
CANONICAL_be1c94e66e61,VALIDATION,TEST,CLUST_0.70_00071,LATE,HSV-1,UL24,nuclear protein UL24,269,LATE,0.50532657,True,CORRECT,Q1_Short
CANONICAL_be434bedbe9d,TRAIN,TEST,CLUST_0.70_00001,LATE,HSV-2,UNKNOWN,large tegument protein,3123,LATE,0.99999857,True,CORRECT,Q4_Long
CANONICAL_be4cea74a549,TRAIN,TEST,CLUST_0.70_00052,LATE,HSV-1,ICP34,neurovirulence protein ICP34.5,248,LATE,0.99996233,True,CORRECT,Q1_Short
CANONICAL_be671db1dcd8,TRAIN,TEST,CLUST_0.70_00020,LATE,HSV-2,UNKNOWN,tegument serine/threonine protein kinase,518,LATE,0.99997604,True,CORRECT,Q3_Medium_High
CANONICAL_be6dbc58ba98,TRAIN,TEST,CLUST_0.70_00004,IMMEDIATE_EARLY,HSV-1,ICP4,Major viral transcription factor ICP4,1302,IMMEDIATE_EARLY,0.9999094,True,CORRECT,Q3_Medium_High
CANONICAL_be6eb85535e3,TRAIN,TEST,CLUST_0.70_00018,LATE,HSV-2,UNKNOWN,envelope glycoprotein E,548,LATE,0.9994764,True,CORRECT,Q3_Medium_High
CANONICAL_be940cda7ea9,TEST,TEST,CLUST_0.70_00030,EARLY,HSV-2,UNKNOWN,thymidine kinase,376,EARLY,0.994087,True,CORRECT,Q1_Short
CANONICAL_bebc262c1e4d,TRAIN,TEST,CLUST_0.70_00052,LATE,HSV-1,ICP34,neurovirulence factor ICP34.5,240,LATE,0.99999976,True,CORRECT,Q1_Short
CANONICAL_bebf71f89166,TRAIN,TEST,CLUST_0.70_00030,EARLY,HSV-1,UNKNOWN,thymidine kinase,376,EARLY,0.99952614,True,CORRECT,Q1_Short
CANONICAL_bec430da33fb,TRAIN,TEST,CLUST_0.70_00052,LATE,HSV-1,ICP34,neurovirulence protein ICP34.5,244,LATE,0.99998105,True,CORRECT,Q1_Short
CANONICAL_bec7fedfd65f,TRAIN,TEST,CLUST_0.70_00071,LATE,HSV-2,UL24,nuclear protein UL24,281,EARLY,0.702015,False,LATE_PREDICTED_AS_EARLY,Q1_Short
CANONICAL_bed053f6e089,VALIDATION,TEST,CLUST_0.70_00004,IMMEDIATE_EARLY,HSV-2,ICP4,transcriptional regulator ICP4,1470,IMMEDIATE_EARLY,0.9936005,True,CORRECT,Q4_Long
CANONICAL_bed33e2743c5,TRAIN,TEST,CLUST_0.70_00030,EARLY,HSV-2,UL23,UL23,376,EARLY,0.99706787,True,CORRECT,Q1_Short
CANONICAL_bede04d67d47,TRAIN,TEST,CLUST_0.70_00030,EARLY,HSV-2,UL23,UL23,373,EARLY,0.9981178,True,CORRECT,Q1_Short
CANONICAL_beebd64224b2,TRAIN,TEST,CLUST_0.70_00001,LATE,HSV-2,UNKNOWN,"large tegument protein, partial",3115,LATE,0.9999026,True,CORRECT,Q4_Long
CANONICAL_bef3b6a77f2d,TRAIN,TEST,CLUST_0.70_00030,EARLY,HSV-2,UNKNOWN,thymidine kinase,376,EARLY,0.99861693,True,CORRECT,Q1_Short
CANONICAL_bf06d15207f2,TEST,TEST,CLUST_0.70_00030,EARLY,HSV-1,UNKNOWN,thymidine kinase,376,EARLY,0.99943227,True,CORRECT,Q1_Short
CANONICAL_bf125fc17c55,TRAIN,TEST,CLUST_0.70_00001,LATE,HSV-2,UNKNOWN,large tegument protein,3122,LATE,0.99999857,True,CORRECT,Q4_Long
CANONICAL_bf15676e963e,TRAIN,TEST,CLUST_0.70_00030,EARLY,HSV-2,UNKNOWN,thymidine kinase,376,EARLY,0.99671555,True,CORRECT,Q1_Short
CANONICAL_bf2df7f0897c,TRAIN,TEST,CLUST_0.70_00037,LATE,HSV-2,UNKNOWN,envelope glycoprotein D,393,LATE,1.0,True,CORRECT,Q2_Medium_Low
CANONICAL_bf361b14c700,TRAIN,TEST,CLUST_0.70_00015,LATE,HSV-1,UL44,UL44,511,LATE,0.9999995,True,CORRECT,Q3_Medium_High
CANONICAL_bf4e10c0eaaa,TEST,TEST,CLUST_0.70_00071,LATE,HSV-1,UL24,UL24,148,LATE,0.99983025,True,CORRECT,Q1_Short
CANONICAL_bf4e38d97268,TRAIN,TEST,CLUST_0.70_00004,IMMEDIATE_EARLY,HSV-2,ICP4,transcriptional regulator ICP4,1468,IMMEDIATE_EARLY,0.99999857,True,CORRECT,Q4_Long
CANONICAL_bf7cf0afd734,TRAIN,TEST,CLUST_0.70_00018,LATE,HSV-1,UNKNOWN,envelope glycoprotein E,550,LATE,0.99990594,True,CORRECT,Q3_Medium_High
CANONICAL_bf7fb097945a,TRAIN,TEST,CLUST_0.70_00018,LATE,HSV-2,UNKNOWN,envelope glycoprotein E,548,LATE,0.9995123,True,CORRECT,Q3_Medium_High
CANONICAL_bf8166b127dc,TEST,TEST,CLUST_0.70_00052,LATE,HSV-1,ICP34,neurovirulence protein ICP34.5,242,LATE,0.9999993,True,CORRECT,Q1_Short
CANONICAL_bf81e57cbdc0,TEST,TEST,CLUST_0.70_00030,EARLY,HSV-1,UNKNOWN,thymidine kinase,376,EARLY,0.99945074,True,CORRECT,Q1_Short
CANONICAL_bffeaee906a2,VALIDATION,TEST,CLUST_0.70_00051,LATE,HSV-2,RL1,RL1,253,LATE,0.99971,True,CORRECT,Q1_Short
CANONICAL_c023122153dd,TEST,TEST,CLUST_0.70_00015,LATE,HSV-1,UNKNOWN,envelope glycoprotein C,511,LATE,0.99999917,True,CORRECT,Q3_Medium_High
CANONICAL_c030b5da60ca,TRAIN,TEST,CLUST_0.70_00018,LATE,HSV-1,UNKNOWN,envelope glycoprotein E,550,LATE,0.99975187,True,CORRECT,Q3_Medium_High
CANONICAL_c03ae99802af,TEST,TEST,CLUST_0.70_00030,EARLY,HSV-1,UNKNOWN,thymidine kinase,376,EARLY,0.9997681,True,CORRECT,Q1_Short
CANONICAL_c0480f5d598b,TRAIN,TEST,CLUST_0.70_00020,LATE,HSV-2,UNKNOWN,tegument serine/threonine protein kinase,518,LATE,0.8397052,True,CORRECT,Q3_Medium_High
CANONICAL_c04b6d83c3ae,TRAIN,TEST,CLUST_0.70_00001,LATE,HSV-2,UNKNOWN,large tegument protein,3121,LATE,0.99999857,True,CORRECT,Q4_Long
CANONICAL_c05a558dec80,TRAIN,TEST,CLUST_0.70_00001,LATE,HSV-1,UL36,UL36,3124,LATE,0.99999976,True,CORRECT,Q4_Long
CANONICAL_c0600feeeb7c,TRAIN,TEST,CLUST_0.70_00004,IMMEDIATE_EARLY,HSV-1,ICP4,immediate early protein ICP4,1300,IMMEDIATE_EARLY,0.9997149,True,CORRECT,Q3_Medium_High
CANONICAL_c084018b3dd7,VALIDATION,TEST,CLUST_0.70_00004,IMMEDIATE_EARLY,HSV-1,ICP4,transcriptional regulator ICP4,1303,IMMEDIATE_EARLY,0.9997949,True,CORRECT,Q4_Long
CANONICAL_c087eea77d5b,TRAIN,TEST,CLUST_0.70_00015,LATE,HSV-1,UNKNOWN,envelope glycoprotein C,511,LATE,0.99999976,True,CORRECT,Q3_Medium_High
CANONICAL_c08c4dc97c4e,TRAIN,TEST,CLUST_0.70_00018,LATE,HSV-2,UNKNOWN,glycoprotein E,548,LATE,0.9994698,True,CORRECT,Q3_Medium_High
CANONICAL_c0a3df462e3e,TRAIN,TEST,CLUST_0.70_00004,IMMEDIATE_EARLY,HSV-2,ICP4,major viral transcription factor ICP4-like protein,1331,IMMEDIATE_EARLY,0.999841,True,CORRECT,Q4_Long
CANONICAL_c0bf109087ea,TRAIN,TEST,CLUST_0.70_00009,LATE,HSV-2,UL48,UL48,490,LATE,0.9996785,True,CORRECT,Q2_Medium_Low
CANONICAL_c0f5a2c42635,TRAIN,TEST,CLUST_0.70_00071,LATE,HSV-1,UL24,nuclear protein UL24,269,EARLY,0.57710695,False,LATE_PREDICTED_AS_EARLY,Q1_Short
CANONICAL_c0f6bda4fc26,TRAIN,TEST,CLUST_0.70_00030,EARLY,HSV-1,UNKNOWN,thymidine kinase,376,EARLY,0.9990804,True,CORRECT,Q1_Short
CANONICAL_c102d2194a8e,TRAIN,TEST,CLUST_0.70_00004,IMMEDIATE_EARLY,HSV-1,ICP4,transcriptional regulator ICP4,1298,IMMEDIATE_EARLY,0.99867487,True,CORRECT,Q3_Medium_High
CANONICAL_c11aa36a0993,TRAIN,TEST,CLUST_0.70_00030,EARLY,HSV-1,UNKNOWN,thymidine kinase,376,EARLY,0.99974245,True,CORRECT,Q1_Short
CANONICAL_c12524dbea02,TRAIN,TEST,CLUST_0.70_00004,IMMEDIATE_EARLY,HSV-1,ICP4,transcriptional regulator ICP4,1301,IMMEDIATE_EARLY,0.9998641,True,CORRECT,Q3_Medium_High
CANONICAL_c14f3c0a8a22,TRAIN,TEST,CLUST_0.70_00001,LATE,HSV-1,UNKNOWN,large tegument protein,3139,LATE,0.9999999,True,CORRECT,Q4_Long
CANONICAL_c1514a405b85,VALIDATION,TEST,CLUST_0.70_00001,LATE,HSV-1,UL36,UL36,3090,LATE,0.99999976,True,CORRECT,Q4_Long
CANONICAL_c188640335ba,TRAIN,TEST,CLUST_0.70_00071,LATE,HSV-2,UL24,nuclear protein UL24,281,LATE,0.71651,True,CORRECT,Q1_Short
CANONICAL_c1c7648313f3,TEST,TEST,CLUST_0.70_00004,IMMEDIATE_EARLY,HSV-1,ICP4,"transcriptional regulator ICP4, partial",970,IMMEDIATE_EARLY,0.96038693,True,CORRECT,Q3_Medium_High
CANONICAL_c1df966b632d,TRAIN,TEST,CLUST_0.70_00018,LATE,HSV-1,US8,US8,325,LATE,0.9999716,True,CORRECT,Q1_Short
CANONICAL_c1e7f8780625,TRAIN,TEST,CLUST_0.70_00052,LATE,HSV-1,ICP34,neurovirulence protein ICP34.5,242,LATE,0.9999932,True,CORRECT,Q1_Short
CANONICAL_c1ebafdbfb9a,VALIDATION,TEST,CLUST_0.70_00020,LATE,HSV-2,UNKNOWN,tegument serine/threonine protein kinase,518,LATE,0.99997735,True,CORRECT,Q3_Medium_High
CANONICAL_c1ef8f5f4c52,TRAIN,TEST,CLUST_0.70_00004,IMMEDIATE_EARLY,HSV-1,ICP4,transcriptional regulator ICP4,1295,IMMEDIATE_EARLY,0.99975735,True,CORRECT,Q3_Medium_High
CANONICAL_c23661cc95a3,TRAIN,TEST,CLUST_0.70_00051,LATE,HSV-2,UNKNOWN,tegument protein VP22,302,LATE,0.99996424,True,CORRECT,Q1_Short
CANONICAL_c24b6acfab07,TRAIN,TEST,CLUST_0.70_00001,LATE,HSV-1,UNKNOWN,large tegument protein,3134,LATE,0.99999976,True,CORRECT,Q4_Long
CANONICAL_c2696a07443a,TEST,TEST,CLUST_0.70_00004,IMMEDIATE_EARLY,HSV-2,ICP4,transcriptional regulator ICP4,1465,IMMEDIATE_EARLY,0.99999976,True,CORRECT,Q4_Long
CANONICAL_c26d05c997ee,TRAIN,TEST,CLUST_0.70_00037,LATE,HSV-1,UNKNOWN,envelope glycoprotein D,394,LATE,0.9999999,True,CORRECT,Q2_Medium_Low
CANONICAL_c27efcd95e0e,TRAIN,TEST,CLUST_0.70_00052,LATE,HSV-1,RL1,RL1,249,LATE,0.99998975,True,CORRECT,Q1_Short
CANONICAL_c28050af0c34,TRAIN,TEST,CLUST_0.70_00030,EARLY,HSV-1,UNKNOWN,thymidine kinase,376,EARLY,0.99926025,True,CORRECT,Q1_Short
CANONICAL_c28f172eac25,TRAIN,TEST,CLUST_0.70_00004,IMMEDIATE_EARLY,HSV-1,ICP4,transcriptional regulator ICP4,1298,IMMEDIATE_EARLY,0.99941075,True,CORRECT,Q3_Medium_High
CANONICAL_c28f654e615c,TRAIN,TEST,CLUST_0.70_00015,LATE,HSV-1,UL44,UL44,511,LATE,0.99999547,True,CORRECT,Q3_Medium_High
CANONICAL_c2a5f7d7d939,TRAIN,TEST,CLUST_0.70_00030,EARLY,HSV-2,UNKNOWN,thymidine kinase,376,EARLY,0.9974642,True,CORRECT,Q1_Short
CANONICAL_c2af83f915a9,TRAIN,TEST,CLUST_0.70_00020,LATE,HSV-2,UNKNOWN,tegument serine/threonine protein kinase,518,LATE,0.9999739,True,CORRECT,Q3_Medium_High
CANONICAL_c2b0d9024f10,TRAIN,TEST,CLUST_0.70_00052,LATE,HSV-1,ICP34,neurovirulence protein ICP34.5,239,LATE,0.9999869,True,CORRECT,Q1_Short
CANONICAL_c2b9745506c6,TEST,TEST,CLUST_0.70_00052,LATE,HSV-1,RL1,RL1,242,LATE,0.999992,True,CORRECT,Q1_Short
CANONICAL_c2c71aa77a0d,TRAIN,TEST,CLUST_0.70_00052,LATE,HSV-1,RL1,RL1,246,LATE,0.99998057,True,CORRECT,Q1_Short
CANONICAL_c2ce66aedf71,TRAIN,TEST,CLUST_0.70_00030,EARLY,HSV-1,UNKNOWN,thymidine kinase,376,EARLY,0.99830914,True,CORRECT,Q1_Short
CANONICAL_c2f41ff19012,TEST,TEST,CLUST_0.70_00030,EARLY,HSV-2,UNKNOWN,thymidine kinase,376,EARLY,0.98653597,True,CORRECT,Q1_Short
CANONICAL_c2fc9b99576a,TRAIN,TEST,CLUST_0.70_00009,LATE,HSV-1,UL48,UL48,490,LATE,0.99962676,True,CORRECT,Q2_Medium_Low
CANONICAL_c3057a8b4982,TRAIN,TEST,CLUST_0.70_00030,EARLY,HSV-1,UNKNOWN,thymidine kinase,376,EARLY,0.997449,True,CORRECT,Q1_Short
CANONICAL_c30a8c0d327a,TRAIN,TEST,CLUST_0.70_00051,LATE,HSV-2,ICP34,neurovirulence protein ICP34.5,253,LATE,0.9992899,True,CORRECT,Q1_Short
CANONICAL_c31298de845d,TEST,TEST,CLUST_0.70_00018,EARLY,HSV-1,UL42,UL42,488,EARLY,0.95857537,True,CORRECT,Q2_Medium_Low
CANONICAL_c317c4ecd98e,TRAIN,TEST,CLUST_0.70_00015,LATE,HSV-2,UNKNOWN,envelope glycoprotein C,480,LATE,1.0,True,CORRECT,Q2_Medium_Low
CANONICAL_c31b51a7a320,TRAIN,TEST,CLUST_0.70_00020,LATE,HSV-2,UNKNOWN,tegument serine/threonine protein kinase,518,LATE,0.9999858,True,CORRECT,Q3_Medium_High
CANONICAL_c32ed4eed6c7,TRAIN,TEST,CLUST_0.70_00071,LATE,HSV-1,UL24,nuclear protein UL24,269,EARLY,0.774477,False,LATE_PREDICTED_AS_EARLY,Q1_Short
CANONICAL_c34b9b1c72ec,TRAIN,TEST,CLUST_0.70_00009,LATE,HSV-2,UL48,UL48,444,LATE,0.9931502,True,CORRECT,Q2_Medium_Low
CANONICAL_c372afe347cd,TEST,TEST,CLUST_0.70_00030,EARLY,HSV-2,UNKNOWN,thymidine kinase,376,EARLY,0.9986052,True,CORRECT,Q1_Short
CANONICAL_c3ad23be615e,VALIDATION,TEST,CLUST_0.70_00071,LATE,HSV-2,UL24,nuclear protein UL24,281,EARLY,0.8847061,False,LATE_PREDICTED_AS_EARLY,Q1_Short
CANONICAL_c3b4aa449282,TRAIN,TEST,CLUST_0.70_00004,IMMEDIATE_EARLY,HSV-1,RS1,RS1,1301,IMMEDIATE_EARLY,0.9994074,True,CORRECT,Q3_Medium_High
CANONICAL_c3bed7cfe700,TRAIN,TEST,CLUST_0.70_00018,LATE,HSV-2,UNKNOWN,envelope glycoprotein E,548,LATE,0.99913126,True,CORRECT,Q3_Medium_High
CANONICAL_c3c434dafafb,TRAIN,TEST,CLUST_0.70_00018,LATE,HSV-2,UNKNOWN,envelope glycoprotein E,548,LATE,0.99900013,True,CORRECT,Q3_Medium_High
CANONICAL_c3d028ca7390,VALIDATION,TEST,CLUST_0.70_00052,LATE,HSV-1,ICP34,neurovirulence protein ICP34.5,233,LATE,0.9999882,True,CORRECT,Q1_Short
CANONICAL_c3d41b2bdd46,VALIDATION,TEST,CLUST_0.70_00001,LATE,HSV-1,UNKNOWN,large tegument protein,3150,LATE,0.9999999,True,CORRECT,Q4_Long
CANONICAL_c3f92b8b974a,VALIDATION,TEST,CLUST_0.70_00004,IMMEDIATE_EARLY,HSV-1,ICP4,transcriptional regulator ICP4,1308,IMMEDIATE_EARLY,0.99973935,True,CORRECT,Q4_Long
CANONICAL_c40b6ba75de4,VALIDATION,TEST,CLUST_0.70_00015,LATE,HSV-1,UNKNOWN,envelope glycoprotein C,511,LATE,0.9999993,True,CORRECT,Q3_Medium_High
CANONICAL_c417694b4889,TRAIN,TEST,CLUST_0.70_00030,EARLY,HSV-2,UNKNOWN,thymidine kinase,376,EARLY,0.9963877,True,CORRECT,Q1_Short
CANONICAL_c417fb56a9ac,VALIDATION,TEST,CLUST_0.70_00052,LATE,HSV-1,RL1,RL1,255,LATE,0.9999937,True,CORRECT,Q1_Short
CANONICAL_c41f2f23d476,TEST,TEST,CLUST_0.70_00004,IMMEDIATE_EARLY,HSV-1,ICP4,transcriptional regulator ICP4,1301,IMMEDIATE_EARLY,0.9999081,True,CORRECT,Q3_Medium_High
CANONICAL_c429d22fb46f,TRAIN,TEST,CLUST_0.70_00004,IMMEDIATE_EARLY,HSV-2,ICP4,transcriptional regulator ICP4,1318,IMMEDIATE_EARLY,0.99959093,True,CORRECT,Q4_Long
CANONICAL_c42f8762730d,VALIDATION,TEST,CLUST_0.70_00030,EARLY,HSV-1,UNKNOWN,thymidine kinase,376,EARLY,0.99885035,True,CORRECT,Q1_Short
CANONICAL_c43a62eefe97,TEST,TEST,CLUST_0.70_00030,EARLY,HSV-1,UNKNOWN,"thymidine kinase, partial",352,EARLY,0.9981432,True,CORRECT,Q1_Short
CANONICAL_c43d49af7386,TEST,TEST,CLUST_0.70_00051,LATE,HSV-2,ICP34,neurovirulence protein ICP34.5,257,LATE,0.999705,True,CORRECT,Q1_Short
CANONICAL_c443487af8eb,TEST,TEST,CLUST_0.70_00004,IMMEDIATE_EARLY,HSV-2,ICP4,transcriptional regulator ICP4,1340,IMMEDIATE_EARLY,0.9999931,True,CORRECT,Q4_Long
CANONICAL_c448b742f1c0,TRAIN,TEST,CLUST_0.70_00018,LATE,HSV-2,US8,US8,548,LATE,0.9995123,True,CORRECT,Q3_Medium_High
CANONICAL_c460c261d0a3,TEST,TEST,CLUST_0.70_00030,EARLY,HSV-2,UNKNOWN,thymidine kinase,376,EARLY,0.9961837,True,CORRECT,Q1_Short
CANONICAL_c46642c70290,VALIDATION,TEST,CLUST_0.70_00030,EARLY,HSV-1,UNKNOWN,thymidine kinase,376,EARLY,0.9979684,True,CORRECT,Q1_Short
CANONICAL_c4697c9beaba,TRAIN,TEST,CLUST_0.70_00020,LATE,HSV-2,UNKNOWN,tegument serine/threonine protein kinase,518,LATE,0.9786501,True,CORRECT,Q3_Medium_High
CANONICAL_c47bc5d1cb6c,TRAIN,TEST,CLUST_0.70_00004,IMMEDIATE_EARLY,HSV-1,ICP4,transcriptional regulator ICP4,1290,IMMEDIATE_EARLY,0.9997813,True,CORRECT,Q3_Medium_High
CANONICAL_c493a5268661,TEST,TEST,CLUST_0.70_00015,LATE,HSV-1,UL44,UL44,511,LATE,0.9999763,True,CORRECT,Q3_Medium_High
CANONICAL_c4a8362ab79b,TEST,TEST,CLUST_0.70_00004,IMMEDIATE_EARLY,HSV-1,RS1,RS1,1299,IMMEDIATE_EARLY,0.9994868,True,CORRECT,Q3_Medium_High
CANONICAL_c4b3164a6bb7,TRAIN,TEST,CLUST_0.70_00004,IMMEDIATE_EARLY,HSV-2,ICP4,transcriptional regulator ICP4,1472,IMMEDIATE_EARLY,0.9999839,True,CORRECT,Q4_Long
CANONICAL_c4b4c66ef2f2,TRAIN,TEST,CLUST_0.70_00030,EARLY,HSV-1,UNKNOWN,thymidine kinase,376,EARLY,0.9977095,True,CORRECT,Q1_Short
CANONICAL_c4b6881ddfaa,TRAIN,TEST,CLUST_0.70_00030,EARLY,HSV-1,UNKNOWN,thymidine kinase,376,EARLY,0.9990113,True,CORRECT,Q1_Short
CANONICAL_c4bba01b633e,TRAIN,TEST,CLUST_0.70_00030,EARLY,HSV-1,UL23,UL23,376,EARLY,0.9988518,True,CORRECT,Q1_Short
CANONICAL_c4c30e01238f,TRAIN,TEST,CLUST_0.70_00071,LATE,HSV-1,UL24,nuclear protein UL24,269,EARLY,0.7719374,False,LATE_PREDICTED_AS_EARLY,Q1_Short
CANONICAL_c4c8487b27ff,TRAIN,TEST,CLUST_0.70_00004,IMMEDIATE_EARLY,HSV-2,ICP4,transcriptional regulator ICP4,1474,IMMEDIATE_EARLY,0.9999995,True,CORRECT,Q4_Long
CANONICAL_c4e12691d1e6,TRAIN,TEST,CLUST_0.70_00004,IMMEDIATE_EARLY,HSV-1,RS1,RS1,1298,IMMEDIATE_EARLY,0.9971614,True,CORRECT,Q3_Medium_High
CANONICAL_c4e17d67bb22,TRAIN,TEST,CLUST_0.70_00018,LATE,HSV-1,US8,US8,477,LATE,0.9999194,True,CORRECT,Q2_Medium_Low
CANONICAL_c4fd5c49393e,TRAIN,TEST,CLUST_0.70_00030,EARLY,HSV-1,UNKNOWN,thymidine kinase,376,EARLY,0.99491775,True,CORRECT,Q1_Short
CANONICAL_c50c52556db6,TRAIN,TEST,CLUST_0.70_00052,LATE,HSV-1,RL1,RL1-1,248,LATE,0.99997556,True,CORRECT,Q1_Short
CANONICAL_c50cc65cc8b4,VALIDATION,TEST,CLUST_0.70_00030,EARLY,HSV-2,UNKNOWN,thymidine kinase,376,EARLY,0.9933396,True,CORRECT,Q1_Short
CANONICAL_c516715fec47,TRAIN,TEST,CLUST_0.70_00004,IMMEDIATE_EARLY,HSV-1,RS1,RS1-1,1298,IMMEDIATE_EARLY,0.9993994,True,CORRECT,Q3_Medium_High
CANONICAL_c525a2ac1755,TEST,TEST,CLUST_0.70_00030,EARLY,HSV-1,UNKNOWN,thymidine kinase,376,EARLY,0.9989881,True,CORRECT,Q1_Short
CANONICAL_c539d4398db0,TRAIN,TEST,CLUST_0.70_00018,LATE,HSV-1,US8,US8,477,LATE,0.999864,True,CORRECT,Q2_Medium_Low
CANONICAL_c541a3b3a3e9,TRAIN,TEST,CLUST_0.70_00001,LATE,HSV-2,UL36,UL36,3092,LATE,0.9999981,True,CORRECT,Q4_Long
CANONICAL_c544bc05d58a,TRAIN,TEST,CLUST_0.70_00004,IMMEDIATE_EARLY,HSV-1,ICP4,transcriptional regulator ICP4,1303,IMMEDIATE_EARLY,0.9998419,True,CORRECT,Q4_Long
CANONICAL_c55a0cae259b,TEST,TEST,CLUST_0.70_00030,EARLY,HSV-1,UNKNOWN,thymidine kinase,376,EARLY,0.99879456,True,CORRECT,Q1_Short
CANONICAL_c562f5a77b34,TRAIN,TEST,CLUST_0.70_00001,LATE,HSV-2,UL36,UL36,3122,LATE,0.99999857,True,CORRECT,Q4_Long
CANONICAL_c564d361a7b4,TRAIN,TEST,CLUST_0.70_00071,LATE,HSV-1,UL24,UL24,269,EARLY,0.66974044,False,LATE_PREDICTED_AS_EARLY,Q1_Short
CANONICAL_c56b769028be,TRAIN,TEST,CLUST_0.70_00018,LATE,HSV-1,UNKNOWN,envelope glycoprotein E,550,LATE,0.99979395,True,CORRECT,Q3_Medium_High
CANONICAL_c56f994f70d8,TEST,TEST,CLUST_0.70_00004,IMMEDIATE_EARLY,HSV-1,RS1,RS1,1302,IMMEDIATE_EARLY,0.9999112,True,CORRECT,Q3_Medium_High
CANONICAL_c57e95704f1b,TRAIN,TEST,CLUST_0.70_00015,LATE,HSV-1,UNKNOWN,envelope glycoprotein C,511,LATE,0.9999988,True,CORRECT,Q3_Medium_High
CANONICAL_c58bb6d6f762,TRAIN,TEST,CLUST_0.70_00001,LATE,HSV-1,UL36,UL36,3072,LATE,0.99999976,True,CORRECT,Q4_Long
CANONICAL_c5912f69fe77,TRAIN,TEST,CLUST_0.70_00071,LATE,HSV-2,UL24,nuclear protein UL24,281,LATE,0.7326907,True,CORRECT,Q1_Short
CANONICAL_c5c453a970a1,TRAIN,TEST,CLUST_0.70_00001,LATE,HSV-2,UL36,UL36,3154,LATE,0.99999595,True,CORRECT,Q4_Long
CANONICAL_c5df1aead51d,TRAIN,TEST,CLUST_0.70_00015,LATE,HSV-2,UNKNOWN,envelope glycoprotein C,480,LATE,1.0,True,CORRECT,Q2_Medium_Low
CANONICAL_c5e4d2377b3d,TRAIN,TEST,CLUST_0.70_00001,LATE,HSV-2,UL36,UL36,3113,LATE,0.9999989,True,CORRECT,Q4_Long
CANONICAL_c5e62b9f860f,TRAIN,TEST,CLUST_0.70_00001,LATE,HSV-1,UNKNOWN,large tegument protein,3134,LATE,0.9999999,True,CORRECT,Q4_Long
CANONICAL_c605554f6647,TEST,TEST,CLUST_0.70_00080,LATE,HSV-2,UL3,UL3,233,LATE,0.9883786,True,CORRECT,Q1_Short
CANONICAL_c60b3376cf21,TRAIN,TEST,CLUST_0.70_00004,IMMEDIATE_EARLY,HSV-1,ICP4,transcriptional regulator ICP4,1298,IMMEDIATE_EARLY,0.99982065,True,CORRECT,Q3_Medium_High
CANONICAL_c612ccb3fc14,TEST,TEST,CLUST_0.70_00004,IMMEDIATE_EARLY,HSV-1,ICP4,transcriptional regulator ICP4,861,IMMEDIATE_EARLY,0.9999703,True,CORRECT,Q3_Medium_High
CANONICAL_c615bca3f039,TRAIN,TEST,CLUST_0.70_00018,LATE,HSV-2,UNKNOWN,envelope glycoprotein E,545,LATE,0.9996039,True,CORRECT,Q3_Medium_High
CANONICAL_c62926a985be,TRAIN,TEST,CLUST_0.70_00004,IMMEDIATE_EARLY,HSV-1,ICP4,transcriptional regulator ICP4,1309,IMMEDIATE_EARLY,0.9996774,True,CORRECT,Q4_Long
CANONICAL_c647ca30a724,TRAIN,TEST,CLUST_0.70_00030,EARLY,HSV-1,UNKNOWN,thymidine kinase,376,EARLY,0.9980386,True,CORRECT,Q1_Short
CANONICAL_c667cef0f515,TEST,TEST,CLUST_0.70_00018,LATE,HSV-2,UNKNOWN,envelope glycoprotein E,548,LATE,0.9995147,True,CORRECT,Q3_Medium_High
CANONICAL_c66d7080c567,TRAIN,TEST,CLUST_0.70_00001,LATE,HSV-2,UNKNOWN,large tegument protein,3122,LATE,0.9999981,True,CORRECT,Q4_Long
CANONICAL_c67f57247094,TRAIN,TEST,CLUST_0.70_00020,LATE,HSV-2,UNKNOWN,tegument serine/threonine protein kinase,518,LATE,0.99997854,True,CORRECT,Q3_Medium_High
CANONICAL_c6980965fe0c,TRAIN,TEST,CLUST_0.70_00018,LATE,HSV-2,UNKNOWN,envelope glycoprotein E,548,LATE,0.9993154,True,CORRECT,Q3_Medium_High
CANONICAL_c6ac73e7818d,TRAIN,TEST,CLUST_0.70_00037,LATE,HSV-2,UNKNOWN,envelope glycoprotein D,393,LATE,0.9999999,True,CORRECT,Q2_Medium_Low
CANONICAL_c6ad9287c45f,TRAIN,TEST,CLUST_0.70_00020,LATE,HSV-2,UNKNOWN,tegument serine/threonine protein kinase,518,LATE,0.99998164,True,CORRECT,Q3_Medium_High
CANONICAL_c6d1365656c1,TRAIN,TEST,CLUST_0.70_00071,LATE,HSV-2,UL24,nuclear protein UL24,281,EARLY,0.7914846,False,LATE_PREDICTED_AS_EARLY,Q1_Short
CANONICAL_c6d1c4eafd35,TRAIN,TEST,CLUST_0.70_00018,LATE,HSV-2,UNKNOWN,envelope glycoprotein E,548,LATE,0.9996012,True,CORRECT,Q3_Medium_High
CANONICAL_c6e14a0dbb86,TRAIN,TEST,CLUST_0.70_00001,LATE,HSV-1,UNKNOWN,large tegument protein,3161,LATE,0.99999845,True,CORRECT,Q4_Long
CANONICAL_c6e1e1d3e2c7,TRAIN,TEST,CLUST_0.70_00030,EARLY,HSV-2,UNKNOWN,thymidine kinase,376,EARLY,0.9992207,True,CORRECT,Q1_Short
CANONICAL_c71599fcaa0e,TRAIN,TEST,CLUST_0.70_00001,LATE,HSV-1,UNKNOWN,large tegument protein,3139,LATE,0.9999999,True,CORRECT,Q4_Long
CANONICAL_c7170255dc4d,TRAIN,TEST,CLUST_0.70_00052,LATE,HSV-1,RL1,RL1,246,LATE,0.99990344,True,CORRECT,Q1_Short
CANONICAL_c723c428fdba,TRAIN,TEST,CLUST_0.70_00001,LATE,HSV-2,UNKNOWN,large tegument protein,3122,LATE,0.9999987,True,CORRECT,Q4_Long
CANONICAL_c727a9d27c3d,TEST,TEST,CLUST_0.70_00001,LATE,HSV-2,UNKNOWN,large tegument protein,3121,LATE,0.9999964,True,CORRECT,Q4_Long
CANONICAL_c72fac816bfe,VALIDATION,TEST,CLUST_0.70_00004,IMMEDIATE_EARLY,HSV-1,ICP4,transcriptional regulator ICP4,1297,IMMEDIATE_EARLY,0.9997403,True,CORRECT,Q3_Medium_High
CANONICAL_c7373653ae52,TRAIN,TEST,CLUST_0.70_00052,LATE,HSV-1,ICP34,neurovirulence protein ICP34.5,248,LATE,0.99999964,True,CORRECT,Q1_Short
CANONICAL_c749fcd3c317,TRAIN,TEST,CLUST_0.70_00052,LATE,HSV-1,RL1,RL1-1,248,LATE,0.9921401,True,CORRECT,Q1_Short
CANONICAL_c75146ff09ce,VALIDATION,TEST,CLUST_0.70_00080,LATE,HSV-1,UL3,nuclear protein UL3,224,LATE,0.9984977,True,CORRECT,Q1_Short
CANONICAL_c7525faa41e4,VALIDATION,TEST,CLUST_0.70_00030,EARLY,HSV-1,UNKNOWN,thymidine kinase,376,EARLY,0.9991609,True,CORRECT,Q1_Short
CANONICAL_c77178196ab0,TRAIN,TEST,CLUST_0.70_00015,LATE,HSV-2,UNKNOWN,envelope glycoprotein C,480,LATE,1.0,True,CORRECT,Q2_Medium_Low
CANONICAL_c774bf742e19,TRAIN,TEST,CLUST_0.70_00030,EARLY,HSV-1,UNKNOWN,thymidine kinase,376,EARLY,0.9997017,True,CORRECT,Q1_Short
CANONICAL_c784926a41a4,TEST,TEST,CLUST_0.70_00004,IMMEDIATE_EARLY,HSV-2,ICP4,"transcriptional regulator ICP4, partial",1400,IMMEDIATE_EARLY,0.99999964,True,CORRECT,Q4_Long
CANONICAL_c796af99a3fe,TRAIN,TEST,CLUST_0.70_00018,LATE,HSV-2,UNKNOWN,glycoprotein E,545,LATE,0.9988325,True,CORRECT,Q3_Medium_High
CANONICAL_c7c25f6d54b5,TRAIN,TEST,CLUST_0.70_00052,LATE,HSV-1,RL1,RL1,249,LATE,0.99993265,True,CORRECT,Q1_Short
CANONICAL_c7de8c5192ca,TRAIN,TEST,CLUST_0.70_00052,LATE,HSV-1,RL1,RL1,248,LATE,0.9949728,True,CORRECT,Q1_Short
CANONICAL_c7e20d0fc0b2,TRAIN,TEST,CLUST_0.70_00051,LATE,HSV-2,ICP34,neurovirulence protein ICP34.5,251,LATE,0.99951804,True,CORRECT,Q1_Short
CANONICAL_c7f2bf37ef3b,TRAIN,TEST,CLUST_0.70_00080,LATE,HSV-2,UL3,nuclear protein UL3,233,LATE,0.51653105,True,CORRECT,Q1_Short
CANONICAL_c8098cd3db7c,TRAIN,TEST,CLUST_0.70_00030,EARLY,HSV-1,UNKNOWN,thymidine kinase,376,EARLY,0.999228,True,CORRECT,Q1_Short
CANONICAL_c83115f0c5c2,VALIDATION,TEST,CLUST_0.70_00030,EARLY,HSV-1,UNKNOWN,thymidine kinase,376,EARLY,0.999329,True,CORRECT,Q1_Short
CANONICAL_c86c65e0b520,TRAIN,TEST,CLUST_0.70_00020,LATE,HSV-2,UNKNOWN,tegument serine/threonine protein kinase,518,LATE,0.9999846,True,CORRECT,Q3_Medium_High
CANONICAL_c87bf3262164,TRAIN,TEST,CLUST_0.70_00018,LATE,HSV-2,UNKNOWN,envelope glycoprotein E,548,LATE,0.9994832,True,CORRECT,Q3_Medium_High
CANONICAL_c88794decf9a,TRAIN,TEST,CLUST_0.70_00080,LATE,HSV-1,UL3,nuclear protein UL3,235,LATE,0.99733186,True,CORRECT,Q1_Short
CANONICAL_c89ff1444684,TRAIN,TEST,CLUST_0.70_00004,IMMEDIATE_EARLY,HSV-1,RS1,RS1,1302,IMMEDIATE_EARLY,0.999848,True,CORRECT,Q3_Medium_High
CANONICAL_c8a8b250b4e3,TEST,TEST,CLUST_0.70_00001,LATE,HSV-1,UNKNOWN,large tegument protein,3108,LATE,0.9999999,True,CORRECT,Q4_Long
CANONICAL_c8b4272bea19,TRAIN,TEST,CLUST_0.70_00030,EARLY,HSV-1,UNKNOWN,thymidine kinase,376,EARLY,0.9993174,True,CORRECT,Q1_Short
CANONICAL_c91aff1dfd21,TRAIN,TEST,CLUST_0.70_00020,LATE,HSV-2,UNKNOWN,tegument serine/threonine protein kinase,518,LATE,0.9998815,True,CORRECT,Q3_Medium_High
CANONICAL_c9289f8a7648,TRAIN,TEST,CLUST_0.70_00030,EARLY,HSV-1,UNKNOWN,thymidine kinase,376,EARLY,0.9992519,True,CORRECT,Q1_Short
CANONICAL_c948aac1497c,TRAIN,TEST,CLUST_0.70_00001,LATE,HSV-2,UNKNOWN,large tegument protein,3122,LATE,0.9999987,True,CORRECT,Q4_Long
CANONICAL_c94ba8d653a8,TRAIN,TEST,CLUST_0.70_00052,LATE,HSV-1,RL1,RL1-2,257,LATE,0.99999213,True,CORRECT,Q1_Short
CANONICAL_c9616658a2ef,TRAIN,TEST,CLUST_0.70_00001,LATE,HSV-1,UNKNOWN,large tegument protein,3118,LATE,0.9999999,True,CORRECT,Q4_Long
CANONICAL_c9628cd32c0b,TRAIN,TEST,CLUST_0.70_00071,LATE,HSV-2,UL24,nuclear protein UL24,281,LATE,0.8406536,True,CORRECT,Q1_Short
CANONICAL_c974872b086e,TRAIN,TEST,CLUST_0.70_00015,LATE,HSV-2,UL44,UL44,548,LATE,1.0,True,CORRECT,Q3_Medium_High
CANONICAL_c98a757fbc3e,TRAIN,TEST,CLUST_0.70_00004,IMMEDIATE_EARLY,HSV-2,ICP4,transcriptional regulator ICP4,1466,IMMEDIATE_EARLY,0.999944,True,CORRECT,Q4_Long
CANONICAL_c9a40408731a,TRAIN,TEST,CLUST_0.70_00015,LATE,HSV-1,UL44,UL44,511,LATE,0.99999726,True,CORRECT,Q3_Medium_High
CANONICAL_c9cb74d5e25a,TEST,TEST,CLUST_0.70_00051,LATE,HSV-2,ICP34,neurovirulence protein ICP34.5,254,LATE,0.99975735,True,CORRECT,Q1_Short
CANONICAL_c9d4337e849e,TRAIN,TEST,CLUST_0.70_00004,IMMEDIATE_EARLY,HSV-2,ICP4,transcriptional regulator ICP4,1466,IMMEDIATE_EARLY,0.99997365,True,CORRECT,Q4_Long
CANONICAL_ca07dfc3d861,TRAIN,TEST,CLUST_0.70_00001,LATE,HSV-1,UNKNOWN,large tegument protein,3104,LATE,0.99999976,True,CORRECT,Q4_Long
CANONICAL_ca70d8eec7d5,VALIDATION,TEST,CLUST_0.70_00030,EARLY,HSV-1,UNKNOWN,thymidine kinase,376,EARLY,0.9983803,True,CORRECT,Q1_Short
CANONICAL_ca78318eeb2d,TRAIN,TEST,CLUST_0.70_00001,LATE,HSV-1,UL36,UL36,3086,LATE,0.9999999,True,CORRECT,Q4_Long
CANONICAL_ca7ecf2f13ea,TRAIN,TEST,CLUST_0.70_00015,LATE,HSV-2,UL44,UL44,480,LATE,1.0,True,CORRECT,Q2_Medium_Low
CANONICAL_ca8216c7048c,TEST,TEST,CLUST_0.70_00030,EARLY,HSV-1,UNKNOWN,thymidine kinase,376,EARLY,0.99613154,True,CORRECT,Q1_Short
CANONICAL_ca8d52e9f0d2,VALIDATION,TEST,CLUST_0.70_00030,EARLY,HSV-1,UNKNOWN,Thymidine kinase,331,EARLY,0.9991762,True,CORRECT,Q1_Short
CANONICAL_caa8fe5c11bf,TRAIN,TEST,CLUST_0.70_00052,LATE,HSV-1,RL1,RL1-2,269,LATE,0.99999535,True,CORRECT,Q1_Short
CANONICAL_caaee80d68fb,TRAIN,TEST,CLUST_0.70_00052,LATE,HSV-1,RL1,RL1,328,IMMEDIATE_EARLY,0.9647481,False,LATE_PREDICTED_AS_IMMEDIATE_EARLY,Q1_Short
CANONICAL_cadd532c1859,TRAIN,TEST,CLUST_0.70_00004,IMMEDIATE_EARLY,HSV-2,ICP4,transcriptional regulator ICP4,1468,IMMEDIATE_EARLY,0.98950714,True,CORRECT,Q4_Long
CANONICAL_cb0aa652e347,TRAIN,TEST,CLUST_0.70_00004,IMMEDIATE_EARLY,HSV-1,ICP4,transcriptional regulator ICP4,1301,IMMEDIATE_EARLY,0.9999187,True,CORRECT,Q3_Medium_High
CANONICAL_cb1ac4a8fad7,TRAIN,TEST,CLUST_0.70_00030,EARLY,HSV-2,UL23,UL23,307,LATE,0.94612956,False,EARLY_PREDICTED_AS_LATE,Q1_Short
CANONICAL_cb21d3e97364,TRAIN,TEST,CLUST_0.70_00051,LATE,HSV-2,UNKNOWN,tegument protein VP22,302,LATE,0.999951,True,CORRECT,Q1_Short
CANONICAL_cb2229bbe5dd,TRAIN,TEST,CLUST_0.70_00071,LATE,HSV-2,UL24,nuclear protein UL24,281,LATE,0.6805286,True,CORRECT,Q1_Short
CANONICAL_cb67f80d20de,TRAIN,TEST,CLUST_0.70_00001,LATE,HSV-2,UNKNOWN,large tegument protein,3122,LATE,0.9999988,True,CORRECT,Q4_Long
CANONICAL_cb8b23838e36,TRAIN,TEST,CLUST_0.70_00004,IMMEDIATE_EARLY,HSV-2,ICP4,transcriptional regulator ICP4,1469,IMMEDIATE_EARLY,0.99930084,True,CORRECT,Q4_Long
CANONICAL_cbb3bb5300a4,TRAIN,TEST,CLUST_0.70_00018,LATE,HSV-2,UNKNOWN,envelope glycoprotein E,545,LATE,0.9958878,True,CORRECT,Q3_Medium_High
CANONICAL_cbb6364ffbae,TEST,TEST,CLUST_0.70_00001,LATE,HSV-1,UNKNOWN,large tegument protein,3148,LATE,0.99999976,True,CORRECT,Q4_Long
CANONICAL_cbbb5ec92689,TRAIN,TEST,CLUST_0.70_00004,IMMEDIATE_EARLY,HSV-1,RS1,RS1-2,1300,IMMEDIATE_EARLY,0.9997991,True,CORRECT,Q3_Medium_High
CANONICAL_cbbf55346b35,TRAIN,TEST,CLUST_0.70_00052,LATE,HSV-1,RL1,RL1,251,LATE,0.99999976,True,CORRECT,Q1_Short
CANONICAL_cbcb1df42556,TRAIN,TEST,CLUST_0.70_00030,EARLY,HSV-1,UNKNOWN,thymidine kinase,376,EARLY,0.996121,True,CORRECT,Q1_Short
CANONICAL_cbe446dc0d56,TRAIN,TEST,CLUST_0.70_00052,LATE,HSV-1,ICP34,neurovirulence protein ICP34.5,250,LATE,0.99996126,True,CORRECT,Q1_Short
CANONICAL_cbed967b77c7,TRAIN,TEST,CLUST_0.70_00052,LATE,HSV-2,ICP34,neurovirulence protein ICP34.5,307,LATE,0.9999956,True,CORRECT,Q1_Short
CANONICAL_cbfbb4bcffd3,TRAIN,TEST,CLUST_0.70_00009,LATE,HSV-1,UL48,UL48,490,LATE,0.999785,True,CORRECT,Q2_Medium_Low
CANONICAL_cc07b79260ef,TRAIN,TEST,CLUST_0.70_00004,IMMEDIATE_EARLY,HSV-1,RS1,RS1,1302,IMMEDIATE_EARLY,0.9998424,True,CORRECT,Q3_Medium_High
CANONICAL_cc1340c234eb,VALIDATION,TEST,CLUST_0.70_00052,LATE,HSV-1,RL1,RL1,249,LATE,0.999959,True,CORRECT,Q1_Short
CANONICAL_cc39ad6b0282,TEST,TEST,CLUST_0.70_00030,EARLY,HSV-2,UNKNOWN,thymidine kinase,376,EARLY,0.9975781,True,CORRECT,Q1_Short
CANONICAL_cc3cacb65e07,TRAIN,TEST,CLUST_0.70_00030,EARLY,HSV-2,UL23,UL23,307,LATE,0.9861923,False,EARLY_PREDICTED_AS_LATE,Q1_Short
CANONICAL_cc4030252729,TRAIN,TEST,CLUST_0.70_00052,LATE,HSV-1,RL1,RL1 protein,255,LATE,0.9999931,True,CORRECT,Q1_Short
CANONICAL_cc45842ce479,TRAIN,TEST,CLUST_0.70_00004,IMMEDIATE_EARLY,HSV-2,ICP4,transcriptional regulator ICP4,1315,IMMEDIATE_EARLY,0.99998355,True,CORRECT,Q4_Long
CANONICAL_cc713e310201,TRAIN,TEST,CLUST_0.70_00004,IMMEDIATE_EARLY,HSV-2,ICP4,transcriptional regulator ICP4,1469,IMMEDIATE_EARLY,0.99695957,True,CORRECT,Q4_Long
CANONICAL_cca781b1b296,VALIDATION,TEST,CLUST_0.70_00030,EARLY,HSV-1,UNKNOWN,thymidine kinase,376,EARLY,0.99975306,True,CORRECT,Q1_Short
CANONICAL_cca90b9e856d,TEST,TEST,CLUST_0.70_00001,LATE,HSV-1,UL36,UL36,3084,LATE,0.99999976,True,CORRECT,Q4_Long
CANONICAL_ccad3c78b7fd,TRAIN,TEST,CLUST_0.70_00004,IMMEDIATE_EARLY,HSV-1,ICP4,transcriptional regulator ICP4,1301,IMMEDIATE_EARLY,0.9998727,True,CORRECT,Q3_Medium_High
CANONICAL_ccb3d902cbd6,TRAIN,TEST,CLUST_0.70_00030,EARLY,HSV-2,UNKNOWN,thymidine kinase,376,EARLY,0.9988813,True,CORRECT,Q1_Short
CANONICAL_ccc1178757f3,VALIDATION,TEST,CLUST_0.70_00080,LATE,HSV-2,UL3,nuclear protein UL3,233,LATE,0.68001145,True,CORRECT,Q1_Short
CANONICAL_cccf40399272,TRAIN,TEST,CLUST_0.70_00052,LATE,HSV-1,RL1,RL1,225,LATE,0.9999995,True,CORRECT,Q1_Short
CANONICAL_ccdb19691e93,TRAIN,TEST,CLUST_0.70_00015,LATE,HSV-1,UNKNOWN,envelope glycoprotein C,511,LATE,0.9999957,True,CORRECT,Q3_Medium_High
CANONICAL_ccdfcb8cdca3,TRAIN,TEST,CLUST_0.70_00015,LATE,HSV-1,UNKNOWN,envelope glycoprotein C,511,LATE,0.9999994,True,CORRECT,Q3_Medium_High
CANONICAL_cce0198a214e,TRAIN,TEST,CLUST_0.70_00015,LATE,HSV-1,UNKNOWN,envelope glycoprotein C,509,LATE,0.9999995,True,CORRECT,Q3_Medium_High
CANONICAL_ccfce8a039c9,TEST,TEST,CLUST_0.70_00001,LATE,HSV-2,UNKNOWN,large tegument protein,3122,LATE,0.9999962,True,CORRECT,Q4_Long
CANONICAL_cd0c5dfa56ac,TRAIN,TEST,CLUST_0.70_00037,LATE,HSV-2,UNKNOWN,envelope glycoprotein D,393,LATE,0.99994266,True,CORRECT,Q2_Medium_Low
CANONICAL_cd215340e2fc,TRAIN,TEST,CLUST_0.70_00015,LATE,HSV-1,UNKNOWN,envelope glycoprotein C,511,LATE,0.99999917,True,CORRECT,Q3_Medium_High
CANONICAL_cd2a47b1b363,TRAIN,TEST,CLUST_0.70_00015,LATE,HSV-1,UNKNOWN,envelope glycoprotein C,511,LATE,0.99999607,True,CORRECT,Q3_Medium_High
CANONICAL_cd377b03cd61,TRAIN,TEST,CLUST_0.70_00004,IMMEDIATE_EARLY,HSV-2,ICP4,transcriptional regulator ICP4,1470,IMMEDIATE_EARLY,0.99408394,True,CORRECT,Q4_Long
CANONICAL_cd37a30efc3c,TRAIN,TEST,CLUST_0.70_00030,EARLY,HSV-2,UNKNOWN,thymidine kinase,376,EARLY,0.99780494,True,CORRECT,Q1_Short
CANONICAL_cd417f2eb36b,TRAIN,TEST,CLUST_0.70_00018,LATE,HSV-2,UNKNOWN,envelope glycoprotein E,548,LATE,0.9983369,True,CORRECT,Q3_Medium_High
CANONICAL_cd4682ee0f5f,TRAIN,TEST,CLUST_0.70_00020,LATE,HSV-1,UNKNOWN,tegument serine/threonine protein kinase,518,LATE,0.99997854,True,CORRECT,Q3_Medium_High
CANONICAL_cd4ce993ebc8,TRAIN,TEST,CLUST_0.70_00037,LATE,HSV-2,UNKNOWN,envelope glycoprotein D,393,LATE,0.9999951,True,CORRECT,Q2_Medium_Low
CANONICAL_cd50b84c601c,TRAIN,TEST,CLUST_0.70_00080,LATE,HSV-2,UL3,nuclear protein UL3,233,EARLY,0.71464366,False,LATE_PREDICTED_AS_EARLY,Q1_Short
CANONICAL_cd67f5d30cfb,VALIDATION,TEST,CLUST_0.70_00018,LATE,HSV-2,UNKNOWN,envelope glycoprotein E,548,LATE,0.99950624,True,CORRECT,Q3_Medium_High
CANONICAL_cd6d7f62f4a3,VALIDATION,TEST,CLUST_0.70_00001,LATE,HSV-2,UNKNOWN,large tegument protein,3163,LATE,0.9999964,True,CORRECT,Q4_Long
CANONICAL_cd9eb34d0c69,TRAIN,TEST,CLUST_0.70_00052,LATE,HSV-1,RL1,RL1,250,LATE,0.9999887,True,CORRECT,Q1_Short
CANONICAL_cdd217e92280,VALIDATION,TEST,CLUST_0.70_00030,EARLY,HSV-1,UNKNOWN,thymidine kinase,376,EARLY,0.9978314,True,CORRECT,Q1_Short
CANONICAL_cdf1f6b7774d,TRAIN,TEST,CLUST_0.70_00051,LATE,HSV-2,ICP34,neurovirulence protein ICP34.5,306,LATE,0.7577224,True,CORRECT,Q1_Short
CANONICAL_ce18438024f8,TRAIN,TEST,CLUST_0.70_00001,LATE,HSV-2,UL36,UL36,3089,LATE,0.99999774,True,CORRECT,Q4_Long
CANONICAL_ce1d45c6eb77,TRAIN,TEST,CLUST_0.70_00001,LATE,HSV-1,UNKNOWN,large tegument protein,3166,LATE,0.9999999,True,CORRECT,Q4_Long
CANONICAL_ce25c9939959,TRAIN,TEST,CLUST_0.70_00051,LATE,HSV-2,UL49,UL49,302,LATE,0.99993753,True,CORRECT,Q1_Short
CANONICAL_ce26487d8c06,TRAIN,TEST,CLUST_0.70_00052,LATE,HSV-1,RL1,RL1,248,LATE,0.99998474,True,CORRECT,Q1_Short
CANONICAL_ce436dcc2ef6,TRAIN,TEST,CLUST_0.70_00080,LATE,HSV-2,UL3,nuclear protein UL3,233,LATE,0.6340038,True,CORRECT,Q1_Short
CANONICAL_ce584d9592d3,TRAIN,TEST,CLUST_0.70_00030,EARLY,HSV-1,UNKNOWN,thymidine kinase,376,EARLY,0.9980198,True,CORRECT,Q1_Short
CANONICAL_ce5c7f748730,TRAIN,TEST,CLUST_0.70_00037,LATE,HSV-2,UNKNOWN,envelope glycoprotein D,393,LATE,1.0,True,CORRECT,Q2_Medium_Low
CANONICAL_ce5f3916cabb,VALIDATION,TEST,CLUST_0.70_00004,IMMEDIATE_EARLY,HSV-1,ICP4,transcriptional regulator ICP4,1303,IMMEDIATE_EARLY,0.9998876,True,CORRECT,Q4_Long
CANONICAL_ce75a65d7e2d,TEST,TEST,CLUST_0.70_00001,LATE,HSV-2,UNKNOWN,large tegument protein,3122,LATE,0.9999987,True,CORRECT,Q4_Long
CANONICAL_ce868781e5fd,TRAIN,TEST,CLUST_0.70_00001,LATE,HSV-1,UNKNOWN,large tegument protein,3120,LATE,0.9999999,True,CORRECT,Q4_Long
CANONICAL_ce8a28d331bc,VALIDATION,TEST,CLUST_0.70_00030,EARLY,HSV-2,UNKNOWN,thymidine kinase,376,EARLY,0.9946742,True,CORRECT,Q1_Short
CANONICAL_ce9a9a8b6ebb,TRAIN,TEST,CLUST_0.70_00080,LATE,HSV-2,UL3,UL3 ORF,233,LATE,0.991947,True,CORRECT,Q1_Short
CANONICAL_ce9e7554cfa3,VALIDATION,TEST,CLUST_0.70_00001,LATE,HSV-1,UNKNOWN,large tegument protein,3124,LATE,0.9999999,True,CORRECT,Q4_Long
CANONICAL_cea506884b44,TEST,TEST,CLUST_0.70_00052,LATE,HSV-1,RL1,RL1 protein,249,LATE,0.9999988,True,CORRECT,Q1_Short
CANONICAL_cedfad06c30a,TRAIN,TEST,CLUST_0.70_00030,EARLY,HSV-1,UNKNOWN,thymidine kinase,376,EARLY,0.9988243,True,CORRECT,Q1_Short
CANONICAL_cee052609f1d,VALIDATION,TEST,CLUST_0.70_00080,LATE,HSV-2,UL3,nuclear protein UL3,233,EARLY,0.50346625,False,LATE_PREDICTED_AS_EARLY,Q1_Short
CANONICAL_cef61b032ad9,TRAIN,TEST,CLUST_0.70_00030,EARLY,HSV-1,UNKNOWN,thymidine kinase,375,EARLY,0.9977379,True,CORRECT,Q1_Short
CANONICAL_cefbac599fea,TRAIN,TEST,CLUST_0.70_00051,LATE,HSV-2,UL49,UL49,302,LATE,0.99985754,True,CORRECT,Q1_Short
CANONICAL_cefc86829147,VALIDATION,TEST,CLUST_0.70_00037,LATE,HSV-1,UNKNOWN,envelope glycoprotein D,394,LATE,0.9999999,True,CORRECT,Q2_Medium_Low
CANONICAL_cf02da3ed73b,TRAIN,TEST,CLUST_0.70_00001,LATE,HSV-1,UL36,UL36,3163,LATE,0.9999995,True,CORRECT,Q4_Long
CANONICAL_cf2543d9a277,TRAIN,TEST,CLUST_0.70_00015,LATE,HSV-1,UNKNOWN,envelope glycoprotein C,511,LATE,0.9999993,True,CORRECT,Q3_Medium_High
CANONICAL_cf350b717802,TRAIN,TEST,CLUST_0.70_00018,LATE,HSV-1,US8,US8,550,LATE,0.99973387,True,CORRECT,Q3_Medium_High
CANONICAL_cf5710ca99be,TEST,TEST,CLUST_0.70_00001,LATE,HSV-2,UNKNOWN,large tegument protein,3121,LATE,0.99999917,True,CORRECT,Q4_Long
CANONICAL_cf6643e2b459,TRAIN,TEST,CLUST_0.70_00001,LATE,HSV-2,UNKNOWN,large tegument protein,3122,LATE,0.99999535,True,CORRECT,Q4_Long
CANONICAL_cfb1c927c0ba,TRAIN,TEST,CLUST_0.70_00001,LATE,HSV-2,UNKNOWN,large tegument protein,3123,LATE,0.9999987,True,CORRECT,Q4_Long
CANONICAL_cfb569a24c02,TRAIN,TEST,CLUST_0.70_00030,EARLY,HSV-1,UNKNOWN,thymidine kinase,376,EARLY,0.9988918,True,CORRECT,Q1_Short
CANONICAL_cfbd4190d308,TEST,TEST,CLUST_0.70_00001,LATE,HSV-1,UNKNOWN,large tegument protein,3134,LATE,0.99999976,True,CORRECT,Q4_Long
CANONICAL_cfef440f6c1b,TRAIN,TEST,CLUST_0.70_00001,LATE,HSV-2,UL36,UL36,3112,LATE,0.99999845,True,CORRECT,Q4_Long
CANONICAL_cfffe490008b,TRAIN,TEST,CLUST_0.70_00015,LATE,HSV-2,UNKNOWN,"envelope glycoprotein C, partial",477,LATE,0.9999995,True,CORRECT,Q2_Medium_Low
CANONICAL_d003d8c3f3ad,TRAIN,TEST,CLUST_0.70_00004,IMMEDIATE_EARLY,HSV-1,RS1,RS1-2,1300,IMMEDIATE_EARLY,0.99984705,True,CORRECT,Q3_Medium_High
CANONICAL_d0083185e288,VALIDATION,TEST,CLUST_0.70_00018,LATE,HSV-1,UNKNOWN,envelope glycoprotein E,550,LATE,0.9998374,True,CORRECT,Q3_Medium_High
CANONICAL_d01a759e7f46,TRAIN,TEST,CLUST_0.70_00004,IMMEDIATE_EARLY,HSV-2,ICP4,transcriptional regulator ICP4,1316,IMMEDIATE_EARLY,0.99995995,True,CORRECT,Q4_Long
CANONICAL_d0225b165cef,TRAIN,TEST,CLUST_0.70_00001,LATE,HSV-1,UNKNOWN,large tegument protein,3134,LATE,0.99999976,True,CORRECT,Q4_Long
CANONICAL_d02c85b73b7d,TEST,TEST,CLUST_0.70_00015,LATE,HSV-2,UL44,UL44,480,LATE,1.0,True,CORRECT,Q2_Medium_Low
CANONICAL_d035d74a041f,TEST,TEST,CLUST_0.70_00051,LATE,HSV-2,RL1,RL1,266,LATE,0.9999969,True,CORRECT,Q1_Short
CANONICAL_d06b2ed35f92,VALIDATION,TEST,CLUST_0.70_00018,LATE,HSV-2,UNKNOWN,envelope glycoprotein E,548,LATE,0.9993679,True,CORRECT,Q3_Medium_High
CANONICAL_d075f23f9600,VALIDATION,TEST,CLUST_0.70_00018,LATE,HSV-1,UNKNOWN,"glycoprotein E, partial",550,LATE,0.99989355,True,CORRECT,Q3_Medium_High
CANONICAL_d0771b29d2e8,TRAIN,TEST,CLUST_0.70_00001,LATE,HSV-1,UL36,UL36,3084,LATE,0.9999993,True,CORRECT,Q4_Long
CANONICAL_d08b7956060c,TRAIN,TEST,CLUST_0.70_00030,EARLY,HSV-2,UNKNOWN,thymidine kinase,375,EARLY,0.9963343,True,CORRECT,Q1_Short
CANONICAL_d0a4e7337559,TRAIN,TEST,CLUST_0.70_00001,LATE,HSV-1,UL36,UL36,3129,LATE,0.9999999,True,CORRECT,Q4_Long
CANONICAL_d0a4ec962bd2,TRAIN,TEST,CLUST_0.70_00020,LATE,HSV-2,UNKNOWN,tegument serine/threonine protein kinase,518,LATE,0.9997017,True,CORRECT,Q3_Medium_High
CANONICAL_d0a9b753fb93,TEST,TEST,CLUST_0.70_00030,EARLY,HSV-1,UNKNOWN,thymidine kinase,376,EARLY,0.9970181,True,CORRECT,Q1_Short
CANONICAL_d0b2c41b2da1,TRAIN,TEST,CLUST_0.70_00030,EARLY,HSV-1,UNKNOWN,thymidine kinase,376,EARLY,0.9993736,True,CORRECT,Q1_Short
CANONICAL_d0e5a968c4ec,TRAIN,TEST,CLUST_0.70_00018,LATE,HSV-2,UNKNOWN,envelope glycoprotein E,548,LATE,0.99966943,True,CORRECT,Q3_Medium_High
CANONICAL_d0eb224c323a,TRAIN,TEST,CLUST_0.70_00004,IMMEDIATE_EARLY,HSV-2,ICP4,transcriptional regulator ICP4,1465,IMMEDIATE_EARLY,0.99976724,True,CORRECT,Q4_Long
CANONICAL_d0f6cba287a2,TRAIN,TEST,CLUST_0.70_00037,LATE,HSV-2,UNKNOWN,"envelope glycoprotein D, partial",389,LATE,0.9999999,True,CORRECT,Q2_Medium_Low
CANONICAL_d0fc012c7f7b,VALIDATION,TEST,CLUST_0.70_00004,IMMEDIATE_EARLY,HSV-2,ICP4,transcriptional regulator ICP4,1468,IMMEDIATE_EARLY,0.9999956,True,CORRECT,Q4_Long
CANONICAL_d10ba738f8f0,TRAIN,TEST,CLUST_0.70_00001,LATE,HSV-1,UNKNOWN,large tegument protein,3134,LATE,0.9999999,True,CORRECT,Q4_Long
CANONICAL_d12954a22734,TRAIN,TEST,CLUST_0.70_00015,LATE,HSV-2,UNKNOWN,envelope glycoprotein C,480,LATE,1.0,True,CORRECT,Q2_Medium_Low
CANONICAL_d12e1d0c329c,TRAIN,TEST,CLUST_0.70_00001,LATE,HSV-2,UL36,UL36,3122,LATE,0.99999845,True,CORRECT,Q4_Long
CANONICAL_d1397e069518,TRAIN,TEST,CLUST_0.70_00052,LATE,HSV-2,ICP34,neurovirulence protein ICP34.5,307,LATE,0.99991655,True,CORRECT,Q1_Short
CANONICAL_d13a651bda11,TEST,TEST,CLUST_0.70_00030,EARLY,HSV-2,UNKNOWN,thymidine kinase,376,EARLY,0.99881506,True,CORRECT,Q1_Short
CANONICAL_d1401250e1fb,TRAIN,TEST,CLUST_0.70_00004,IMMEDIATE_EARLY,HSV-1,ICP4,transcriptional regulator ICP4,1298,IMMEDIATE_EARLY,0.9981212,True,CORRECT,Q3_Medium_High
CANONICAL_d149a087083e,TRAIN,TEST,CLUST_0.70_00052,LATE,HSV-1,ICP34,neurovirulence protein ICP34.5,245,LATE,0.99993455,True,CORRECT,Q1_Short
CANONICAL_d17f9ac9d2a6,TRAIN,TEST,CLUST_0.70_00001,LATE,HSV-1,UL36,UL36,3095,LATE,0.9999999,True,CORRECT,Q4_Long
CANONICAL_d189376fc2b1,TRAIN,TEST,CLUST_0.70_00001,LATE,HSV-1,UNKNOWN,large tegument protein,3126,LATE,0.9999999,True,CORRECT,Q4_Long
CANONICAL_d1a14b07b816,TEST,TEST,CLUST_0.70_00052,LATE,HSV-1,RL1,RL1,246,LATE,0.9999999,True,CORRECT,Q1_Short
CANONICAL_d1ab30d43ef1,TEST,TEST,CLUST_0.70_00004,IMMEDIATE_EARLY,HSV-2,ICP4,transcriptional regulator ICP4,1469,IMMEDIATE_EARLY,0.9999461,True,CORRECT,Q4_Long
CANONICAL_d1c438ce3b24,TRAIN,TEST,CLUST_0.70_00018,LATE,HSV-2,US8,US8,325,LATE,0.99134374,True,CORRECT,Q1_Short
CANONICAL_d1d1ae5c53c0,TRAIN,TEST,CLUST_0.70_00004,IMMEDIATE_EARLY,HSV-1,ICP4,transcriptional regulator ICP4,1295,IMMEDIATE_EARLY,0.9996804,True,CORRECT,Q3_Medium_High
CANONICAL_d1d2321b261f,TRAIN,TEST,CLUST_0.70_00030,EARLY,HSV-2,UNKNOWN,thymidine kinase,376,EARLY,0.9977677,True,CORRECT,Q1_Short
CANONICAL_d1d616b12455,TRAIN,TEST,CLUST_0.70_00001,LATE,HSV-2,UNKNOWN,large tegument protein,3122,LATE,0.9999987,True,CORRECT,Q4_Long
CANONICAL_d20273a5f0e9,TRAIN,TEST,CLUST_0.70_00071,LATE,HSV-1,UL24,nuclear protein UL24,269,EARLY,0.673743,False,LATE_PREDICTED_AS_EARLY,Q1_Short
CANONICAL_d202e989df53,TRAIN,TEST,CLUST_0.70_00030,EARLY,HSV-1,UNKNOWN,thymidine kinase,376,EARLY,0.99990714,True,CORRECT,Q1_Short
CANONICAL_d21c307c4a91,TRAIN,TEST,CLUST_0.70_00004,IMMEDIATE_EARLY,HSV-2,ICP4,transcriptional regulator ICP4,1469,IMMEDIATE_EARLY,0.9994874,True,CORRECT,Q4_Long
CANONICAL_d23c6bb08d17,TRAIN,TEST,CLUST_0.70_00001,LATE,HSV-1,UL36,UL36,3084,LATE,0.99999976,True,CORRECT,Q4_Long
CANONICAL_d25df786b8c0,TRAIN,TEST,CLUST_0.70_00030,EARLY,HSV-1,UNKNOWN,thymidine kinase,376,EARLY,0.99691427,True,CORRECT,Q1_Short
CANONICAL_d270ec4cab1a,TRAIN,TEST,CLUST_0.70_00004,IMMEDIATE_EARLY,HSV-2,ICP4,transcriptional regulator ICP4,1469,IMMEDIATE_EARLY,0.9999982,True,CORRECT,Q4_Long
CANONICAL_d2750409dfac,TRAIN,TEST,CLUST_0.70_00030,EARLY,HSV-1,UNKNOWN,thymidine kinase,376,EARLY,0.99954104,True,CORRECT,Q1_Short
CANONICAL_d288ada86a94,TEST,TEST,CLUST_0.70_00001,LATE,HSV-2,UNKNOWN,large tegument protein,3122,LATE,0.999998,True,CORRECT,Q4_Long
CANONICAL_d289a2579e28,TRAIN,TEST,CLUST_0.70_00004,IMMEDIATE_EARLY,HSV-1,ICP4,transcriptional regulator ICP4,1301,IMMEDIATE_EARLY,0.9998417,True,CORRECT,Q3_Medium_High
CANONICAL_d298b7d7e129,VALIDATION,TEST,CLUST_0.70_00051,LATE,HSV-2,ICP34,neurovirulence protein ICP34.5,307,LATE,0.99980146,True,CORRECT,Q1_Short
CANONICAL_d2a113e38151,TRAIN,TEST,CLUST_0.70_00052,LATE,HSV-1,RL1,RL1,256,LATE,0.9999924,True,CORRECT,Q1_Short
CANONICAL_d2b81d423dd9,VALIDATION,TEST,CLUST_0.70_00030,EARLY,HSV-1,UNKNOWN,thymidine kinase,376,EARLY,0.9988574,True,CORRECT,Q1_Short
CANONICAL_d2caecf2d5d8,TRAIN,TEST,CLUST_0.70_00004,IMMEDIATE_EARLY,HSV-2,ICP4,transcriptional regulator ICP4,1311,IMMEDIATE_EARLY,0.9999857,True,CORRECT,Q4_Long
CANONICAL_d2e1ff45c776,TRAIN,TEST,CLUST_0.70_00001,LATE,HSV-1,UL36,UL36,3087,LATE,0.99999976,True,CORRECT,Q4_Long
CANONICAL_d2e3cab95c82,TEST,TEST,CLUST_0.70_00001,LATE,HSV-1,UL36,UL36,3124,LATE,0.99999964,True,CORRECT,Q4_Long
CANONICAL_d2eba3e3a996,TRAIN,TEST,CLUST_0.70_00052,LATE,HSV-1,RL1,RL1,246,LATE,0.9999902,True,CORRECT,Q1_Short
CANONICAL_d2f3f355df64,VALIDATION,TEST,CLUST_0.70_00015,LATE,HSV-1,UNKNOWN,envelope glycoprotein C,511,LATE,0.9999968,True,CORRECT,Q3_Medium_High
CANONICAL_d2fd53ce53a7,TRAIN,TEST,CLUST_0.70_00004,IMMEDIATE_EARLY,HSV-1,ICP4,transcriptional regulator ICP4,1299,IMMEDIATE_EARLY,0.9999044,True,CORRECT,Q3_Medium_High
CANONICAL_d305ea2499ec,TRAIN,TEST,CLUST_0.70_00001,LATE,HSV-1,UNKNOWN,large tegument protein,3139,LATE,0.9999999,True,CORRECT,Q4_Long
CANONICAL_d30bd1e93590,TRAIN,TEST,CLUST_0.70_00030,EARLY,HSV-2,UNKNOWN,thymidine kinase,376,EARLY,0.9922106,True,CORRECT,Q1_Short
CANONICAL_d3167fdb52f8,TRAIN,TEST,CLUST_0.70_00009,LATE,HSV-2,US3,serine/threonine protein kinase US3,587,LATE,0.99371284,True,CORRECT,Q3_Medium_High
CANONICAL_d32c4efb3cca,TRAIN,TEST,CLUST_0.70_00052,LATE,HSV-1,RL1,RL1,249,LATE,0.9999988,True,CORRECT,Q1_Short
CANONICAL_d36f5e7fcde5,TRAIN,TEST,CLUST_0.70_00071,LATE,HSV-2,UL24,nuclear protein UL24,281,LATE,0.7489037,True,CORRECT,Q1_Short
CANONICAL_d38b9e0ac8a7,VALIDATION,TEST,CLUST_0.70_00080,LATE,HSV-2,UL3,nuclear protein UL3,263,LATE,0.66063315,True,CORRECT,Q1_Short
CANONICAL_d39a025342cc,TRAIN,TEST,CLUST_0.70_00004,IMMEDIATE_EARLY,HSV-1,ICP4,transcriptional regulator ICP4,1298,IMMEDIATE_EARLY,0.99991596,True,CORRECT,Q3_Medium_High
CANONICAL_d3be32df6932,TEST,TEST,CLUST_0.70_00030,EARLY,HSV-1,UNKNOWN,thymidine kinase,376,EARLY,0.99914,True,CORRECT,Q1_Short
CANONICAL_d3c2a975f51a,TRAIN,TEST,CLUST_0.70_00018,LATE,HSV-1,US8,US8,477,LATE,0.9999447,True,CORRECT,Q2_Medium_Low
CANONICAL_d3c59d87c87c,TRAIN,TEST,CLUST_0.70_00018,LATE,HSV-1,US8,US8,550,LATE,0.9997882,True,CORRECT,Q3_Medium_High
CANONICAL_d3dd83ef2b90,TRAIN,TEST,CLUST_0.70_00030,EARLY,HSV-1,UL23,UL23,376,EARLY,0.9994655,True,CORRECT,Q1_Short
CANONICAL_d3e63a418434,TEST,TEST,CLUST_0.70_00030,EARLY,HSV-1,UNKNOWN,thymidine kinase,376,EARLY,0.9978429,True,CORRECT,Q1_Short
CANONICAL_d3f0624bd09e,TRAIN,TEST,CLUST_0.70_00080,LATE,HSV-2,UL3,nuclear protein UL3,233,LATE,0.7999235,True,CORRECT,Q1_Short
CANONICAL_d3f66095e77a,TRAIN,TEST,CLUST_0.70_00004,IMMEDIATE_EARLY,HSV-1,ICP4,transcriptional regulator ICP4,1301,IMMEDIATE_EARLY,0.999907,True,CORRECT,Q3_Medium_High
CANONICAL_d40a480c2ae7,TRAIN,TEST,CLUST_0.70_00001,LATE,HSV-2,UNKNOWN,large tegument protein,3111,LATE,0.9999974,True,CORRECT,Q4_Long
CANONICAL_d40ad2114e30,TRAIN,TEST,CLUST_0.70_00080,LATE,HSV-2,UL3,UL3,222,LATE,0.99866366,True,CORRECT,Q1_Short
CANONICAL_d40eee84b040,TRAIN,TEST,CLUST_0.70_00052,LATE,HSV-1,RL1,RL1,246,LATE,0.9999757,True,CORRECT,Q1_Short
CANONICAL_d41543892606,TRAIN,TEST,CLUST_0.70_00004,IMMEDIATE_EARLY,HSV-1,RS1,RS1,1298,IMMEDIATE_EARLY,0.9991598,True,CORRECT,Q3_Medium_High
CANONICAL_d425284505ab,TRAIN,TEST,CLUST_0.70_00001,LATE,HSV-2,UNKNOWN,large tegument protein,3122,LATE,0.9999956,True,CORRECT,Q4_Long
CANONICAL_d42de0bfc4fb,TRAIN,TEST,CLUST_0.70_00001,LATE,HSV-1,UL36,UL36,3102,LATE,0.9999999,True,CORRECT,Q4_Long
CANONICAL_d4530237af11,VALIDATION,TEST,CLUST_0.70_00004,IMMEDIATE_EARLY,HSV-2,ICP4,transcriptional regulator ICP4,1317,IMMEDIATE_EARLY,0.9999906,True,CORRECT,Q4_Long
CANONICAL_d4547c2c6793,TRAIN,TEST,CLUST_0.70_00030,EARLY,HSV-1,UNKNOWN,thymidine kinase,376,EARLY,0.9984971,True,CORRECT,Q1_Short
CANONICAL_d46227d7cde2,TEST,TEST,CLUST_0.70_00004,IMMEDIATE_EARLY,HSV-2,ICP4,transcriptional regulator ICP4,1468,IMMEDIATE_EARLY,0.9998276,True,CORRECT,Q4_Long
CANONICAL_d46dd1160e61,TRAIN,TEST,CLUST_0.70_00030,EARLY,HSV-2,UNKNOWN,thymidine kinase,376,EARLY,0.9953426,True,CORRECT,Q1_Short
CANONICAL_d479a45ef5a0,TRAIN,TEST,CLUST_0.70_00004,IMMEDIATE_EARLY,HSV-2,ICP4,transcriptional regulator ICP4,1320,IMMEDIATE_EARLY,0.9999887,True,CORRECT,Q4_Long
CANONICAL_d4821d3da3e1,TRAIN,TEST,CLUST_0.70_00071,LATE,HSV-2,UL24,nuclear protein UL24,281,EARLY,0.58788353,False,LATE_PREDICTED_AS_EARLY,Q1_Short
CANONICAL_d48a31b87440,TRAIN,TEST,CLUST_0.70_00071,LATE,HSV-1,UL24,UL24,269,EARLY,0.6109405,False,LATE_PREDICTED_AS_EARLY,Q1_Short
CANONICAL_d48dbd181784,VALIDATION,TEST,CLUST_0.70_00071,LATE,HSV-2,UL24,nuclear protein UL24,281,EARLY,0.58120054,False,LATE_PREDICTED_AS_EARLY,Q1_Short
CANONICAL_d49e14bf73a3,TRAIN,TEST,CLUST_0.70_00080,LATE,HSV-1,UL3,nuclear protein UL3,235,LATE,0.9965585,True,CORRECT,Q1_Short
CANONICAL_d4a2e177fae9,TRAIN,TEST,CLUST_0.70_00071,LATE,HSV-2,UL24,nuclear protein UL24,281,EARLY,0.830593,False,LATE_PREDICTED_AS_EARLY,Q1_Short
CANONICAL_d4c05996000f,VALIDATION,TEST,CLUST_0.70_00004,IMMEDIATE_EARLY,HSV-1,ICP4,transcriptional regulator ICP4,1297,IMMEDIATE_EARLY,0.99955946,True,CORRECT,Q3_Medium_High
CANONICAL_d4c68dad7cf4,TRAIN,TEST,CLUST_0.70_00071,LATE,HSV-1,UL24,nuclear protein UL24,269,EARLY,0.7379752,False,LATE_PREDICTED_AS_EARLY,Q1_Short
CANONICAL_d4d0a73704d1,VALIDATION,TEST,CLUST_0.70_00080,LATE,HSV-1,UL3,UL3,235,LATE,0.99319494,True,CORRECT,Q1_Short
CANONICAL_d4e0edf1057a,VALIDATION,TEST,CLUST_0.70_00080,LATE,HSV-2,UL3,nuclear protein UL3,233,EARLY,0.7651394,False,LATE_PREDICTED_AS_EARLY,Q1_Short
CANONICAL_d4fe32b3382a,TEST,TEST,CLUST_0.70_00080,LATE,HSV-2,UL3,nuclear protein UL3,233,LATE,0.58102113,True,CORRECT,Q1_Short
CANONICAL_d5195bfc8318,TEST,TEST,CLUST_0.70_00052,LATE,HSV-1,RL1,RL1,245,LATE,0.9999734,True,CORRECT,Q1_Short
CANONICAL_d51cf9ad3048,TRAIN,TEST,CLUST_0.70_00018,LATE,HSV-1,UL37,Capsid assembly protein UL37,431,LATE,0.99999666,True,CORRECT,Q2_Medium_Low
CANONICAL_d52f765674e9,TRAIN,TEST,CLUST_0.70_00030,EARLY,HSV-1,UNKNOWN,"thymidine kinase, partial",376,EARLY,0.99570113,True,CORRECT,Q1_Short
CANONICAL_d53df1f29f27,TEST,TEST,CLUST_0.70_00001,LATE,HSV-1,UNKNOWN,large tegument protein,3139,LATE,0.9999999,True,CORRECT,Q4_Long
CANONICAL_d54c9f9791ae,TEST,TEST,CLUST_0.70_00001,LATE,HSV-1,UL36,UL36,3124,LATE,0.99999976,True,CORRECT,Q4_Long
CANONICAL_d55cc3381fd9,TRAIN,TEST,CLUST_0.70_00030,EARLY,HSV-1,UNKNOWN,thymidine kinase,376,EARLY,0.9979656,True,CORRECT,Q1_Short
CANONICAL_d55cdea151ee,TRAIN,TEST,CLUST_0.70_00001,LATE,HSV-2,UNKNOWN,large tegument protein,3076,LATE,0.9999975,True,CORRECT,Q4_Long
CANONICAL_d55fbdd244b5,VALIDATION,TEST,CLUST_0.70_00030,EARLY,HSV-1,UNKNOWN,thymidine kinase,376,EARLY,0.9994253,True,CORRECT,Q1_Short
CANONICAL_d58a5c1e5090,VALIDATION,TEST,CLUST_0.70_00015,LATE,HSV-2,UNKNOWN,envelope glycoprotein C,480,LATE,1.0,True,CORRECT,Q2_Medium_Low
CANONICAL_d59f95ddc55c,TRAIN,TEST,CLUST_0.70_00080,LATE,HSV-2,UL3,nuclear protein UL3,134,LATE,0.99994254,True,CORRECT,Q1_Short
CANONICAL_d5ac749c102a,TRAIN,TEST,CLUST_0.70_00020,LATE,HSV-2,UNKNOWN,tegument serine/threonine protein kinase,518,LATE,0.9997888,True,CORRECT,Q3_Medium_High
CANONICAL_d5c4cca52ae7,VALIDATION,TEST,CLUST_0.70_00020,LATE,HSV-2,UNKNOWN,tegument serine/threonine protein kinase,518,LATE,0.999569,True,CORRECT,Q3_Medium_High
CANONICAL_d5d1005e5af2,TRAIN,TEST,CLUST_0.70_00080,LATE,HSV-1,UL3,UL3,224,LATE,0.9994727,True,CORRECT,Q1_Short
CANONICAL_d5d2c1ba4e9a,TEST,TEST,CLUST_0.70_00030,EARLY,HSV-2,UNKNOWN,thymidine kinase,376,EARLY,0.9983463,True,CORRECT,Q1_Short
CANONICAL_d5eefb689609,TRAIN,TEST,CLUST_0.70_00030,EARLY,HSV-1,UNKNOWN,thymidine kinase,376,EARLY,0.99922705,True,CORRECT,Q1_Short
CANONICAL_d60069434285,TRAIN,TEST,CLUST_0.70_00001,LATE,HSV-1,UL36,UL36,3082,LATE,0.9999999,True,CORRECT,Q4_Long
CANONICAL_d6274765e644,TEST,TEST,CLUST_0.70_00004,IMMEDIATE_EARLY,HSV-2,ICP4,transcriptional regulator ICP4,1469,IMMEDIATE_EARLY,0.99995685,True,CORRECT,Q4_Long
CANONICAL_d6359c9e700a,TRAIN,TEST,CLUST_0.70_00071,LATE,HSV-2,UL24,nuclear protein UL24,281,LATE,0.6019327,True,CORRECT,Q1_Short
CANONICAL_d63a19f0f26e,TRAIN,TEST,CLUST_0.70_00004,IMMEDIATE_EARLY,HSV-2,ICP4,transcriptional regulator ICP4,1464,IMMEDIATE_EARLY,0.9999969,True,CORRECT,Q4_Long
CANONICAL_d63bb2a1cbe8,TRAIN,TEST,CLUST_0.70_00015,LATE,HSV-2,UNKNOWN,envelope glycoprotein C,480,LATE,1.0,True,CORRECT,Q2_Medium_Low
CANONICAL_d63e3b3d04e8,VALIDATION,TEST,CLUST_0.70_00052,LATE,HSV-1,RL1,RL1,248,LATE,0.9999995,True,CORRECT,Q1_Short
CANONICAL_d6438dd19ecf,TRAIN,TEST,CLUST_0.70_00030,EARLY,HSV-2,UNKNOWN,thymidine kinase,376,EARLY,0.9969344,True,CORRECT,Q1_Short
CANONICAL_d647c3f6da62,TRAIN,TEST,CLUST_0.70_00004,IMMEDIATE_EARLY,HSV-2,ICP4,"transcriptional regulator ICP4, partial",812,IMMEDIATE_EARLY,1.0,True,CORRECT,Q3_Medium_High
CANONICAL_d651875c2d72,TRAIN,TEST,CLUST_0.70_00001,LATE,HSV-2,UNKNOWN,large tegument protein,3122,LATE,0.9999982,True,CORRECT,Q4_Long
CANONICAL_d66050f26c8f,VALIDATION,TEST,CLUST_0.70_00001,LATE,HSV-2,UNKNOWN,large tegument protein,3121,LATE,0.9999925,True,CORRECT,Q4_Long
CANONICAL_d66374b0b70c,VALIDATION,TEST,CLUST_0.70_00001,LATE,HSV-1,UL36,UL36,3164,LATE,0.9999995,True,CORRECT,Q4_Long
CANONICAL_d676ab94e83a,TEST,TEST,CLUST_0.70_00051,LATE,HSV-2,ICP34,neurovirulence protein ICP34.5,253,LATE,0.9998129,True,CORRECT,Q1_Short
CANONICAL_d6e318fc5e5e,TRAIN,TEST,CLUST_0.70_00020,LATE,HSV-2,UNKNOWN,tegument serine/threonine protein kinase,518,LATE,0.9998869,True,CORRECT,Q3_Medium_High
CANONICAL_d7186e495e53,VALIDATION,TEST,CLUST_0.70_00001,LATE,HSV-2,UL36,UL36,3113,LATE,0.9999988,True,CORRECT,Q4_Long
CANONICAL_d72173492d16,TRAIN,TEST,CLUST_0.70_00030,EARLY,HSV-2,UNKNOWN,thymidine kinase,376,EARLY,0.9826303,True,CORRECT,Q1_Short
CANONICAL_d72cf01e4e6d,TRAIN,TEST,CLUST_0.70_00052,LATE,HSV-1,UL36,TPA_asm: UL36.5,249,IMMEDIATE_EARLY,0.9994442,False,LATE_PREDICTED_AS_IMMEDIATE_EARLY,Q1_Short
CANONICAL_d76b019114e2,TRAIN,TEST,CLUST_0.70_00037,LATE,HSV-1,US6,US6,394,LATE,0.9999999,True,CORRECT,Q2_Medium_Low
CANONICAL_d7739a5dfcb6,TRAIN,TEST,CLUST_0.70_00052,LATE,HSV-1,ICP34,neurovirulence protein ICP34.5,246,LATE,0.99999964,True,CORRECT,Q1_Short
CANONICAL_d78171290eec,TRAIN,TEST,CLUST_0.70_00071,LATE,HSV-2,UL24,nuclear protein UL24,281,EARLY,0.96236604,False,LATE_PREDICTED_AS_EARLY,Q1_Short
CANONICAL_d7a527a83f71,TRAIN,TEST,CLUST_0.70_00052,LATE,HSV-1,RL1,RL1,247,LATE,0.9999759,True,CORRECT,Q1_Short
CANONICAL_d7ace7e0396f,TRAIN,TEST,CLUST_0.70_00001,LATE,HSV-1,UNKNOWN,large tegument protein,3170,LATE,0.9999999,True,CORRECT,Q4_Long
CANONICAL_d7bc294fe73a,TEST,TEST,CLUST_0.70_00001,LATE,HSV-2,UNKNOWN,large tegument protein,3122,LATE,0.99999785,True,CORRECT,Q4_Long
CANONICAL_d7cc3cc9ef73,TRAIN,TEST,CLUST_0.70_00030,EARLY,HSV-2,UNKNOWN,thymidine kinase,376,EARLY,0.9991357,True,CORRECT,Q1_Short
CANONICAL_d7e39ba8d4f6,TRAIN,TEST,CLUST_0.70_00018,LATE,HSV-1,UNKNOWN,envelope glycoprotein E,550,LATE,0.9995289,True,CORRECT,Q3_Medium_High
CANONICAL_d7e766405556,TEST,TEST,CLUST_0.70_00015,LATE,HSV-1,UNKNOWN,envelope glycoprotein C,511,LATE,0.99999785,True,CORRECT,Q3_Medium_High
CANONICAL_d7e911133b88,VALIDATION,TEST,CLUST_0.70_00030,EARLY,HSV-2,UNKNOWN,thymidine kinase,376,EARLY,0.99799013,True,CORRECT,Q1_Short
CANONICAL_d7f84dc89785,TRAIN,TEST,CLUST_0.70_00080,LATE,HSV-2,UL3,nuclear protein UL3,233,EARLY,0.81352043,False,LATE_PREDICTED_AS_EARLY,Q1_Short
CANONICAL_d801666d6103,TRAIN,TEST,CLUST_0.70_00018,EARLY,HSV-1,UNKNOWN,DNA polymerase processivity subunit,488,EARLY,0.9803052,True,CORRECT,Q2_Medium_Low
CANONICAL_d807a377c02c,VALIDATION,TEST,CLUST_0.70_00004,IMMEDIATE_EARLY,HSV-2,ICP4,transcriptional regulator ICP4,1480,IMMEDIATE_EARLY,0.9997949,True,CORRECT,Q4_Long
CANONICAL_d80d95af3bf9,TRAIN,TEST,CLUST_0.70_00004,IMMEDIATE_EARLY,HSV-1,RS1,RS1,1296,IMMEDIATE_EARLY,0.99980885,True,CORRECT,Q3_Medium_High
CANONICAL_d829ac014d24,TRAIN,TEST,CLUST_0.70_00051,LATE,HSV-2,ICP34,neurovirulence protein ICP34.5,261,LATE,0.99994063,True,CORRECT,Q1_Short
CANONICAL_d8713a77402b,TRAIN,TEST,CLUST_0.70_00018,LATE,HSV-2,UNKNOWN,envelope glycoprotein E,548,LATE,0.99944335,True,CORRECT,Q3_Medium_High
CANONICAL_d88854b5d262,TRAIN,TEST,CLUST_0.70_00004,IMMEDIATE_EARLY,HSV-1,RS1,RS1,1300,IMMEDIATE_EARLY,0.99984026,True,CORRECT,Q3_Medium_High
CANONICAL_d88be83d47fc,TRAIN,TEST,CLUST_0.70_00051,LATE,HSV-2,RL1,RL1,261,LATE,0.9996885,True,CORRECT,Q1_Short
CANONICAL_d8b59b14ac5b,TRAIN,TEST,CLUST_0.70_00037,LATE,HSV-2,US6,US6,393,LATE,0.9999999,True,CORRECT,Q2_Medium_Low
CANONICAL_d8c695d0f609,VALIDATION,TEST,CLUST_0.70_00015,LATE,HSV-1,UNKNOWN,envelope glycoprotein C,511,LATE,0.9999995,True,CORRECT,Q3_Medium_High
CANONICAL_d8e0afc8403a,TRAIN,TEST,CLUST_0.70_00018,EARLY,HSV-1,UL42,UL42,488,EARLY,0.98324424,True,CORRECT,Q2_Medium_Low
CANONICAL_d8ea8f2d3086,TEST,TEST,CLUST_0.70_00015,LATE,HSV-1,UNKNOWN,envelope glycoprotein C,511,LATE,0.99999964,True,CORRECT,Q3_Medium_High
CANONICAL_d905e3f5bfb6,TRAIN,TEST,CLUST_0.70_00037,LATE,HSV-2,UNKNOWN,envelope glycoprotein D,393,LATE,0.9999999,True,CORRECT,Q2_Medium_Low
CANONICAL_d9149b4b277f,TRAIN,TEST,CLUST_0.70_00004,IMMEDIATE_EARLY,HSV-1,ICP4,transcriptional regulator ICP4,1302,IMMEDIATE_EARLY,0.99984276,True,CORRECT,Q3_Medium_High
CANONICAL_d93dc5d1a17f,TEST,TEST,CLUST_0.70_00030,EARLY,HSV-1,UNKNOWN,thymidine kinase,376,EARLY,0.9988965,True,CORRECT,Q1_Short
CANONICAL_d96404c2d500,TRAIN,TEST,CLUST_0.70_00080,LATE,HSV-1,UL3,UL3,235,LATE,0.99762005,True,CORRECT,Q1_Short
CANONICAL_d9643abd5bbb,TRAIN,TEST,CLUST_0.70_00018,LATE,HSV-2,UNKNOWN,envelope glycoprotein E,548,LATE,0.9996191,True,CORRECT,Q3_Medium_High
CANONICAL_d97539e06044,TRAIN,TEST,CLUST_0.70_00015,LATE,HSV-1,UL44,UL44,511,LATE,0.9999974,True,CORRECT,Q3_Medium_High
CANONICAL_d9783e5172a4,VALIDATION,TEST,CLUST_0.70_00004,IMMEDIATE_EARLY,HSV-1,ICP4,transcriptional regulator ICP4,1301,IMMEDIATE_EARLY,0.99698716,True,CORRECT,Q3_Medium_High
CANONICAL_d97c5e30da5b,TRAIN,TEST,CLUST_0.70_00004,IMMEDIATE_EARLY,HSV-2,ICP4,transcriptional regulator ICP4,1313,IMMEDIATE_EARLY,0.9998124,True,CORRECT,Q4_Long
CANONICAL_d991f288dfe0,TRAIN,TEST,CLUST_0.70_00018,LATE,HSV-2,US8,US8,545,LATE,0.99870026,True,CORRECT,Q3_Medium_High
CANONICAL_d99fea61b1bc,TRAIN,TEST,CLUST_0.70_00018,LATE,HSV-1,UNKNOWN,"glycoprotein E, partial",453,LATE,0.99930084,True,CORRECT,Q2_Medium_Low
CANONICAL_d9a6ddccbe92,TRAIN,TEST,CLUST_0.70_00051,LATE,HSV-2,UNKNOWN,tegument protein VP22,302,LATE,0.9996774,True,CORRECT,Q1_Short
CANONICAL_d9bf47a58f40,VALIDATION,TEST,CLUST_0.70_00004,IMMEDIATE_EARLY,HSV-1,RS1,RS1,1300,IMMEDIATE_EARLY,0.999913,True,CORRECT,Q3_Medium_High
CANONICAL_d9cec38abcd0,TRAIN,TEST,CLUST_0.70_00030,EARLY,HSV-1,UNKNOWN,thymidine kinase,376,EARLY,0.9982408,True,CORRECT,Q1_Short
CANONICAL_d9d18121d3a1,TRAIN,TEST,CLUST_0.70_00004,IMMEDIATE_EARLY,HSV-1,RS1,RS1,1297,IMMEDIATE_EARLY,0.99984014,True,CORRECT,Q3_Medium_High
CANONICAL_d9f4b0214d7d,VALIDATION,TEST,CLUST_0.70_00030,EARLY,HSV-1,UNKNOWN,thymidine kinase,376,EARLY,0.9994568,True,CORRECT,Q1_Short
CANONICAL_da05f1ebb635,TRAIN,TEST,CLUST_0.70_00030,EARLY,HSV-1,UNKNOWN,thymidine kinase,376,EARLY,0.9990796,True,CORRECT,Q1_Short
CANONICAL_da19290cd137,TRAIN,TEST,CLUST_0.70_00015,LATE,HSV-1,UL44,UL44,511,LATE,0.9998461,True,CORRECT,Q3_Medium_High
CANONICAL_da1c49d341fd,TRAIN,TEST,CLUST_0.70_00020,LATE,HSV-2,UNKNOWN,tegument serine/threonine protein kinase,518,LATE,0.9999819,True,CORRECT,Q3_Medium_High
CANONICAL_da4cf733d866,TRAIN,TEST,CLUST_0.70_00001,LATE,HSV-1,UNKNOWN,large tegument protein,3126,LATE,0.9999999,True,CORRECT,Q4_Long
CANONICAL_da68c83fa969,TRAIN,TEST,CLUST_0.70_00020,LATE,HSV-1,UNKNOWN,tegument serine/threonine protein kinase,518,LATE,0.9999554,True,CORRECT,Q3_Medium_High
CANONICAL_da7c9c750fd0,VALIDATION,TEST,CLUST_0.70_00001,LATE,HSV-2,UL36,UL36,3152,LATE,0.99999666,True,CORRECT,Q4_Long
CANONICAL_da93d90728be,TRAIN,TEST,CLUST_0.70_00030,EARLY,HSV-1,UNKNOWN,thymidine kinase,376,EARLY,0.9993278,True,CORRECT,Q1_Short
CANONICAL_da9b00e85795,TRAIN,TEST,CLUST_0.70_00051,LATE,HSV-2,RL1,RL1,249,LATE,0.99591607,True,CORRECT,Q1_Short
CANONICAL_dac1db9f3148,TRAIN,TEST,CLUST_0.70_00001,LATE,HSV-1,UNKNOWN,large tegument protein,3139,LATE,0.9999999,True,CORRECT,Q4_Long
CANONICAL_dac28c590b78,VALIDATION,TEST,CLUST_0.70_00020,LATE,HSV-1,UNKNOWN,tegument serine/threonine protein kinase,518,LATE,0.9999763,True,CORRECT,Q3_Medium_High
CANONICAL_dacc14ed7213,VALIDATION,TEST,CLUST_0.70_00018,EARLY,HSV-1,UL42,UL42,488,EARLY,0.9819462,True,CORRECT,Q2_Medium_Low
CANONICAL_dad83d5feece,TRAIN,TEST,CLUST_0.70_00020,LATE,HSV-1,UNKNOWN,tegument serine/threonine protein kinase,518,LATE,0.9999831,True,CORRECT,Q3_Medium_High
CANONICAL_dae1ffeedced,TRAIN,TEST,CLUST_0.70_00004,IMMEDIATE_EARLY,HSV-1,ICP4,transcriptional regulator ICP4,1298,IMMEDIATE_EARLY,0.9996575,True,CORRECT,Q3_Medium_High
CANONICAL_daef448f5834,TRAIN,TEST,CLUST_0.70_00018,LATE,HSV-2,UNKNOWN,envelope glycoprotein E,548,LATE,0.9994987,True,CORRECT,Q3_Medium_High
CANONICAL_db060b175a57,TRAIN,TEST,CLUST_0.70_00015,LATE,HSV-1,UL44,UL44,511,LATE,0.9999974,True,CORRECT,Q3_Medium_High
CANONICAL_db339c63e523,TEST,TEST,CLUST_0.70_00004,IMMEDIATE_EARLY,HSV-1,ICP4,transcriptional regulator ICP4,1296,IMMEDIATE_EARLY,0.999859,True,CORRECT,Q3_Medium_High
CANONICAL_db61f8e95768,TRAIN,TEST,CLUST_0.70_00001,LATE,HSV-1,UL36,TPA_asm: UL36,3129,LATE,0.9999999,True,CORRECT,Q4_Long
CANONICAL_db693f4b1309,TRAIN,TEST,CLUST_0.70_00001,LATE,HSV-1,UL36,UL36,3104,LATE,0.99999976,True,CORRECT,Q4_Long
CANONICAL_db6cd18f577c,TRAIN,TEST,CLUST_0.70_00001,LATE,HSV-1,UL36,UL36,3134,LATE,0.9999999,True,CORRECT,Q4_Long
CANONICAL_db7af5a328b4,TRAIN,TEST,CLUST_0.70_00030,EARLY,HSV-2,UNKNOWN,thymidine kinase,376,EARLY,0.99292576,True,CORRECT,Q1_Short
CANONICAL_db866958a7e0,TRAIN,TEST,CLUST_0.70_00004,IMMEDIATE_EARLY,HSV-2,ICP4,transcriptional regulator ICP4,1465,IMMEDIATE_EARLY,0.9968142,True,CORRECT,Q4_Long
CANONICAL_db9ae5324ebd,TRAIN,TEST,CLUST_0.70_00004,IMMEDIATE_EARLY,HSV-1,RS1,RS1,1299,IMMEDIATE_EARLY,0.99981314,True,CORRECT,Q3_Medium_High
CANONICAL_dba31d205966,TEST,TEST,CLUST_0.70_00004,IMMEDIATE_EARLY,HSV-2,ICP4,transcriptional regulator ICP4,1465,IMMEDIATE_EARLY,0.9999976,True,CORRECT,Q4_Long
CANONICAL_dbb8068b6e56,TRAIN,TEST,CLUST_0.70_00018,LATE,HSV-2,UNKNOWN,envelope glycoprotein E,548,LATE,0.9993537,True,CORRECT,Q3_Medium_High
CANONICAL_dbe37dd2a649,VALIDATION,TEST,CLUST_0.70_00015,LATE,HSV-2,UNKNOWN,envelope glycoprotein C,480,LATE,1.0,True,CORRECT,Q2_Medium_Low
CANONICAL_dbefb028c2af,TRAIN,TEST,CLUST_0.70_00030,EARLY,HSV-1,UNKNOWN,thymidine kinase,376,EARLY,0.99925953,True,CORRECT,Q1_Short
CANONICAL_dc0f187ecc08,TRAIN,TEST,CLUST_0.70_00009,LATE,HSV-1,UL48,UL48,490,LATE,0.9997439,True,CORRECT,Q2_Medium_Low
CANONICAL_dc1750d43c46,TRAIN,TEST,CLUST_0.70_00001,LATE,HSV-1,UL36,UL36,3108,LATE,0.9999999,True,CORRECT,Q4_Long
CANONICAL_dc475cc49366,TRAIN,TEST,CLUST_0.70_00071,LATE,HSV-1,UL24,nuclear protein UL24,269,EARLY,0.63076395,False,LATE_PREDICTED_AS_EARLY,Q1_Short
CANONICAL_dc5e21b2ac43,TRAIN,TEST,CLUST_0.70_00015,LATE,HSV-2,UL44,UL44,564,LATE,1.0,True,CORRECT,Q3_Medium_High
CANONICAL_dc7237b71a30,TRAIN,TEST,CLUST_0.70_00030,EARLY,HSV-2,UNKNOWN,thymidine kinase,376,EARLY,0.9829811,True,CORRECT,Q1_Short
CANONICAL_dc910901bf8f,VALIDATION,TEST,CLUST_0.70_00004,IMMEDIATE_EARLY,HSV-2,ICP4,transcriptional regulator ICP4,1468,IMMEDIATE_EARLY,0.9999994,True,CORRECT,Q4_Long
CANONICAL_dc93e755a713,TEST,TEST,CLUST_0.70_00051,LATE,HSV-2,ICP34,neurovirulence protein ICP34.5,307,LATE,0.8174678,True,CORRECT,Q1_Short
CANONICAL_dc9e31d56c7c,TRAIN,TEST,CLUST_0.70_00030,EARLY,HSV-1,UNKNOWN,thymidine kinase,376,EARLY,0.999236,True,CORRECT,Q1_Short
CANONICAL_dc9f16f7b226,TRAIN,TEST,CLUST_0.70_00080,LATE,HSV-2,UL3,nuclear protein UL3,233,LATE,0.99394256,True,CORRECT,Q1_Short
CANONICAL_dca7a5560a9c,TRAIN,TEST,CLUST_0.70_00018,LATE,HSV-2,UNKNOWN,"envelope glycoprotein E, partial",392,LATE,0.99986076,True,CORRECT,Q2_Medium_Low
CANONICAL_dcaeb257801c,TRAIN,TEST,CLUST_0.70_00052,LATE,HSV-1,RL1,RL1,248,LATE,0.9998116,True,CORRECT,Q1_Short
CANONICAL_dcb056ce2ae9,TRAIN,TEST,CLUST_0.70_00004,IMMEDIATE_EARLY,HSV-1,ICP4,transcriptional regulator ICP4,1298,IMMEDIATE_EARLY,0.99982625,True,CORRECT,Q3_Medium_High
CANONICAL_dcb0977f62ca,TRAIN,TEST,CLUST_0.70_00030,EARLY,HSV-2,UNKNOWN,thymidine kinase,376,EARLY,0.99824655,True,CORRECT,Q1_Short
CANONICAL_dcc8d474e4b2,TRAIN,TEST,CLUST_0.70_00015,LATE,HSV-1,UL44,UL44,360,LATE,1.0,True,CORRECT,Q1_Short
CANONICAL_dcd5ad7653d2,TRAIN,TEST,CLUST_0.70_00004,IMMEDIATE_EARLY,HSV-1,ICP4,transcriptional regulator ICP4,1303,IMMEDIATE_EARLY,0.99885356,True,CORRECT,Q4_Long
CANONICAL_dcd91a533210,TRAIN,TEST,CLUST_0.70_00009,LATE,HSV-2,UL48,UL48,490,LATE,0.9987991,True,CORRECT,Q2_Medium_Low
CANONICAL_dce395f169dc,TEST,TEST,CLUST_0.70_00015,LATE,HSV-1,UNKNOWN,envelope glycoprotein C,509,LATE,0.9999964,True,CORRECT,Q3_Medium_High
CANONICAL_dceb022194ce,TRAIN,TEST,CLUST_0.70_00001,LATE,HSV-2,UNKNOWN,large tegument protein,3094,LATE,0.99999785,True,CORRECT,Q4_Long
CANONICAL_dcf461eb1019,TRAIN,TEST,CLUST_0.70_00004,IMMEDIATE_EARLY,HSV-1,ICP4,transcriptional regulator ICP4,1294,IMMEDIATE_EARLY,0.9996458,True,CORRECT,Q3_Medium_High
CANONICAL_dcfb315ac258,TEST,TEST,CLUST_0.70_00080,LATE,HSV-2,UL3,UL3,233,LATE,0.99550325,True,CORRECT,Q1_Short
CANONICAL_dd01f82f3455,VALIDATION,TEST,CLUST_0.70_00004,IMMEDIATE_EARLY,HSV-1,RS1,RS1,1293,IMMEDIATE_EARLY,0.9995435,True,CORRECT,Q3_Medium_High
CANONICAL_dd1c423edd32,TRAIN,TEST,CLUST_0.70_00015,LATE,HSV-2,UNKNOWN,glycoprotein C,480,LATE,1.0,True,CORRECT,Q2_Medium_Low
CANONICAL_dd276db23b24,TRAIN,TEST,CLUST_0.70_00030,EARLY,HSV-1,UNKNOWN,thymidine kinase,376,EARLY,0.9989637,True,CORRECT,Q1_Short
CANONICAL_dd2d091802a1,TEST,TEST,CLUST_0.70_00030,EARLY,HSV-1,UNKNOWN,thymidine kinase,376,EARLY,0.99909747,True,CORRECT,Q1_Short
CANONICAL_dd33cdcf8872,VALIDATION,TEST,CLUST_0.70_00030,EARLY,HSV-2,UNKNOWN,thymidine kinase,376,EARLY,0.99419314,True,CORRECT,Q1_Short
CANONICAL_dd4485952e3a,TRAIN,TEST,CLUST_0.70_00018,LATE,HSV-2,UNKNOWN,envelope glycoprotein E,548,LATE,0.99949634,True,CORRECT,Q3_Medium_High
CANONICAL_dd4788fa5859,VALIDATION,TEST,CLUST_0.70_00030,EARLY,HSV-2,UL23,UL23,376,EARLY,0.99506384,True,CORRECT,Q1_Short
CANONICAL_dd498ba81e04,TEST,TEST,CLUST_0.70_00015,LATE,HSV-1,UNKNOWN,glycoprotein C,511,LATE,0.999998,True,CORRECT,Q3_Medium_High
CANONICAL_dd65ff8de0b2,TRAIN,TEST,CLUST_0.70_00015,LATE,HSV-2,UL44,UL44,548,LATE,1.0,True,CORRECT,Q3_Medium_High
CANONICAL_dd68c72dc8d1,TRAIN,TEST,CLUST_0.70_00001,LATE,HSV-2,UL36,UL36,3113,LATE,0.99999857,True,CORRECT,Q4_Long
CANONICAL_dd68e43526e1,TEST,TEST,CLUST_0.70_00052,LATE,HSV-1,RL1,RL1,258,LATE,0.9999881,True,CORRECT,Q1_Short
CANONICAL_dd6ca70e6a42,TRAIN,TEST,CLUST_0.70_00020,LATE,HSV-2,UNKNOWN,tegument serine/threonine protein kinase,518,LATE,0.99997425,True,CORRECT,Q3_Medium_High
CANONICAL_dd6dce4d7b23,TRAIN,TEST,CLUST_0.70_00030,EARLY,HSV-1,UNKNOWN,thymidine kinase,376,EARLY,0.99950886,True,CORRECT,Q1_Short
CANONICAL_dd70c8b8d257,TRAIN,TEST,CLUST_0.70_00018,LATE,HSV-2,US8,US8,459,LATE,0.99999726,True,CORRECT,Q2_Medium_Low
CANONICAL_dd7b28089f94,TEST,TEST,CLUST_0.70_00030,EARLY,HSV-2,UNKNOWN,thymidine kinase,376,EARLY,0.9955161,True,CORRECT,Q1_Short
CANONICAL_dd8963318174,VALIDATION,TEST,CLUST_0.70_00001,LATE,HSV-1,UL36,UL36,3084,LATE,0.9999999,True,CORRECT,Q4_Long
CANONICAL_dd899e9ee550,VALIDATION,TEST,CLUST_0.70_00015,LATE,HSV-2,UNKNOWN,envelope glycoprotein C,548,LATE,1.0,True,CORRECT,Q3_Medium_High
CANONICAL_ddc01264dbea,TEST,TEST,CLUST_0.70_00052,LATE,HSV-1,ICP34,neurovirulence protein ICP34.5,260,LATE,0.9999994,True,CORRECT,Q1_Short
CANONICAL_ddd30217cc78,TRAIN,TEST,CLUST_0.70_00030,EARLY,HSV-1,UNKNOWN,thymidine kinase,376,EARLY,0.99602216,True,CORRECT,Q1_Short
CANONICAL_ddded1b8b461,VALIDATION,TEST,CLUST_0.70_00018,LATE,HSV-1,US8,US8,477,LATE,0.9999765,True,CORRECT,Q2_Medium_Low
CANONICAL_ddea723d9bc2,TRAIN,TEST,CLUST_0.70_00001,LATE,HSV-1,UNKNOWN,large tegument protein,3134,LATE,0.9999999,True,CORRECT,Q4_Long
CANONICAL_de0f5705a64c,TRAIN,TEST,CLUST_0.70_00030,EARLY,HSV-1,UNKNOWN,thymidine kinase,376,EARLY,0.99923027,True,CORRECT,Q1_Short
CANONICAL_de17e3ad3d57,TRAIN,TEST,CLUST_0.70_00004,IMMEDIATE_EARLY,HSV-2,RS1,RS1,1159,IMMEDIATE_EARLY,0.9999733,True,CORRECT,Q3_Medium_High
CANONICAL_de1a56782ebd,TRAIN,TEST,CLUST_0.70_00004,IMMEDIATE_EARLY,HSV-1,ICP4,transcriptional regulator ICP4,1294,IMMEDIATE_EARLY,0.9996176,True,CORRECT,Q3_Medium_High
CANONICAL_de456e73adc4,TRAIN,TEST,CLUST_0.70_00030,EARLY,HSV-1,UNKNOWN,thymidine kinase,376,EARLY,0.99845624,True,CORRECT,Q1_Short
CANONICAL_de4dda20d667,TRAIN,TEST,CLUST_0.70_00001,LATE,HSV-1,UNKNOWN,large tegument protein,3072,LATE,0.9999999,True,CORRECT,Q4_Long
CANONICAL_de59cbda963b,TRAIN,TEST,CLUST_0.70_00030,EARLY,HSV-2,UNKNOWN,thymidine kinase,376,EARLY,0.9981269,True,CORRECT,Q1_Short
CANONICAL_de6f30895df1,TRAIN,TEST,CLUST_0.70_00001,LATE,HSV-2,UNKNOWN,large tegument protein,3122,LATE,0.99999857,True,CORRECT,Q4_Long
CANONICAL_de72741f4857,TRAIN,TEST,CLUST_0.70_00030,EARLY,HSV-2,UNKNOWN,thymidine kinase,376,EARLY,0.9969753,True,CORRECT,Q1_Short
CANONICAL_de855ba101a0,TRAIN,TEST,CLUST_0.70_00004,IMMEDIATE_EARLY,HSV-1,RS1,RS1-3,1299,IMMEDIATE_EARLY,0.9997992,True,CORRECT,Q3_Medium_High
CANONICAL_de9959fe489a,TRAIN,TEST,CLUST_0.70_00004,IMMEDIATE_EARLY,HSV-1,ICP4,transcriptional regulator ICP4,1298,IMMEDIATE_EARLY,0.99937016,True,CORRECT,Q3_Medium_High
CANONICAL_dea0fe42f7bb,TEST,TEST,CLUST_0.70_00001,LATE,HSV-1,UL36,UL36,3112,LATE,0.9999999,True,CORRECT,Q4_Long
CANONICAL_dead24a9bec3,TRAIN,TEST,CLUST_0.70_00001,LATE,HSV-2,UNKNOWN,large tegument protein,3087,LATE,0.99999726,True,CORRECT,Q4_Long
CANONICAL_deb3bf38997c,VALIDATION,TEST,CLUST_0.70_00004,IMMEDIATE_EARLY,HSV-1,ICP4,transcriptional regulator ICP4,1301,IMMEDIATE_EARLY,0.999908,True,CORRECT,Q3_Medium_High
CANONICAL_dede6bd7e612,TRAIN,TEST,CLUST_0.70_00001,LATE,HSV-2,UL36,UL36,3084,LATE,0.9999976,True,CORRECT,Q4_Long
CANONICAL_df12f813e1bf,TRAIN,TEST,CLUST_0.70_00001,LATE,HSV-1,UNKNOWN,large tegument protein,3208,LATE,1.0,True,CORRECT,Q4_Long
CANONICAL_df1d48b2ec92,TRAIN,TEST,CLUST_0.70_00030,EARLY,HSV-1,UNKNOWN,thymidine kinase,341,EARLY,0.99984264,True,CORRECT,Q1_Short
CANONICAL_df20d1992afb,TRAIN,TEST,CLUST_0.70_00020,LATE,HSV-2,UNKNOWN,tegument serine/threonine protein kinase,518,LATE,0.9999783,True,CORRECT,Q3_Medium_High
CANONICAL_df5235ce6cb0,VALIDATION,TEST,CLUST_0.70_00080,LATE,HSV-1,UL3,nuclear protein UL3,224,LATE,0.99868363,True,CORRECT,Q1_Short
CANONICAL_df5d4bdf0895,TRAIN,TEST,CLUST_0.70_00030,EARLY,HSV-1,UNKNOWN,thymidine kinase,376,EARLY,0.9988255,True,CORRECT,Q1_Short
CANONICAL_df65024a039a,TRAIN,TEST,CLUST_0.70_00052,LATE,HSV-2,ICP34,neurovirulence protein ICP34.5,251,LATE,0.9993224,True,CORRECT,Q1_Short
CANONICAL_df6947277750,TRAIN,TEST,CLUST_0.70_00001,LATE,HSV-2,UNKNOWN,large tegument protein,3122,LATE,0.9999987,True,CORRECT,Q4_Long
CANONICAL_df8b3e47dc61,TEST,TEST,CLUST_0.70_00004,IMMEDIATE_EARLY,HSV-1,ICP4,transcriptional regulator ICP4,1302,IMMEDIATE_EARLY,0.99991906,True,CORRECT,Q3_Medium_High
CANONICAL_df9af3afac70,TRAIN,TEST,CLUST_0.70_00030,EARLY,HSV-1,UNKNOWN,thymidine kinase,376,EARLY,0.99855846,True,CORRECT,Q1_Short
CANONICAL_dfa09d93deaf,TEST,TEST,CLUST_0.70_00015,LATE,HSV-1,UL44,UL44,511,LATE,0.9999989,True,CORRECT,Q3_Medium_High
CANONICAL_dfad67d2db32,TRAIN,TEST,CLUST_0.70_00001,LATE,HSV-1,UNKNOWN,large tegument protein,3138,LATE,0.9999999,True,CORRECT,Q4_Long
CANONICAL_dfbb782525df,VALIDATION,TEST,CLUST_0.70_00001,LATE,HSV-1,UL36,UL36,3088,LATE,0.9999999,True,CORRECT,Q4_Long
CANONICAL_dfbef60ad8bb,TEST,TEST,CLUST_0.70_00004,IMMEDIATE_EARLY,HSV-1,RS1,RS1,1295,IMMEDIATE_EARLY,0.99977237,True,CORRECT,Q3_Medium_High
CANONICAL_dfc806e55071,TRAIN,TEST,CLUST_0.70_00001,LATE,HSV-1,UL36,UL36,3078,LATE,0.99999976,True,CORRECT,Q4_Long
CANONICAL_dfd41e9d0f70,TRAIN,TEST,CLUST_0.70_00004,IMMEDIATE_EARLY,HSV-1,RS1,RS1-2,1299,IMMEDIATE_EARLY,0.99976677,True,CORRECT,Q3_Medium_High
CANONICAL_dfe41b05de09,TRAIN,TEST,CLUST_0.70_00015,LATE,HSV-2,UNKNOWN,envelope glycoprotein C,480,LATE,1.0,True,CORRECT,Q2_Medium_Low
CANONICAL_dff60585f437,TRAIN,TEST,CLUST_0.70_00001,LATE,HSV-1,UL36,UL36,3124,LATE,0.99999976,True,CORRECT,Q4_Long
CANONICAL_e00652afdf7e,TEST,TEST,CLUST_0.70_00071,LATE,HSV-2,UL24,nuclear protein UL24,281,LATE,0.61905617,True,CORRECT,Q1_Short
CANONICAL_e02c253ec7d8,VALIDATION,TEST,CLUST_0.70_00037,LATE,HSV-1,US6,US6,394,LATE,0.9999999,True,CORRECT,Q2_Medium_Low
CANONICAL_e03315a7b0ec,TEST,TEST,CLUST_0.70_00071,LATE,HSV-2,UL24,UL24,281,LATE,0.64610064,True,CORRECT,Q1_Short
CANONICAL_e03e619afd99,TRAIN,TEST,CLUST_0.70_00004,IMMEDIATE_EARLY,HSV-1,RS1,RS1-2,857,IMMEDIATE_EARLY,0.9998369,True,CORRECT,Q3_Medium_High
CANONICAL_e04e102f1e8d,TEST,TEST,CLUST_0.70_00004,IMMEDIATE_EARLY,HSV-1,ICP4,transcriptional regulator ICP4,1295,IMMEDIATE_EARLY,0.999793,True,CORRECT,Q3_Medium_High
CANONICAL_e06eb5e99b45,TRAIN,TEST,CLUST_0.70_00051,LATE,HSV-2,UNKNOWN,tegument protein VP22,302,LATE,0.9977633,True,CORRECT,Q1_Short
CANONICAL_e07722f04cd8,TRAIN,TEST,CLUST_0.70_00001,LATE,HSV-1,UL36,UL36,3080,LATE,0.99999976,True,CORRECT,Q4_Long
CANONICAL_e097f011be19,TRAIN,TEST,CLUST_0.70_00052,LATE,HSV-1,RL1,RL1,247,LATE,0.9999577,True,CORRECT,Q1_Short
CANONICAL_e0c4a81a77f6,VALIDATION,TEST,CLUST_0.70_00030,EARLY,HSV-1,UNKNOWN,thymidine kinase,376,EARLY,0.9989924,True,CORRECT,Q1_Short
CANONICAL_e0cacd26f28f,TRAIN,TEST,CLUST_0.70_00030,EARLY,HSV-1,UNKNOWN,thymidine kinase,376,EARLY,0.999246,True,CORRECT,Q1_Short
CANONICAL_e0d85552a050,TEST,TEST,CLUST_0.70_00080,LATE,HSV-2,UL3,nuclear protein UL3,233,EARLY,0.50623804,False,LATE_PREDICTED_AS_EARLY,Q1_Short
CANONICAL_e143b4474398,TRAIN,TEST,CLUST_0.70_00004,IMMEDIATE_EARLY,HSV-2,RS1,RS1,1462,IMMEDIATE_EARLY,0.9999076,True,CORRECT,Q4_Long
CANONICAL_e14464f73365,TRAIN,TEST,CLUST_0.70_00015,LATE,HSV-2,UNKNOWN,envelope glycoprotein C,480,LATE,1.0,True,CORRECT,Q2_Medium_Low
CANONICAL_e172d4c81285,TEST,TEST,CLUST_0.70_00080,LATE,HSV-1,UL3,UL3,224,LATE,0.99892896,True,CORRECT,Q1_Short
CANONICAL_e17c45b6d25f,VALIDATION,TEST,CLUST_0.70_00015,LATE,HSV-2,UNKNOWN,envelope glycoprotein C,480,LATE,1.0,True,CORRECT,Q2_Medium_Low
CANONICAL_e17d64472019,TRAIN,TEST,CLUST_0.70_00020,LATE,HSV-1,UNKNOWN,tegument serine/threonine protein kinase,518,LATE,0.999964,True,CORRECT,Q3_Medium_High
CANONICAL_e18cd59dfd05,VALIDATION,TEST,CLUST_0.70_00001,LATE,HSV-1,UNKNOWN,large tegument protein,3072,LATE,0.99999976,True,CORRECT,Q4_Long
CANONICAL_e19d0dbfc8e8,TRAIN,TEST,CLUST_0.70_00018,LATE,HSV-2,UNKNOWN,envelope glycoprotein E,548,LATE,0.998976,True,CORRECT,Q3_Medium_High
CANONICAL_e1a3914d3948,TRAIN,TEST,CLUST_0.70_00004,IMMEDIATE_EARLY,HSV-1,RS1,RS1,1301,IMMEDIATE_EARLY,0.9994572,True,CORRECT,Q3_Medium_High
CANONICAL_e1b468ebdbf1,TRAIN,TEST,CLUST_0.70_00004,IMMEDIATE_EARLY,HSV-1,ICP4,transcriptional regulator ICP4,1295,IMMEDIATE_EARLY,0.9998161,True,CORRECT,Q3_Medium_High
CANONICAL_e1b85bd147eb,TRAIN,TEST,CLUST_0.70_00030,EARLY,HSV-1,UNKNOWN,thymidine kinase,376,EARLY,0.9995041,True,CORRECT,Q1_Short
CANONICAL_e1c0a894490f,TRAIN,TEST,CLUST_0.70_00030,EARLY,HSV-1,UNKNOWN,thymidine kinase,376,EARLY,0.9988673,True,CORRECT,Q1_Short
CANONICAL_e1cd4ea79ffe,TRAIN,TEST,CLUST_0.70_00037,LATE,HSV-2,UNKNOWN,envelope glycoprotein D,393,LATE,0.9999999,True,CORRECT,Q2_Medium_Low
CANONICAL_e1d16700c754,TRAIN,TEST,CLUST_0.70_00004,IMMEDIATE_EARLY,HSV-2,ICP4,transcriptional regulator ICP4,1315,IMMEDIATE_EARLY,0.99986136,True,CORRECT,Q4_Long
CANONICAL_e1d90bdc2a8d,TRAIN,TEST,CLUST_0.70_00004,IMMEDIATE_EARLY,HSV-2,ICP4,transcriptional regulator ICP4,1540,IMMEDIATE_EARLY,0.9999546,True,CORRECT,Q4_Long
CANONICAL_e1f39d8f5426,VALIDATION,TEST,CLUST_0.70_00018,LATE,HSV-1,UNKNOWN,envelope glycoprotein E,542,LATE,0.9997008,True,CORRECT,Q3_Medium_High
CANONICAL_e2245db94202,TRAIN,TEST,CLUST_0.70_00030,EARLY,HSV-1,UNKNOWN,thymidine kinase,376,EARLY,0.99943465,True,CORRECT,Q1_Short
CANONICAL_e24d81125691,TRAIN,TEST,CLUST_0.70_00030,EARLY,HSV-2,UNKNOWN,thymidine kinase,392,EARLY,0.9972729,True,CORRECT,Q2_Medium_Low
CANONICAL_e24f3e0adca7,TRAIN,TEST,CLUST_0.70_00004,IMMEDIATE_EARLY,HSV-1,RS1,RS1-1,861,IMMEDIATE_EARLY,0.9998472,True,CORRECT,Q3_Medium_High
CANONICAL_e25eed81ed6a,TEST,TEST,CLUST_0.70_00018,LATE,HSV-1,UNKNOWN,envelope glycoprotein E,550,LATE,0.99980384,True,CORRECT,Q3_Medium_High
CANONICAL_e27b434ef172,TEST,TEST,CLUST_0.70_00004,IMMEDIATE_EARLY,HSV-2,ICP4,transcriptional regulator ICP4,1322,IMMEDIATE_EARLY,0.9999831,True,CORRECT,Q4_Long
CANONICAL_e27f5a49153e,VALIDATION,TEST,CLUST_0.70_00018,LATE,HSV-2,UNKNOWN,envelope glycoprotein E,548,LATE,0.9985613,True,CORRECT,Q3_Medium_High
CANONICAL_e2a3d01f4c9f,TRAIN,TEST,CLUST_0.70_00018,LATE,HSV-2,UNKNOWN,envelope glycoprotein E,548,LATE,0.99943835,True,CORRECT,Q3_Medium_High
CANONICAL_e2ac7f29705b,TRAIN,TEST,CLUST_0.70_00071,LATE,HSV-2,UL24,nuclear protein UL24,281,EARLY,0.61319935,False,LATE_PREDICTED_AS_EARLY,Q1_Short
CANONICAL_e2b5590ee770,TRAIN,TEST,CLUST_0.70_00004,IMMEDIATE_EARLY,HSV-1,RS1,RS1,1301,IMMEDIATE_EARLY,0.99975795,True,CORRECT,Q3_Medium_High
CANONICAL_e2b6b46e8805,TRAIN,TEST,CLUST_0.70_00004,IMMEDIATE_EARLY,HSV-1,RS1,RS1,1303,IMMEDIATE_EARLY,0.99947304,True,CORRECT,Q4_Long
CANONICAL_e2c0fbf40d10,TRAIN,TEST,CLUST_0.70_00015,LATE,HSV-2,UNKNOWN,envelope glycoprotein C,480,LATE,1.0,True,CORRECT,Q2_Medium_Low
CANONICAL_e2cb260c1249,VALIDATION,TEST,CLUST_0.70_00004,IMMEDIATE_EARLY,HSV-2,ICP4,transcriptional regulator ICP4,1407,IMMEDIATE_EARLY,0.9913276,True,CORRECT,Q4_Long
CANONICAL_e2d24a019fbc,TRAIN,TEST,CLUST_0.70_00004,IMMEDIATE_EARLY,HSV-1,ICP4,transcriptional regulator ICP4,1303,IMMEDIATE_EARLY,0.99987817,True,CORRECT,Q4_Long
CANONICAL_e2d2c4b959d1,TRAIN,TEST,CLUST_0.70_00004,IMMEDIATE_EARLY,HSV-1,RS1,RS1,1299,IMMEDIATE_EARLY,0.99991095,True,CORRECT,Q3_Medium_High
CANONICAL_e2edc842faf1,TRAIN,TEST,CLUST_0.70_00015,LATE,HSV-2,UNKNOWN,envelope glycoprotein C,480,LATE,1.0,True,CORRECT,Q2_Medium_Low
CANONICAL_e2fb8b11bb03,TRAIN,TEST,CLUST_0.70_00052,LATE,HSV-1,ICP34,neurovirulence protein ICP34.5,248,LATE,0.9999981,True,CORRECT,Q1_Short
CANONICAL_e30010539bb7,VALIDATION,TEST,CLUST_0.70_00001,LATE,HSV-1,UNKNOWN,large tegument protein,3139,LATE,0.9999999,True,CORRECT,Q4_Long
CANONICAL_e31deba13db3,TRAIN,TEST,CLUST_0.70_00001,LATE,HSV-1,UNKNOWN,large tegument protein,3070,LATE,0.9999999,True,CORRECT,Q4_Long
CANONICAL_e31def17c58b,TRAIN,TEST,CLUST_0.70_00001,LATE,HSV-2,UNKNOWN,large tegument protein,3124,LATE,0.99999857,True,CORRECT,Q4_Long
CANONICAL_e3502c925380,TRAIN,TEST,CLUST_0.70_00018,LATE,HSV-1,US8,US8,550,LATE,0.99971443,True,CORRECT,Q3_Medium_High
CANONICAL_e3a28959467a,TRAIN,TEST,CLUST_0.70_00030,EARLY,HSV-2,UNKNOWN,thymidine kinase,375,EARLY,0.99627054,True,CORRECT,Q1_Short
CANONICAL_e3a8223ec241,TEST,TEST,CLUST_0.70_00004,IMMEDIATE_EARLY,HSV-2,ICP4,transcriptional regulator ICP4,1318,IMMEDIATE_EARLY,0.9999902,True,CORRECT,Q4_Long
CANONICAL_e3c10b4bc677,TRAIN,TEST,CLUST_0.70_00030,EARLY,HSV-1,UL23,UL23,331,EARLY,0.9997713,True,CORRECT,Q1_Short
CANONICAL_e3c3c29aed88,TRAIN,TEST,CLUST_0.70_00001,LATE,HSV-1,UL36,UL36,3090,LATE,0.9999999,True,CORRECT,Q4_Long
CANONICAL_e3cd65dd32f7,TRAIN,TEST,CLUST_0.70_00001,LATE,HSV-2,UNKNOWN,large tegument protein,3126,LATE,0.999998,True,CORRECT,Q4_Long
CANONICAL_e3e1189e1d50,TRAIN,TEST,CLUST_0.70_00037,LATE,HSV-2,UNKNOWN,envelope glycoprotein D,393,LATE,0.9999999,True,CORRECT,Q2_Medium_Low
CANONICAL_e3fbf9756aa1,TRAIN,TEST,CLUST_0.70_00001,LATE,HSV-1,UL36,UL36,3106,LATE,0.9999999,True,CORRECT,Q4_Long
CANONICAL_e417af6408e5,TRAIN,TEST,CLUST_0.70_00004,IMMEDIATE_EARLY,HSV-1,ICP4,transcriptional regulator ICP4,1294,IMMEDIATE_EARLY,0.9998319,True,CORRECT,Q3_Medium_High
CANONICAL_e42d2270df20,TRAIN,TEST,CLUST_0.70_00030,EARLY,HSV-1,UNKNOWN,thymidine kinase,376,EARLY,0.9993513,True,CORRECT,Q1_Short
CANONICAL_e436848bae0c,TEST,TEST,CLUST_0.70_00004,IMMEDIATE_EARLY,HSV-1,RS1,RS1,1303,IMMEDIATE_EARLY,0.99986947,True,CORRECT,Q4_Long
CANONICAL_e43f60fb41f2,TRAIN,TEST,CLUST_0.70_00052,LATE,HSV-1,ICP34,neurovirulence protein ICP34.5,241,LATE,0.9999989,True,CORRECT,Q1_Short
CANONICAL_e44f4319241e,VALIDATION,TEST,CLUST_0.70_00080,LATE,HSV-2,UL3,nuclear protein UL3,233,LATE,0.996326,True,CORRECT,Q1_Short
CANONICAL_e45b6dc2d4d1,TRAIN,TEST,CLUST_0.70_00018,EARLY,HSV-1,UNKNOWN,DNA polymerase processivity subunit,488,EARLY,0.98385173,True,CORRECT,Q2_Medium_Low
CANONICAL_e45d1318c68b,TRAIN,TEST,CLUST_0.70_00052,LATE,HSV-1,ICP34,neurovirulence protein ICP34.5,239,IMMEDIATE_EARLY,0.9048522,False,LATE_PREDICTED_AS_IMMEDIATE_EARLY,Q1_Short
CANONICAL_e468fefa3b18,TRAIN,TEST,CLUST_0.70_00001,LATE,HSV-1,UL36,UL36,3088,LATE,0.99999976,True,CORRECT,Q4_Long
CANONICAL_e46a5eec35c6,TRAIN,TEST,CLUST_0.70_00020,LATE,HSV-2,UNKNOWN,tegument serine/threonine protein kinase,518,LATE,0.99270093,True,CORRECT,Q3_Medium_High
CANONICAL_e479ea7c75dd,TRAIN,TEST,CLUST_0.70_00015,LATE,HSV-1,UL44,UL44,511,LATE,0.9999974,True,CORRECT,Q3_Medium_High
CANONICAL_e47e8458ca3b,TEST,TEST,CLUST_0.70_00080,LATE,HSV-2,UL3,nuclear protein UL3,233,EARLY,0.58456564,False,LATE_PREDICTED_AS_EARLY,Q1_Short
CANONICAL_e47ea3030703,TRAIN,TEST,CLUST_0.70_00009,LATE,HSV-2,UL48,UL48,490,LATE,0.99889636,True,CORRECT,Q2_Medium_Low
CANONICAL_e47f155c90ef,TRAIN,TEST,CLUST_0.70_00001,LATE,HSV-2,UNKNOWN,large tegument protein,3122,LATE,0.99999845,True,CORRECT,Q4_Long
CANONICAL_e49c99412458,TRAIN,TEST,CLUST_0.70_00030,EARLY,HSV-1,UNKNOWN,thymidine kinase,376,EARLY,0.99911743,True,CORRECT,Q1_Short
CANONICAL_e4a62b2ceda6,TRAIN,TEST,CLUST_0.70_00015,LATE,HSV-2,UNKNOWN,envelope glycoprotein C,480,LATE,0.9999976,True,CORRECT,Q2_Medium_Low
CANONICAL_e4cad22e89ad,TRAIN,TEST,CLUST_0.70_00030,EARLY,HSV-2,UNKNOWN,thymidine kinase,376,EARLY,0.99720544,True,CORRECT,Q1_Short
CANONICAL_e4df98eb208e,TEST,TEST,CLUST_0.70_00004,IMMEDIATE_EARLY,HSV-2,ICP4,transcriptional regulator ICP4,1469,IMMEDIATE_EARLY,0.99942327,True,CORRECT,Q4_Long
CANONICAL_e4e3f307c72f,TRAIN,TEST,CLUST_0.70_00071,LATE,HSV-2,UL24,nuclear protein UL24,281,EARLY,0.5391333,False,LATE_PREDICTED_AS_EARLY,Q1_Short
CANONICAL_e52b9937d3f1,TRAIN,TEST,CLUST_0.70_00071,LATE,HSV-2,UL24,nuclear protein UL24,281,EARLY,0.8355733,False,LATE_PREDICTED_AS_EARLY,Q1_Short
CANONICAL_e554f6a47001,TRAIN,TEST,CLUST_0.70_00030,EARLY,HSV-2,UNKNOWN,thymidine kinase,376,EARLY,0.9670108,True,CORRECT,Q1_Short
CANONICAL_e566c4042fbd,TRAIN,TEST,CLUST_0.70_00009,LATE,HSV-2,UL48,UL48,490,LATE,0.999057,True,CORRECT,Q2_Medium_Low
CANONICAL_e571c0708eb7,TEST,TEST,CLUST_0.70_00004,IMMEDIATE_EARLY,HSV-1,RS1,RS1,1297,IMMEDIATE_EARLY,0.99981755,True,CORRECT,Q3_Medium_High
CANONICAL_e57aab242ffd,TRAIN,TEST,CLUST_0.70_00080,LATE,HSV-2,UL3,nuclear protein UL3,222,LATE,0.99802506,True,CORRECT,Q1_Short
CANONICAL_e586e1d41367,VALIDATION,TEST,CLUST_0.70_00052,LATE,HSV-1,RL1,RL1,251,LATE,0.9999957,True,CORRECT,Q1_Short
CANONICAL_e5890c7799d1,TRAIN,TEST,CLUST_0.70_00001,LATE,HSV-1,UNKNOWN,large tegument protein,3139,LATE,0.9999999,True,CORRECT,Q4_Long
CANONICAL_e5908f1f9514,TRAIN,TEST,CLUST_0.70_00004,IMMEDIATE_EARLY,HSV-1,ICP4,transcriptional regulator ICP4,1303,IMMEDIATE_EARLY,0.9997178,True,CORRECT,Q4_Long
CANONICAL_e5b42f809457,TRAIN,TEST,CLUST_0.70_00015,LATE,HSV-2,UNKNOWN,envelope glycoprotein C,480,LATE,1.0,True,CORRECT,Q2_Medium_Low
CANONICAL_e5c654deacc4,TRAIN,TEST,CLUST_0.70_00018,LATE,HSV-1,UNKNOWN,envelope glycoprotein E,550,LATE,0.9998666,True,CORRECT,Q3_Medium_High
CANONICAL_e5e31c106807,TRAIN,TEST,CLUST_0.70_00030,EARLY,HSV-1,UNKNOWN,thymidine kinase,376,EARLY,0.9998673,True,CORRECT,Q1_Short
CANONICAL_e60039efec1b,TRAIN,TEST,CLUST_0.70_00030,EARLY,HSV-1,UNKNOWN,thymidine kinase,376,EARLY,0.9984749,True,CORRECT,Q1_Short
CANONICAL_e61f3ab7a94c,TRAIN,TEST,CLUST_0.70_00037,LATE,HSV-1,US6,US6,394,LATE,0.9999999,True,CORRECT,Q2_Medium_Low
CANONICAL_e6296387bb78,TRAIN,TEST,CLUST_0.70_00080,LATE,HSV-2,UL3,nuclear protein UL3,222,LATE,0.9993074,True,CORRECT,Q1_Short
CANONICAL_e632bb887589,VALIDATION,TEST,CLUST_0.70_00052,LATE,HSV-1,ICP34,neurovirulence protein ICP34.5,248,LATE,0.9999598,True,CORRECT,Q1_Short
CANONICAL_e63888ed20e8,TRAIN,TEST,CLUST_0.70_00001,LATE,HSV-2,UL36,UL36,3112,LATE,0.99999833,True,CORRECT,Q4_Long
CANONICAL_e638b728b998,TRAIN,TEST,CLUST_0.70_00001,LATE,HSV-1,UL36,UL36,3072,LATE,0.99999976,True,CORRECT,Q4_Long
CANONICAL_e63d2c4f8415,TRAIN,TEST,CLUST_0.70_00030,EARLY,HSV-1,UNKNOWN,thymidine kinase,376,EARLY,0.99751604,True,CORRECT,Q1_Short
CANONICAL_e644eb9edc43,TEST,TEST,CLUST_0.70_00020,LATE,HSV-2,UNKNOWN,tegument serine/threonine protein kinase,518,LATE,0.9964818,True,CORRECT,Q3_Medium_High
CANONICAL_e659aa33785f,TRAIN,TEST,CLUST_0.70_00037,LATE,HSV-2,UNKNOWN,envelope glycoprotein D,393,LATE,0.9999999,True,CORRECT,Q2_Medium_Low
CANONICAL_e65ad3d658df,TRAIN,TEST,CLUST_0.70_00015,LATE,HSV-2,UNKNOWN,envelope glycoprotein C,480,LATE,0.9999999,True,CORRECT,Q2_Medium_Low
CANONICAL_e68ad11dd287,TRAIN,TEST,CLUST_0.70_00020,LATE,HSV-1,UNKNOWN,tegument serine/threonine protein kinase,518,LATE,0.9999708,True,CORRECT,Q3_Medium_High
CANONICAL_e69a97eb84ee,TRAIN,TEST,CLUST_0.70_00020,LATE,HSV-1,UNKNOWN,tegument serine/threonine protein kinase,518,LATE,0.99996746,True,CORRECT,Q3_Medium_High
CANONICAL_e6a2242fb73b,TRAIN,TEST,CLUST_0.70_00015,LATE,HSV-2,UNKNOWN,envelope glycoprotein C,480,LATE,1.0,True,CORRECT,Q2_Medium_Low
CANONICAL_e6bca46f9ea0,TRAIN,TEST,CLUST_0.70_00001,LATE,HSV-2,UL36,UL36,3122,LATE,0.99999857,True,CORRECT,Q4_Long
CANONICAL_e6dabd1f6df9,TRAIN,TEST,CLUST_0.70_00030,EARLY,HSV-1,UNKNOWN,thymidine kinase,376,EARLY,0.9989837,True,CORRECT,Q1_Short
CANONICAL_e6e89b74290e,TRAIN,TEST,CLUST_0.70_00001,LATE,HSV-1,UL36,UL36,3124,LATE,0.99999976,True,CORRECT,Q4_Long
CANONICAL_e70fb8c7f5ff,TRAIN,TEST,CLUST_0.70_00004,IMMEDIATE_EARLY,HSV-1,RS1,RS1,1299,IMMEDIATE_EARLY,0.9996879,True,CORRECT,Q3_Medium_High
CANONICAL_e71420fe0305,TRAIN,TEST,CLUST_0.70_00037,LATE,HSV-1,US6,US6,394,LATE,0.9999999,True,CORRECT,Q2_Medium_Low
CANONICAL_e716c4fc2161,TRAIN,TEST,CLUST_0.70_00004,IMMEDIATE_EARLY,HSV-1,ICP4,transcriptional regulator ICP4,1290,IMMEDIATE_EARLY,0.9996208,True,CORRECT,Q3_Medium_High
CANONICAL_e7270d48bd5d,TRAIN,TEST,CLUST_0.70_00001,LATE,HSV-1,UL36,UL36,3118,LATE,0.9999999,True,CORRECT,Q4_Long
CANONICAL_e73a45b5e48d,TEST,TEST,CLUST_0.70_00001,LATE,HSV-2,UNKNOWN,large tegument protein,3122,LATE,0.9999988,True,CORRECT,Q4_Long
CANONICAL_e78c6d49196f,TRAIN,TEST,CLUST_0.70_00001,LATE,HSV-2,UNKNOWN,large tegument protein,3122,LATE,0.99999654,True,CORRECT,Q4_Long
CANONICAL_e78fb67b1ec6,TRAIN,TEST,CLUST_0.70_00030,EARLY,HSV-2,UNKNOWN,thymidine kinase,376,EARLY,0.9955664,True,CORRECT,Q1_Short
CANONICAL_e7b18aa02492,TEST,TEST,CLUST_0.70_00018,LATE,HSV-2,UNKNOWN,envelope glycoprotein E,548,LATE,0.99961203,True,CORRECT,Q3_Medium_High
CANONICAL_e7c764236529,TRAIN,TEST,CLUST_0.70_00071,LATE,HSV-1,UL24,nuclear protein UL24,269,EARLY,0.7855171,False,LATE_PREDICTED_AS_EARLY,Q1_Short
CANONICAL_e7d51d899e24,TRAIN,TEST,CLUST_0.70_00080,LATE,HSV-1,UL3,nuclear protein UL3,224,LATE,0.99812275,True,CORRECT,Q1_Short
CANONICAL_e7ea0db6da4b,TEST,TEST,CLUST_0.70_00052,LATE,HSV-1,RL1,RL1 protein,247,LATE,0.9672114,True,CORRECT,Q1_Short
CANONICAL_e7f6ec0ab7d8,TRAIN,TEST,CLUST_0.70_00052,LATE,HSV-1,ICP34,neurovirulence protein ICP34.5,266,LATE,0.9999962,True,CORRECT,Q1_Short
CANONICAL_e7fb465d2184,TRAIN,TEST,CLUST_0.70_00052,LATE,HSV-1,RL1,RL1,253,LATE,0.99989367,True,CORRECT,Q1_Short
CANONICAL_e802148dad57,TRAIN,TEST,CLUST_0.70_00052,LATE,HSV-1,ICP34,neurovirulence protein ICP34.5,248,LATE,0.9998692,True,CORRECT,Q1_Short
CANONICAL_e80529cd694b,TEST,TEST,CLUST_0.70_00030,EARLY,HSV-2,UNKNOWN,"thymidine kinase, partial",362,IMMEDIATE_EARLY,0.50197905,False,EARLY_PREDICTED_AS_IMMEDIATE_EARLY,Q1_Short
CANONICAL_e811ebadd8e6,TRAIN,TEST,CLUST_0.70_00051,LATE,HSV-2,ICP34,neurovirulence factor ICP34.5,253,LATE,0.9999759,True,CORRECT,Q1_Short
CANONICAL_e819e08f1304,VALIDATION,TEST,CLUST_0.70_00030,EARLY,HSV-1,UNKNOWN,thymidine kinase,376,EARLY,0.99580485,True,CORRECT,Q1_Short
CANONICAL_e81a6ca5ab09,TRAIN,TEST,CLUST_0.70_00030,EARLY,HSV-1,UNKNOWN,thymidine kinase,376,EARLY,0.9982994,True,CORRECT,Q1_Short
CANONICAL_e81d9e7327a3,TRAIN,TEST,CLUST_0.70_00001,LATE,HSV-1,UL36,UL36,3096,LATE,0.9999999,True,CORRECT,Q4_Long
CANONICAL_e82a7fa3fdbc,VALIDATION,TEST,CLUST_0.70_00030,EARLY,HSV-1,UL23,UL23,376,EARLY,0.9989723,True,CORRECT,Q1_Short
CANONICAL_e834199b774d,TEST,TEST,CLUST_0.70_00018,LATE,HSV-2,US8,US8,325,LATE,0.9999896,True,CORRECT,Q1_Short
CANONICAL_e83ed36d74e8,VALIDATION,TEST,CLUST_0.70_00004,IMMEDIATE_EARLY,HSV-1,ICP4,transcriptional regulator ICP4,1303,IMMEDIATE_EARLY,0.9997874,True,CORRECT,Q4_Long
CANONICAL_e853626dd749,TRAIN,TEST,CLUST_0.70_00004,IMMEDIATE_EARLY,HSV-1,ICP4,transcriptional regulator ICP4,1299,IMMEDIATE_EARLY,0.9998456,True,CORRECT,Q3_Medium_High
CANONICAL_e85d919987d9,TRAIN,TEST,CLUST_0.70_00037,LATE,HSV-2,UNKNOWN,envelope glycoprotein D,393,LATE,0.9999466,True,CORRECT,Q2_Medium_Low
CANONICAL_e8613ed2f73a,TEST,TEST,CLUST_0.70_00004,IMMEDIATE_EARLY,HSV-2,ICP4,transcriptional regulator ICP4,1310,IMMEDIATE_EARLY,0.999688,True,CORRECT,Q4_Long
CANONICAL_e888e3e6a458,TRAIN,TEST,CLUST_0.70_00030,EARLY,HSV-2,UNKNOWN,thymidine kinase,376,EARLY,0.99219733,True,CORRECT,Q1_Short
CANONICAL_e89e56b35b83,TRAIN,TEST,CLUST_0.70_00037,LATE,HSV-1,UNKNOWN,envelope glycoprotein D,394,LATE,0.9999999,True,CORRECT,Q2_Medium_Low
CANONICAL_e8a8e65731cd,TRAIN,TEST,CLUST_0.70_00052,LATE,HSV-1,RL1,RL1,268,LATE,0.99999976,True,CORRECT,Q1_Short
CANONICAL_e8c798e69662,TRAIN,TEST,CLUST_0.70_00052,LATE,HSV-1,RL1,RL1,256,LATE,0.99990785,True,CORRECT,Q1_Short
CANONICAL_e8f5dedb32bf,TRAIN,TEST,CLUST_0.70_00030,EARLY,HSV-2,UNKNOWN,thymidine kinase,376,EARLY,0.9971065,True,CORRECT,Q1_Short
CANONICAL_e907944a344f,TRAIN,TEST,CLUST_0.70_00071,LATE,HSV-2,UL24,UL24,227,LATE,0.6458157,True,CORRECT,Q1_Short
CANONICAL_e918c96b1375,TRAIN,TEST,CLUST_0.70_00001,LATE,HSV-1,UNKNOWN,large tegument protein,3134,LATE,0.9999999,True,CORRECT,Q4_Long
CANONICAL_e91afb0423bb,TRAIN,TEST,CLUST_0.70_00015,LATE,HSV-1,UL44,UL44,511,LATE,0.9999975,True,CORRECT,Q3_Medium_High
CANONICAL_e91f36963bec,TRAIN,TEST,CLUST_0.70_00052,LATE,HSV-2,ICP34,neurovirulence protein ICP34.5,252,LATE,0.9985897,True,CORRECT,Q1_Short
CANONICAL_e924b90cd4c2,TRAIN,TEST,CLUST_0.70_00015,LATE,HSV-1,UL44,UL44,511,LATE,0.99999726,True,CORRECT,Q3_Medium_High
CANONICAL_e94e808c06a8,TRAIN,TEST,CLUST_0.70_00001,LATE,HSV-2,UNKNOWN,large tegument protein,3092,LATE,0.999998,True,CORRECT,Q4_Long
CANONICAL_e98a8063fb19,TRAIN,TEST,CLUST_0.70_00080,LATE,HSV-1,UL3,UL3,224,LATE,0.99694306,True,CORRECT,Q1_Short
CANONICAL_e9b33124aef8,VALIDATION,TEST,CLUST_0.70_00052,LATE,HSV-1,RL1,RL1,248,LATE,0.9999974,True,CORRECT,Q1_Short
CANONICAL_e9bdba6397b9,VALIDATION,TEST,CLUST_0.70_00004,IMMEDIATE_EARLY,HSV-1,RS1,RS1-2,1304,IMMEDIATE_EARLY,0.9996352,True,CORRECT,Q4_Long
CANONICAL_e9c8fb36d977,TEST,TEST,CLUST_0.70_00004,IMMEDIATE_EARLY,HSV-1,ICP4,transcriptional regulator ICP4,1302,IMMEDIATE_EARLY,0.9999107,True,CORRECT,Q3_Medium_High
CANONICAL_e9f0adb4071e,TEST,TEST,CLUST_0.70_00030,EARLY,HSV-2,UNKNOWN,thymidine kinase,376,EARLY,0.9989962,True,CORRECT,Q1_Short
CANONICAL_e9fa876b93c1,TRAIN,TEST,CLUST_0.70_00030,EARLY,HSV-2,UNKNOWN,thymidine kinase,376,EARLY,0.9976666,True,CORRECT,Q1_Short
CANONICAL_e9ff6c8e7e00,VALIDATION,TEST,CLUST_0.70_00004,IMMEDIATE_EARLY,HSV-1,ICP4,transcriptional regulator ICP4,1300,IMMEDIATE_EARLY,0.9994469,True,CORRECT,Q3_Medium_High
CANONICAL_ea0823d076e1,TRAIN,TEST,CLUST_0.70_00051,LATE,HSV-2,ICP34,neurovirulence protein ICP34.5,261,LATE,0.999592,True,CORRECT,Q1_Short
CANONICAL_ea46630c9e9e,TRAIN,TEST,CLUST_0.70_00018,LATE,HSV-2,UNKNOWN,envelope glycoprotein E,548,LATE,0.99959475,True,CORRECT,Q3_Medium_High
CANONICAL_ea5e94eaf3fc,TRAIN,TEST,CLUST_0.70_00071,LATE,HSV-2,UL24,nuclear protein UL24,281,EARLY,0.96644807,False,LATE_PREDICTED_AS_EARLY,Q1_Short
CANONICAL_ea774612eb69,TRAIN,TEST,CLUST_0.70_00018,LATE,HSV-1,US8,US8,550,LATE,0.99983644,True,CORRECT,Q3_Medium_High
CANONICAL_ea7d2c63707a,VALIDATION,TEST,CLUST_0.70_00018,LATE,HSV-2,UNKNOWN,envelope glycoprotein E,548,LATE,0.99951947,True,CORRECT,Q3_Medium_High
CANONICAL_ea8adc0a9961,VALIDATION,TEST,CLUST_0.70_00030,EARLY,HSV-1,UNKNOWN,thymidine kinase,376,EARLY,0.99949574,True,CORRECT,Q1_Short
CANONICAL_ea8aec7ab118,TRAIN,TEST,CLUST_0.70_00051,LATE,HSV-2,ICP34,neurovirulence protein ICP34.5,307,LATE,0.99997175,True,CORRECT,Q1_Short
CANONICAL_ea8f8663a21c,TRAIN,TEST,CLUST_0.70_00071,LATE,HSV-2,UL24,nuclear protein UL24,281,EARLY,0.7656549,False,LATE_PREDICTED_AS_EARLY,Q1_Short
CANONICAL_ead3a2af01f0,TRAIN,TEST,CLUST_0.70_00015,LATE,HSV-1,UNKNOWN,envelope glycoprotein C,511,LATE,0.9999994,True,CORRECT,Q3_Medium_High
CANONICAL_ead8011c070b,TRAIN,TEST,CLUST_0.70_00030,EARLY,HSV-1,UNKNOWN,thymidine kinase,376,EARLY,0.9990376,True,CORRECT,Q1_Short
CANONICAL_eada08983810,TRAIN,TEST,CLUST_0.70_00052,LATE,HSV-1,ICP34,neurovirulence protein ICP34.5,269,LATE,0.9999981,True,CORRECT,Q1_Short
CANONICAL_eb028dd245d8,TRAIN,TEST,CLUST_0.70_00004,IMMEDIATE_EARLY,HSV-2,ICP4,transcriptional regulator ICP4,1475,IMMEDIATE_EARLY,0.9997247,True,CORRECT,Q4_Long
CANONICAL_eb12f03208ae,TEST,TEST,CLUST_0.70_00037,LATE,HSV-2,US6,US6,358,LATE,0.9999994,True,CORRECT,Q1_Short
CANONICAL_eb2ec7ba8dcc,TRAIN,TEST,CLUST_0.70_00030,EARLY,HSV-1,UNKNOWN,thymidine kinase,376,EARLY,0.99450374,True,CORRECT,Q1_Short
CANONICAL_eb3430654b74,TEST,TEST,CLUST_0.70_00018,LATE,HSV-2,UNKNOWN,envelope glycoprotein E,548,LATE,0.9994968,True,CORRECT,Q3_Medium_High
CANONICAL_eb3b7f292657,TRAIN,TEST,CLUST_0.70_00071,LATE,HSV-1,UL24,nuclear protein UL24,269,LATE,0.6538428,True,CORRECT,Q1_Short
CANONICAL_eb42fbdf5b25,TRAIN,TEST,CLUST_0.70_00001,LATE,HSV-2,UNKNOWN,large tegument protein,3097,LATE,0.9999976,True,CORRECT,Q4_Long
CANONICAL_eb4d2da3a1d4,VALIDATION,TEST,CLUST_0.70_00051,LATE,HSV-2,ICP34,neurovirulence protein ICP34.5,261,LATE,0.9994973,True,CORRECT,Q1_Short
CANONICAL_eb4dd4f72ca8,TEST,TEST,CLUST_0.70_00004,IMMEDIATE_EARLY,HSV-2,ICP4,transcriptional regulator ICP4,1318,IMMEDIATE_EARLY,0.9999857,True,CORRECT,Q4_Long
CANONICAL_eb5a8efe497d,TRAIN,TEST,CLUST_0.70_00030,EARLY,HSV-1,UNKNOWN,thymidine kinase,376,EARLY,0.9983125,True,CORRECT,Q1_Short
CANONICAL_eb6c9377e9e4,TRAIN,TEST,CLUST_0.70_00004,IMMEDIATE_EARLY,HSV-1,ICP4,transcriptional regulator ICP4,1297,IMMEDIATE_EARLY,0.9998585,True,CORRECT,Q3_Medium_High
CANONICAL_eb70ab15fcdf,TRAIN,TEST,CLUST_0.70_00018,LATE,HSV-2,UNKNOWN,envelope glycoprotein E,548,LATE,0.99953747,True,CORRECT,Q3_Medium_High
CANONICAL_eb9c1d1456d1,TEST,TEST,CLUST_0.70_00001,LATE,HSV-1,UNKNOWN,large tegument protein,3143,LATE,0.9999958,True,CORRECT,Q4_Long
CANONICAL_ebad93a4c14d,TRAIN,TEST,CLUST_0.70_00009,LATE,HSV-2,UL48,UL48,490,LATE,0.99963963,True,CORRECT,Q2_Medium_Low
CANONICAL_ebd05517e36b,TEST,TEST,CLUST_0.70_00052,LATE,HSV-1,RL1,RL1,270,LATE,1.0,True,CORRECT,Q1_Short
CANONICAL_ebea726447c8,TEST,TEST,CLUST_0.70_00071,LATE,HSV-2,UL24,nuclear protein UL24,281,LATE,0.6288719,True,CORRECT,Q1_Short
CANONICAL_ebecb14533a1,TRAIN,TEST,CLUST_0.70_00071,LATE,HSV-1,UL24,UL24,269,EARLY,0.50265825,False,LATE_PREDICTED_AS_EARLY,Q1_Short
CANONICAL_ec06562f450c,TRAIN,TEST,CLUST_0.70_00052,LATE,HSV-1,RL1,RL1,245,LATE,0.99994206,True,CORRECT,Q1_Short
CANONICAL_ec1130b6031f,VALIDATION,TEST,CLUST_0.70_00052,LATE,HSV-1,RL1,RL1,257,LATE,0.9999989,True,CORRECT,Q1_Short
CANONICAL_ec18478ead33,VALIDATION,TEST,CLUST_0.70_00052,LATE,HSV-1,ICP34,neurovirulence protein ICP34.5,248,LATE,0.99996567,True,CORRECT,Q1_Short
CANONICAL_ec328d2dad60,TEST,TEST,CLUST_0.70_00030,EARLY,HSV-1,UNKNOWN,thymidine kinase,376,EARLY,0.9987888,True,CORRECT,Q1_Short
CANONICAL_ec4c6486b0bb,TRAIN,TEST,CLUST_0.70_00001,LATE,HSV-1,UL36,UL36,3090,LATE,0.99999976,True,CORRECT,Q4_Long
CANONICAL_ec690e7894da,TRAIN,TEST,CLUST_0.70_00030,EARLY,HSV-1,UL23,UL23,331,EARLY,0.99938035,True,CORRECT,Q1_Short
CANONICAL_ec6c87b55b6f,TRAIN,TEST,CLUST_0.70_00020,LATE,HSV-1,UNKNOWN,tegument serine/threonine protein kinase,518,LATE,0.9998871,True,CORRECT,Q3_Medium_High
CANONICAL_ec74ca87d534,TRAIN,TEST,CLUST_0.70_00001,LATE,HSV-2,UL36,UL36,3113,LATE,0.9999989,True,CORRECT,Q4_Long
CANONICAL_eca88b92603b,TRAIN,TEST,CLUST_0.70_00052,LATE,HSV-1,RL1,RL1,244,LATE,0.9999796,True,CORRECT,Q1_Short
CANONICAL_ecb8fbaf374c,TRAIN,TEST,CLUST_0.70_00001,LATE,HSV-2,UNKNOWN,large tegument protein,3122,LATE,0.99999857,True,CORRECT,Q4_Long
CANONICAL_ecba3f5fc7e9,TRAIN,TEST,CLUST_0.70_00018,LATE,HSV-1,US8,US8,550,LATE,0.9997845,True,CORRECT,Q3_Medium_High
CANONICAL_ecf0bc80d2c5,TRAIN,TEST,CLUST_0.70_00001,LATE,HSV-2,UNKNOWN,large tegument protein,3083,LATE,0.9999776,True,CORRECT,Q4_Long
CANONICAL_ed045ebf6dbf,TRAIN,TEST,CLUST_0.70_00004,IMMEDIATE_EARLY,HSV-2,ICP4,transcriptional regulator ICP4,1466,IMMEDIATE_EARLY,0.995652,True,CORRECT,Q4_Long
CANONICAL_ed0ad76b2868,TRAIN,TEST,CLUST_0.70_00030,EARLY,HSV-1,UNKNOWN,"thymidine kinase, partial",376,EARLY,0.9989536,True,CORRECT,Q1_Short
CANONICAL_ed0ed8239b81,TRAIN,TEST,CLUST_0.70_00004,IMMEDIATE_EARLY,HSV-1,ICP4,transcriptional regulator ICP4,1303,IMMEDIATE_EARLY,0.9992945,True,CORRECT,Q4_Long
CANONICAL_ed1565d6c7f5,TRAIN,TEST,CLUST_0.70_00018,EARLY,HSV-1,UL42,DNA polymerase UL42 processivity factor,488,EARLY,0.98324424,True,CORRECT,Q2_Medium_Low
CANONICAL_ed2a2c261a67,TRAIN,TEST,CLUST_0.70_00004,IMMEDIATE_EARLY,HSV-1,ICP4,transcriptional regulator ICP4,1295,IMMEDIATE_EARLY,0.9997584,True,CORRECT,Q3_Medium_High
CANONICAL_ed37948b6683,VALIDATION,TEST,CLUST_0.70_00004,IMMEDIATE_EARLY,HSV-2,ICP4,transcriptional regulator ICP4,1472,IMMEDIATE_EARLY,0.9924644,True,CORRECT,Q4_Long
CANONICAL_ed3a79eeb32d,TRAIN,TEST,CLUST_0.70_00004,IMMEDIATE_EARLY,HSV-1,RS1,RS1,1303,IMMEDIATE_EARLY,0.9989334,True,CORRECT,Q4_Long
CANONICAL_ed3f51dad975,VALIDATION,TEST,CLUST_0.70_00030,EARLY,HSV-2,UNKNOWN,thymidine kinase,376,EARLY,0.9965243,True,CORRECT,Q1_Short
CANONICAL_ed51b4357776,TRAIN,TEST,CLUST_0.70_00001,LATE,HSV-1,UL36,UL36,3086,LATE,0.9999999,True,CORRECT,Q4_Long
CANONICAL_ed55119fa0e8,TRAIN,TEST,CLUST_0.70_00004,IMMEDIATE_EARLY,HSV-1,ICP4,transcriptional regulator ICP4,1298,IMMEDIATE_EARLY,0.99976903,True,CORRECT,Q3_Medium_High
CANONICAL_ed75478ab3f5,TRAIN,TEST,CLUST_0.70_00071,LATE,HSV-2,UL24,nuclear protein UL24,281,EARLY,0.6393535,False,LATE_PREDICTED_AS_EARLY,Q1_Short
CANONICAL_ed7810d527a5,TRAIN,TEST,CLUST_0.70_00001,LATE,HSV-1,UNKNOWN,large tegument protein,3139,LATE,0.9999999,True,CORRECT,Q4_Long
CANONICAL_ed7f732413a8,TRAIN,TEST,CLUST_0.70_00071,LATE,HSV-2,UL24,nuclear protein UL24,281,LATE,0.6491326,True,CORRECT,Q1_Short
CANONICAL_eda617d62621,TRAIN,TEST,CLUST_0.70_00052,LATE,HSV-1,RL1,RL1,249,LATE,0.9999716,True,CORRECT,Q1_Short
CANONICAL_edae5ac17a3e,VALIDATION,TEST,CLUST_0.70_00018,EARLY,HSV-1,UL42,UL42,493,EARLY,0.99722254,True,CORRECT,Q3_Medium_High
CANONICAL_edd074bc8496,TRAIN,TEST,CLUST_0.70_00004,IMMEDIATE_EARLY,HSV-1,ICP4,transcriptional regulator ICP4,1300,IMMEDIATE_EARLY,0.99973637,True,CORRECT,Q3_Medium_High
CANONICAL_eddcb279a8a8,TEST,TEST,CLUST_0.70_00020,LATE,HSV-1,UNKNOWN,tegument serine/threonine protein kinase,518,LATE,0.99994016,True,CORRECT,Q3_Medium_High
CANONICAL_edf5c790c52b,TRAIN,TEST,CLUST_0.70_00004,IMMEDIATE_EARLY,HSV-1,RS1,RS1,1297,IMMEDIATE_EARLY,0.9999068,True,CORRECT,Q3_Medium_High
CANONICAL_edfc96f7d60b,TEST,TEST,CLUST_0.70_00001,LATE,HSV-2,UNKNOWN,large tegument protein,3082,LATE,0.9999968,True,CORRECT,Q4_Long
CANONICAL_ee067c3659b6,VALIDATION,TEST,CLUST_0.70_00030,EARLY,HSV-1,UNKNOWN,thymidine kinase,376,EARLY,0.9954959,True,CORRECT,Q1_Short
CANONICAL_ee07aa3df8db,TRAIN,TEST,CLUST_0.70_00080,LATE,HSV-2,UL3,nuclear protein UL3,233,LATE,0.56987596,True,CORRECT,Q1_Short
CANONICAL_ee1192d7681b,TRAIN,TEST,CLUST_0.70_00020,LATE,HSV-1,UNKNOWN,tegument serine/threonine protein kinase,518,LATE,0.9999678,True,CORRECT,Q3_Medium_High
CANONICAL_ee14e120fe98,TRAIN,TEST,CLUST_0.70_00030,EARLY,HSV-1,UNKNOWN,thymidine kinase,376,EARLY,0.9998368,True,CORRECT,Q1_Short
CANONICAL_ee16daedcd89,VALIDATION,TEST,CLUST_0.70_00018,LATE,HSV-2,UNKNOWN,envelope glycoprotein E,545,LATE,0.9982508,True,CORRECT,Q3_Medium_High
CANONICAL_ee1894569d64,VALIDATION,TEST,CLUST_0.70_00018,LATE,HSV-2,UNKNOWN,envelope glycoprotein E,548,LATE,0.9995572,True,CORRECT,Q3_Medium_High
CANONICAL_ee1bb9eadfaf,TRAIN,TEST,CLUST_0.70_00030,EARLY,HSV-1,UL23,UL23,331,EARLY,0.9996834,True,CORRECT,Q1_Short
CANONICAL_ee1f4694897e,TEST,TEST,CLUST_0.70_00030,EARLY,HSV-2,UL23,UL23,376,EARLY,0.9945003,True,CORRECT,Q1_Short
CANONICAL_ee2f301ba34b,VALIDATION,TEST,CLUST_0.70_00071,LATE,HSV-2,UL24,nuclear protein UL24,281,EARLY,0.9464465,False,LATE_PREDICTED_AS_EARLY,Q1_Short
CANONICAL_ee40725f7e11,VALIDATION,TEST,CLUST_0.70_00004,IMMEDIATE_EARLY,HSV-2,ICP4,transcriptional regulator ICP4,1467,IMMEDIATE_EARLY,0.9999994,True,CORRECT,Q4_Long
CANONICAL_ee45b112670f,TRAIN,TEST,CLUST_0.70_00001,LATE,HSV-2,UNKNOWN,large tegument protein,3121,LATE,0.9999987,True,CORRECT,Q4_Long
CANONICAL_ee4e916ecbe7,TRAIN,TEST,CLUST_0.70_00001,LATE,HSV-2,UL36,UL36,3109,LATE,0.99999857,True,CORRECT,Q4_Long
CANONICAL_ee53289c5930,TRAIN,TEST,CLUST_0.70_00018,LATE,HSV-1,US8,US8,550,LATE,0.9998381,True,CORRECT,Q3_Medium_High
CANONICAL_ee61c7867217,VALIDATION,TEST,CLUST_0.70_00071,LATE,HSV-2,UL24,"nuclear protein UL24, partial",271,EARLY,0.74074435,False,LATE_PREDICTED_AS_EARLY,Q1_Short
CANONICAL_ee655105d88e,TRAIN,TEST,CLUST_0.70_00037,LATE,HSV-1,UNKNOWN,envelope glycoprotein D,394,LATE,0.9999999,True,CORRECT,Q2_Medium_Low
CANONICAL_eec7292c5739,TRAIN,TEST,CLUST_0.70_00004,IMMEDIATE_EARLY,HSV-1,ICP4,transcriptional regulator ICP4,1302,IMMEDIATE_EARLY,0.99987054,True,CORRECT,Q3_Medium_High
CANONICAL_eecc67f20347,TRAIN,TEST,CLUST_0.70_00020,LATE,HSV-2,UNKNOWN,tegument serine/threonine protein kinase,518,LATE,0.99535626,True,CORRECT,Q3_Medium_High
CANONICAL_ef5737c6d133,VALIDATION,TEST,CLUST_0.70_00030,EARLY,HSV-1,UNKNOWN,thymidine kinase,375,EARLY,0.99938977,True,CORRECT,Q1_Short
CANONICAL_ef7d23e2551d,TRAIN,TEST,CLUST_0.70_00037,LATE,HSV-2,UNKNOWN,envelope glycoprotein D,393,LATE,0.9999999,True,CORRECT,Q2_Medium_Low
CANONICAL_ef7f1ac341f3,TEST,TEST,CLUST_0.70_00015,LATE,HSV-1,UL44,UL44,511,LATE,0.99999547,True,CORRECT,Q3_Medium_High
CANONICAL_ef8a13ea4f21,TEST,TEST,CLUST_0.70_00071,LATE,HSV-1,UL24,nuclear protein UL24,269,EARLY,0.9633226,False,LATE_PREDICTED_AS_EARLY,Q1_Short
CANONICAL_ef9206a9d4d0,TRAIN,TEST,CLUST_0.70_00001,LATE,HSV-1,UNKNOWN,large tegument protein,3139,LATE,0.9999999,True,CORRECT,Q4_Long
CANONICAL_ef949ab86cdd,TRAIN,TEST,CLUST_0.70_00080,LATE,HSV-2,UL3,nuclear protein UL3,233,LATE,0.6739156,True,CORRECT,Q1_Short
CANONICAL_ef96189c5241,TRAIN,TEST,CLUST_0.70_00004,IMMEDIATE_EARLY,HSV-1,ICP4,transcriptional regulator ICP4,1298,IMMEDIATE_EARLY,0.9961054,True,CORRECT,Q3_Medium_High
CANONICAL_efa94d09cd70,VALIDATION,TEST,CLUST_0.70_00001,LATE,HSV-1,UL36,UL36,3095,LATE,0.9999999,True,CORRECT,Q4_Long
CANONICAL_efbf7eac5cd3,TRAIN,TEST,CLUST_0.70_00001,LATE,HSV-1,UNKNOWN,large tegument protein,3139,LATE,0.9999999,True,CORRECT,Q4_Long
CANONICAL_efcb45347a65,TRAIN,TEST,CLUST_0.70_00037,LATE,HSV-1,US6,US6,394,LATE,0.9999999,True,CORRECT,Q2_Medium_Low
CANONICAL_efcc026d8444,TRAIN,TEST,CLUST_0.70_00015,LATE,HSV-1,UNKNOWN,envelope glycoprotein C,511,LATE,0.9999969,True,CORRECT,Q3_Medium_High
CANONICAL_efda6ebf13b2,TRAIN,TEST,CLUST_0.70_00004,IMMEDIATE_EARLY,HSV-1,ICP4,transcriptional regulator ICP4,1285,IMMEDIATE_EARLY,0.9994461,True,CORRECT,Q3_Medium_High
CANONICAL_efe81d4837e0,VALIDATION,TEST,CLUST_0.70_00015,LATE,HSV-1,UL44,UL44,511,LATE,0.9999995,True,CORRECT,Q3_Medium_High
CANONICAL_efee238f892a,TRAIN,TEST,CLUST_0.70_00001,LATE,HSV-2,UNKNOWN,large tegument protein,6165,LATE,0.9999963,True,CORRECT,Q4_Long
CANONICAL_f0025862da12,TRAIN,TEST,CLUST_0.70_00052,LATE,HSV-2,ICP34,neurovirulence protein ICP34.5,258,LATE,0.9996171,True,CORRECT,Q1_Short
CANONICAL_f00d3e35b6bb,TEST,TEST,CLUST_0.70_00030,EARLY,HSV-1,UNKNOWN,thymidine kinase,376,EARLY,0.99847525,True,CORRECT,Q1_Short
CANONICAL_f01c45fc4115,TRAIN,TEST,CLUST_0.70_00052,LATE,HSV-1,RL1,RL1,238,LATE,0.9999969,True,CORRECT,Q1_Short
CANONICAL_f04fe17621e3,TEST,TEST,CLUST_0.70_00030,EARLY,HSV-1,UNKNOWN,thymidine kinase,376,EARLY,0.9992169,True,CORRECT,Q1_Short
CANONICAL_f06b86ea4eda,TRAIN,TEST,CLUST_0.70_00030,EARLY,HSV-2,UNKNOWN,thymidine kinase,376,EARLY,0.979961,True,CORRECT,Q1_Short
CANONICAL_f0776b67025a,TRAIN,TEST,CLUST_0.70_00004,IMMEDIATE_EARLY,HSV-1,ICP4,transcriptional regulator ICP4,1302,IMMEDIATE_EARLY,0.9999018,True,CORRECT,Q3_Medium_High
CANONICAL_f077cc745364,TRAIN,TEST,CLUST_0.70_00051,LATE,HSV-2,ICP34,ICP34.5 regulation protein,246,LATE,0.99878734,True,CORRECT,Q1_Short
CANONICAL_f07d67d616de,TEST,TEST,CLUST_0.70_00052,LATE,HSV-1,RL1,RL1 protein,260,LATE,0.9999827,True,CORRECT,Q1_Short
CANONICAL_f09480f779ef,TEST,TEST,CLUST_0.70_00001,LATE,HSV-1,UNKNOWN,large tegument protein,3146,LATE,0.9999999,True,CORRECT,Q4_Long
CANONICAL_f0a7e9abd5a1,TEST,TEST,CLUST_0.70_00015,LATE,HSV-1,UNKNOWN,envelope glycoprotein C,511,LATE,0.9999982,True,CORRECT,Q3_Medium_High
CANONICAL_f0ae61d012ac,TRAIN,TEST,CLUST_0.70_00001,LATE,HSV-2,UNKNOWN,large tegument protein,3122,LATE,0.99999833,True,CORRECT,Q4_Long
CANONICAL_f0b81ed0a181,VALIDATION,TEST,CLUST_0.70_00004,IMMEDIATE_EARLY,HSV-2,ICP4,transcriptional regulator ICP4,1316,IMMEDIATE_EARLY,0.99996686,True,CORRECT,Q4_Long
CANONICAL_f0c5ddef7d19,TRAIN,TEST,CLUST_0.70_00030,EARLY,HSV-2,UL23,UL23,307,LATE,0.9722306,False,EARLY_PREDICTED_AS_LATE,Q1_Short
CANONICAL_f0d68a02c42d,TRAIN,TEST,CLUST_0.70_00001,LATE,HSV-1,UNKNOWN,large tegument protein,3139,LATE,0.9999999,True,CORRECT,Q4_Long
CANONICAL_f0dc142750f5,TRAIN,TEST,CLUST_0.70_00001,LATE,HSV-2,UNKNOWN,large tegument protein,3730,LATE,0.99888176,True,CORRECT,Q4_Long
CANONICAL_f0ea6e95d973,TRAIN,TEST,CLUST_0.70_00030,EARLY,HSV-1,UNKNOWN,thymidine kinase,376,EARLY,0.99463505,True,CORRECT,Q1_Short
CANONICAL_f0fa2b465f50,TRAIN,TEST,CLUST_0.70_00071,LATE,HSV-1,UL24,nuclear protein UL24,270,EARLY,0.5525369,False,LATE_PREDICTED_AS_EARLY,Q1_Short
CANONICAL_f106ee26fca8,TRAIN,TEST,CLUST_0.70_00020,LATE,HSV-2,UNKNOWN,tegument serine/threonine protein kinase,518,LATE,0.99998534,True,CORRECT,Q3_Medium_High
CANONICAL_f107eb5f4161,TRAIN,TEST,CLUST_0.70_00015,LATE,HSV-1,UL44,UL44,511,LATE,0.9999995,True,CORRECT,Q3_Medium_High
CANONICAL_f11a51af3b04,TRAIN,TEST,CLUST_0.70_00071,LATE,HSV-1,UL24,nuclear protein UL24,269,EARLY,0.7627192,False,LATE_PREDICTED_AS_EARLY,Q1_Short
CANONICAL_f12688f24377,TRAIN,TEST,CLUST_0.70_00004,IMMEDIATE_EARLY,HSV-1,RS1,RS1,1302,IMMEDIATE_EARLY,0.99991214,True,CORRECT,Q3_Medium_High
CANONICAL_f1292e753372,TRAIN,TEST,CLUST_0.70_00052,LATE,HSV-1,RL1,RL1,257,LATE,0.99999857,True,CORRECT,Q1_Short
CANONICAL_f12af47d7964,TEST,TEST,CLUST_0.70_00004,IMMEDIATE_EARLY,HSV-2,ICP4,transcriptional regulator ICP4,1309,IMMEDIATE_EARLY,0.99998736,True,CORRECT,Q4_Long
CANONICAL_f154edb79dee,TRAIN,TEST,CLUST_0.70_00030,EARLY,HSV-1,UNKNOWN,thymidine kinase,376,EARLY,0.9993813,True,CORRECT,Q1_Short
CANONICAL_f15faf04931f,TEST,TEST,CLUST_0.70_00018,LATE,HSV-1,US8,US8,550,LATE,0.9998599,True,CORRECT,Q3_Medium_High
CANONICAL_f1785a15f492,TRAIN,TEST,CLUST_0.70_00001,LATE,HSV-1,UL36,UL36,3139,LATE,0.99999964,True,CORRECT,Q4_Long
CANONICAL_f19774974f7f,TRAIN,TEST,CLUST_0.70_00015,LATE,HSV-2,UNKNOWN,envelope glycoprotein C,480,LATE,1.0,True,CORRECT,Q2_Medium_Low
CANONICAL_f1d67370eb99,TEST,TEST,CLUST_0.70_00001,LATE,HSV-2,UNKNOWN,large tegument protein,3122,LATE,0.9999976,True,CORRECT,Q4_Long
CANONICAL_f1f27d4036bd,TRAIN,TEST,CLUST_0.70_00004,IMMEDIATE_EARLY,HSV-1,ICP4,transcriptional regulator ICP4,1300,IMMEDIATE_EARLY,0.99978715,True,CORRECT,Q3_Medium_High
CANONICAL_f1f40e2d2bd3,TRAIN,TEST,CLUST_0.70_00001,LATE,HSV-1,UL36,UL36,3139,LATE,0.9999999,True,CORRECT,Q4_Long
CANONICAL_f1f62ef11b5e,TRAIN,TEST,CLUST_0.70_00004,IMMEDIATE_EARLY,HSV-1,ICP4,transcriptional regulator ICP4,1297,IMMEDIATE_EARLY,0.99972814,True,CORRECT,Q3_Medium_High
CANONICAL_f216dc2001bc,TEST,TEST,CLUST_0.70_00030,EARLY,HSV-2,UNKNOWN,thymidine kinase,376,EARLY,0.9968779,True,CORRECT,Q1_Short
CANONICAL_f22542e7381f,TRAIN,TEST,CLUST_0.70_00030,EARLY,HSV-1,UNKNOWN,thymidine kinase,280,EARLY,0.9999485,True,CORRECT,Q1_Short
CANONICAL_f235ad3cec5e,TEST,TEST,CLUST_0.70_00004,IMMEDIATE_EARLY,HSV-1,RS1,RS1,1303,IMMEDIATE_EARLY,0.99965894,True,CORRECT,Q4_Long
CANONICAL_f28ce4e6c319,TRAIN,TEST,CLUST_0.70_00052,LATE,HSV-1,ICP34,neurovirulence protein ICP34.5,257,LATE,0.9904641,True,CORRECT,Q1_Short
CANONICAL_f2981efbc7e1,VALIDATION,TEST,CLUST_0.70_00001,LATE,HSV-1,UL36,UL36,3124,LATE,0.99999976,True,CORRECT,Q4_Long
CANONICAL_f29c49a1a77e,TRAIN,TEST,CLUST_0.70_00015,LATE,HSV-1,UNKNOWN,envelope glycoprotein C,511,LATE,0.99999774,True,CORRECT,Q3_Medium_High
CANONICAL_f2a67746fe9b,TRAIN,TEST,CLUST_0.70_00071,LATE,HSV-1,UL24,nuclear protein UL24,269,EARLY,0.7921278,False,LATE_PREDICTED_AS_EARLY,Q1_Short
CANONICAL_f2a758eef54f,TRAIN,TEST,CLUST_0.70_00071,LATE,HSV-1,UL24,nuclear protein UL24,269,EARLY,0.61832446,False,LATE_PREDICTED_AS_EARLY,Q1_Short
CANONICAL_f2a92fd3aeb0,TEST,TEST,CLUST_0.70_00071,LATE,HSV-1,UL24,nuclear protein UL24,269,LATE,0.50496894,True,CORRECT,Q1_Short
CANONICAL_f2b7c5211bb3,TEST,TEST,CLUST_0.70_00030,EARLY,HSV-2,UL23,UL23,376,EARLY,0.9990821,True,CORRECT,Q1_Short
CANONICAL_f2cc6b601d0d,TEST,TEST,CLUST_0.70_00001,LATE,HSV-1,UL36,UL36,3159,LATE,0.9999994,True,CORRECT,Q4_Long
CANONICAL_f2f4c750990f,TEST,TEST,CLUST_0.70_00030,EARLY,HSV-2,UNKNOWN,thymidine kinase,376,EARLY,0.99583805,True,CORRECT,Q1_Short
CANONICAL_f30b8be9535b,TEST,TEST,CLUST_0.70_00015,LATE,HSV-1,UL44,UL44,360,LATE,1.0,True,CORRECT,Q1_Short
CANONICAL_f33186f2f9c9,TRAIN,TEST,CLUST_0.70_00080,LATE,HSV-1,UL3,UL3,224,LATE,0.99861264,True,CORRECT,Q1_Short
CANONICAL_f33969dbdf36,TRAIN,TEST,CLUST_0.70_00001,LATE,HSV-2,UL36,UL36,3124,LATE,0.9999988,True,CORRECT,Q4_Long
CANONICAL_f34db90f654e,TRAIN,TEST,CLUST_0.70_00001,LATE,HSV-2,UL36,UL36,3112,LATE,0.99999857,True,CORRECT,Q4_Long
CANONICAL_f3717d0f8419,TRAIN,TEST,CLUST_0.70_00030,EARLY,HSV-1,UL23,UL23,376,EARLY,0.99806935,True,CORRECT,Q1_Short
CANONICAL_f38894288125,TRAIN,TEST,CLUST_0.70_00020,LATE,HSV-2,UNKNOWN,tegument serine/threonine protein kinase,518,LATE,0.9999596,True,CORRECT,Q3_Medium_High
CANONICAL_f38f47f7ffc8,TRAIN,TEST,CLUST_0.70_00018,LATE,HSV-2,UNKNOWN,envelope glycoprotein E,545,LATE,0.99888736,True,CORRECT,Q3_Medium_High
CANONICAL_f39211d3c940,TRAIN,TEST,CLUST_0.70_00030,EARLY,HSV-1,UNKNOWN,thymidine kinase,376,EARLY,0.9944817,True,CORRECT,Q1_Short
CANONICAL_f394467ea34e,TRAIN,TEST,CLUST_0.70_00020,LATE,HSV-2,UNKNOWN,tegument serine/threonine protein kinase,518,LATE,0.9999089,True,CORRECT,Q3_Medium_High
CANONICAL_f3992d525159,VALIDATION,TEST,CLUST_0.70_00080,LATE,HSV-2,UL3,nuclear protein UL3,233,LATE,0.9913203,True,CORRECT,Q1_Short
CANONICAL_f3a578eedaa5,TRAIN,TEST,CLUST_0.70_00018,LATE,HSV-2,UNKNOWN,envelope glycoprotein E,548,LATE,0.99923575,True,CORRECT,Q3_Medium_High
CANONICAL_f3b40f0d9c19,TRAIN,TEST,CLUST_0.70_00004,IMMEDIATE_EARLY,HSV-2,RS1,RS1,875,IMMEDIATE_EARLY,0.99996495,True,CORRECT,Q3_Medium_High
CANONICAL_f3b6d696eb70,TRAIN,TEST,CLUST_0.70_00004,IMMEDIATE_EARLY,HSV-1,RS1,RS1,1300,IMMEDIATE_EARLY,0.99982494,True,CORRECT,Q3_Medium_High
CANONICAL_f3d180d08077,VALIDATION,TEST,CLUST_0.70_00004,IMMEDIATE_EARLY,HSV-2,ICP4,transcriptional regulator ICP4,1467,IMMEDIATE_EARLY,0.9999945,True,CORRECT,Q4_Long
CANONICAL_f3ed55ec9e0f,TRAIN,TEST,CLUST_0.70_00030,EARLY,HSV-1,UL23,UL23,331,EARLY,0.99979,True,CORRECT,Q1_Short
CANONICAL_f412b0699754,TRAIN,TEST,CLUST_0.70_00052,LATE,HSV-1,ICP34,neurovirulence protein ICP34.5,242,LATE,0.99985945,True,CORRECT,Q1_Short
CANONICAL_f44ae8396c85,TRAIN,TEST,CLUST_0.70_00018,EARLY,HSV-1,UL42,"DNA polymerase UL42 processivity factor, partial",488,EARLY,0.995362,True,CORRECT,Q2_Medium_Low
CANONICAL_f45bdd463da0,TEST,TEST,CLUST_0.70_00004,IMMEDIATE_EARLY,HSV-1,RS1,RS1,1314,IMMEDIATE_EARLY,0.99984586,True,CORRECT,Q4_Long
CANONICAL_f477b64736b5,TRAIN,TEST,CLUST_0.70_00030,EARLY,HSV-1,UL23,UL23,376,EARLY,0.9997454,True,CORRECT,Q1_Short
CANONICAL_f499c453de73,TRAIN,TEST,CLUST_0.70_00020,LATE,HSV-2,UNKNOWN,tegument serine/threonine protein kinase,518,LATE,0.99970526,True,CORRECT,Q3_Medium_High
CANONICAL_f49e2a8091b1,TRAIN,TEST,CLUST_0.70_00001,LATE,HSV-1,UL36,UL36,3070,LATE,0.9999999,True,CORRECT,Q4_Long
CANONICAL_f49e93ec5fe0,TEST,TEST,CLUST_0.70_00018,LATE,HSV-2,UNKNOWN,envelope glycoprotein E,548,LATE,0.9996209,True,CORRECT,Q3_Medium_High
CANONICAL_f4ac615f122e,TEST,TEST,CLUST_0.70_00051,LATE,HSV-2,UNKNOWN,tegument protein VP22,303,LATE,0.9998616,True,CORRECT,Q1_Short
CANONICAL_f4b17cd11b88,VALIDATION,TEST,CLUST_0.70_00052,LATE,HSV-1,ICP34,neurovirulence protein ICP34.5,257,LATE,0.99959606,True,CORRECT,Q1_Short
CANONICAL_f4b4d59a7d99,TRAIN,TEST,CLUST_0.70_00052,LATE,HSV-1,ICP34,neurovirulence protein ICP34.5,241,LATE,0.99999607,True,CORRECT,Q1_Short
CANONICAL_f4c1aa5e6254,TRAIN,TEST,CLUST_0.70_00030,EARLY,HSV-2,UNKNOWN,thymidine kinase,376,EARLY,0.99412185,True,CORRECT,Q1_Short
CANONICAL_f531b2db57f5,TRAIN,TEST,CLUST_0.70_00030,EARLY,HSV-1,UNKNOWN,thymidine kinase,376,EARLY,0.9998203,True,CORRECT,Q1_Short
CANONICAL_f55743538292,TRAIN,TEST,CLUST_0.70_00037,LATE,HSV-1,UNKNOWN,envelope glycoprotein D,394,LATE,0.9999999,True,CORRECT,Q2_Medium_Low
CANONICAL_f5586ff6fd22,VALIDATION,TEST,CLUST_0.70_00004,IMMEDIATE_EARLY,HSV-1,ICP4,transcriptional regulator ICP4,1301,IMMEDIATE_EARLY,0.9988005,True,CORRECT,Q3_Medium_High
CANONICAL_f56bbeec6ec7,VALIDATION,TEST,CLUST_0.70_00004,IMMEDIATE_EARLY,HSV-2,ICP4,transcriptional regulator ICP4,1472,IMMEDIATE_EARLY,0.99197876,True,CORRECT,Q4_Long
CANONICAL_f583442b130c,TEST,TEST,CLUST_0.70_00015,LATE,HSV-1,UNKNOWN,envelope glycoprotein C,511,LATE,0.99999905,True,CORRECT,Q3_Medium_High
CANONICAL_f5a9c49a6c01,TRAIN,TEST,CLUST_0.70_00001,LATE,HSV-2,UNKNOWN,large tegument protein,3124,LATE,0.99999845,True,CORRECT,Q4_Long
CANONICAL_f5b3dc4cb466,TRAIN,TEST,CLUST_0.70_00015,LATE,HSV-1,UL44,UL44,511,LATE,0.9999945,True,CORRECT,Q3_Medium_High
CANONICAL_f5b9cc48a719,TRAIN,TEST,CLUST_0.70_00004,IMMEDIATE_EARLY,HSV-1,ICP4,transcriptional regulator ICP4,1301,IMMEDIATE_EARLY,0.99966586,True,CORRECT,Q3_Medium_High
CANONICAL_f5d03b2a507e,TRAIN,TEST,CLUST_0.70_00080,LATE,HSV-1,UL3,UL3,235,LATE,0.99651504,True,CORRECT,Q1_Short
CANONICAL_f5d0fdf641ec,TRAIN,TEST,CLUST_0.70_00030,EARLY,HSV-1,UNKNOWN,thymidine kinase,376,EARLY,0.99958605,True,CORRECT,Q1_Short
CANONICAL_f5e3fce17f68,TRAIN,TEST,CLUST_0.70_00004,IMMEDIATE_EARLY,HSV-1,ICP4,transcriptional regulator ICP4,1297,IMMEDIATE_EARLY,0.9997582,True,CORRECT,Q3_Medium_High
CANONICAL_f5f09e482436,TRAIN,TEST,CLUST_0.70_00037,LATE,HSV-1,UNKNOWN,envelope glycoprotein D,394,LATE,0.99999976,True,CORRECT,Q2_Medium_Low
CANONICAL_f60a42613810,TRAIN,TEST,CLUST_0.70_00015,LATE,HSV-2,UNKNOWN,envelope glycoprotein C,480,LATE,1.0,True,CORRECT,Q2_Medium_Low
CANONICAL_f616893b6360,VALIDATION,TEST,CLUST_0.70_00071,LATE,HSV-1,UL24,nuclear protein UL24,269,EARLY,0.7027319,False,LATE_PREDICTED_AS_EARLY,Q1_Short
CANONICAL_f65de2bb95ab,VALIDATION,TEST,CLUST_0.70_00001,LATE,HSV-2,UL36,UL36,3112,LATE,0.9999987,True,CORRECT,Q4_Long
CANONICAL_f670b0d4a6c7,TRAIN,TEST,CLUST_0.70_00001,LATE,HSV-1,UNKNOWN,large tegument protein,3134,LATE,0.9999999,True,CORRECT,Q4_Long
CANONICAL_f690c9525728,VALIDATION,TEST,CLUST_0.70_00018,EARLY,HSV-1,UNKNOWN,DNA polymerase processivity subunit,488,EARLY,0.99249285,True,CORRECT,Q2_Medium_Low
CANONICAL_f69ae2c24282,TEST,TEST,CLUST_0.70_00030,EARLY,HSV-1,UNKNOWN,thymidine kinase,376,EARLY,0.9989347,True,CORRECT,Q1_Short
CANONICAL_f69bfee0e89c,TRAIN,TEST,CLUST_0.70_00001,LATE,HSV-1,UNKNOWN,large tegument protein,3108,LATE,0.9999999,True,CORRECT,Q4_Long
CANONICAL_f6a46f6826c4,TRAIN,TEST,CLUST_0.70_00015,LATE,HSV-2,UNKNOWN,envelope glycoprotein C,480,LATE,1.0,True,CORRECT,Q2_Medium_Low
CANONICAL_f6a8cfc90d79,TRAIN,TEST,CLUST_0.70_00001,LATE,HSV-1,UNKNOWN,large tegument protein,3139,LATE,0.9999999,True,CORRECT,Q4_Long
CANONICAL_f6cf9b826a5a,TRAIN,TEST,CLUST_0.70_00020,LATE,HSV-1,UNKNOWN,tegument serine/threonine protein kinase,518,LATE,0.9997662,True,CORRECT,Q3_Medium_High
CANONICAL_f6d61eb0df6e,TRAIN,TEST,CLUST_0.70_00030,EARLY,HSV-2,UL23,UL23,376,EARLY,0.99745065,True,CORRECT,Q1_Short
CANONICAL_f6d69416db5d,VALIDATION,TEST,CLUST_0.70_00001,LATE,HSV-1,UNKNOWN,large tegument protein,3114,LATE,0.9999999,True,CORRECT,Q4_Long
CANONICAL_f6eb1df60d9c,TRAIN,TEST,CLUST_0.70_00051,LATE,HSV-2,UNKNOWN,tegument protein VP22,302,LATE,0.79581106,True,CORRECT,Q1_Short
CANONICAL_f72082ee18b6,TRAIN,TEST,CLUST_0.70_00001,LATE,HSV-2,UNKNOWN,large tegument protein,3193,LATE,0.99999166,True,CORRECT,Q4_Long
CANONICAL_f73445b642a2,TRAIN,TEST,CLUST_0.70_00009,LATE,HSV-1,UL48,UL48,490,LATE,0.9998217,True,CORRECT,Q2_Medium_Low
CANONICAL_f7b69796134b,TRAIN,TEST,CLUST_0.70_00018,EARLY,HSV-1,UNKNOWN,DNA polymerase processivity subunit,488,EARLY,0.98584056,True,CORRECT,Q2_Medium_Low
CANONICAL_f7c182ea18ae,VALIDATION,TEST,CLUST_0.70_00001,LATE,HSV-1,UL36,UL36,3124,LATE,0.99999964,True,CORRECT,Q4_Long
CANONICAL_f7daf744b107,TEST,TEST,CLUST_0.70_00004,IMMEDIATE_EARLY,HSV-1,ICP4,transcriptional regulator ICP4,1301,IMMEDIATE_EARLY,0.9934536,True,CORRECT,Q3_Medium_High
CANONICAL_f7f319e18e53,TRAIN,TEST,CLUST_0.70_00071,LATE,HSV-2,UL24,nuclear protein UL24,281,LATE,0.64846617,True,CORRECT,Q1_Short
CANONICAL_f843482f2871,TRAIN,TEST,CLUST_0.70_00030,EARLY,HSV-1,UNKNOWN,thymidine kinase,376,EARLY,0.99703085,True,CORRECT,Q1_Short
CANONICAL_f8481f25f199,TRAIN,TEST,CLUST_0.70_00004,IMMEDIATE_EARLY,HSV-2,ICP4,transcriptional regulator ICP4,1470,IMMEDIATE_EARLY,0.9999715,True,CORRECT,Q4_Long
CANONICAL_f8484e54fcc0,VALIDATION,TEST,CLUST_0.70_00080,LATE,HSV-1,UL3,UL3,224,LATE,0.99546045,True,CORRECT,Q1_Short
CANONICAL_f86b8bd0dc5a,TRAIN,TEST,CLUST_0.70_00001,LATE,HSV-1,UNKNOWN,large tegument protein,3086,LATE,0.9999999,True,CORRECT,Q4_Long
CANONICAL_f87339cd876c,TRAIN,TEST,CLUST_0.70_00004,IMMEDIATE_EARLY,HSV-1,ICP4,transcriptional regulator ICP4,1297,IMMEDIATE_EARLY,0.99979943,True,CORRECT,Q3_Medium_High
CANONICAL_f883f9c9bfdd,VALIDATION,TEST,CLUST_0.70_00001,LATE,HSV-2,UNKNOWN,large tegument protein,3122,LATE,0.9999982,True,CORRECT,Q4_Long
CANONICAL_f88a4e08189b,VALIDATION,TEST,CLUST_0.70_00004,IMMEDIATE_EARLY,HSV-1,RS1,RS1-1,1294,IMMEDIATE_EARLY,0.99976903,True,CORRECT,Q3_Medium_High
CANONICAL_f88f7d87fccd,TRAIN,TEST,CLUST_0.70_00015,LATE,HSV-2,UNKNOWN,envelope glycoprotein C,480,LATE,1.0,True,CORRECT,Q2_Medium_Low
CANONICAL_f8996d9ce661,TRAIN,TEST,CLUST_0.70_00030,EARLY,HSV-1,UNKNOWN,thymidine kinase,376,EARLY,0.9982936,True,CORRECT,Q1_Short
CANONICAL_f8a483aa78e1,TRAIN,TEST,CLUST_0.70_00071,LATE,HSV-1,UL24,nuclear protein UL24,269,EARLY,0.7429739,False,LATE_PREDICTED_AS_EARLY,Q1_Short
CANONICAL_f8aa2711ffcd,TRAIN,TEST,CLUST_0.70_00004,IMMEDIATE_EARLY,HSV-2,ICP4,transcriptional regulator ICP4,1476,IMMEDIATE_EARLY,0.99935764,True,CORRECT,Q4_Long
CANONICAL_f8cde6cd590d,TRAIN,TEST,CLUST_0.70_00015,LATE,HSV-1,UNKNOWN,envelope glycoprotein C,511,LATE,0.99999964,True,CORRECT,Q3_Medium_High
CANONICAL_f8cf944d8419,TRAIN,TEST,CLUST_0.70_00018,LATE,HSV-1,UNKNOWN,envelope glycoprotein E,550,LATE,0.9998666,True,CORRECT,Q3_Medium_High
CANONICAL_f8da8b5f4b1b,TEST,TEST,CLUST_0.70_00071,LATE,HSV-2,UL24,nuclear protein UL24,281,LATE,0.5531472,True,CORRECT,Q1_Short
CANONICAL_f9109f3b63b6,VALIDATION,TEST,CLUST_0.70_00001,LATE,HSV-1,UNKNOWN,large tegument protein,3134,LATE,0.99999976,True,CORRECT,Q4_Long
CANONICAL_f9179bc74f60,TRAIN,TEST,CLUST_0.70_00004,IMMEDIATE_EARLY,HSV-1,ICP4,transcriptional regulator ICP4,1300,IMMEDIATE_EARLY,0.99979824,True,CORRECT,Q3_Medium_High
CANONICAL_f922c5f4c629,TRAIN,TEST,CLUST_0.70_00071,LATE,HSV-1,UL24,nuclear protein UL24,269,EARLY,0.66457444,False,LATE_PREDICTED_AS_EARLY,Q1_Short
CANONICAL_f957d777e5a0,TRAIN,TEST,CLUST_0.70_00030,EARLY,HSV-1,UNKNOWN,thymidine kinase,376,EARLY,0.9991165,True,CORRECT,Q1_Short
CANONICAL_f95e3e84edae,TRAIN,TEST,CLUST_0.70_00004,IMMEDIATE_EARLY,HSV-2,ICP4,transcriptional regulator ICP4,1313,IMMEDIATE_EARLY,0.99963987,True,CORRECT,Q4_Long
CANONICAL_f960140f8109,TRAIN,TEST,CLUST_0.70_00015,LATE,HSV-1,UNKNOWN,envelope glycoprotein C,511,LATE,0.99999857,True,CORRECT,Q3_Medium_High
CANONICAL_f99c37efd019,TRAIN,TEST,CLUST_0.70_00001,LATE,HSV-1,UL36,UL36,3195,LATE,0.99999356,True,CORRECT,Q4_Long
CANONICAL_f9a5d75e78ed,TRAIN,TEST,CLUST_0.70_00080,LATE,HSV-2,UL3,nuclear protein UL3,233,LATE,0.7919287,True,CORRECT,Q1_Short
CANONICAL_f9ac7e68307e,VALIDATION,TEST,CLUST_0.70_00004,IMMEDIATE_EARLY,HSV-1,RS1,RS1,1293,IMMEDIATE_EARLY,0.99980813,True,CORRECT,Q3_Medium_High
CANONICAL_f9f5dd6ac93a,TRAIN,TEST,CLUST_0.70_00001,LATE,HSV-1,UNKNOWN,large tegument protein,3139,LATE,0.9999999,True,CORRECT,Q4_Long
CANONICAL_fa000231dff1,TRAIN,TEST,CLUST_0.70_00009,LATE,HSV-2,UL48,UL48,490,LATE,0.9993963,True,CORRECT,Q2_Medium_Low
CANONICAL_fa07cb8c5d8b,TRAIN,TEST,CLUST_0.70_00030,EARLY,HSV-1,UNKNOWN,thymidine kinase,376,EARLY,0.99833506,True,CORRECT,Q1_Short
CANONICAL_fa08077f5630,VALIDATION,TEST,CLUST_0.70_00001,LATE,HSV-1,UL36,UL36,3124,LATE,0.99999964,True,CORRECT,Q4_Long
CANONICAL_fa3568003462,TRAIN,TEST,CLUST_0.70_00052,LATE,HSV-1,RL1,RL1,241,LATE,0.99999285,True,CORRECT,Q1_Short
CANONICAL_fa77b69df59d,TEST,TEST,CLUST_0.70_00030,EARLY,HSV-1,UNKNOWN,thymidine kinase,376,EARLY,0.99973565,True,CORRECT,Q1_Short
CANONICAL_fa830514b593,TRAIN,TEST,CLUST_0.70_00071,LATE,HSV-1,UL24,UL24,269,EARLY,0.6044801,False,LATE_PREDICTED_AS_EARLY,Q1_Short
CANONICAL_fa836234b191,VALIDATION,TEST,CLUST_0.70_00030,EARLY,HSV-1,UNKNOWN,thymidine kinase,376,EARLY,0.99889106,True,CORRECT,Q1_Short
CANONICAL_fa975dc209cc,TRAIN,TEST,CLUST_0.70_00004,IMMEDIATE_EARLY,HSV-1,ICP4,transcriptional regulator ICP4,1303,IMMEDIATE_EARLY,0.99991477,True,CORRECT,Q4_Long
CANONICAL_fa9be204e91e,TRAIN,TEST,CLUST_0.70_00001,LATE,HSV-1,UNKNOWN,large tegument protein,3072,LATE,0.9999999,True,CORRECT,Q4_Long
CANONICAL_fab2d481b521,TRAIN,TEST,CLUST_0.70_00004,IMMEDIATE_EARLY,HSV-2,ICP4,transcriptional regulator ICP4,1463,IMMEDIATE_EARLY,0.98228973,True,CORRECT,Q4_Long
CANONICAL_fac95a3c6d07,VALIDATION,TEST,CLUST_0.70_00015,LATE,HSV-1,UL44,UL44,511,LATE,0.99995816,True,CORRECT,Q3_Medium_High
CANONICAL_fada128110f4,TRAIN,TEST,CLUST_0.70_00018,LATE,HSV-2,UNKNOWN,envelope glycoprotein E,548,LATE,0.9932494,True,CORRECT,Q3_Medium_High
CANONICAL_faf3b8f8905e,TRAIN,TEST,CLUST_0.70_00009,LATE,HSV-1,UL48,UL48,490,LATE,0.9998265,True,CORRECT,Q2_Medium_Low
CANONICAL_fb018d749640,TEST,TEST,CLUST_0.70_00001,LATE,HSV-2,UNKNOWN,large tegument protein,3122,LATE,0.9999895,True,CORRECT,Q4_Long
CANONICAL_fb04b176a120,TRAIN,TEST,CLUST_0.70_00030,EARLY,HSV-1,UNKNOWN,thymidine kinase,376,EARLY,0.9978771,True,CORRECT,Q1_Short
CANONICAL_fb093ace99b7,TRAIN,TEST,CLUST_0.70_00001,IMMEDIATE_EARLY,HSV-2,ICP4,transcriptional regulator ICP4,3944,LATE,0.53306353,False,IMMEDIATE_EARLY_PREDICTED_AS_LATE,Q4_Long
CANONICAL_fb3835139bc7,VALIDATION,TEST,CLUST_0.70_00030,EARLY,HSV-1,UNKNOWN,thymidine kinase,376,EARLY,0.9992538,True,CORRECT,Q1_Short
CANONICAL_fb3a047dee24,TRAIN,TEST,CLUST_0.70_00018,LATE,HSV-1,US8,US8,477,LATE,0.9999603,True,CORRECT,Q2_Medium_Low
CANONICAL_fb4405962956,TRAIN,TEST,CLUST_0.70_00052,LATE,HSV-1,RL1,RL1-2,247,LATE,0.99999094,True,CORRECT,Q1_Short
CANONICAL_fb5da834d5a4,TEST,TEST,CLUST_0.70_00001,LATE,HSV-2,UNKNOWN,large tegument protein,3122,LATE,0.9999982,True,CORRECT,Q4_Long
CANONICAL_fb6017f2447c,TRAIN,TEST,CLUST_0.70_00052,LATE,HSV-1,RL1,RL1,272,LATE,0.9999999,True,CORRECT,Q1_Short
CANONICAL_fb64528ca653,TRAIN,TEST,CLUST_0.70_00001,LATE,HSV-1,UNKNOWN,large tegument protein,3152,LATE,0.9999999,True,CORRECT,Q4_Long
CANONICAL_fb7a038b3b3c,TRAIN,TEST,CLUST_0.70_00020,LATE,HSV-1,UNKNOWN,tegument serine/threonine protein kinase,518,LATE,0.99997735,True,CORRECT,Q3_Medium_High
CANONICAL_fb8e129f743b,TEST,TEST,CLUST_0.70_00030,EARLY,HSV-1,UNKNOWN,thymidine kinase,376,EARLY,0.9933153,True,CORRECT,Q1_Short
CANONICAL_fb8e61ae5af7,TRAIN,TEST,CLUST_0.70_00018,LATE,HSV-2,US8,US8,459,LATE,0.99999774,True,CORRECT,Q2_Medium_Low
CANONICAL_fb983c893f9c,TRAIN,TEST,CLUST_0.70_00004,IMMEDIATE_EARLY,HSV-1,ICP4,transcriptional regulator ICP4,1300,IMMEDIATE_EARLY,0.9997671,True,CORRECT,Q3_Medium_High
CANONICAL_fb99ae404e0d,TRAIN,TEST,CLUST_0.70_00015,LATE,HSV-1,UNKNOWN,envelope glycoprotein C,511,LATE,0.9999993,True,CORRECT,Q3_Medium_High
CANONICAL_fb9ec53f7383,TRAIN,TEST,CLUST_0.70_00052,LATE,HSV-1,RL1,RL1,251,LATE,0.99999964,True,CORRECT,Q1_Short
CANONICAL_fbd0cb281076,TRAIN,TEST,CLUST_0.70_00015,LATE,HSV-1,UL44,UL44,511,LATE,0.99999714,True,CORRECT,Q3_Medium_High
CANONICAL_fbf07739dd36,TRAIN,TEST,CLUST_0.70_00001,LATE,HSV-2,UNKNOWN,large tegument protein,3122,LATE,0.99999726,True,CORRECT,Q4_Long
CANONICAL_fc20f11e3043,TRAIN,TEST,CLUST_0.70_00018,LATE,HSV-2,UNKNOWN,envelope glycoprotein E,548,LATE,0.99950874,True,CORRECT,Q3_Medium_High
CANONICAL_fc3836547b89,TRAIN,TEST,CLUST_0.70_00071,LATE,HSV-2,UL24,nuclear protein UL24,281,EARLY,0.8102145,False,LATE_PREDICTED_AS_EARLY,Q1_Short
CANONICAL_fc3c76d82261,TRAIN,TEST,CLUST_0.70_00004,IMMEDIATE_EARLY,HSV-1,ICP4,transcriptional regulator ICP4,1303,IMMEDIATE_EARLY,0.9997657,True,CORRECT,Q4_Long
CANONICAL_fc3cb6a52ef0,TRAIN,TEST,CLUST_0.70_00051,LATE,HSV-2,UL49,UL49,302,LATE,0.9998567,True,CORRECT,Q1_Short
CANONICAL_fc3fb2e3f05f,TRAIN,TEST,CLUST_0.70_00015,LATE,HSV-2,UL44,UL44,480,LATE,1.0,True,CORRECT,Q2_Medium_Low
CANONICAL_fc6f80b11163,TRAIN,TEST,CLUST_0.70_00004,IMMEDIATE_EARLY,HSV-1,ICP4,ICP4,1298,IMMEDIATE_EARLY,0.99959093,True,CORRECT,Q3_Medium_High
CANONICAL_fc7aed8f1341,TRAIN,TEST,CLUST_0.70_00051,LATE,HSV-2,UL49,UL49,302,LATE,0.9998337,True,CORRECT,Q1_Short
CANONICAL_fc9077343bda,TRAIN,TEST,CLUST_0.70_00004,IMMEDIATE_EARLY,HSV-1,ICP4,transcriptional regulator ICP4,1296,IMMEDIATE_EARLY,0.99986017,True,CORRECT,Q3_Medium_High
CANONICAL_fcb338c7b023,TRAIN,TEST,CLUST_0.70_00030,EARLY,HSV-1,UNKNOWN,thymidine kinase,376,EARLY,0.99766123,True,CORRECT,Q1_Short
CANONICAL_fcbc5d4a0e61,TRAIN,TEST,CLUST_0.70_00037,LATE,HSV-2,UNKNOWN,envelope glycoprotein D,393,LATE,0.99999905,True,CORRECT,Q2_Medium_Low
CANONICAL_fcc8cd0f54d3,TRAIN,TEST,CLUST_0.70_00001,LATE,HSV-1,UNKNOWN,large tegument protein,3139,LATE,0.9999999,True,CORRECT,Q4_Long
CANONICAL_fcd0c269e9d9,TRAIN,TEST,CLUST_0.70_00030,EARLY,HSV-2,UNKNOWN,thymidine kinase,376,EARLY,0.9988275,True,CORRECT,Q1_Short
CANONICAL_fcee29d536b4,VALIDATION,TEST,CLUST_0.70_00004,IMMEDIATE_EARLY,HSV-2,ICP4,transcriptional regulator ICP4,1450,IMMEDIATE_EARLY,0.9999926,True,CORRECT,Q4_Long
CANONICAL_fd28286b7652,TRAIN,TEST,CLUST_0.70_00020,LATE,HSV-2,UNKNOWN,tegument serine/threonine protein kinase,518,LATE,0.99998343,True,CORRECT,Q3_Medium_High
CANONICAL_fd2e11ccb0ce,TRAIN,TEST,CLUST_0.70_00001,LATE,HSV-2,UNKNOWN,large tegument protein,3122,LATE,0.9999981,True,CORRECT,Q4_Long
CANONICAL_fd3403bec229,TRAIN,TEST,CLUST_0.70_00004,IMMEDIATE_EARLY,HSV-1,RS1,RS1,1302,IMMEDIATE_EARLY,0.99965477,True,CORRECT,Q3_Medium_High
CANONICAL_fd38b11cf5a7,TRAIN,TEST,CLUST_0.70_00030,EARLY,HSV-1,UNKNOWN,thymidine kinase,376,EARLY,0.994125,True,CORRECT,Q1_Short
CANONICAL_fd3928800300,TRAIN,TEST,CLUST_0.70_00004,IMMEDIATE_EARLY,HSV-1,RS1,RS1,1281,IMMEDIATE_EARLY,0.99949646,True,CORRECT,Q3_Medium_High
CANONICAL_fd4b00be56af,TRAIN,TEST,CLUST_0.70_00004,IMMEDIATE_EARLY,HSV-1,ICP4,transcriptional regulator ICP4,1298,IMMEDIATE_EARLY,0.9996056,True,CORRECT,Q3_Medium_High
CANONICAL_fd53cd2e892e,VALIDATION,TEST,CLUST_0.70_00030,EARLY,HSV-2,UNKNOWN,thymidine kinase,376,EARLY,0.9982704,True,CORRECT,Q1_Short
CANONICAL_fd68e81cdae2,TRAIN,TEST,CLUST_0.70_00015,LATE,HSV-1,UNKNOWN,envelope glycoprotein C,511,LATE,0.99999917,True,CORRECT,Q3_Medium_High
CANONICAL_fd71be00dfe9,TRAIN,TEST,CLUST_0.70_00071,LATE,HSV-2,UL24,nuclear protein UL24,281,EARLY,0.75073403,False,LATE_PREDICTED_AS_EARLY,Q1_Short
CANONICAL_fd8ea1528699,VALIDATION,TEST,CLUST_0.70_00030,EARLY,HSV-1,UNKNOWN,thymidine kinase,376,EARLY,0.9974038,True,CORRECT,Q1_Short
CANONICAL_fd92c6ea8881,TRAIN,TEST,CLUST_0.70_00001,LATE,HSV-2,UNKNOWN,large tegument protein,3099,LATE,0.9999964,True,CORRECT,Q4_Long
CANONICAL_fdb091d91922,TRAIN,TEST,CLUST_0.70_00001,LATE,HSV-1,UNKNOWN,large tegument protein,3139,LATE,0.9999999,True,CORRECT,Q4_Long
CANONICAL_fdbbd63b136d,TRAIN,TEST,CLUST_0.70_00004,IMMEDIATE_EARLY,HSV-1,ICP4,transcriptional regulator ICP4,1302,IMMEDIATE_EARLY,0.999856,True,CORRECT,Q3_Medium_High
CANONICAL_fdcf248ecc10,TRAIN,TEST,CLUST_0.70_00015,LATE,HSV-2,UNKNOWN,envelope glycoprotein C,480,LATE,1.0,True,CORRECT,Q2_Medium_Low
CANONICAL_fdf6cd641288,TRAIN,TEST,CLUST_0.70_00037,LATE,HSV-1,UNKNOWN,"envelope glycoprotein D, partial",218,LATE,0.96716577,True,CORRECT,Q1_Short
CANONICAL_fe01cb2c5ea8,TRAIN,TEST,CLUST_0.70_00071,LATE,HSV-1,UL24,nuclear protein UL24,269,EARLY,0.76080894,False,LATE_PREDICTED_AS_EARLY,Q1_Short
CANONICAL_fe38d77250bd,TEST,TEST,CLUST_0.70_00004,IMMEDIATE_EARLY,HSV-1,ICP4,transcriptional regulator ICP4,1302,IMMEDIATE_EARLY,0.99985695,True,CORRECT,Q3_Medium_High
CANONICAL_fe3d7ebcff70,TRAIN,TEST,CLUST_0.70_00018,LATE,HSV-2,UNKNOWN,envelope glycoprotein E,548,LATE,0.9995691,True,CORRECT,Q3_Medium_High
CANONICAL_fe4d11098c0b,TRAIN,TEST,CLUST_0.70_00018,LATE,HSV-2,UNKNOWN,envelope glycoprotein E,548,LATE,0.9932441,True,CORRECT,Q3_Medium_High
CANONICAL_fe540740c4ef,VALIDATION,TEST,CLUST_0.70_00009,LATE,HSV-2,UL48,UL48,490,LATE,0.99957806,True,CORRECT,Q2_Medium_Low
CANONICAL_fe6303a12070,TRAIN,TEST,CLUST_0.70_00015,LATE,HSV-2,UNKNOWN,envelope glycoprotein C,480,LATE,1.0,True,CORRECT,Q2_Medium_Low
CANONICAL_fe9494d31ac7,TEST,TEST,CLUST_0.70_00015,LATE,HSV-1,UNKNOWN,envelope glycoprotein C,511,LATE,0.9999964,True,CORRECT,Q3_Medium_High
CANONICAL_fea1a83d4b85,TRAIN,TEST,CLUST_0.70_00052,LATE,HSV-1,ICP34,neurovirulence protein ICP34.5,245,LATE,0.9999877,True,CORRECT,Q1_Short
CANONICAL_fea64c25feda,TRAIN,TEST,CLUST_0.70_00004,IMMEDIATE_EARLY,HSV-1,RS1,RS1,1300,IMMEDIATE_EARLY,0.99990773,True,CORRECT,Q3_Medium_High
CANONICAL_fea84debfaf8,TRAIN,TEST,CLUST_0.70_00030,EARLY,HSV-1,UNKNOWN,thymidine kinase,376,EARLY,0.99881566,True,CORRECT,Q1_Short
CANONICAL_feba35aa0ed1,TRAIN,TEST,CLUST_0.70_00004,IMMEDIATE_EARLY,HSV-2,ICP4,transcriptional regulator ICP4,1469,IMMEDIATE_EARLY,0.99999917,True,CORRECT,Q4_Long
CANONICAL_fecb1ef47576,TRAIN,TEST,CLUST_0.70_00001,LATE,HSV-1,UNKNOWN,large tegument protein,3120,LATE,0.9999981,True,CORRECT,Q4_Long
CANONICAL_fede41d048f7,TRAIN,TEST,CLUST_0.70_00030,EARLY,HSV-1,UNKNOWN,thymidine kinase,376,EARLY,0.9997634,True,CORRECT,Q1_Short
CANONICAL_fede66b5a827,TRAIN,TEST,CLUST_0.70_00001,LATE,HSV-2,UNKNOWN,large tegument protein,3107,LATE,0.99999785,True,CORRECT,Q4_Long
CANONICAL_fee96f41da03,TRAIN,TEST,CLUST_0.70_00009,LATE,HSV-1,UL48,UL48,490,LATE,0.99971074,True,CORRECT,Q2_Medium_Low
CANONICAL_ff14b52b02c3,TRAIN,TEST,CLUST_0.70_00004,IMMEDIATE_EARLY,HSV-1,RS1,RS1,1300,IMMEDIATE_EARLY,0.99861467,True,CORRECT,Q3_Medium_High
CANONICAL_ff1514effa97,VALIDATION,TEST,CLUST_0.70_00037,LATE,HSV-1,UNKNOWN,envelope glycoprotein D,394,LATE,0.9999999,True,CORRECT,Q2_Medium_Low
CANONICAL_ff19ff143829,TEST,TEST,CLUST_0.70_00030,EARLY,HSV-2,UNKNOWN,thymidine kinase,376,EARLY,0.9985625,True,CORRECT,Q1_Short
CANONICAL_ff215c6b8623,TRAIN,TEST,CLUST_0.70_00052,LATE,HSV-1,RL1,RL1,265,LATE,0.9999856,True,CORRECT,Q1_Short
CANONICAL_ff2d2b986d28,TRAIN,TEST,CLUST_0.70_00071,LATE,HSV-1,UL24,nuclear protein UL24,269,EARLY,0.7968511,False,LATE_PREDICTED_AS_EARLY,Q1_Short
CANONICAL_ff38f9ae97ea,TEST,TEST,CLUST_0.70_00015,LATE,HSV-2,UL44,UL44,480,LATE,1.0,True,CORRECT,Q2_Medium_Low
CANONICAL_ff3f81df333d,TEST,TEST,CLUST_0.70_00052,LATE,HSV-1,RL1,RL1,263,LATE,0.9999994,True,CORRECT,Q1_Short
CANONICAL_ff54aad02e1d,VALIDATION,TEST,CLUST_0.70_00037,LATE,HSV-1,US6,US6,394,LATE,0.9999999,True,CORRECT,Q2_Medium_Low
CANONICAL_ff617b1aea86,TRAIN,TEST,CLUST_0.70_00052,LATE,HSV-2,RL1,RL1,256,LATE,0.9988973,True,CORRECT,Q1_Short
CANONICAL_ff64a8c36d22,TRAIN,TEST,CLUST_0.70_00001,LATE,HSV-1,UNKNOWN,large tegument protein,3114,LATE,0.99999976,True,CORRECT,Q4_Long
CANONICAL_ff79bc411392,VALIDATION,TEST,CLUST_0.70_00080,LATE,HSV-1,UL3,nuclear protein UL3,235,LATE,0.99807715,True,CORRECT,Q1_Short
CANONICAL_ff9a544877d6,TEST,TEST,CLUST_0.70_00001,LATE,HSV-1,UNKNOWN,large tegument protein,3132,LATE,0.9999999,True,CORRECT,Q4_Long
