representation,model,weighting,seed,repeat,fold,accuracy,balanced_accuracy,precision_macro,recall_macro,f1_macro,f1_weighted,mcc,precision_IE,recall_IE,f1_IE,precision_Early,recall_Early,f1_Early,precision_Late,recall_Late,f1_Late
Physicochemical,Logistic_Regression,Unweighted,42,1,1,0.8,0.6060606060606061,0.5,0.6060606060606061,0.5222222222222223,0.7933333333333333,0.6252659008841843,0.0,0.0,0.0,0.5,1.0,0.6666666666666666,1.0,0.8181818181818182,0.9
Physicochemical,Logistic_Regression,Unweighted,42,1,2,0.4666666666666667,0.2929292929292929,0.2888888888888889,0.2929292929292929,0.2833333333333333,0.49,-0.09495002196669013,0.0,0.0,0.0,0.2,0.3333333333333333,0.25,0.6666666666666666,0.5454545454545454,0.6
Physicochemical,Logistic_Regression,Unweighted,42,1,3,0.6666666666666666,0.6060606060606061,0.5833333333333334,0.6060606060606061,0.5942028985507246,0.6405797101449276,0.1301433441770828,1.0,1.0,1.0,0.0,0.0,0.0,0.75,0.8181818181818182,0.782608695652174
Physicochemical,Logistic_Regression,Unweighted,42,1,4,0.6,0.27272727272727276,0.25,0.27272727272727276,0.2608695652173913,0.5739130434782609,-0.07293249574894728,0.0,0.0,0.0,0.0,0.0,0.0,0.75,0.8181818181818182,0.782608695652174
Physicochemical,Logistic_Regression,Unweighted,42,1,5,0.5,0.2333333333333333,0.21212121212121213,0.2333333333333333,0.2222222222222222,0.47619047619047616,-0.24488114955757184,0.0,0.0,0.0,0.0,0.0,0.0,0.6363636363636364,0.7,0.6666666666666666
Physicochemical,Logistic_Regression,Unweighted,123,2,1,0.7333333333333333,0.41414141414141414,0.4230769230769231,0.41414141414141414,0.41111111111111115,0.6911111111111111,0.22885182707624924,0.0,0.0,0.0,0.5,0.3333333333333333,0.4,0.7692307692307693,0.9090909090909091,0.8333333333333334
Physicochemical,Logistic_Regression,Unweighted,123,2,2,0.6666666666666666,0.6060606060606061,0.4166666666666667,0.6060606060606061,0.4830917874396135,0.6183574879227053,0.15380577039109783,0.5,1.0,0.6666666666666666,0.0,0.0,0.0,0.75,0.8181818181818182,0.782608695652174
Physicochemical,Logistic_Regression,Unweighted,123,2,3,0.8,0.7474747474747474,0.7777777777777778,0.7474747474747474,0.7565217391304347,0.7843478260869564,0.4850797373873086,1.0,1.0,1.0,0.5,0.3333333333333333,0.4,0.8333333333333334,0.9090909090909091,0.8695652173913043
Physicochemical,Logistic_Regression,Unweighted,123,2,4,0.6666666666666666,0.30303030303030304,0.2380952380952381,0.30303030303030304,0.26666666666666666,0.5866666666666667,-0.13644420572745383,0.0,0.0,0.0,0.0,0.0,0.0,0.7142857142857143,0.9090909090909091,0.8
Physicochemical,Logistic_Regression,Unweighted,123,2,5,0.7857142857142857,0.5222222222222223,0.494949494949495,0.5222222222222223,0.5079365079365079,0.7551020408163265,0.46456538905166156,0.0,0.0,0.0,0.6666666666666666,0.6666666666666666,0.6666666666666666,0.8181818181818182,0.9,0.8571428571428571
Physicochemical,Logistic_Regression,Unweighted,456,3,1,0.7333333333333333,0.3333333333333333,0.2619047619047619,0.3333333333333333,0.29333333333333333,0.6453333333333333,0.1559362351170901,0.0,0.0,0.0,0.0,0.0,0.0,0.7857142857142857,1.0,0.88
Physicochemical,Logistic_Regression,Unweighted,456,3,2,0.6,0.5757575757575758,0.5757575757575758,0.5757575757575758,0.5757575757575758,0.6,0.0425531914893617,1.0,1.0,1.0,0.0,0.0,0.0,0.7272727272727273,0.7272727272727273,0.7272727272727273
Physicochemical,Logistic_Regression,Unweighted,456,3,3,0.4,0.1818181818181818,0.19999999999999998,0.1818181818181818,0.19047619047619047,0.41904761904761906,-0.36099743619057767,0.0,0.0,0.0,0.0,0.0,0.0,0.6,0.5454545454545454,0.5714285714285714
Physicochemical,Logistic_Regression,Unweighted,456,3,4,0.6666666666666666,0.6868686868686869,0.6833333333333332,0.6868686868686869,0.6825396825396824,0.6825396825396824,0.2679711003789361,1.0,1.0,1.0,0.25,0.3333333333333333,0.2857142857142857,0.8,0.7272727272727273,0.7619047619047619
Physicochemical,Logistic_Regression,Unweighted,456,3,5,0.7142857142857143,0.48888888888888893,0.43333333333333335,0.48888888888888893,0.45714285714285713,0.6938775510204082,0.33756997551928847,0.0,0.0,0.0,0.5,0.6666666666666666,0.5714285714285714,0.8,0.8,0.8
Physicochemical,Logistic_Regression,Unweighted,789,4,1,0.6666666666666666,0.6868686868686869,0.6833333333333332,0.6868686868686869,0.6825396825396824,0.6825396825396824,0.2679711003789361,1.0,1.0,1.0,0.25,0.3333333333333333,0.2857142857142857,0.8,0.7272727272727273,0.7619047619047619
Physicochemical,Logistic_Regression,Unweighted,789,4,2,0.7333333333333333,0.7171717171717171,0.6060606060606061,0.7171717171717171,0.6282828282828282,0.7244444444444444,0.37896836447993354,0.5,1.0,0.6666666666666666,0.5,0.3333333333333333,0.4,0.8181818181818182,0.8181818181818182,0.8181818181818182
Physicochemical,Logistic_Regression,Unweighted,789,4,3,0.6,0.35353535353535354,0.35353535353535354,0.35353535353535354,0.35353535353535354,0.6,0.0425531914893617,0.0,0.0,0.0,0.3333333333333333,0.3333333333333333,0.3333333333333333,0.7272727272727273,0.7272727272727273,0.7272727272727273
Physicochemical,Logistic_Regression,Unweighted,789,4,4,0.6666666666666666,0.30303030303030304,0.2380952380952381,0.30303030303030304,0.26666666666666666,0.5866666666666667,-0.13644420572745383,0.0,0.0,0.0,0.0,0.0,0.0,0.7142857142857143,0.9090909090909091,0.8
Physicochemical,Logistic_Regression,Unweighted,789,4,5,0.9285714285714286,0.8888888888888888,0.9696969696969697,0.8888888888888888,0.9174603174603174,0.9231292517006803,0.8377513011180089,1.0,1.0,1.0,1.0,0.6666666666666666,0.8,0.9090909090909091,1.0,0.9523809523809523
Physicochemical,Logistic_Regression,Unweighted,2026,5,1,0.8,0.4444444444444444,0.5952380952380952,0.4444444444444444,0.45999999999999996,0.7453333333333333,0.44831667596163405,0.0,0.0,0.0,1.0,0.3333333333333333,0.5,0.7857142857142857,1.0,0.88
Physicochemical,Logistic_Regression,Unweighted,2026,5,2,0.6,0.6565656565656566,0.6592592592592593,0.6565656565656566,0.65,0.63,0.18990004393338025,1.0,1.0,1.0,0.2,0.3333333333333333,0.25,0.7777777777777778,0.6363636363636364,0.7
Physicochemical,Logistic_Regression,Unweighted,2026,5,3,0.6666666666666666,0.30303030303030304,0.25641025641025644,0.30303030303030304,0.2777777777777778,0.6111111111111112,0.014303239192265577,0.0,0.0,0.0,0.0,0.0,0.0,0.7692307692307693,0.9090909090909091,0.8333333333333334
Physicochemical,Logistic_Regression,Unweighted,2026,5,4,0.6666666666666666,0.6060606060606061,0.4166666666666667,0.6060606060606061,0.4830917874396135,0.6183574879227053,0.15380577039109783,0.5,1.0,0.6666666666666666,0.0,0.0,0.0,0.75,0.8181818181818182,0.782608695652174
Physicochemical,Logistic_Regression,Unweighted,2026,5,5,0.5714285714285714,0.3444444444444444,0.32592592592592595,0.3444444444444444,0.3289473684210526,0.5798872180451128,0.07956600627155523,0.0,0.0,0.0,0.2,0.3333333333333333,0.25,0.7777777777777778,0.7,0.7368421052631579
Physicochemical,Logistic_Regression,Class_Balanced,42,1,1,0.7333333333333333,0.8787878787878788,0.6666666666666666,0.8787878787878788,0.7037037037037037,0.7481481481481481,0.6014167670256413,0.5,1.0,0.6666666666666666,0.5,1.0,0.6666666666666666,1.0,0.6363636363636364,0.7777777777777778
Physicochemical,Logistic_Regression,Class_Balanced,42,1,2,0.5333333333333333,0.6262626262626262,0.48333333333333334,0.6262626262626262,0.5160818713450293,0.5576023391812865,0.13466054463872648,0.5,1.0,0.6666666666666666,0.2,0.3333333333333333,0.25,0.75,0.5454545454545454,0.631578947368421
Physicochemical,Logistic_Regression,Class_Balanced,42,1,3,0.7333333333333333,0.7171717171717171,0.7171717171717171,0.7171717171717171,0.7171717171717171,0.7333333333333333,0.3617021276595745,1.0,1.0,1.0,0.3333333333333333,0.3333333333333333,0.3333333333333333,0.8181818181818182,0.8181818181818182,0.8181818181818182
Physicochemical,Logistic_Regression,Class_Balanced,42,1,4,0.5333333333333333,0.6262626262626262,0.638888888888889,0.6262626262626262,0.6179337231968811,0.5742690058479532,0.12041167089324305,1.0,1.0,1.0,0.16666666666666666,0.3333333333333333,0.2222222222222222,0.75,0.5454545454545454,0.631578947368421
Physicochemical,Logistic_Regression,Class_Balanced,42,1,5,0.35714285714285715,0.24444444444444446,0.24603174603174602,0.24444444444444446,0.23093681917211328,0.38375350140056025,-0.19534757877375794,0.0,0.0,0.0,0.16666666666666666,0.3333333333333333,0.2222222222222222,0.5714285714285714,0.4,0.47058823529411764
Physicochemical,Logistic_Regression,Class_Balanced,123,2,1,0.6666666666666666,0.6868686868686869,0.6833333333333332,0.6868686868686869,0.6825396825396824,0.6825396825396824,0.2679711003789361,1.0,1.0,1.0,0.25,0.3333333333333333,0.2857142857142857,0.8,0.7272727272727273,0.7619047619047619
Physicochemical,Logistic_Regression,Class_Balanced,123,2,2,0.4666666666666667,0.5151515151515151,0.38888888888888884,0.5151515151515151,0.4222222222222222,0.48444444444444446,-0.07409948978045726,0.5,1.0,0.6666666666666666,0.0,0.0,0.0,0.6666666666666666,0.5454545454545454,0.6
Physicochemical,Logistic_Regression,Class_Balanced,123,2,3,0.8,0.8282828282828283,0.7999999999999999,0.8282828282828283,0.8095238095238094,0.8095238095238095,0.565716767466643,1.0,1.0,1.0,0.5,0.6666666666666666,0.5714285714285714,0.9,0.8181818181818182,0.8571428571428571
Physicochemical,Logistic_Regression,Class_Balanced,123,2,4,0.6,0.6565656565656566,0.5092592592592592,0.6565656565656566,0.5507936507936507,0.6149206349206349,0.20377359689625746,0.5,1.0,0.6666666666666666,0.25,0.3333333333333333,0.2857142857142857,0.7777777777777778,0.6363636363636364,0.7
Physicochemical,Logistic_Regression,Class_Balanced,123,2,5,0.6428571428571429,0.45555555555555555,0.4259259259259259,0.45555555555555555,0.4360902255639097,0.6487647690655208,0.25053336554642197,0.0,0.0,0.0,0.5,0.6666666666666666,0.5714285714285714,0.7777777777777778,0.7,0.7368421052631579
Physicochemical,Logistic_Regression,Class_Balanced,456,3,1,0.4,0.1818181818181818,0.2222222222222222,0.1818181818181818,0.19999999999999998,0.44,-0.2130360331188146,0.0,0.0,0.0,0.0,0.0,0.0,0.6666666666666666,0.5454545454545454,0.6
Physicochemical,Logistic_Regression,Class_Balanced,456,3,2,0.5333333333333333,0.5454545454545454,0.39999999999999997,0.5454545454545454,0.4444444444444444,0.5333333333333333,-0.009746014694818131,0.5,1.0,0.6666666666666666,0.0,0.0,0.0,0.7,0.6363636363636364,0.6666666666666666
Physicochemical,Logistic_Regression,Class_Balanced,456,3,3,0.4666666666666667,0.5959595959595959,0.4603174603174603,0.5959595959595959,0.48148148148148145,0.4962962962962963,0.0707549137677225,0.5,1.0,0.6666666666666666,0.16666666666666666,0.3333333333333333,0.2222222222222222,0.7142857142857143,0.45454545454545453,0.5555555555555556
Physicochemical,Logistic_Regression,Class_Balanced,456,3,4,0.4,0.5656565656565656,0.43650793650793646,0.5656565656565656,0.44575163398692813,0.42954248366013076,0.008844364220965312,0.5,1.0,0.6666666666666666,0.14285714285714285,0.3333333333333333,0.2,0.6666666666666666,0.36363636363636365,0.47058823529411764
Physicochemical,Logistic_Regression,Class_Balanced,456,3,5,0.6428571428571429,0.45555555555555555,0.3925925925925926,0.45555555555555555,0.41228070175438597,0.6334586466165414,0.2386980188146657,0.0,0.0,0.0,0.4,0.6666666666666666,0.5,0.7777777777777778,0.7,0.7368421052631579
Physicochemical,Logistic_Regression,Class_Balanced,789,4,1,0.6,0.7373737373737373,0.7142857142857143,0.7373737373737373,0.6888888888888888,0.6355555555555555,0.3307907078519827,1.0,1.0,1.0,0.2857142857142857,0.6666666666666666,0.4,0.8571428571428571,0.5454545454545454,0.6666666666666666
Physicochemical,Logistic_Regression,Class_Balanced,789,4,2,0.6,0.6565656565656566,0.5092592592592592,0.6565656565656566,0.5507936507936507,0.6149206349206349,0.20377359689625746,0.5,1.0,0.6666666666666666,0.25,0.3333333333333333,0.2857142857142857,0.7777777777777778,0.6363636363636364,0.7
Physicochemical,Logistic_Regression,Class_Balanced,789,4,3,0.5333333333333333,0.32323232323232326,0.3444444444444444,0.32323232323232326,0.3333333333333333,0.5555555555555555,-0.009746014694818131,0.0,0.0,0.0,0.3333333333333333,0.3333333333333333,0.3333333333333333,0.7,0.6363636363636364,0.6666666666666666
Physicochemical,Logistic_Regression,Class_Balanced,789,4,4,0.6,0.5757575757575758,0.5757575757575758,0.5757575757575758,0.5757575757575758,0.6,0.0425531914893617,1.0,1.0,1.0,0.0,0.0,0.0,0.7272727272727273,0.7272727272727273,0.7272727272727273
Physicochemical,Logistic_Regression,Class_Balanced,789,4,5,0.7142857142857143,0.7888888888888888,0.7583333333333333,0.7888888888888888,0.7592592592592592,0.7341269841269842,0.46084037168961867,1.0,1.0,1.0,0.4,0.6666666666666666,0.5,0.875,0.7,0.7777777777777778
Physicochemical,Logistic_Regression,Class_Balanced,2026,5,1,0.7333333333333333,0.494949494949495,0.494949494949495,0.494949494949495,0.494949494949495,0.7333333333333333,0.3617021276595745,0.0,0.0,0.0,0.6666666666666666,0.6666666666666666,0.6666666666666666,0.8181818181818182,0.8181818181818182,0.8181818181818182
Physicochemical,Logistic_Regression,Class_Balanced,2026,5,2,0.6,0.6565656565656566,0.6592592592592593,0.6565656565656566,0.65,0.63,0.18990004393338025,1.0,1.0,1.0,0.2,0.3333333333333333,0.25,0.7777777777777778,0.6363636363636364,0.7
Physicochemical,Logistic_Regression,Class_Balanced,2026,5,3,0.6,0.6565656565656566,0.6592592592592593,0.6565656565656566,0.65,0.63,0.18990004393338025,1.0,1.0,1.0,0.2,0.3333333333333333,0.25,0.7777777777777778,0.6363636363636364,0.7
Physicochemical,Logistic_Regression,Class_Balanced,2026,5,4,0.6666666666666666,0.8484848484848485,0.611111111111111,0.8484848484848485,0.6241830065359477,0.6843137254901961,0.5414961542858666,0.3333333333333333,1.0,0.5,0.5,1.0,0.6666666666666666,1.0,0.5454545454545454,0.7058823529411765
Physicochemical,Logistic_Regression,Class_Balanced,2026,5,5,0.5714285714285714,0.3444444444444444,0.32592592592592595,0.3444444444444444,0.3289473684210526,0.5798872180451128,0.07956600627155523,0.0,0.0,0.0,0.2,0.3333333333333333,0.25,0.7777777777777778,0.7,0.7368421052631579
Physicochemical,SVM_Linear,Unweighted,42,1,1,0.7333333333333333,0.8787878787878788,0.6444444444444445,0.8787878787878788,0.6759259259259259,0.7537037037037037,0.6058846376880627,0.3333333333333333,1.0,0.5,0.6,1.0,0.75,1.0,0.6363636363636364,0.7777777777777778
Physicochemical,SVM_Linear,Unweighted,42,1,2,0.6,0.6565656565656566,0.5092592592592592,0.6565656565656566,0.5507936507936507,0.6149206349206349,0.20377359689625746,0.5,1.0,0.6666666666666666,0.25,0.3333333333333333,0.2857142857142857,0.7777777777777778,0.6363636363636364,0.7
Physicochemical,SVM_Linear,Unweighted,42,1,3,0.8,0.6666666666666666,0.5952380952380952,0.6666666666666666,0.6266666666666666,0.712,0.48730073474090657,1.0,1.0,1.0,0.0,0.0,0.0,0.7857142857142857,1.0,0.88
Physicochemical,SVM_Linear,Unweighted,42,1,4,0.6666666666666666,0.6060606060606061,0.4166666666666667,0.6060606060606061,0.4830917874396135,0.6183574879227053,0.15380577039109783,0.5,1.0,0.6666666666666666,0.0,0.0,0.0,0.75,0.8181818181818182,0.782608695652174
Physicochemical,SVM_Linear,Unweighted,42,1,5,0.5714285714285714,0.6444444444444444,0.5,0.6444444444444444,0.5396825396825397,0.5850340136054422,0.18340630783632506,0.5,1.0,0.6666666666666666,0.25,0.3333333333333333,0.2857142857142857,0.75,0.6,0.6666666666666666
Physicochemical,SVM_Linear,Unweighted,123,2,1,0.7333333333333333,0.41414141414141414,0.4230769230769231,0.41414141414141414,0.41111111111111115,0.6911111111111111,0.22885182707624924,0.0,0.0,0.0,0.5,0.3333333333333333,0.4,0.7692307692307693,0.9090909090909091,0.8333333333333334
Physicochemical,SVM_Linear,Unweighted,123,2,2,0.6666666666666666,0.6060606060606061,0.4166666666666667,0.6060606060606061,0.4830917874396135,0.6183574879227053,0.15380577039109783,0.5,1.0,0.6666666666666666,0.0,0.0,0.0,0.75,0.8181818181818182,0.782608695652174
Physicochemical,SVM_Linear,Unweighted,123,2,3,0.7333333333333333,0.7171717171717171,0.6060606060606061,0.7171717171717171,0.6282828282828282,0.7244444444444444,0.37896836447993354,0.5,1.0,0.6666666666666666,0.5,0.3333333333333333,0.4,0.8181818181818182,0.8181818181818182,0.8181818181818182
Physicochemical,SVM_Linear,Unweighted,123,2,4,0.5333333333333333,0.5454545454545454,0.39999999999999997,0.5454545454545454,0.4444444444444444,0.5333333333333333,-0.009746014694818131,0.5,1.0,0.6666666666666666,0.0,0.0,0.0,0.7,0.6363636363636364,0.6666666666666666
Physicochemical,SVM_Linear,Unweighted,123,2,5,0.7142857142857143,0.48888888888888893,0.48888888888888893,0.48888888888888893,0.48888888888888893,0.7142857142857143,0.3488372093023256,0.0,0.0,0.0,0.6666666666666666,0.6666666666666666,0.6666666666666666,0.8,0.8,0.8
Physicochemical,SVM_Linear,Unweighted,456,3,1,0.6,0.27272727272727276,0.23076923076923075,0.27272727272727276,0.25,0.55,-0.14303239192265577,0.0,0.0,0.0,0.0,0.0,0.0,0.6923076923076923,0.8181818181818182,0.75
Physicochemical,SVM_Linear,Unweighted,456,3,2,0.6,0.6565656565656566,0.5092592592592592,0.6565656565656566,0.5507936507936507,0.6149206349206349,0.20377359689625746,0.5,1.0,0.6666666666666666,0.25,0.3333333333333333,0.2857142857142857,0.7777777777777778,0.6363636363636364,0.7
Physicochemical,SVM_Linear,Unweighted,456,3,3,0.4666666666666667,0.5959595959595959,0.4603174603174603,0.5959595959595959,0.48148148148148145,0.4962962962962963,0.0707549137677225,0.5,1.0,0.6666666666666666,0.16666666666666666,0.3333333333333333,0.2222222222222222,0.7142857142857143,0.45454545454545453,0.5555555555555556
Physicochemical,SVM_Linear,Unweighted,456,3,4,0.6666666666666666,0.6868686868686869,0.5444444444444444,0.6868686868686869,0.5873015873015873,0.6698412698412697,0.2826344261497258,0.5,1.0,0.6666666666666666,0.3333333333333333,0.3333333333333333,0.3333333333333333,0.8,0.7272727272727273,0.7619047619047619
Physicochemical,SVM_Linear,Unweighted,456,3,5,0.7857142857142857,0.7444444444444445,0.7727272727272728,0.7444444444444445,0.7523809523809524,0.7693877551020408,0.476873817559482,1.0,1.0,1.0,0.5,0.3333333333333333,0.4,0.8181818181818182,0.9,0.8571428571428571
Physicochemical,SVM_Linear,Unweighted,789,4,1,0.7333333333333333,0.7979797979797979,0.762962962962963,0.7979797979797979,0.7666666666666666,0.7533333333333334,0.4747501098334506,1.0,1.0,1.0,0.4,0.6666666666666666,0.5,0.8888888888888888,0.7272727272727273,0.8
Physicochemical,SVM_Linear,Unweighted,789,4,2,0.6666666666666666,0.6060606060606061,0.4166666666666667,0.6060606060606061,0.4830917874396135,0.6183574879227053,0.15380577039109783,0.5,1.0,0.6666666666666666,0.0,0.0,0.0,0.75,0.8181818181818182,0.782608695652174
Physicochemical,SVM_Linear,Unweighted,789,4,3,0.6,0.35353535353535354,0.4090909090909091,0.35353535353535354,0.3757575757575758,0.6133333333333333,0.06316139407998893,0.0,0.0,0.0,0.5,0.3333333333333333,0.4,0.7272727272727273,0.7272727272727273,0.7272727272727273
Physicochemical,SVM_Linear,Unweighted,789,4,4,0.6666666666666666,0.6060606060606061,0.5833333333333334,0.6060606060606061,0.5942028985507246,0.6405797101449276,0.1301433441770828,1.0,1.0,1.0,0.0,0.0,0.0,0.75,0.8181818181818182,0.782608695652174
Physicochemical,SVM_Linear,Unweighted,789,4,5,0.7857142857142857,0.7444444444444445,0.7727272727272728,0.7444444444444445,0.6746031746031745,0.7670068027210883,0.5026507806708054,0.5,1.0,0.6666666666666666,1.0,0.3333333333333333,0.5,0.8181818181818182,0.9,0.8571428571428571
Physicochemical,SVM_Linear,Unweighted,2026,5,1,0.6666666666666666,0.38383838383838387,0.4166666666666667,0.38383838383838387,0.39420289855072466,0.6539130434782608,0.1301433441770828,0.0,0.0,0.0,0.5,0.3333333333333333,0.4,0.75,0.8181818181818182,0.782608695652174
Physicochemical,SVM_Linear,Unweighted,2026,5,2,0.5333333333333333,0.5454545454545454,0.5666666666666667,0.5454545454545454,0.5555555555555555,0.5555555555555555,-0.029774566708770683,1.0,1.0,1.0,0.0,0.0,0.0,0.7,0.6363636363636364,0.6666666666666666
Physicochemical,SVM_Linear,Unweighted,2026,5,3,0.6,0.5757575757575758,0.5757575757575758,0.5757575757575758,0.5757575757575758,0.6,0.0425531914893617,1.0,1.0,1.0,0.0,0.0,0.0,0.7272727272727273,0.7272727272727273,0.7272727272727273
Physicochemical,SVM_Linear,Unweighted,2026,5,4,0.6666666666666666,0.6060606060606061,0.3611111111111111,0.6060606060606061,0.4275362318840579,0.6072463768115942,0.1823312393723682,0.3333333333333333,1.0,0.5,0.0,0.0,0.0,0.75,0.8181818181818182,0.782608695652174
Physicochemical,SVM_Linear,Unweighted,2026,5,5,0.7142857142857143,0.7111111111111111,0.7111111111111111,0.7111111111111111,0.7111111111111111,0.7142857142857143,0.3488372093023256,1.0,1.0,1.0,0.3333333333333333,0.3333333333333333,0.3333333333333333,0.8,0.8,0.8
Physicochemical,SVM_Linear,Class_Balanced,42,1,1,0.6,0.8181818181818182,0.5873015873015873,0.8181818181818182,0.5750000000000001,0.6116666666666667,0.48470771015045017,0.3333333333333333,1.0,0.5,0.42857142857142855,1.0,0.6,1.0,0.45454545454545453,0.625
Physicochemical,SVM_Linear,Class_Balanced,42,1,2,0.6,0.7373737373737373,0.5634920634920634,0.7373737373737373,0.5925925925925926,0.6222222222222221,0.3360858403966819,0.5,1.0,0.6666666666666666,0.3333333333333333,0.6666666666666666,0.4444444444444444,0.8571428571428571,0.5454545454545454,0.6666666666666666
Physicochemical,SVM_Linear,Class_Balanced,42,1,3,0.6,0.5757575757575758,0.5757575757575758,0.5757575757575758,0.5757575757575758,0.6,0.0425531914893617,1.0,1.0,1.0,0.0,0.0,0.0,0.7272727272727273,0.7272727272727273,0.7272727272727273
Physicochemical,SVM_Linear,Class_Balanced,42,1,4,0.4666666666666667,0.5151515151515151,0.3333333333333333,0.5151515151515151,0.3666666666666667,0.47333333333333333,-0.055131784641997125,0.3333333333333333,1.0,0.5,0.0,0.0,0.0,0.6666666666666666,0.5454545454545454,0.6
Physicochemical,SVM_Linear,Class_Balanced,42,1,5,0.35714285714285715,0.24444444444444446,0.24603174603174602,0.24444444444444446,0.23093681917211328,0.38375350140056025,-0.19534757877375794,0.0,0.0,0.0,0.16666666666666666,0.3333333333333333,0.2222222222222222,0.5714285714285714,0.4,0.47058823529411764
Physicochemical,SVM_Linear,Class_Balanced,123,2,1,0.5333333333333333,0.32323232323232326,0.3,0.32323232323232326,0.3055555555555555,0.5388888888888889,-0.05157106231293967,0.0,0.0,0.0,0.2,0.3333333333333333,0.25,0.7,0.6363636363636364,0.6666666666666666
Physicochemical,SVM_Linear,Class_Balanced,123,2,2,0.4,0.48484848484848486,0.375,0.48484848484848486,0.39766081871345027,0.4304093567251462,-0.13466054463872648,0.5,1.0,0.6666666666666666,0.0,0.0,0.0,0.625,0.45454545454545453,0.5263157894736842
Physicochemical,SVM_Linear,Class_Balanced,123,2,3,0.7333333333333333,0.8787878787878788,0.6666666666666666,0.8787878787878788,0.7037037037037037,0.7481481481481481,0.6014167670256413,0.5,1.0,0.6666666666666666,0.5,1.0,0.6666666666666666,1.0,0.6363636363636364,0.7777777777777778
Physicochemical,SVM_Linear,Class_Balanced,123,2,4,0.5333333333333333,0.6262626262626262,0.48333333333333334,0.6262626262626262,0.5160818713450293,0.5576023391812865,0.13466054463872648,0.5,1.0,0.6666666666666666,0.2,0.3333333333333333,0.25,0.75,0.5454545454545454,0.631578947368421
Physicochemical,SVM_Linear,Class_Balanced,123,2,5,0.5714285714285714,0.4222222222222222,0.3833333333333333,0.4222222222222222,0.38888888888888884,0.5833333333333333,0.16757831697804315,0.0,0.0,0.0,0.4,0.6666666666666666,0.5,0.75,0.6,0.6666666666666666
Physicochemical,SVM_Linear,Class_Balanced,456,3,1,0.4666666666666667,0.5959595959595959,0.4158730158730159,0.5959595959595959,0.4351851851851852,0.49074074074074076,0.08655494824115181,0.3333333333333333,1.0,0.5,0.2,0.3333333333333333,0.25,0.7142857142857143,0.45454545454545453,0.5555555555555556
Physicochemical,SVM_Linear,Class_Balanced,456,3,2,0.4666666666666667,0.5151515151515151,0.38888888888888884,0.5151515151515151,0.4222222222222222,0.48444444444444446,-0.07409948978045726,0.5,1.0,0.6666666666666666,0.0,0.0,0.0,0.6666666666666666,0.5454545454545454,0.6
Physicochemical,SVM_Linear,Class_Balanced,456,3,3,0.4666666666666667,0.5959595959595959,0.4603174603174603,0.5959595959595959,0.48148148148148145,0.4962962962962963,0.0707549137677225,0.5,1.0,0.6666666666666666,0.16666666666666666,0.3333333333333333,0.2222222222222222,0.7142857142857143,0.45454545454545453,0.5555555555555556
Physicochemical,SVM_Linear,Class_Balanced,456,3,4,0.4666666666666667,0.6767676767676768,0.5166666666666667,0.6767676767676768,0.51010101010101,0.48383838383838385,0.21545687142196238,0.5,1.0,0.6666666666666666,0.25,0.6666666666666666,0.36363636363636365,0.8,0.36363636363636365,0.5
Physicochemical,SVM_Linear,Class_Balanced,456,3,5,0.7142857142857143,0.7888888888888888,0.7583333333333333,0.7888888888888888,0.7592592592592592,0.7341269841269842,0.46084037168961867,1.0,1.0,1.0,0.4,0.6666666666666666,0.5,0.875,0.7,0.7777777777777778
Physicochemical,SVM_Linear,Class_Balanced,789,4,1,0.6,0.8181818181818182,0.7777777777777777,0.8181818181818182,0.7083333333333334,0.625,0.49374011422678865,1.0,1.0,1.0,0.3333333333333333,1.0,0.5,1.0,0.45454545454545453,0.625
Physicochemical,SVM_Linear,Class_Balanced,789,4,2,0.6,0.6565656565656566,0.5092592592592592,0.6565656565656566,0.5507936507936507,0.6149206349206349,0.20377359689625746,0.5,1.0,0.6666666666666666,0.25,0.3333333333333333,0.2857142857142857,0.7777777777777778,0.6363636363636364,0.7
Physicochemical,SVM_Linear,Class_Balanced,789,4,3,0.5333333333333333,0.32323232323232326,0.3444444444444444,0.32323232323232326,0.3333333333333333,0.5555555555555555,-0.009746014694818131,0.0,0.0,0.0,0.3333333333333333,0.3333333333333333,0.3333333333333333,0.7,0.6363636363636364,0.6666666666666666
Physicochemical,SVM_Linear,Class_Balanced,789,4,4,0.4666666666666667,0.5959595959595959,0.6190476190476191,0.5959595959595959,0.5851851851851851,0.5140740740740741,0.055131784641997125,1.0,1.0,1.0,0.14285714285714285,0.3333333333333333,0.2,0.7142857142857143,0.45454545454545453,0.5555555555555556
Physicochemical,SVM_Linear,Class_Balanced,789,4,5,0.6428571428571429,0.7555555555555555,0.5857142857142857,0.7555555555555555,0.6241830065359477,0.6589635854341738,0.38714564455582035,0.5,1.0,0.6666666666666666,0.4,0.6666666666666666,0.5,0.8571428571428571,0.6,0.7058823529411765
Physicochemical,SVM_Linear,Class_Balanced,2026,5,1,0.7333333333333333,0.494949494949495,0.494949494949495,0.494949494949495,0.494949494949495,0.7333333333333333,0.3617021276595745,0.0,0.0,0.0,0.6666666666666666,0.6666666666666666,0.6666666666666666,0.8181818181818182,0.8181818181818182,0.8181818181818182
Physicochemical,SVM_Linear,Class_Balanced,2026,5,2,0.4666666666666667,0.5959595959595959,0.6190476190476191,0.5959595959595959,0.5851851851851851,0.5140740740740741,0.055131784641997125,1.0,1.0,1.0,0.14285714285714285,0.3333333333333333,0.2,0.7142857142857143,0.45454545454545453,0.5555555555555556
Physicochemical,SVM_Linear,Class_Balanced,2026,5,3,0.5333333333333333,0.5454545454545454,0.5666666666666667,0.5454545454545454,0.5555555555555555,0.5555555555555555,-0.029774566708770683,1.0,1.0,1.0,0.0,0.0,0.0,0.7,0.6363636363636364,0.6666666666666666
Physicochemical,SVM_Linear,Class_Balanced,2026,5,4,0.5333333333333333,0.787878787878788,0.611111111111111,0.787878787878788,0.5666666666666665,0.5355555555555556,0.4353345024601864,0.5,1.0,0.6666666666666666,0.3333333333333333,1.0,0.5,1.0,0.36363636363636365,0.5333333333333333
Physicochemical,SVM_Linear,Class_Balanced,2026,5,5,0.5714285714285714,0.6444444444444444,0.65,0.6444444444444444,0.6388888888888888,0.6011904761904762,0.16757831697804315,1.0,1.0,1.0,0.2,0.3333333333333333,0.25,0.75,0.6,0.6666666666666666
Physicochemical,SVM_RBF,Unweighted,42,1,1,0.7333333333333333,0.3333333333333333,0.24444444444444444,0.3333333333333333,0.28205128205128205,0.6205128205128205,0.0,0.0,0.0,0.0,0.0,0.0,0.0,0.7333333333333333,1.0,0.8461538461538461
Physicochemical,SVM_RBF,Unweighted,42,1,2,0.7333333333333333,0.3333333333333333,0.24444444444444444,0.3333333333333333,0.28205128205128205,0.6205128205128205,0.0,0.0,0.0,0.0,0.0,0.0,0.0,0.7333333333333333,1.0,0.8461538461538461
Physicochemical,SVM_RBF,Unweighted,42,1,3,0.7333333333333333,0.3333333333333333,0.24444444444444444,0.3333333333333333,0.28205128205128205,0.6205128205128205,0.0,0.0,0.0,0.0,0.0,0.0,0.0,0.7333333333333333,1.0,0.8461538461538461
Physicochemical,SVM_RBF,Unweighted,42,1,4,0.7333333333333333,0.3333333333333333,0.24444444444444444,0.3333333333333333,0.28205128205128205,0.6205128205128205,0.0,0.0,0.0,0.0,0.0,0.0,0.0,0.7333333333333333,1.0,0.8461538461538461
Physicochemical,SVM_RBF,Unweighted,42,1,5,0.7142857142857143,0.3333333333333333,0.2380952380952381,0.3333333333333333,0.2777777777777778,0.5952380952380952,0.0,0.0,0.0,0.0,0.0,0.0,0.0,0.7142857142857143,1.0,0.8333333333333334
Physicochemical,SVM_RBF,Unweighted,123,2,1,0.7333333333333333,0.3333333333333333,0.24444444444444444,0.3333333333333333,0.28205128205128205,0.6205128205128205,0.0,0.0,0.0,0.0,0.0,0.0,0.0,0.7333333333333333,1.0,0.8461538461538461
Physicochemical,SVM_RBF,Unweighted,123,2,2,0.7333333333333333,0.3333333333333333,0.24444444444444444,0.3333333333333333,0.28205128205128205,0.6205128205128205,0.0,0.0,0.0,0.0,0.0,0.0,0.0,0.7333333333333333,1.0,0.8461538461538461
Physicochemical,SVM_RBF,Unweighted,123,2,3,0.7333333333333333,0.3333333333333333,0.24444444444444444,0.3333333333333333,0.28205128205128205,0.6205128205128205,0.0,0.0,0.0,0.0,0.0,0.0,0.0,0.7333333333333333,1.0,0.8461538461538461
Physicochemical,SVM_RBF,Unweighted,123,2,4,0.7333333333333333,0.3333333333333333,0.24444444444444444,0.3333333333333333,0.28205128205128205,0.6205128205128205,0.0,0.0,0.0,0.0,0.0,0.0,0.0,0.7333333333333333,1.0,0.8461538461538461
Physicochemical,SVM_RBF,Unweighted,123,2,5,0.7142857142857143,0.3333333333333333,0.2380952380952381,0.3333333333333333,0.2777777777777778,0.5952380952380952,0.0,0.0,0.0,0.0,0.0,0.0,0.0,0.7142857142857143,1.0,0.8333333333333334
Physicochemical,SVM_RBF,Unweighted,456,3,1,0.7333333333333333,0.3333333333333333,0.24444444444444444,0.3333333333333333,0.28205128205128205,0.6205128205128205,0.0,0.0,0.0,0.0,0.0,0.0,0.0,0.7333333333333333,1.0,0.8461538461538461
Physicochemical,SVM_RBF,Unweighted,456,3,2,0.7333333333333333,0.3333333333333333,0.24444444444444444,0.3333333333333333,0.28205128205128205,0.6205128205128205,0.0,0.0,0.0,0.0,0.0,0.0,0.0,0.7333333333333333,1.0,0.8461538461538461
Physicochemical,SVM_RBF,Unweighted,456,3,3,0.7333333333333333,0.3333333333333333,0.24444444444444444,0.3333333333333333,0.28205128205128205,0.6205128205128205,0.0,0.0,0.0,0.0,0.0,0.0,0.0,0.7333333333333333,1.0,0.8461538461538461
Physicochemical,SVM_RBF,Unweighted,456,3,4,0.7333333333333333,0.3333333333333333,0.24444444444444444,0.3333333333333333,0.28205128205128205,0.6205128205128205,0.0,0.0,0.0,0.0,0.0,0.0,0.0,0.7333333333333333,1.0,0.8461538461538461
Physicochemical,SVM_RBF,Unweighted,456,3,5,0.7142857142857143,0.3333333333333333,0.2380952380952381,0.3333333333333333,0.2777777777777778,0.5952380952380952,0.0,0.0,0.0,0.0,0.0,0.0,0.0,0.7142857142857143,1.0,0.8333333333333334
Physicochemical,SVM_RBF,Unweighted,789,4,1,0.7333333333333333,0.3333333333333333,0.24444444444444444,0.3333333333333333,0.28205128205128205,0.6205128205128205,0.0,0.0,0.0,0.0,0.0,0.0,0.0,0.7333333333333333,1.0,0.8461538461538461
Physicochemical,SVM_RBF,Unweighted,789,4,2,0.7333333333333333,0.3333333333333333,0.24444444444444444,0.3333333333333333,0.28205128205128205,0.6205128205128205,0.0,0.0,0.0,0.0,0.0,0.0,0.0,0.7333333333333333,1.0,0.8461538461538461
Physicochemical,SVM_RBF,Unweighted,789,4,3,0.7333333333333333,0.3333333333333333,0.24444444444444444,0.3333333333333333,0.28205128205128205,0.6205128205128205,0.0,0.0,0.0,0.0,0.0,0.0,0.0,0.7333333333333333,1.0,0.8461538461538461
Physicochemical,SVM_RBF,Unweighted,789,4,4,0.6666666666666666,0.30303030303030304,0.2380952380952381,0.30303030303030304,0.26666666666666666,0.5866666666666667,-0.13644420572745383,0.0,0.0,0.0,0.0,0.0,0.0,0.7142857142857143,0.9090909090909091,0.8
Physicochemical,SVM_RBF,Unweighted,789,4,5,0.7142857142857143,0.3333333333333333,0.2380952380952381,0.3333333333333333,0.2777777777777778,0.5952380952380952,0.0,0.0,0.0,0.0,0.0,0.0,0.0,0.7142857142857143,1.0,0.8333333333333334
Physicochemical,SVM_RBF,Unweighted,2026,5,1,0.7333333333333333,0.3333333333333333,0.24444444444444444,0.3333333333333333,0.28205128205128205,0.6205128205128205,0.0,0.0,0.0,0.0,0.0,0.0,0.0,0.7333333333333333,1.0,0.8461538461538461
Physicochemical,SVM_RBF,Unweighted,2026,5,2,0.7333333333333333,0.3333333333333333,0.24444444444444444,0.3333333333333333,0.28205128205128205,0.6205128205128205,0.0,0.0,0.0,0.0,0.0,0.0,0.0,0.7333333333333333,1.0,0.8461538461538461
Physicochemical,SVM_RBF,Unweighted,2026,5,3,0.7333333333333333,0.3333333333333333,0.24444444444444444,0.3333333333333333,0.28205128205128205,0.6205128205128205,0.0,0.0,0.0,0.0,0.0,0.0,0.0,0.7333333333333333,1.0,0.8461538461538461
Physicochemical,SVM_RBF,Unweighted,2026,5,4,0.7333333333333333,0.3333333333333333,0.24444444444444444,0.3333333333333333,0.28205128205128205,0.6205128205128205,0.0,0.0,0.0,0.0,0.0,0.0,0.0,0.7333333333333333,1.0,0.8461538461538461
Physicochemical,SVM_RBF,Unweighted,2026,5,5,0.7142857142857143,0.3333333333333333,0.2380952380952381,0.3333333333333333,0.2777777777777778,0.5952380952380952,0.0,0.0,0.0,0.0,0.0,0.0,0.0,0.7142857142857143,1.0,0.8333333333333334
Physicochemical,SVM_RBF,Class_Balanced,42,1,1,0.6,0.5151515151515151,0.41071428571428575,0.5151515151515151,0.404040404040404,0.597979797979798,0.3313644996238165,0.0,0.0,0.0,0.375,1.0,0.5454545454545454,0.8571428571428571,0.5454545454545454,0.6666666666666666
Physicochemical,SVM_RBF,Class_Balanced,42,1,2,0.6666666666666666,0.6868686868686869,0.6833333333333332,0.6868686868686869,0.6825396825396824,0.6825396825396824,0.2679711003789361,1.0,1.0,1.0,0.25,0.3333333333333333,0.2857142857142857,0.8,0.7272727272727273,0.7619047619047619
Physicochemical,SVM_RBF,Class_Balanced,42,1,3,0.6,0.35353535353535354,0.32575757575757575,0.35353535353535354,0.3376623376623377,0.5904761904761905,0.021989974856677124,0.0,0.0,0.0,0.25,0.3333333333333333,0.2857142857142857,0.7272727272727273,0.7272727272727273,0.7272727272727273
Physicochemical,SVM_RBF,Class_Balanced,42,1,4,0.8666666666666667,0.8585858585858586,0.8585858585858586,0.8585858585858586,0.8585858585858586,0.8666666666666667,0.6808510638297872,1.0,1.0,1.0,0.6666666666666666,0.6666666666666666,0.6666666666666666,0.9090909090909091,0.9090909090909091,0.9090909090909091
Physicochemical,SVM_RBF,Class_Balanced,42,1,5,0.5,0.2333333333333333,0.21212121212121213,0.2333333333333333,0.2222222222222222,0.47619047619047616,-0.27873923343099694,0.0,0.0,0.0,0.0,0.0,0.0,0.6363636363636364,0.7,0.6666666666666666
Physicochemical,SVM_RBF,Class_Balanced,123,2,1,0.7333333333333333,0.494949494949495,0.43939393939393945,0.494949494949495,0.4632034632034632,0.7142857142857142,0.351839597706834,0.0,0.0,0.0,0.5,0.6666666666666666,0.5714285714285714,0.8181818181818182,0.8181818181818182,0.8181818181818182
Physicochemical,SVM_RBF,Class_Balanced,123,2,2,0.4,0.2626262626262626,0.2638888888888889,0.2626262626262626,0.24951267056530213,0.4304093567251462,-0.15746141578347167,0.0,0.0,0.0,0.16666666666666666,0.3333333333333333,0.2222222222222222,0.625,0.45454545454545453,0.5263157894736842
Physicochemical,SVM_RBF,Class_Balanced,123,2,3,0.8,0.4444444444444444,0.5952380952380952,0.4444444444444444,0.45999999999999996,0.7453333333333333,0.44831667596163405,0.0,0.0,0.0,1.0,0.3333333333333333,0.5,0.7857142857142857,1.0,0.88
Physicochemical,SVM_RBF,Class_Balanced,123,2,4,0.8666666666666667,0.8585858585858586,0.8585858585858586,0.8585858585858586,0.8585858585858586,0.8666666666666667,0.6808510638297872,1.0,1.0,1.0,0.6666666666666666,0.6666666666666666,0.6666666666666666,0.9090909090909091,0.9090909090909091,0.9090909090909091
Physicochemical,SVM_RBF,Class_Balanced,123,2,5,0.5714285714285714,0.4222222222222222,0.3611111111111111,0.4222222222222222,0.3703703703703704,0.5714285714285714,0.15407890860698417,0.0,0.0,0.0,0.3333333333333333,0.6666666666666666,0.4444444444444444,0.75,0.6,0.6666666666666666
Physicochemical,SVM_RBF,Class_Balanced,456,3,1,0.7333333333333333,0.6363636363636364,0.5897435897435898,0.6363636363636364,0.6111111111111112,0.6777777777777778,0.2526455763199557,1.0,1.0,1.0,0.0,0.0,0.0,0.7692307692307693,0.9090909090909091,0.8333333333333334
Physicochemical,SVM_RBF,Class_Balanced,456,3,2,0.6666666666666666,0.38383838383838387,0.3611111111111111,0.38383838383838387,0.37198067632850246,0.6405797101449276,0.1093987436234209,0.0,0.0,0.0,0.3333333333333333,0.3333333333333333,0.3333333333333333,0.75,0.8181818181818182,0.782608695652174
Physicochemical,SVM_RBF,Class_Balanced,456,3,3,0.6,0.7373737373737373,0.7142857142857143,0.7373737373737373,0.6888888888888888,0.6355555555555555,0.3307907078519827,1.0,1.0,1.0,0.2857142857142857,0.6666666666666666,0.4,0.8571428571428571,0.5454545454545454,0.6666666666666666
Physicochemical,SVM_RBF,Class_Balanced,456,3,4,0.5333333333333333,0.32323232323232326,0.3,0.32323232323232326,0.3055555555555555,0.5388888888888889,-0.05157106231293967,0.0,0.0,0.0,0.2,0.3333333333333333,0.25,0.7,0.6363636363636364,0.6666666666666666
Physicochemical,SVM_RBF,Class_Balanced,456,3,5,0.6428571428571429,0.45555555555555555,0.3925925925925926,0.45555555555555555,0.41228070175438597,0.6334586466165414,0.2386980188146657,0.0,0.0,0.0,0.4,0.6666666666666666,0.5,0.7777777777777778,0.7,0.7368421052631579
Physicochemical,SVM_RBF,Class_Balanced,789,4,1,0.7333333333333333,0.494949494949495,0.43939393939393945,0.494949494949495,0.4632034632034632,0.7142857142857142,0.351839597706834,0.0,0.0,0.0,0.5,0.6666666666666666,0.5714285714285714,0.8181818181818182,0.8181818181818182,0.8181818181818182
Physicochemical,SVM_RBF,Class_Balanced,789,4,2,0.6666666666666666,0.4646464646464647,0.4000000000000001,0.4646464646464647,0.42063492063492064,0.6587301587301586,0.2578553115646984,0.0,0.0,0.0,0.4,0.6666666666666666,0.5,0.8,0.7272727272727273,0.7619047619047619
Physicochemical,SVM_RBF,Class_Balanced,789,4,3,0.8,0.5252525252525252,0.5,0.5252525252525252,0.5120772946859903,0.7710144927536232,0.4740612223681573,0.0,0.0,0.0,0.6666666666666666,0.6666666666666666,0.6666666666666666,0.8333333333333334,0.9090909090909091,0.8695652173913043
Physicochemical,SVM_RBF,Class_Balanced,789,4,4,0.5333333333333333,0.6262626262626262,0.638888888888889,0.6262626262626262,0.6179337231968811,0.5742690058479532,0.12041167089324305,1.0,1.0,1.0,0.16666666666666666,0.3333333333333333,0.2222222222222222,0.75,0.5454545454545454,0.631578947368421
Physicochemical,SVM_RBF,Class_Balanced,789,4,5,0.7857142857142857,0.8222222222222223,0.7962962962962963,0.8222222222222223,0.8045112781954886,0.7953813104189044,0.5555305062116314,1.0,1.0,1.0,0.5,0.6666666666666666,0.5714285714285714,0.8888888888888888,0.8,0.8421052631578947
Physicochemical,SVM_RBF,Class_Balanced,2026,5,1,0.6,0.27272727272727276,0.23076923076923075,0.27272727272727276,0.25,0.55,-0.2002453486917181,0.0,0.0,0.0,0.0,0.0,0.0,0.6923076923076923,0.8181818181818182,0.75
Physicochemical,SVM_RBF,Class_Balanced,2026,5,2,0.7333333333333333,0.494949494949495,0.43939393939393945,0.494949494949495,0.4632034632034632,0.7142857142857142,0.351839597706834,0.0,0.0,0.0,0.5,0.6666666666666666,0.5714285714285714,0.8181818181818182,0.8181818181818182,0.8181818181818182
Physicochemical,SVM_RBF,Class_Balanced,2026,5,3,0.7333333333333333,0.494949494949495,0.43939393939393945,0.494949494949495,0.4632034632034632,0.7142857142857142,0.351839597706834,0.0,0.0,0.0,0.5,0.6666666666666666,0.5714285714285714,0.8181818181818182,0.8181818181818182,0.8181818181818182
Physicochemical,SVM_RBF,Class_Balanced,2026,5,4,0.8666666666666667,0.8585858585858586,0.8585858585858586,0.8585858585858586,0.8585858585858586,0.8666666666666667,0.6808510638297872,1.0,1.0,1.0,0.6666666666666666,0.6666666666666666,0.6666666666666666,0.9090909090909091,0.9090909090909091,0.9090909090909091
Physicochemical,SVM_RBF,Class_Balanced,2026,5,5,0.5,0.3111111111111111,0.3055555555555555,0.3111111111111111,0.2962962962962963,0.5238095238095238,0.0,0.0,0.0,0.0,0.16666666666666666,0.3333333333333333,0.2222222222222222,0.75,0.6,0.6666666666666666
Physicochemical,Random_Forest,Unweighted,42,1,1,0.8,0.5252525252525252,0.5,0.5252525252525252,0.5120772946859903,0.7710144927536232,0.4740612223681573,0.0,0.0,0.0,0.6666666666666666,0.6666666666666666,0.6666666666666666,0.8333333333333334,0.9090909090909091,0.8695652173913043
Physicochemical,Random_Forest,Unweighted,42,1,2,0.7333333333333333,0.41414141414141414,0.4230769230769231,0.41414141414141414,0.41111111111111115,0.6911111111111111,0.22885182707624924,0.0,0.0,0.0,0.5,0.3333333333333333,0.4,0.7692307692307693,0.9090909090909091,0.8333333333333334
Physicochemical,Random_Forest,Unweighted,42,1,3,0.7333333333333333,0.3333333333333333,0.24444444444444444,0.3333333333333333,0.28205128205128205,0.6205128205128205,0.0,0.0,0.0,0.0,0.0,0.0,0.0,0.7333333333333333,1.0,0.8461538461538461
Physicochemical,Random_Forest,Unweighted,42,1,4,0.8,0.4444444444444444,0.5952380952380952,0.4444444444444444,0.45999999999999996,0.7453333333333333,0.44831667596163405,0.0,0.0,0.0,1.0,0.3333333333333333,0.5,0.7857142857142857,1.0,0.88
Physicochemical,Random_Forest,Unweighted,42,1,5,0.7142857142857143,0.3333333333333333,0.2380952380952381,0.3333333333333333,0.2777777777777778,0.5952380952380952,0.0,0.0,0.0,0.0,0.0,0.0,0.0,0.7142857142857143,1.0,0.8333333333333334
Physicochemical,Random_Forest,Unweighted,123,2,1,0.7333333333333333,0.3333333333333333,0.24444444444444444,0.3333333333333333,0.28205128205128205,0.6205128205128205,0.0,0.0,0.0,0.0,0.0,0.0,0.0,0.7333333333333333,1.0,0.8461538461538461
Physicochemical,Random_Forest,Unweighted,123,2,2,0.6666666666666666,0.30303030303030304,0.2380952380952381,0.30303030303030304,0.26666666666666666,0.5866666666666667,-0.13644420572745383,0.0,0.0,0.0,0.0,0.0,0.0,0.7142857142857143,0.9090909090909091,0.8
Physicochemical,Random_Forest,Unweighted,123,2,3,0.7333333333333333,0.3333333333333333,0.24444444444444444,0.3333333333333333,0.28205128205128205,0.6205128205128205,0.0,0.0,0.0,0.0,0.0,0.0,0.0,0.7333333333333333,1.0,0.8461538461538461
Physicochemical,Random_Forest,Unweighted,123,2,4,0.7333333333333333,0.41414141414141414,0.4230769230769231,0.41414141414141414,0.41111111111111115,0.6911111111111111,0.22885182707624924,0.0,0.0,0.0,0.5,0.3333333333333333,0.4,0.7692307692307693,0.9090909090909091,0.8333333333333334
Physicochemical,Random_Forest,Unweighted,123,2,5,0.7142857142857143,0.41111111111111115,0.4166666666666667,0.41111111111111115,0.40606060606060607,0.6701298701298702,0.21790048222764163,0.0,0.0,0.0,0.5,0.3333333333333333,0.4,0.75,0.9,0.8181818181818182
Physicochemical,Random_Forest,Unweighted,456,3,1,0.7333333333333333,0.3333333333333333,0.24444444444444444,0.3333333333333333,0.28205128205128205,0.6205128205128205,0.0,0.0,0.0,0.0,0.0,0.0,0.0,0.7333333333333333,1.0,0.8461538461538461
Physicochemical,Random_Forest,Unweighted,456,3,2,0.7333333333333333,0.3333333333333333,0.24444444444444444,0.3333333333333333,0.28205128205128205,0.6205128205128205,0.0,0.0,0.0,0.0,0.0,0.0,0.0,0.7333333333333333,1.0,0.8461538461538461
Physicochemical,Random_Forest,Unweighted,456,3,3,0.6666666666666666,0.30303030303030304,0.2380952380952381,0.30303030303030304,0.26666666666666666,0.5866666666666667,-0.13644420572745383,0.0,0.0,0.0,0.0,0.0,0.0,0.7142857142857143,0.9090909090909091,0.8
Physicochemical,Random_Forest,Unweighted,456,3,4,0.6666666666666666,0.38383838383838387,0.3611111111111111,0.38383838383838387,0.37198067632850246,0.6405797101449276,0.1093987436234209,0.0,0.0,0.0,0.3333333333333333,0.3333333333333333,0.3333333333333333,0.75,0.8181818181818182,0.782608695652174
Physicochemical,Random_Forest,Unweighted,456,3,5,0.6428571428571429,0.3,0.23076923076923075,0.3,0.2608695652173913,0.5590062111801243,-0.14803422705323474,0.0,0.0,0.0,0.0,0.0,0.0,0.6923076923076923,0.9,0.782608695652174
Physicochemical,Random_Forest,Unweighted,789,4,1,0.7333333333333333,0.3333333333333333,0.24444444444444444,0.3333333333333333,0.28205128205128205,0.6205128205128205,0.0,0.0,0.0,0.0,0.0,0.0,0.0,0.7333333333333333,1.0,0.8461538461538461
Physicochemical,Random_Forest,Unweighted,789,4,2,0.8,0.4444444444444444,0.5952380952380952,0.4444444444444444,0.45999999999999996,0.7453333333333333,0.44831667596163405,0.0,0.0,0.0,1.0,0.3333333333333333,0.5,0.7857142857142857,1.0,0.88
Physicochemical,Random_Forest,Unweighted,789,4,3,0.7333333333333333,0.3333333333333333,0.24444444444444444,0.3333333333333333,0.28205128205128205,0.6205128205128205,0.0,0.0,0.0,0.0,0.0,0.0,0.0,0.7333333333333333,1.0,0.8461538461538461
Physicochemical,Random_Forest,Unweighted,789,4,4,0.6666666666666666,0.30303030303030304,0.2380952380952381,0.30303030303030304,0.26666666666666666,0.5866666666666667,-0.13644420572745383,0.0,0.0,0.0,0.0,0.0,0.0,0.7142857142857143,0.9090909090909091,0.8
Physicochemical,Random_Forest,Unweighted,789,4,5,0.7857142857142857,0.4444444444444444,0.5897435897435898,0.4444444444444444,0.45652173913043476,0.7282608695652174,0.44410268115970425,0.0,0.0,0.0,1.0,0.3333333333333333,0.5,0.7692307692307693,1.0,0.8695652173913043
Physicochemical,Random_Forest,Unweighted,2026,5,1,0.7333333333333333,0.3333333333333333,0.24444444444444444,0.3333333333333333,0.28205128205128205,0.6205128205128205,0.0,0.0,0.0,0.0,0.0,0.0,0.0,0.7333333333333333,1.0,0.8461538461538461
Physicochemical,Random_Forest,Unweighted,2026,5,2,0.6666666666666666,0.30303030303030304,0.2380952380952381,0.30303030303030304,0.26666666666666666,0.5866666666666667,-0.13644420572745383,0.0,0.0,0.0,0.0,0.0,0.0,0.7142857142857143,0.9090909090909091,0.8
Physicochemical,Random_Forest,Unweighted,2026,5,3,0.7333333333333333,0.3333333333333333,0.24444444444444444,0.3333333333333333,0.28205128205128205,0.6205128205128205,0.0,0.0,0.0,0.0,0.0,0.0,0.0,0.7333333333333333,1.0,0.8461538461538461
Physicochemical,Random_Forest,Unweighted,2026,5,4,0.8,0.6666666666666666,0.5952380952380952,0.6666666666666666,0.6266666666666666,0.712,0.48730073474090657,1.0,1.0,1.0,0.0,0.0,0.0,0.7857142857142857,1.0,0.88
Physicochemical,Random_Forest,Unweighted,2026,5,5,0.6428571428571429,0.3,0.23076923076923075,0.3,0.2608695652173913,0.5590062111801243,-0.14803422705323474,0.0,0.0,0.0,0.0,0.0,0.0,0.6923076923076923,0.9,0.782608695652174
Physicochemical,Random_Forest,Class_Balanced,42,1,1,0.4,0.3434343434343434,0.3055555555555555,0.3434343434343434,0.27807486631016043,0.417825311942959,-0.009262436222557157,0.0,0.0,0.0,0.25,0.6666666666666666,0.36363636363636365,0.6666666666666666,0.36363636363636365,0.47058823529411764
Physicochemical,Random_Forest,Class_Balanced,42,1,2,0.6666666666666666,0.6868686868686869,0.5444444444444444,0.6868686868686869,0.5873015873015873,0.6698412698412697,0.2826344261497258,0.5,1.0,0.6666666666666666,0.3333333333333333,0.3333333333333333,0.3333333333333333,0.8,0.7272727272727273,0.7619047619047619
Physicochemical,Random_Forest,Class_Balanced,42,1,3,0.6,0.6565656565656566,0.6592592592592593,0.6565656565656566,0.65,0.63,0.18990004393338025,1.0,1.0,1.0,0.2,0.3333333333333333,0.25,0.7777777777777778,0.6363636363636364,0.7
Physicochemical,Random_Forest,Class_Balanced,42,1,4,0.7333333333333333,0.7979797979797979,0.7129629629629629,0.7979797979797979,0.6666666666666666,0.7733333333333334,0.5186964284632009,0.25,1.0,0.4,1.0,0.6666666666666666,0.8,0.8888888888888888,0.7272727272727273,0.8
Physicochemical,Random_Forest,Class_Balanced,42,1,5,0.6428571428571429,0.3,0.23076923076923075,0.3,0.2608695652173913,0.5590062111801243,-0.14803422705323474,0.0,0.0,0.0,0.0,0.0,0.0,0.6923076923076923,0.9,0.782608695652174
Physicochemical,Random_Forest,Class_Balanced,123,2,1,0.7333333333333333,0.494949494949495,0.43939393939393945,0.494949494949495,0.4632034632034632,0.7142857142857142,0.351839597706834,0.0,0.0,0.0,0.5,0.6666666666666666,0.5714285714285714,0.8181818181818182,0.8181818181818182,0.8181818181818182
Physicochemical,Random_Forest,Class_Balanced,123,2,2,0.6,0.6565656565656566,0.5092592592592592,0.6565656565656566,0.5507936507936507,0.6149206349206349,0.20377359689625746,0.5,1.0,0.6666666666666666,0.25,0.3333333333333333,0.2857142857142857,0.7777777777777778,0.6363636363636364,0.7
Physicochemical,Random_Forest,Class_Balanced,123,2,3,0.8666666666666667,0.8585858585858586,0.8585858585858586,0.8585858585858586,0.8585858585858586,0.8666666666666667,0.6808510638297872,1.0,1.0,1.0,0.6666666666666666,0.6666666666666666,0.6666666666666666,0.9090909090909091,0.9090909090909091,0.9090909090909091
Physicochemical,Random_Forest,Class_Balanced,123,2,4,0.8,0.8282828282828283,0.6888888888888888,0.8282828282828283,0.7301587301587301,0.8063492063492064,0.5750148669942697,0.5,1.0,0.6666666666666666,0.6666666666666666,0.6666666666666666,0.6666666666666666,0.9,0.8181818181818182,0.8571428571428571
Physicochemical,Random_Forest,Class_Balanced,123,2,5,0.6428571428571429,0.45555555555555555,0.3925925925925926,0.45555555555555555,0.41228070175438597,0.6334586466165414,0.2386980188146657,0.0,0.0,0.0,0.4,0.6666666666666666,0.5,0.7777777777777778,0.7,0.7368421052631579
Physicochemical,Random_Forest,Class_Balanced,456,3,1,0.6,0.6565656565656566,0.48148148148148145,0.6565656565656566,0.5111111111111111,0.6133333333333333,0.2205271385679885,0.3333333333333333,1.0,0.5,0.3333333333333333,0.3333333333333333,0.3333333333333333,0.7777777777777778,0.6363636363636364,0.7
Physicochemical,Random_Forest,Class_Balanced,456,3,2,0.7333333333333333,0.8787878787878788,0.6666666666666666,0.8787878787878788,0.7037037037037037,0.7481481481481481,0.6014167670256413,0.5,1.0,0.6666666666666666,0.5,1.0,0.6666666666666666,1.0,0.6363636363636364,0.7777777777777778
Physicochemical,Random_Forest,Class_Balanced,456,3,3,0.6,0.7373737373737373,0.5301587301587302,0.7373737373737373,0.5555555555555555,0.6222222222222221,0.34621979296460725,0.3333333333333333,1.0,0.5,0.4,0.6666666666666666,0.5,0.8571428571428571,0.5454545454545454,0.6666666666666666
Physicochemical,Random_Forest,Class_Balanced,456,3,4,0.6666666666666666,0.4646464646464647,0.43333333333333335,0.4646464646464647,0.4444444444444444,0.6730158730158728,0.2679711003789361,0.0,0.0,0.0,0.5,0.6666666666666666,0.5714285714285714,0.8,0.7272727272727273,0.7619047619047619
Physicochemical,Random_Forest,Class_Balanced,456,3,5,0.7857142857142857,0.5222222222222223,0.494949494949495,0.5222222222222223,0.5079365079365079,0.7551020408163265,0.46456538905166156,0.0,0.0,0.0,0.6666666666666666,0.6666666666666666,0.6666666666666666,0.8181818181818182,0.9,0.8571428571428571
Physicochemical,Random_Forest,Class_Balanced,789,4,1,0.7333333333333333,0.7171717171717171,0.7171717171717171,0.7171717171717171,0.7171717171717171,0.7333333333333333,0.3617021276595745,1.0,1.0,1.0,0.3333333333333333,0.3333333333333333,0.3333333333333333,0.8181818181818182,0.8181818181818182,0.8181818181818182
Physicochemical,Random_Forest,Class_Balanced,789,4,2,0.6,0.4343434343434343,0.3925925925925926,0.4343434343434343,0.39999999999999997,0.6133333333333333,0.18990004393338025,0.0,0.0,0.0,0.4,0.6666666666666666,0.5,0.7777777777777778,0.6363636363636364,0.7
Physicochemical,Random_Forest,Class_Balanced,789,4,3,0.7333333333333333,0.494949494949495,0.494949494949495,0.494949494949495,0.494949494949495,0.7333333333333333,0.3617021276595745,0.0,0.0,0.0,0.6666666666666666,0.6666666666666666,0.6666666666666666,0.8181818181818182,0.8181818181818182,0.8181818181818182
Physicochemical,Random_Forest,Class_Balanced,789,4,4,0.5333333333333333,0.6262626262626262,0.638888888888889,0.6262626262626262,0.6179337231968811,0.5742690058479532,0.12041167089324305,1.0,1.0,1.0,0.16666666666666666,0.3333333333333333,0.2222222222222222,0.75,0.5454545454545454,0.631578947368421
Physicochemical,Random_Forest,Class_Balanced,789,4,5,0.8571428571428571,0.8555555555555555,0.7999999999999999,0.8555555555555555,0.7888888888888889,0.8619047619047618,0.6897007348075542,0.5,1.0,0.6666666666666666,1.0,0.6666666666666666,0.8,0.9,0.9,0.9
Physicochemical,Random_Forest,Class_Balanced,2026,5,1,0.6,0.35353535353535354,0.35353535353535354,0.35353535353535354,0.35353535353535354,0.6,0.0425531914893617,0.0,0.0,0.0,0.3333333333333333,0.3333333333333333,0.3333333333333333,0.7272727272727273,0.7272727272727273,0.7272727272727273
Physicochemical,Random_Forest,Class_Balanced,2026,5,2,0.8,0.8282828282828283,0.7999999999999999,0.8282828282828283,0.8095238095238094,0.8095238095238095,0.565716767466643,1.0,1.0,1.0,0.5,0.6666666666666666,0.5714285714285714,0.9,0.8181818181818182,0.8571428571428571
Physicochemical,Random_Forest,Class_Balanced,2026,5,3,0.5333333333333333,0.404040404040404,0.3452380952380952,0.404040404040404,0.34385964912280703,0.5431578947368421,0.10720616164299944,0.0,0.0,0.0,0.2857142857142857,0.6666666666666666,0.4,0.75,0.5454545454545454,0.631578947368421
Physicochemical,Random_Forest,Class_Balanced,2026,5,4,0.9333333333333333,0.9696969696969697,0.8333333333333334,0.9696969696969697,0.8730158730158729,0.9428571428571428,0.8673953078388137,0.5,1.0,0.6666666666666666,1.0,1.0,1.0,1.0,0.9090909090909091,0.9523809523809523
Physicochemical,Random_Forest,Class_Balanced,2026,5,5,0.7857142857142857,0.7444444444444445,0.7727272727272728,0.7444444444444445,0.7523809523809524,0.7693877551020408,0.476873817559482,1.0,1.0,1.0,0.5,0.3333333333333333,0.4,0.8181818181818182,0.9,0.8571428571428571
Physicochemical,XGBoost,Unweighted,42,1,1,0.6,0.35353535353535354,0.35353535353535354,0.35353535353535354,0.35353535353535354,0.6,0.0425531914893617,0.0,0.0,0.0,0.3333333333333333,0.3333333333333333,0.3333333333333333,0.7272727272727273,0.7272727272727273,0.7272727272727273
Physicochemical,XGBoost,Unweighted,42,1,2,0.7333333333333333,0.41414141414141414,0.4230769230769231,0.41414141414141414,0.41111111111111115,0.6911111111111111,0.22885182707624924,0.0,0.0,0.0,0.5,0.3333333333333333,0.4,0.7692307692307693,0.9090909090909091,0.8333333333333334
Physicochemical,XGBoost,Unweighted,42,1,3,0.6666666666666666,0.38383838383838387,0.3611111111111111,0.38383838383838387,0.37198067632850246,0.6405797101449276,0.1093987436234209,0.0,0.0,0.0,0.3333333333333333,0.3333333333333333,0.3333333333333333,0.75,0.8181818181818182,0.782608695652174
Physicochemical,XGBoost,Unweighted,42,1,4,0.8666666666666667,0.7777777777777777,0.9487179487179488,0.7777777777777777,0.8055555555555555,0.8388888888888888,0.6737215368532152,1.0,1.0,1.0,1.0,0.3333333333333333,0.5,0.8461538461538461,1.0,0.9166666666666666
Physicochemical,XGBoost,Unweighted,42,1,5,0.6428571428571429,0.3,0.23076923076923075,0.3,0.2608695652173913,0.5590062111801243,-0.14803422705323474,0.0,0.0,0.0,0.0,0.0,0.0,0.6923076923076923,0.9,0.782608695652174
Physicochemical,XGBoost,Unweighted,123,2,1,0.8,0.4444444444444444,0.5952380952380952,0.4444444444444444,0.45999999999999996,0.7453333333333333,0.44831667596163405,0.0,0.0,0.0,1.0,0.3333333333333333,0.5,0.7857142857142857,1.0,0.88
Physicochemical,XGBoost,Unweighted,123,2,2,0.7333333333333333,0.6363636363636364,0.5897435897435898,0.6363636363636364,0.6111111111111112,0.6777777777777778,0.2526455763199557,1.0,1.0,1.0,0.0,0.0,0.0,0.7692307692307693,0.9090909090909091,0.8333333333333334
Physicochemical,XGBoost,Unweighted,123,2,3,0.8,0.4444444444444444,0.5952380952380952,0.4444444444444444,0.45999999999999996,0.7453333333333333,0.44831667596163405,0.0,0.0,0.0,1.0,0.3333333333333333,0.5,0.7857142857142857,1.0,0.88
Physicochemical,XGBoost,Unweighted,123,2,4,0.6666666666666666,0.30303030303030304,0.2380952380952381,0.30303030303030304,0.26666666666666666,0.5866666666666667,-0.13644420572745383,0.0,0.0,0.0,0.0,0.0,0.0,0.7142857142857143,0.9090909090909091,0.8
Physicochemical,XGBoost,Unweighted,123,2,5,0.5714285714285714,0.3444444444444444,0.31666666666666665,0.3444444444444444,0.32857142857142857,0.5612244897959183,0.0,0.0,0.0,0.0,0.25,0.3333333333333333,0.2857142857142857,0.7,0.7,0.7
Physicochemical,XGBoost,Unweighted,456,3,1,0.7333333333333333,0.6363636363636364,0.5897435897435898,0.6363636363636364,0.6111111111111112,0.6777777777777778,0.2526455763199557,1.0,1.0,1.0,0.0,0.0,0.0,0.7692307692307693,0.9090909090909091,0.8333333333333334
Physicochemical,XGBoost,Unweighted,456,3,2,0.6666666666666666,0.38383838383838387,0.3611111111111111,0.38383838383838387,0.37198067632850246,0.6405797101449276,0.1093987436234209,0.0,0.0,0.0,0.3333333333333333,0.3333333333333333,0.3333333333333333,0.75,0.8181818181818182,0.782608695652174
Physicochemical,XGBoost,Unweighted,456,3,3,0.6666666666666666,0.30303030303030304,0.2380952380952381,0.30303030303030304,0.26666666666666666,0.5866666666666667,-0.13644420572745383,0.0,0.0,0.0,0.0,0.0,0.0,0.7142857142857143,0.9090909090909091,0.8
Physicochemical,XGBoost,Unweighted,456,3,4,0.6666666666666666,0.30303030303030304,0.2380952380952381,0.30303030303030304,0.26666666666666666,0.5866666666666667,-0.13644420572745383,0.0,0.0,0.0,0.0,0.0,0.0,0.7142857142857143,0.9090909090909091,0.8
Physicochemical,XGBoost,Unweighted,456,3,5,0.7857142857142857,0.4444444444444444,0.5897435897435898,0.4444444444444444,0.45652173913043476,0.7282608695652174,0.44410268115970425,0.0,0.0,0.0,1.0,0.3333333333333333,0.5,0.7692307692307693,1.0,0.8695652173913043
Physicochemical,XGBoost,Unweighted,789,4,1,0.8,0.4444444444444444,0.5952380952380952,0.4444444444444444,0.45999999999999996,0.7453333333333333,0.44831667596163405,0.0,0.0,0.0,1.0,0.3333333333333333,0.5,0.7857142857142857,1.0,0.88
Physicochemical,XGBoost,Unweighted,789,4,2,0.6,0.35353535353535354,0.32575757575757575,0.35353535353535354,0.3376623376623377,0.5904761904761905,0.021989974856677124,0.0,0.0,0.0,0.25,0.3333333333333333,0.2857142857142857,0.7272727272727273,0.7272727272727273,0.7272727272727273
Physicochemical,XGBoost,Unweighted,789,4,3,0.8,0.4444444444444444,0.5952380952380952,0.4444444444444444,0.45999999999999996,0.7453333333333333,0.44831667596163405,0.0,0.0,0.0,1.0,0.3333333333333333,0.5,0.7857142857142857,1.0,0.88
Physicochemical,XGBoost,Unweighted,789,4,4,0.8,0.7474747474747474,0.7777777777777778,0.7474747474747474,0.7565217391304347,0.7843478260869564,0.4850797373873086,1.0,1.0,1.0,0.5,0.3333333333333333,0.4,0.8333333333333334,0.9090909090909091,0.8695652173913043
Physicochemical,XGBoost,Unweighted,789,4,5,0.7857142857142857,0.4444444444444444,0.5897435897435898,0.4444444444444444,0.45652173913043476,0.7282608695652174,0.44410268115970425,0.0,0.0,0.0,1.0,0.3333333333333333,0.5,0.7692307692307693,1.0,0.8695652173913043
Physicochemical,XGBoost,Unweighted,2026,5,1,0.7333333333333333,0.3333333333333333,0.24444444444444444,0.3333333333333333,0.28205128205128205,0.6205128205128205,0.0,0.0,0.0,0.0,0.0,0.0,0.0,0.7333333333333333,1.0,0.8461538461538461
Physicochemical,XGBoost,Unweighted,2026,5,2,0.7333333333333333,0.7171717171717171,0.7171717171717171,0.7171717171717171,0.7171717171717171,0.7333333333333333,0.3617021276595745,1.0,1.0,1.0,0.3333333333333333,0.3333333333333333,0.3333333333333333,0.8181818181818182,0.8181818181818182,0.8181818181818182
Physicochemical,XGBoost,Unweighted,2026,5,3,0.6,0.27272727272727276,0.23076923076923075,0.27272727272727276,0.25,0.55,-0.2002453486917181,0.0,0.0,0.0,0.0,0.0,0.0,0.6923076923076923,0.8181818181818182,0.75
Physicochemical,XGBoost,Unweighted,2026,5,4,0.8666666666666667,0.5555555555555555,0.6153846153846154,0.5555555555555555,0.5722222222222223,0.8322222222222222,0.6579490028442165,0.0,0.0,0.0,1.0,0.6666666666666666,0.8,0.8461538461538461,1.0,0.9166666666666666
Physicochemical,XGBoost,Unweighted,2026,5,5,0.6428571428571429,0.3,0.23076923076923075,0.3,0.2608695652173913,0.5590062111801243,-0.14803422705323474,0.0,0.0,0.0,0.0,0.0,0.0,0.6923076923076923,0.9,0.782608695652174
Physicochemical,XGBoost,Class_Balanced,42,1,1,0.6,0.4343434343434343,0.4259259259259259,0.4343434343434343,0.4238095238095238,0.6276190476190475,0.20377359689625746,0.0,0.0,0.0,0.5,0.6666666666666666,0.5714285714285714,0.7777777777777778,0.6363636363636364,0.7
Physicochemical,XGBoost,Class_Balanced,42,1,2,0.6666666666666666,0.4646464646464647,0.43333333333333335,0.4646464646464647,0.4444444444444444,0.6730158730158728,0.2679711003789361,0.0,0.0,0.0,0.5,0.6666666666666666,0.5714285714285714,0.8,0.7272727272727273,0.7619047619047619
Physicochemical,XGBoost,Class_Balanced,42,1,3,0.8,0.8282828282828283,0.7999999999999999,0.8282828282828283,0.8095238095238094,0.8095238095238095,0.565716767466643,1.0,1.0,1.0,0.5,0.6666666666666666,0.5714285714285714,0.9,0.8181818181818182,0.8571428571428571
Physicochemical,XGBoost,Class_Balanced,42,1,4,0.8666666666666667,0.7777777777777777,0.9487179487179488,0.7777777777777777,0.8055555555555555,0.8388888888888888,0.6737215368532152,1.0,1.0,1.0,1.0,0.3333333333333333,0.5,0.8461538461538461,1.0,0.9166666666666666
Physicochemical,XGBoost,Class_Balanced,42,1,5,0.6428571428571429,0.3,0.23076923076923075,0.3,0.2608695652173913,0.5590062111801243,-0.14803422705323474,0.0,0.0,0.0,0.0,0.0,0.0,0.6923076923076923,0.9,0.782608695652174
Physicochemical,XGBoost,Class_Balanced,123,2,1,0.8,0.4444444444444444,0.5952380952380952,0.4444444444444444,0.45999999999999996,0.7453333333333333,0.44831667596163405,0.0,0.0,0.0,1.0,0.3333333333333333,0.5,0.7857142857142857,1.0,0.88
Physicochemical,XGBoost,Class_Balanced,123,2,2,0.5333333333333333,0.5454545454545454,0.39999999999999997,0.5454545454545454,0.4444444444444444,0.5333333333333333,-0.009746014694818131,0.5,1.0,0.6666666666666666,0.0,0.0,0.0,0.7,0.6363636363636364,0.6666666666666666
Physicochemical,XGBoost,Class_Balanced,123,2,3,0.7333333333333333,0.41414141414141414,0.5897435897435898,0.41414141414141414,0.4444444444444445,0.7111111111111111,0.2526455763199557,0.0,0.0,0.0,1.0,0.3333333333333333,0.5,0.7692307692307693,0.9090909090909091,0.8333333333333334
Physicochemical,XGBoost,Class_Balanced,123,2,4,0.8666666666666667,0.8585858585858586,0.8585858585858586,0.8585858585858586,0.8585858585858586,0.8666666666666667,0.6808510638297872,1.0,1.0,1.0,0.6666666666666666,0.6666666666666666,0.6666666666666666,0.9090909090909091,0.9090909090909091,0.9090909090909091
Physicochemical,XGBoost,Class_Balanced,123,2,5,0.6428571428571429,0.45555555555555555,0.3925925925925926,0.45555555555555555,0.41228070175438597,0.6334586466165414,0.2386980188146657,0.0,0.0,0.0,0.4,0.6666666666666666,0.5,0.7777777777777778,0.7,0.7368421052631579
Physicochemical,XGBoost,Class_Balanced,456,3,1,0.8,0.7474747474747474,0.7777777777777778,0.7474747474747474,0.7565217391304347,0.7843478260869564,0.4850797373873086,1.0,1.0,1.0,0.5,0.3333333333333333,0.4,0.8333333333333334,0.9090909090909091,0.8695652173913043
Physicochemical,XGBoost,Class_Balanced,456,3,2,0.6666666666666666,0.7676767676767676,0.5694444444444444,0.7676767676767676,0.6027568922305764,0.6879699248120301,0.4156851183853697,0.3333333333333333,1.0,0.5,0.5,0.6666666666666666,0.5714285714285714,0.875,0.6363636363636364,0.7368421052631579
Physicochemical,XGBoost,Class_Balanced,456,3,3,0.6666666666666666,0.30303030303030304,0.2380952380952381,0.30303030303030304,0.26666666666666666,0.5866666666666667,-0.13644420572745383,0.0,0.0,0.0,0.0,0.0,0.0,0.7142857142857143,0.9090909090909091,0.8
Physicochemical,XGBoost,Class_Balanced,456,3,4,0.6,0.35353535353535354,0.4090909090909091,0.35353535353535354,0.3757575757575758,0.6133333333333333,0.06316139407998893,0.0,0.0,0.0,0.5,0.3333333333333333,0.4,0.7272727272727273,0.7272727272727273,0.7272727272727273
Physicochemical,XGBoost,Class_Balanced,456,3,5,0.7857142857142857,0.4444444444444444,0.5897435897435898,0.4444444444444444,0.45652173913043476,0.7282608695652174,0.44410268115970425,0.0,0.0,0.0,1.0,0.3333333333333333,0.5,0.7692307692307693,1.0,0.8695652173913043
Physicochemical,XGBoost,Class_Balanced,789,4,1,0.7333333333333333,0.7979797979797979,0.762962962962963,0.7979797979797979,0.7666666666666666,0.7533333333333334,0.4747501098334506,1.0,1.0,1.0,0.4,0.6666666666666666,0.5,0.8888888888888888,0.7272727272727273,0.8
Physicochemical,XGBoost,Class_Balanced,789,4,2,0.4666666666666667,0.2929292929292929,0.3055555555555555,0.2929292929292929,0.29523809523809524,0.4971428571428571,-0.07409948978045726,0.0,0.0,0.0,0.25,0.3333333333333333,0.2857142857142857,0.6666666666666666,0.5454545454545454,0.6
Physicochemical,XGBoost,Class_Balanced,789,4,3,0.8,0.5252525252525252,0.5,0.5252525252525252,0.5120772946859903,0.7710144927536232,0.4740612223681573,0.0,0.0,0.0,0.6666666666666666,0.6666666666666666,0.6666666666666666,0.8333333333333334,0.9090909090909091,0.8695652173913043
Physicochemical,XGBoost,Class_Balanced,789,4,4,0.8,0.7474747474747474,0.7777777777777778,0.7474747474747474,0.7565217391304347,0.7843478260869564,0.4850797373873086,1.0,1.0,1.0,0.5,0.3333333333333333,0.4,0.8333333333333334,0.9090909090909091,0.8695652173913043
Physicochemical,XGBoost,Class_Balanced,789,4,5,0.8571428571428571,0.5555555555555555,0.5252525252525252,0.5555555555555555,0.5396825396825397,0.8231292517006803,0.6503915446723262,0.0,0.0,0.0,0.6666666666666666,0.6666666666666666,0.6666666666666666,0.9090909090909091,1.0,0.9523809523809523
Physicochemical,XGBoost,Class_Balanced,2026,5,1,0.7333333333333333,0.3333333333333333,0.24444444444444444,0.3333333333333333,0.28205128205128205,0.6205128205128205,0.0,0.0,0.0,0.0,0.0,0.0,0.0,0.7333333333333333,1.0,0.8461538461538461
Physicochemical,XGBoost,Class_Balanced,2026,5,2,0.7333333333333333,0.7171717171717171,0.7171717171717171,0.7171717171717171,0.7171717171717171,0.7333333333333333,0.3617021276595745,1.0,1.0,1.0,0.3333333333333333,0.3333333333333333,0.3333333333333333,0.8181818181818182,0.8181818181818182,0.8181818181818182
Physicochemical,XGBoost,Class_Balanced,2026,5,3,0.5333333333333333,0.404040404040404,0.3611111111111111,0.404040404040404,0.3586744639376218,0.5520467836257309,0.12041167089324305,0.0,0.0,0.0,0.3333333333333333,0.6666666666666666,0.4444444444444444,0.75,0.5454545454545454,0.631578947368421
Physicochemical,XGBoost,Class_Balanced,2026,5,4,0.8666666666666667,0.9393939393939394,0.75,0.9393939393939394,0.8079365079365078,0.8758730158730158,0.7595197702496869,0.5,1.0,0.6666666666666666,0.75,1.0,0.8571428571428571,1.0,0.8181818181818182,0.9
Physicochemical,XGBoost,Class_Balanced,2026,5,5,0.6428571428571429,0.6,0.5757575757575758,0.6,0.5873015873015873,0.6156462585034014,0.11599633400095508,1.0,1.0,1.0,0.0,0.0,0.0,0.7272727272727273,0.8,0.7619047619047619
ProtBERT,Logistic_Regression,Unweighted,42,1,1,0.8666666666666667,0.5555555555555555,0.6153846153846154,0.5555555555555555,0.5722222222222223,0.8322222222222222,0.6579490028442165,0.0,0.0,0.0,1.0,0.6666666666666666,0.8,0.8461538461538461,1.0,0.9166666666666666
ProtBERT,Logistic_Regression,Unweighted,42,1,2,0.8,0.4444444444444444,0.5952380952380952,0.4444444444444444,0.45999999999999996,0.7453333333333333,0.44831667596163405,0.0,0.0,0.0,1.0,0.3333333333333333,0.5,0.7857142857142857,1.0,0.88
ProtBERT,Logistic_Regression,Unweighted,42,1,3,0.7333333333333333,0.494949494949495,0.43939393939393945,0.494949494949495,0.4632034632034632,0.7142857142857142,0.351839597706834,0.0,0.0,0.0,0.5,0.6666666666666666,0.5714285714285714,0.8181818181818182,0.8181818181818182,0.8181818181818182
ProtBERT,Logistic_Regression,Unweighted,42,1,4,0.8,0.4444444444444444,0.5952380952380952,0.4444444444444444,0.45999999999999996,0.7453333333333333,0.44831667596163405,0.0,0.0,0.0,1.0,0.3333333333333333,0.5,0.7857142857142857,1.0,0.88
ProtBERT,Logistic_Regression,Unweighted,42,1,5,0.7857142857142857,0.4444444444444444,0.5897435897435898,0.4444444444444444,0.45652173913043476,0.7282608695652174,0.44410268115970425,0.0,0.0,0.0,1.0,0.3333333333333333,0.5,0.7692307692307693,1.0,0.8695652173913043
ProtBERT,Logistic_Regression,Unweighted,123,2,1,0.7333333333333333,0.3333333333333333,0.24444444444444444,0.3333333333333333,0.28205128205128205,0.6205128205128205,0.0,0.0,0.0,0.0,0.0,0.0,0.0,0.7333333333333333,1.0,0.8461538461538461
ProtBERT,Logistic_Regression,Unweighted,123,2,2,0.8666666666666667,0.5555555555555555,0.6153846153846154,0.5555555555555555,0.5722222222222223,0.8322222222222222,0.6579490028442165,0.0,0.0,0.0,1.0,0.6666666666666666,0.8,0.8461538461538461,1.0,0.9166666666666666
ProtBERT,Logistic_Regression,Unweighted,123,2,3,0.8666666666666667,0.5555555555555555,0.6153846153846154,0.5555555555555555,0.5722222222222223,0.8322222222222222,0.6579490028442165,0.0,0.0,0.0,1.0,0.6666666666666666,0.8,0.8461538461538461,1.0,0.9166666666666666
ProtBERT,Logistic_Regression,Unweighted,123,2,4,0.8,0.4444444444444444,0.5952380952380952,0.4444444444444444,0.45999999999999996,0.7453333333333333,0.44831667596163405,0.0,0.0,0.0,1.0,0.3333333333333333,0.5,0.7857142857142857,1.0,0.88
ProtBERT,Logistic_Regression,Unweighted,123,2,5,0.6428571428571429,0.45555555555555555,0.3925925925925926,0.45555555555555555,0.41228070175438597,0.6334586466165414,0.2386980188146657,0.0,0.0,0.0,0.4,0.6666666666666666,0.5,0.7777777777777778,0.7,0.7368421052631579
ProtBERT,Logistic_Regression,Unweighted,456,3,1,0.8,0.4444444444444444,0.5952380952380952,0.4444444444444444,0.45999999999999996,0.7453333333333333,0.44831667596163405,0.0,0.0,0.0,1.0,0.3333333333333333,0.5,0.7857142857142857,1.0,0.88
ProtBERT,Logistic_Regression,Unweighted,456,3,2,0.7333333333333333,0.41414141414141414,0.4230769230769231,0.41414141414141414,0.41111111111111115,0.6911111111111111,0.22885182707624924,0.0,0.0,0.0,0.5,0.3333333333333333,0.4,0.7692307692307693,0.9090909090909091,0.8333333333333334
ProtBERT,Logistic_Regression,Unweighted,456,3,3,0.8666666666666667,0.5555555555555555,0.6153846153846154,0.5555555555555555,0.5722222222222223,0.8322222222222222,0.6579490028442165,0.0,0.0,0.0,1.0,0.6666666666666666,0.8,0.8461538461538461,1.0,0.9166666666666666
ProtBERT,Logistic_Regression,Unweighted,456,3,4,0.8,0.5252525252525252,0.5,0.5252525252525252,0.5120772946859903,0.7710144927536232,0.4740612223681573,0.0,0.0,0.0,0.6666666666666666,0.6666666666666666,0.6666666666666666,0.8333333333333334,0.9090909090909091,0.8695652173913043
ProtBERT,Logistic_Regression,Unweighted,456,3,5,0.7857142857142857,0.4444444444444444,0.5897435897435898,0.4444444444444444,0.45652173913043476,0.7282608695652174,0.44410268115970425,0.0,0.0,0.0,1.0,0.3333333333333333,0.5,0.7692307692307693,1.0,0.8695652173913043
ProtBERT,Logistic_Regression,Unweighted,789,4,1,0.8,0.5252525252525252,0.5,0.5252525252525252,0.5120772946859903,0.7710144927536232,0.4740612223681573,0.0,0.0,0.0,0.6666666666666666,0.6666666666666666,0.6666666666666666,0.8333333333333334,0.9090909090909091,0.8695652173913043
ProtBERT,Logistic_Regression,Unweighted,789,4,2,0.8666666666666667,0.5555555555555555,0.6153846153846154,0.5555555555555555,0.5722222222222223,0.8322222222222222,0.6579490028442165,0.0,0.0,0.0,1.0,0.6666666666666666,0.8,0.8461538461538461,1.0,0.9166666666666666
ProtBERT,Logistic_Regression,Unweighted,789,4,3,0.7333333333333333,0.3333333333333333,0.24444444444444444,0.3333333333333333,0.28205128205128205,0.6205128205128205,0.0,0.0,0.0,0.0,0.0,0.0,0.0,0.7333333333333333,1.0,0.8461538461538461
ProtBERT,Logistic_Regression,Unweighted,789,4,4,0.8,0.4444444444444444,0.5952380952380952,0.4444444444444444,0.45999999999999996,0.7453333333333333,0.44831667596163405,0.0,0.0,0.0,1.0,0.3333333333333333,0.5,0.7857142857142857,1.0,0.88
ProtBERT,Logistic_Regression,Unweighted,789,4,5,0.8571428571428571,0.5555555555555555,0.6111111111111112,0.5555555555555555,0.5696969696969697,0.8207792207792207,0.6537014466829248,0.0,0.0,0.0,1.0,0.6666666666666666,0.8,0.8333333333333334,1.0,0.9090909090909091
ProtBERT,Logistic_Regression,Unweighted,2026,5,1,0.7333333333333333,0.41414141414141414,0.5897435897435898,0.41414141414141414,0.4444444444444445,0.7111111111111111,0.2526455763199557,0.0,0.0,0.0,1.0,0.3333333333333333,0.5,0.7692307692307693,0.9090909090909091,0.8333333333333334
ProtBERT,Logistic_Regression,Unweighted,2026,5,2,0.8666666666666667,0.6363636363636364,0.5530303030303031,0.6363636363636364,0.5887445887445887,0.8380952380952381,0.6816892205569908,0.0,0.0,0.0,0.75,1.0,0.8571428571428571,0.9090909090909091,0.9090909090909091,0.9090909090909091
ProtBERT,Logistic_Regression,Unweighted,2026,5,3,0.8,0.4444444444444444,0.5952380952380952,0.4444444444444444,0.45999999999999996,0.7453333333333333,0.44831667596163405,0.0,0.0,0.0,1.0,0.3333333333333333,0.5,0.7857142857142857,1.0,0.88
ProtBERT,Logistic_Regression,Unweighted,2026,5,4,0.8666666666666667,0.5555555555555555,0.6153846153846154,0.5555555555555555,0.5722222222222223,0.8322222222222222,0.6579490028442165,0.0,0.0,0.0,1.0,0.6666666666666666,0.8,0.8461538461538461,1.0,0.9166666666666666
ProtBERT,Logistic_Regression,Unweighted,2026,5,5,0.7142857142857143,0.3333333333333333,0.2380952380952381,0.3333333333333333,0.2777777777777778,0.5952380952380952,0.0,0.0,0.0,0.0,0.0,0.0,0.0,0.7142857142857143,1.0,0.8333333333333334
ProtBERT,Logistic_Regression,Class_Balanced,42,1,1,0.6,0.4343434343434343,0.5925925925925926,0.4343434343434343,0.5,0.6733333333333333,0.2408233417864861,0.0,0.0,0.0,1.0,0.6666666666666666,0.8,0.7777777777777778,0.6363636363636364,0.7
ProtBERT,Logistic_Regression,Class_Balanced,42,1,2,0.7333333333333333,0.494949494949495,0.6060606060606061,0.494949494949495,0.5393939393939394,0.76,0.37896836447993354,0.0,0.0,0.0,1.0,0.6666666666666666,0.8,0.8181818181818182,0.8181818181818182,0.8181818181818182
ProtBERT,Logistic_Regression,Class_Balanced,42,1,3,0.7333333333333333,0.8787878787878788,0.8095238095238096,0.8787878787878788,0.7925925925925926,0.757037037037037,0.6064496310619684,1.0,1.0,1.0,0.42857142857142855,1.0,0.6,1.0,0.6363636363636364,0.7777777777777778
ProtBERT,Logistic_Regression,Class_Balanced,42,1,4,0.6666666666666666,0.6868686868686869,0.5444444444444444,0.6868686868686869,0.5539682539682539,0.6720634920634919,0.30212645553936207,0.3333333333333333,1.0,0.5,0.5,0.3333333333333333,0.4,0.8,0.7272727272727273,0.7619047619047619
ProtBERT,Logistic_Regression,Class_Balanced,42,1,5,0.7857142857142857,0.5222222222222223,0.6060606060606061,0.5222222222222223,0.5523809523809523,0.7836734693877551,0.476873817559482,0.0,0.0,0.0,1.0,0.6666666666666666,0.8,0.8181818181818182,0.9,0.8571428571428571
ProtBERT,Logistic_Regression,Class_Balanced,123,2,1,0.6666666666666666,0.30303030303030304,0.2380952380952381,0.30303030303030304,0.26666666666666666,0.5866666666666667,-0.13644420572745383,0.0,0.0,0.0,0.0,0.0,0.0,0.7142857142857143,0.9090909090909091,0.8
ProtBERT,Logistic_Regression,Class_Balanced,123,2,2,0.9333333333333333,0.9696969696969697,0.8333333333333334,0.9696969696969697,0.8730158730158729,0.9428571428571428,0.8673953078388137,0.5,1.0,0.6666666666666666,1.0,1.0,1.0,1.0,0.9090909090909091,0.9523809523809523
ProtBERT,Logistic_Regression,Class_Balanced,123,2,3,0.8666666666666667,0.6363636363636364,0.6363636363636364,0.6363636363636364,0.6363636363636364,0.8666666666666667,0.6808510638297872,0.0,0.0,0.0,1.0,1.0,1.0,0.9090909090909091,0.9090909090909091,0.9090909090909091
ProtBERT,Logistic_Regression,Class_Balanced,123,2,4,0.6666666666666666,0.7676767676767676,0.5972222222222222,0.7676767676767676,0.6011695906432748,0.7003508771929824,0.43337384682730035,0.25,1.0,0.4,0.6666666666666666,0.6666666666666666,0.6666666666666666,0.875,0.6363636363636364,0.7368421052631579
ProtBERT,Logistic_Regression,Class_Balanced,123,2,5,0.5,0.38888888888888884,0.37142857142857144,0.38888888888888884,0.36274509803921573,0.5273109243697479,0.10919492538753907,0.0,0.0,0.0,0.4,0.6666666666666666,0.5,0.7142857142857143,0.5,0.5882352941176471
ProtBERT,Logistic_Regression,Class_Balanced,456,3,1,0.6666666666666666,0.7676767676767676,0.5694444444444444,0.7676767676767676,0.6027568922305764,0.6879699248120301,0.4156851183853697,0.3333333333333333,1.0,0.5,0.5,0.6666666666666666,0.5714285714285714,0.875,0.6363636363636364,0.7368421052631579
ProtBERT,Logistic_Regression,Class_Balanced,456,3,2,0.8666666666666667,0.8585858585858586,0.8585858585858586,0.8585858585858586,0.8585858585858586,0.8666666666666667,0.6808510638297872,1.0,1.0,1.0,0.6666666666666666,0.6666666666666666,0.6666666666666666,0.9090909090909091,0.9090909090909091,0.9090909090909091
ProtBERT,Logistic_Regression,Class_Balanced,456,3,3,0.7333333333333333,0.5757575757575758,0.6296296296296297,0.5757575757575758,0.6,0.7866666666666667,0.49618606177797414,0.0,0.0,0.0,1.0,1.0,1.0,0.8888888888888888,0.7272727272727273,0.8
ProtBERT,Logistic_Regression,Class_Balanced,456,3,4,0.6666666666666666,0.5454545454545454,0.4916666666666667,0.5454545454545454,0.49561403508771934,0.6903508771929824,0.4039816339161795,0.0,0.0,0.0,0.6,1.0,0.75,0.875,0.6363636363636364,0.7368421052631579
ProtBERT,Logistic_Regression,Class_Balanced,456,3,5,0.7857142857142857,0.5222222222222223,0.6060606060606061,0.5222222222222223,0.5523809523809523,0.7836734693877551,0.476873817559482,0.0,0.0,0.0,1.0,0.6666666666666666,0.8,0.8181818181818182,0.9,0.8571428571428571
ProtBERT,Logistic_Regression,Class_Balanced,789,4,1,0.8,0.9090909090909092,0.7000000000000001,0.9090909090909092,0.7529239766081871,0.8119883040935673,0.6733027231936325,0.5,1.0,0.6666666666666666,0.6,1.0,0.75,1.0,0.7272727272727273,0.8421052631578947
ProtBERT,Logistic_Regression,Class_Balanced,789,4,2,0.8,0.9090909090909092,0.75,0.9090909090909092,0.7473684210526316,0.8442105263157895,0.6987047734562597,0.25,1.0,0.4,1.0,1.0,1.0,1.0,0.7272727272727273,0.8421052631578947
ProtBERT,Logistic_Regression,Class_Balanced,789,4,3,0.6,0.35353535353535354,0.5757575757575758,0.35353535353535354,0.4090909090909091,0.6333333333333333,0.0851063829787234,0.0,0.0,0.0,1.0,0.3333333333333333,0.5,0.7272727272727273,0.7272727272727273,0.7272727272727273
ProtBERT,Logistic_Regression,Class_Balanced,789,4,4,0.7333333333333333,0.7171717171717171,0.7171717171717171,0.7171717171717171,0.7171717171717171,0.7333333333333333,0.3617021276595745,1.0,1.0,1.0,0.3333333333333333,0.3333333333333333,0.3333333333333333,0.8181818181818182,0.8181818181818182,0.8181818181818182
ProtBERT,Logistic_Regression,Class_Balanced,789,4,5,0.5714285714285714,0.4222222222222222,0.47222222222222215,0.4222222222222222,0.4444444444444444,0.619047619047619,0.20198929081169423,0.0,0.0,0.0,0.6666666666666666,0.6666666666666666,0.6666666666666666,0.75,0.6,0.6666666666666666
ProtBERT,Logistic_Regression,Class_Balanced,2026,5,1,0.5333333333333333,0.404040404040404,0.47222222222222215,0.404040404040404,0.43274853801169594,0.5964912280701753,0.16804292019834094,0.0,0.0,0.0,0.6666666666666666,0.6666666666666666,0.6666666666666666,0.75,0.5454545454545454,0.631578947368421
ProtBERT,Logistic_Regression,Class_Balanced,2026,5,2,0.9333333333333333,0.9696969696969697,0.9166666666666666,0.9696969696969697,0.9365079365079364,0.9365079365079365,0.8634624345543498,1.0,1.0,1.0,0.75,1.0,0.8571428571428571,1.0,0.9090909090909091,0.9523809523809523
ProtBERT,Logistic_Regression,Class_Balanced,2026,5,3,0.8,0.5252525252525252,0.6111111111111112,0.5252525252525252,0.5565217391304348,0.7976811594202898,0.4850797373873086,0.0,0.0,0.0,1.0,0.6666666666666666,0.8,0.8333333333333334,0.9090909090909091,0.8695652173913043
ProtBERT,Logistic_Regression,Class_Balanced,2026,5,4,0.8,0.9090909090909092,0.6944444444444443,0.9090909090909092,0.7330827067669173,0.8223057644110275,0.6810160450143291,0.3333333333333333,1.0,0.5,0.75,1.0,0.8571428571428571,1.0,0.7272727272727273,0.8421052631578947
ProtBERT,Logistic_Regression,Class_Balanced,2026,5,5,0.7142857142857143,0.7111111111111111,0.7111111111111111,0.7111111111111111,0.7111111111111111,0.7142857142857143,0.3488372093023256,1.0,1.0,1.0,0.3333333333333333,0.3333333333333333,0.3333333333333333,0.8,0.8,0.8
ProtBERT,SVM_Linear,Unweighted,42,1,1,0.8666666666666667,0.5555555555555555,0.6153846153846154,0.5555555555555555,0.5722222222222223,0.8322222222222222,0.6579490028442165,0.0,0.0,0.0,1.0,0.6666666666666666,0.8,0.8461538461538461,1.0,0.9166666666666666
ProtBERT,SVM_Linear,Unweighted,42,1,2,0.8,0.4444444444444444,0.5952380952380952,0.4444444444444444,0.45999999999999996,0.7453333333333333,0.44831667596163405,0.0,0.0,0.0,1.0,0.3333333333333333,0.5,0.7857142857142857,1.0,0.88
ProtBERT,SVM_Linear,Unweighted,42,1,3,0.7333333333333333,0.5757575757575758,0.46296296296296297,0.5757575757575758,0.48888888888888893,0.7200000000000001,0.47639306734033093,0.0,0.0,0.0,0.5,1.0,0.6666666666666666,0.8888888888888888,0.7272727272727273,0.8
ProtBERT,SVM_Linear,Unweighted,42,1,4,0.8,0.4444444444444444,0.5952380952380952,0.4444444444444444,0.45999999999999996,0.7453333333333333,0.44831667596163405,0.0,0.0,0.0,1.0,0.3333333333333333,0.5,0.7857142857142857,1.0,0.88
ProtBERT,SVM_Linear,Unweighted,42,1,5,0.8571428571428571,0.5555555555555555,0.6111111111111112,0.5555555555555555,0.5696969696969697,0.8207792207792207,0.6537014466829248,0.0,0.0,0.0,1.0,0.6666666666666666,0.8,0.8333333333333334,1.0,0.9090909090909091
ProtBERT,SVM_Linear,Unweighted,123,2,1,0.7333333333333333,0.3333333333333333,0.24444444444444444,0.3333333333333333,0.28205128205128205,0.6205128205128205,0.0,0.0,0.0,0.0,0.0,0.0,0.0,0.7333333333333333,1.0,0.8461538461538461
ProtBERT,SVM_Linear,Unweighted,123,2,2,0.8666666666666667,0.5555555555555555,0.6153846153846154,0.5555555555555555,0.5722222222222223,0.8322222222222222,0.6579490028442165,0.0,0.0,0.0,1.0,0.6666666666666666,0.8,0.8461538461538461,1.0,0.9166666666666666
ProtBERT,SVM_Linear,Unweighted,123,2,3,0.9333333333333333,0.6666666666666666,0.6388888888888888,0.6666666666666666,0.6521739130434783,0.9014492753623189,0.8387237011128936,0.0,0.0,0.0,1.0,1.0,1.0,0.9166666666666666,1.0,0.9565217391304348
ProtBERT,SVM_Linear,Unweighted,123,2,4,0.8,0.4444444444444444,0.5952380952380952,0.4444444444444444,0.45999999999999996,0.7453333333333333,0.44831667596163405,0.0,0.0,0.0,1.0,0.3333333333333333,0.5,0.7857142857142857,1.0,0.88
ProtBERT,SVM_Linear,Unweighted,123,2,5,0.6428571428571429,0.45555555555555555,0.3925925925925926,0.45555555555555555,0.41228070175438597,0.6334586466165414,0.2386980188146657,0.0,0.0,0.0,0.4,0.6666666666666666,0.5,0.7777777777777778,0.7,0.7368421052631579
ProtBERT,SVM_Linear,Unweighted,456,3,1,0.8,0.5252525252525252,0.5,0.5252525252525252,0.5120772946859903,0.7710144927536232,0.4740612223681573,0.0,0.0,0.0,0.6666666666666666,0.6666666666666666,0.6666666666666666,0.8333333333333334,0.9090909090909091,0.8695652173913043
ProtBERT,SVM_Linear,Unweighted,456,3,2,0.7333333333333333,0.41414141414141414,0.4230769230769231,0.41414141414141414,0.41111111111111115,0.6911111111111111,0.22885182707624924,0.0,0.0,0.0,0.5,0.3333333333333333,0.4,0.7692307692307693,0.9090909090909091,0.8333333333333334
ProtBERT,SVM_Linear,Unweighted,456,3,3,0.8666666666666667,0.5555555555555555,0.6153846153846154,0.5555555555555555,0.5722222222222223,0.8322222222222222,0.6579490028442165,0.0,0.0,0.0,1.0,0.6666666666666666,0.8,0.8461538461538461,1.0,0.9166666666666666
ProtBERT,SVM_Linear,Unweighted,456,3,4,0.8,0.5252525252525252,0.5,0.5252525252525252,0.5120772946859903,0.7710144927536232,0.4740612223681573,0.0,0.0,0.0,0.6666666666666666,0.6666666666666666,0.6666666666666666,0.8333333333333334,0.9090909090909091,0.8695652173913043
ProtBERT,SVM_Linear,Unweighted,456,3,5,0.7857142857142857,0.4444444444444444,0.5897435897435898,0.4444444444444444,0.45652173913043476,0.7282608695652174,0.44410268115970425,0.0,0.0,0.0,1.0,0.3333333333333333,0.5,0.7692307692307693,1.0,0.8695652173913043
ProtBERT,SVM_Linear,Unweighted,789,4,1,0.8666666666666667,0.6363636363636364,0.5530303030303031,0.6363636363636364,0.5887445887445887,0.8380952380952381,0.6816892205569908,0.0,0.0,0.0,0.75,1.0,0.8571428571428571,0.9090909090909091,0.9090909090909091,0.9090909090909091
ProtBERT,SVM_Linear,Unweighted,789,4,2,0.8,0.4444444444444444,0.5952380952380952,0.4444444444444444,0.45999999999999996,0.7453333333333333,0.44831667596163405,0.0,0.0,0.0,1.0,0.3333333333333333,0.5,0.7857142857142857,1.0,0.88
ProtBERT,SVM_Linear,Unweighted,789,4,3,0.6666666666666666,0.30303030303030304,0.2380952380952381,0.30303030303030304,0.26666666666666666,0.5866666666666667,-0.09746014694818131,0.0,0.0,0.0,0.0,0.0,0.0,0.7142857142857143,0.9090909090909091,0.8
ProtBERT,SVM_Linear,Unweighted,789,4,4,0.8,0.4444444444444444,0.5952380952380952,0.4444444444444444,0.45999999999999996,0.7453333333333333,0.44831667596163405,0.0,0.0,0.0,1.0,0.3333333333333333,0.5,0.7857142857142857,1.0,0.88
ProtBERT,SVM_Linear,Unweighted,789,4,5,0.7857142857142857,0.5222222222222223,0.494949494949495,0.5222222222222223,0.5079365079365079,0.7551020408163265,0.46456538905166156,0.0,0.0,0.0,0.6666666666666666,0.6666666666666666,0.6666666666666666,0.8181818181818182,0.9,0.8571428571428571
ProtBERT,SVM_Linear,Unweighted,2026,5,1,0.8,0.5252525252525252,0.6111111111111112,0.5252525252525252,0.5565217391304348,0.7976811594202898,0.4850797373873086,0.0,0.0,0.0,1.0,0.6666666666666666,0.8,0.8333333333333334,0.9090909090909091,0.8695652173913043
ProtBERT,SVM_Linear,Unweighted,2026,5,2,0.8666666666666667,0.6363636363636364,0.5530303030303031,0.6363636363636364,0.5887445887445887,0.8380952380952381,0.6816892205569908,0.0,0.0,0.0,0.75,1.0,0.8571428571428571,0.9090909090909091,0.9090909090909091,0.9090909090909091
ProtBERT,SVM_Linear,Unweighted,2026,5,3,0.8,0.4444444444444444,0.5952380952380952,0.4444444444444444,0.45999999999999996,0.7453333333333333,0.44831667596163405,0.0,0.0,0.0,1.0,0.3333333333333333,0.5,0.7857142857142857,1.0,0.88
ProtBERT,SVM_Linear,Unweighted,2026,5,4,0.8,0.5252525252525252,0.5,0.5252525252525252,0.5120772946859903,0.7710144927536232,0.4740612223681573,0.0,0.0,0.0,0.6666666666666666,0.6666666666666666,0.6666666666666666,0.8333333333333334,0.9090909090909091,0.8695652173913043
ProtBERT,SVM_Linear,Unweighted,2026,5,5,0.6428571428571429,0.3,0.23076923076923075,0.3,0.2608695652173913,0.5590062111801243,-0.14803422705323474,0.0,0.0,0.0,0.0,0.0,0.0,0.6923076923076923,0.9,0.782608695652174
ProtBERT,SVM_Linear,Class_Balanced,42,1,1,0.8666666666666667,0.8585858585858586,0.8030303030303031,0.8585858585858586,0.791919191919192,0.8711111111111111,0.6947753348798782,0.5,1.0,0.6666666666666666,1.0,0.6666666666666666,0.8,0.9090909090909091,0.9090909090909091,0.9090909090909091
ProtBERT,SVM_Linear,Class_Balanced,42,1,2,0.7333333333333333,0.7979797979797979,0.7129629629629629,0.7979797979797979,0.6666666666666666,0.7733333333333334,0.5186964284632009,0.25,1.0,0.4,1.0,0.6666666666666666,0.8,0.8888888888888888,0.7272727272727273,0.8
ProtBERT,SVM_Linear,Class_Balanced,42,1,3,0.7333333333333333,0.5757575757575758,0.46296296296296297,0.5757575757575758,0.48888888888888893,0.7200000000000001,0.47639306734033093,0.0,0.0,0.0,0.5,1.0,0.6666666666666666,0.8888888888888888,0.7272727272727273,0.8
ProtBERT,SVM_Linear,Class_Balanced,42,1,4,0.6666666666666666,0.6868686868686869,0.6833333333333332,0.6868686868686869,0.5539682539682539,0.6853968253968253,0.3275202337964775,0.25,1.0,0.4,1.0,0.3333333333333333,0.5,0.8,0.7272727272727273,0.7619047619047619
ProtBERT,SVM_Linear,Class_Balanced,42,1,5,0.7142857142857143,0.48888888888888893,0.6,0.48888888888888893,0.5333333333333333,0.7428571428571429,0.3678403918973623,0.0,0.0,0.0,1.0,0.6666666666666666,0.8,0.8,0.8,0.8
ProtBERT,SVM_Linear,Class_Balanced,123,2,1,0.6666666666666666,0.6060606060606061,0.4166666666666667,0.6060606060606061,0.4830917874396135,0.6183574879227053,0.15380577039109783,0.5,1.0,0.6666666666666666,0.0,0.0,0.0,0.75,0.8181818181818182,0.782608695652174
ProtBERT,SVM_Linear,Class_Balanced,123,2,2,0.8666666666666667,0.9393939393939394,0.7777777777777777,0.9393939393939394,0.7999999999999999,0.8933333333333333,0.7718449849879597,0.3333333333333333,1.0,0.5,1.0,1.0,1.0,1.0,0.8181818181818182,0.9
ProtBERT,SVM_Linear,Class_Balanced,123,2,3,0.8666666666666667,0.9393939393939394,0.7777777777777777,0.9393939393939394,0.7999999999999999,0.8933333333333333,0.7718449849879597,0.3333333333333333,1.0,0.5,1.0,1.0,1.0,1.0,0.8181818181818182,0.9
ProtBERT,SVM_Linear,Class_Balanced,123,2,4,0.6666666666666666,0.6868686868686869,0.5444444444444444,0.6868686868686869,0.5539682539682539,0.6720634920634919,0.30212645553936207,0.3333333333333333,1.0,0.5,0.5,0.3333333333333333,0.4,0.8,0.7272727272727273,0.7619047619047619
ProtBERT,SVM_Linear,Class_Balanced,123,2,5,0.5,0.38888888888888884,0.37142857142857144,0.38888888888888884,0.36274509803921573,0.5273109243697479,0.10919492538753907,0.0,0.0,0.0,0.4,0.6666666666666666,0.5,0.7142857142857143,0.5,0.5882352941176471
ProtBERT,SVM_Linear,Class_Balanced,456,3,1,0.7333333333333333,0.7979797979797979,0.6296296296296297,0.7979797979797979,0.6555555555555556,0.7533333333333334,0.49618606177797414,0.3333333333333333,1.0,0.5,0.6666666666666666,0.6666666666666666,0.6666666666666666,0.8888888888888888,0.7272727272727273,0.8
ProtBERT,SVM_Linear,Class_Balanced,456,3,2,0.8,0.8282828282828283,0.6888888888888888,0.8282828282828283,0.7301587301587301,0.8063492063492064,0.5750148669942697,0.5,1.0,0.6666666666666666,0.6666666666666666,0.6666666666666666,0.6666666666666666,0.9,0.8181818181818182,0.8571428571428571
ProtBERT,SVM_Linear,Class_Balanced,456,3,3,0.7333333333333333,0.8787878787878788,0.7333333333333334,0.8787878787878788,0.7037037037037037,0.7925925925925926,0.6405066169845234,0.2,1.0,0.3333333333333333,1.0,1.0,1.0,1.0,0.6363636363636364,0.7777777777777778
ProtBERT,SVM_Linear,Class_Balanced,456,3,4,0.8666666666666667,0.9393939393939394,0.75,0.9393939393939394,0.8079365079365078,0.8758730158730158,0.7595197702496869,0.5,1.0,0.6666666666666666,0.75,1.0,0.8571428571428571,1.0,0.8181818181818182,0.9
ProtBERT,SVM_Linear,Class_Balanced,456,3,5,0.7857142857142857,0.5222222222222223,0.6060606060606061,0.5222222222222223,0.5523809523809523,0.7836734693877551,0.476873817559482,0.0,0.0,0.0,1.0,0.6666666666666666,0.8,0.8181818181818182,0.9,0.8571428571428571
ProtBERT,SVM_Linear,Class_Balanced,789,4,1,0.8,0.9090909090909092,0.6944444444444443,0.9090909090909092,0.7330827067669173,0.8223057644110275,0.6810160450143291,0.3333333333333333,1.0,0.5,0.75,1.0,0.8571428571428571,1.0,0.7272727272727273,0.8421052631578947
ProtBERT,SVM_Linear,Class_Balanced,789,4,2,0.8666666666666667,0.9393939393939394,0.7777777777777777,0.9393939393939394,0.7999999999999999,0.8933333333333333,0.7718449849879597,0.3333333333333333,1.0,0.5,1.0,1.0,1.0,1.0,0.8181818181818182,0.9
ProtBERT,SVM_Linear,Class_Balanced,789,4,3,0.6666666666666666,0.38383838383838387,0.5833333333333334,0.38383838383838387,0.4275362318840579,0.673913043478261,0.15380577039109783,0.0,0.0,0.0,1.0,0.3333333333333333,0.5,0.75,0.8181818181818182,0.782608695652174
ProtBERT,SVM_Linear,Class_Balanced,789,4,4,0.8666666666666667,0.8585858585858586,0.8585858585858586,0.8585858585858586,0.8585858585858586,0.8666666666666667,0.6808510638297872,1.0,1.0,1.0,0.6666666666666666,0.6666666666666666,0.6666666666666666,0.9090909090909091,0.9090909090909091,0.9090909090909091
ProtBERT,SVM_Linear,Class_Balanced,789,4,5,0.5714285714285714,0.4222222222222222,0.47222222222222215,0.4222222222222222,0.4444444444444444,0.619047619047619,0.20198929081169423,0.0,0.0,0.0,0.6666666666666666,0.6666666666666666,0.6666666666666666,0.75,0.6,0.6666666666666666
ProtBERT,SVM_Linear,Class_Balanced,2026,5,1,0.6,0.4343434343434343,0.5925925925925926,0.4343434343434343,0.5,0.6733333333333333,0.2408233417864861,0.0,0.0,0.0,1.0,0.6666666666666666,0.8,0.7777777777777778,0.6363636363636364,0.7
ProtBERT,SVM_Linear,Class_Balanced,2026,5,2,0.8666666666666667,0.9393939393939394,0.75,0.9393939393939394,0.8079365079365078,0.8758730158730158,0.7595197702496869,0.5,1.0,0.6666666666666666,0.75,1.0,0.8571428571428571,1.0,0.8181818181818182,0.9
ProtBERT,SVM_Linear,Class_Balanced,2026,5,3,0.8,0.8282828282828283,0.7444444444444445,0.8282828282828283,0.719047619047619,0.8219047619047619,0.594506896383906,0.3333333333333333,1.0,0.5,1.0,0.6666666666666666,0.8,0.9,0.8181818181818182,0.8571428571428571
ProtBERT,SVM_Linear,Class_Balanced,2026,5,4,0.6666666666666666,0.8484848484848485,0.65,0.8484848484848485,0.6321195144724556,0.7112978524743231,0.5680414380400868,0.2,1.0,0.3333333333333333,0.75,1.0,0.8571428571428571,1.0,0.5454545454545454,0.7058823529411765
ProtBERT,SVM_Linear,Class_Balanced,2026,5,5,0.7857142857142857,0.7444444444444445,0.7727272727272728,0.7444444444444445,0.7523809523809524,0.7693877551020408,0.476873817559482,1.0,1.0,1.0,0.5,0.3333333333333333,0.4,0.8181818181818182,0.9,0.8571428571428571
ProtBERT,SVM_RBF,Unweighted,42,1,1,0.7333333333333333,0.3333333333333333,0.24444444444444444,0.3333333333333333,0.28205128205128205,0.6205128205128205,0.0,0.0,0.0,0.0,0.0,0.0,0.0,0.7333333333333333,1.0,0.8461538461538461
ProtBERT,SVM_RBF,Unweighted,42,1,2,0.7333333333333333,0.3333333333333333,0.24444444444444444,0.3333333333333333,0.28205128205128205,0.6205128205128205,0.0,0.0,0.0,0.0,0.0,0.0,0.0,0.7333333333333333,1.0,0.8461538461538461
ProtBERT,SVM_RBF,Unweighted,42,1,3,0.7333333333333333,0.3333333333333333,0.24444444444444444,0.3333333333333333,0.28205128205128205,0.6205128205128205,0.0,0.0,0.0,0.0,0.0,0.0,0.0,0.7333333333333333,1.0,0.8461538461538461
ProtBERT,SVM_RBF,Unweighted,42,1,4,0.7333333333333333,0.3333333333333333,0.24444444444444444,0.3333333333333333,0.28205128205128205,0.6205128205128205,0.0,0.0,0.0,0.0,0.0,0.0,0.0,0.7333333333333333,1.0,0.8461538461538461
ProtBERT,SVM_RBF,Unweighted,42,1,5,0.7142857142857143,0.3333333333333333,0.2380952380952381,0.3333333333333333,0.2777777777777778,0.5952380952380952,0.0,0.0,0.0,0.0,0.0,0.0,0.0,0.7142857142857143,1.0,0.8333333333333334
ProtBERT,SVM_RBF,Unweighted,123,2,1,0.7333333333333333,0.3333333333333333,0.24444444444444444,0.3333333333333333,0.28205128205128205,0.6205128205128205,0.0,0.0,0.0,0.0,0.0,0.0,0.0,0.7333333333333333,1.0,0.8461538461538461
ProtBERT,SVM_RBF,Unweighted,123,2,2,0.7333333333333333,0.3333333333333333,0.24444444444444444,0.3333333333333333,0.28205128205128205,0.6205128205128205,0.0,0.0,0.0,0.0,0.0,0.0,0.0,0.7333333333333333,1.0,0.8461538461538461
ProtBERT,SVM_RBF,Unweighted,123,2,3,0.7333333333333333,0.3333333333333333,0.24444444444444444,0.3333333333333333,0.28205128205128205,0.6205128205128205,0.0,0.0,0.0,0.0,0.0,0.0,0.0,0.7333333333333333,1.0,0.8461538461538461
ProtBERT,SVM_RBF,Unweighted,123,2,4,0.7333333333333333,0.3333333333333333,0.24444444444444444,0.3333333333333333,0.28205128205128205,0.6205128205128205,0.0,0.0,0.0,0.0,0.0,0.0,0.0,0.7333333333333333,1.0,0.8461538461538461
ProtBERT,SVM_RBF,Unweighted,123,2,5,0.7142857142857143,0.3333333333333333,0.2380952380952381,0.3333333333333333,0.2777777777777778,0.5952380952380952,0.0,0.0,0.0,0.0,0.0,0.0,0.0,0.7142857142857143,1.0,0.8333333333333334
ProtBERT,SVM_RBF,Unweighted,456,3,1,0.7333333333333333,0.3333333333333333,0.24444444444444444,0.3333333333333333,0.28205128205128205,0.6205128205128205,0.0,0.0,0.0,0.0,0.0,0.0,0.0,0.7333333333333333,1.0,0.8461538461538461
ProtBERT,SVM_RBF,Unweighted,456,3,2,0.7333333333333333,0.3333333333333333,0.24444444444444444,0.3333333333333333,0.28205128205128205,0.6205128205128205,0.0,0.0,0.0,0.0,0.0,0.0,0.0,0.7333333333333333,1.0,0.8461538461538461
ProtBERT,SVM_RBF,Unweighted,456,3,3,0.7333333333333333,0.3333333333333333,0.24444444444444444,0.3333333333333333,0.28205128205128205,0.6205128205128205,0.0,0.0,0.0,0.0,0.0,0.0,0.0,0.7333333333333333,1.0,0.8461538461538461
ProtBERT,SVM_RBF,Unweighted,456,3,4,0.7333333333333333,0.3333333333333333,0.24444444444444444,0.3333333333333333,0.28205128205128205,0.6205128205128205,0.0,0.0,0.0,0.0,0.0,0.0,0.0,0.7333333333333333,1.0,0.8461538461538461
ProtBERT,SVM_RBF,Unweighted,456,3,5,0.7142857142857143,0.3333333333333333,0.2380952380952381,0.3333333333333333,0.2777777777777778,0.5952380952380952,0.0,0.0,0.0,0.0,0.0,0.0,0.0,0.7142857142857143,1.0,0.8333333333333334
ProtBERT,SVM_RBF,Unweighted,789,4,1,0.7333333333333333,0.3333333333333333,0.24444444444444444,0.3333333333333333,0.28205128205128205,0.6205128205128205,0.0,0.0,0.0,0.0,0.0,0.0,0.0,0.7333333333333333,1.0,0.8461538461538461
ProtBERT,SVM_RBF,Unweighted,789,4,2,0.7333333333333333,0.3333333333333333,0.24444444444444444,0.3333333333333333,0.28205128205128205,0.6205128205128205,0.0,0.0,0.0,0.0,0.0,0.0,0.0,0.7333333333333333,1.0,0.8461538461538461
ProtBERT,SVM_RBF,Unweighted,789,4,3,0.7333333333333333,0.3333333333333333,0.24444444444444444,0.3333333333333333,0.28205128205128205,0.6205128205128205,0.0,0.0,0.0,0.0,0.0,0.0,0.0,0.7333333333333333,1.0,0.8461538461538461
ProtBERT,SVM_RBF,Unweighted,789,4,4,0.7333333333333333,0.3333333333333333,0.24444444444444444,0.3333333333333333,0.28205128205128205,0.6205128205128205,0.0,0.0,0.0,0.0,0.0,0.0,0.0,0.7333333333333333,1.0,0.8461538461538461
ProtBERT,SVM_RBF,Unweighted,789,4,5,0.7142857142857143,0.3333333333333333,0.2380952380952381,0.3333333333333333,0.2777777777777778,0.5952380952380952,0.0,0.0,0.0,0.0,0.0,0.0,0.0,0.7142857142857143,1.0,0.8333333333333334
ProtBERT,SVM_RBF,Unweighted,2026,5,1,0.7333333333333333,0.3333333333333333,0.24444444444444444,0.3333333333333333,0.28205128205128205,0.6205128205128205,0.0,0.0,0.0,0.0,0.0,0.0,0.0,0.7333333333333333,1.0,0.8461538461538461
ProtBERT,SVM_RBF,Unweighted,2026,5,2,0.7333333333333333,0.3333333333333333,0.24444444444444444,0.3333333333333333,0.28205128205128205,0.6205128205128205,0.0,0.0,0.0,0.0,0.0,0.0,0.0,0.7333333333333333,1.0,0.8461538461538461
ProtBERT,SVM_RBF,Unweighted,2026,5,3,0.7333333333333333,0.3333333333333333,0.24444444444444444,0.3333333333333333,0.28205128205128205,0.6205128205128205,0.0,0.0,0.0,0.0,0.0,0.0,0.0,0.7333333333333333,1.0,0.8461538461538461
ProtBERT,SVM_RBF,Unweighted,2026,5,4,0.7333333333333333,0.3333333333333333,0.24444444444444444,0.3333333333333333,0.28205128205128205,0.6205128205128205,0.0,0.0,0.0,0.0,0.0,0.0,0.0,0.7333333333333333,1.0,0.8461538461538461
ProtBERT,SVM_RBF,Unweighted,2026,5,5,0.7142857142857143,0.3333333333333333,0.2380952380952381,0.3333333333333333,0.2777777777777778,0.5952380952380952,0.0,0.0,0.0,0.0,0.0,0.0,0.0,0.7142857142857143,1.0,0.8333333333333334
ProtBERT,SVM_RBF,Class_Balanced,42,1,1,0.2,0.5555555555555555,0.25,0.5555555555555555,0.2735042735042735,0.14358974358974358,0.2917299829957891,0.08333333333333333,1.0,0.15384615384615385,0.6666666666666666,0.6666666666666666,0.6666666666666666,0.0,0.0,0.0
ProtBERT,SVM_RBF,Class_Balanced,42,1,2,0.3333333333333333,0.6161616161616161,0.5370370370370371,0.6161616161616161,0.3597069597069597,0.3532600732600733,0.29639795912182904,0.1111111111111111,1.0,0.2,0.5,0.6666666666666666,0.5714285714285714,1.0,0.18181818181818182,0.3076923076923077
ProtBERT,SVM_RBF,Class_Balanced,42,1,3,0.2,0.5555555555555555,0.14814814814814814,0.5555555555555555,0.2148148148148148,0.10222222222222221,0.1786474002526241,0.1111111111111111,1.0,0.2,0.3333333333333333,0.6666666666666666,0.4444444444444444,0.0,0.0,0.0
ProtBERT,SVM_RBF,Class_Balanced,42,1,4,0.26666666666666666,0.5050505050505051,0.4222222222222222,0.5050505050505051,0.28917748917748914,0.30164502164502166,0.10720616164299944,0.1,1.0,0.18181818181818182,0.5,0.3333333333333333,0.4,0.6666666666666666,0.18181818181818182,0.2857142857142857
ProtBERT,SVM_RBF,Class_Balanced,42,1,5,0.2857142857142857,0.5111111111111111,0.5888888888888889,0.5111111111111111,0.3298368298368299,0.3399100899100899,0.1511627906976744,0.1,1.0,0.18181818181818182,1.0,0.3333333333333333,0.5,0.6666666666666666,0.2,0.3076923076923077
ProtBERT,SVM_RBF,Class_Balanced,123,2,1,0.06666666666666667,0.3333333333333333,0.023809523809523808,0.3333333333333333,0.044444444444444446,0.008888888888888889,-0.038984058779272523,0.07142857142857142,1.0,0.13333333333333333,0.0,0.0,0.0,0.0,0.0,0.0
ProtBERT,SVM_RBF,Class_Balanced,123,2,2,0.26666666666666666,0.6666666666666666,0.2333333333333333,0.6666666666666666,0.3106060606060606,0.1621212121212121,0.36099743619057767,0.1,1.0,0.18181818181818182,0.6,1.0,0.75,0.0,0.0,0.0
ProtBERT,SVM_RBF,Class_Balanced,123,2,3,0.2,0.5555555555555555,0.25,0.5555555555555555,0.2735042735042735,0.14358974358974358,0.2917299829957891,0.08333333333333333,1.0,0.15384615384615385,0.6666666666666666,0.6666666666666666,0.6666666666666666,0.0,0.0,0.0
ProtBERT,SVM_RBF,Class_Balanced,123,2,4,0.26666666666666666,0.5050505050505051,0.4222222222222222,0.5050505050505051,0.28917748917748914,0.30164502164502166,0.10720616164299944,0.1,1.0,0.18181818181818182,0.5,0.3333333333333333,0.4,0.6666666666666666,0.18181818181818182,0.2857142857142857
ProtBERT,SVM_RBF,Class_Balanced,123,2,5,0.2857142857142857,0.2888888888888889,0.38888888888888884,0.2888888888888889,0.29304029304029305,0.3422291993720565,0.06833904398864898,0.0,0.0,0.0,0.5,0.6666666666666666,0.5714285714285714,0.6666666666666666,0.2,0.3076923076923077
ProtBERT,SVM_RBF,Class_Balanced,456,3,1,0.13333333333333333,0.4444444444444444,0.1923076923076923,0.4444444444444444,0.18095238095238098,0.08952380952380953,0.15733563111492135,0.07692307692307693,1.0,0.14285714285714285,0.5,0.3333333333333333,0.4,0.0,0.0,0.0
ProtBERT,SVM_RBF,Class_Balanced,456,3,2,0.13333333333333333,0.4444444444444444,0.13888888888888887,0.4444444444444444,0.1623931623931624,0.07692307692307691,0.1093987436234209,0.08333333333333333,1.0,0.15384615384615385,0.3333333333333333,0.3333333333333333,0.3333333333333333,0.0,0.0,0.0
ProtBERT,SVM_RBF,Class_Balanced,456,3,3,0.2,0.5555555555555555,0.25252525252525254,0.5555555555555555,0.27777777777777773,0.14444444444444443,0.14893617021276595,0.09090909090909091,1.0,0.16666666666666666,0.6666666666666666,0.6666666666666666,0.6666666666666666,0.0,0.0,0.0
ProtBERT,SVM_RBF,Class_Balanced,456,3,4,0.2,0.5555555555555555,0.196969696969697,0.5555555555555555,0.24603174603174602,0.1253968253968254,0.24188972342344836,0.09090909090909091,1.0,0.16666666666666666,0.5,0.6666666666666666,0.5714285714285714,0.0,0.0,0.0
ProtBERT,SVM_RBF,Class_Balanced,456,3,5,0.42857142857142855,0.35555555555555557,0.4444444444444444,0.35555555555555557,0.38888888888888884,0.5,0.09606506961737249,0.0,0.0,0.0,0.6666666666666666,0.6666666666666666,0.6666666666666666,0.6666666666666666,0.4,0.5
ProtBERT,SVM_RBF,Class_Balanced,789,4,1,0.2,0.5555555555555555,0.196969696969697,0.5555555555555555,0.24603174603174602,0.1253968253968254,0.24188972342344836,0.09090909090909091,1.0,0.16666666666666666,0.5,0.6666666666666666,0.5714285714285714,0.0,0.0,0.0
ProtBERT,SVM_RBF,Class_Balanced,789,4,2,0.26666666666666666,0.6666666666666666,0.2333333333333333,0.6666666666666666,0.3106060606060606,0.1621212121212121,0.36099743619057767,0.1,1.0,0.18181818181818182,0.6,1.0,0.75,0.0,0.0,0.0
ProtBERT,SVM_RBF,Class_Balanced,789,4,3,0.4,0.1818181818181818,0.2222222222222222,0.1818181818181818,0.19999999999999998,0.44,-0.1614150373433732,0.0,0.0,0.0,0.0,0.0,0.0,0.6666666666666666,0.5454545454545454,0.6
ProtBERT,SVM_RBF,Class_Balanced,789,4,4,0.13333333333333333,0.4444444444444444,0.13888888888888887,0.4444444444444444,0.1623931623931624,0.07692307692307691,0.1093987436234209,0.08333333333333333,1.0,0.15384615384615385,0.3333333333333333,0.3333333333333333,0.3333333333333333,0.0,0.0,0.0
ProtBERT,SVM_RBF,Class_Balanced,789,4,5,0.21428571428571427,0.5555555555555555,0.25252525252525254,0.5555555555555555,0.27777777777777773,0.15476190476190474,0.2920125302610444,0.09090909090909091,1.0,0.16666666666666666,0.6666666666666666,0.6666666666666666,0.6666666666666666,0.0,0.0,0.0
ProtBERT,SVM_RBF,Class_Balanced,2026,5,1,0.3333333333333333,0.23232323232323235,0.35714285714285715,0.23232323232323235,0.2814814814814815,0.4059259259259259,-0.12382109909351438,0.0,0.0,0.0,0.5,0.3333333333333333,0.4,0.5714285714285714,0.36363636363636365,0.4444444444444444
ProtBERT,SVM_RBF,Class_Balanced,2026,5,2,0.26666666666666666,0.6666666666666666,0.2333333333333333,0.6666666666666666,0.3106060606060606,0.1621212121212121,0.36099743619057767,0.1,1.0,0.18181818181818182,0.6,1.0,0.75,0.0,0.0,0.0
ProtBERT,SVM_RBF,Class_Balanced,2026,5,3,0.13333333333333333,0.4444444444444444,0.13888888888888887,0.4444444444444444,0.1623931623931624,0.07692307692307691,0.1093987436234209,0.08333333333333333,1.0,0.15384615384615385,0.3333333333333333,0.3333333333333333,0.3333333333333333,0.0,0.0,0.0
ProtBERT,SVM_RBF,Class_Balanced,2026,5,4,0.26666666666666666,0.5858585858585857,0.5858585858585859,0.5858585858585857,0.3333333333333333,0.26666666666666666,0.30851063829787234,0.09090909090909091,1.0,0.16666666666666666,0.6666666666666666,0.6666666666666666,0.6666666666666666,1.0,0.09090909090909091,0.16666666666666666
ProtBERT,SVM_RBF,Class_Balanced,2026,5,5,0.14285714285714285,0.4444444444444444,0.1414141414141414,0.4444444444444444,0.16666666666666666,0.08333333333333334,0.10618637464037979,0.09090909090909091,1.0,0.16666666666666666,0.3333333333333333,0.3333333333333333,0.3333333333333333,0.0,0.0,0.0
ProtBERT,Random_Forest,Unweighted,42,1,1,0.8666666666666667,0.5555555555555555,0.6153846153846154,0.5555555555555555,0.5722222222222223,0.8322222222222222,0.6579490028442165,0.0,0.0,0.0,1.0,0.6666666666666666,0.8,0.8461538461538461,1.0,0.9166666666666666
ProtBERT,Random_Forest,Unweighted,42,1,2,0.8666666666666667,0.5555555555555555,0.6153846153846154,0.5555555555555555,0.5722222222222223,0.8322222222222222,0.6579490028442165,0.0,0.0,0.0,1.0,0.6666666666666666,0.8,0.8461538461538461,1.0,0.9166666666666666
ProtBERT,Random_Forest,Unweighted,42,1,3,0.8,0.6060606060606061,0.5,0.6060606060606061,0.5357142857142857,0.7785714285714286,0.5672816854423364,0.0,0.0,0.0,0.6,1.0,0.75,0.9,0.8181818181818182,0.8571428571428571
ProtBERT,Random_Forest,Unweighted,42,1,4,0.8,0.4444444444444444,0.5952380952380952,0.4444444444444444,0.45999999999999996,0.7453333333333333,0.44831667596163405,0.0,0.0,0.0,1.0,0.3333333333333333,0.5,0.7857142857142857,1.0,0.88
ProtBERT,Random_Forest,Unweighted,42,1,5,0.7142857142857143,0.3333333333333333,0.2380952380952381,0.3333333333333333,0.2777777777777778,0.5952380952380952,0.0,0.0,0.0,0.0,0.0,0.0,0.0,0.7142857142857143,1.0,0.8333333333333334
ProtBERT,Random_Forest,Unweighted,123,2,1,0.7333333333333333,0.3333333333333333,0.24444444444444444,0.3333333333333333,0.28205128205128205,0.6205128205128205,0.0,0.0,0.0,0.0,0.0,0.0,0.0,0.7333333333333333,1.0,0.8461538461538461
ProtBERT,Random_Forest,Unweighted,123,2,2,0.7333333333333333,0.41414141414141414,0.4230769230769231,0.41414141414141414,0.41111111111111115,0.6911111111111111,0.22885182707624924,0.0,0.0,0.0,0.5,0.3333333333333333,0.4,0.7692307692307693,0.9090909090909091,0.8333333333333334
ProtBERT,Random_Forest,Unweighted,123,2,3,0.9333333333333333,0.6666666666666666,0.6388888888888888,0.6666666666666666,0.6521739130434783,0.9014492753623189,0.8387237011128936,0.0,0.0,0.0,1.0,1.0,1.0,0.9166666666666666,1.0,0.9565217391304348
ProtBERT,Random_Forest,Unweighted,123,2,4,0.6666666666666666,0.30303030303030304,0.2380952380952381,0.30303030303030304,0.26666666666666666,0.5866666666666667,-0.09746014694818131,0.0,0.0,0.0,0.0,0.0,0.0,0.7142857142857143,0.9090909090909091,0.8
ProtBERT,Random_Forest,Unweighted,123,2,5,0.6428571428571429,0.45555555555555555,0.3925925925925926,0.45555555555555555,0.41228070175438597,0.6334586466165414,0.2386980188146657,0.0,0.0,0.0,0.4,0.6666666666666666,0.5,0.7777777777777778,0.7,0.7368421052631579
ProtBERT,Random_Forest,Unweighted,456,3,1,0.8,0.5252525252525252,0.6111111111111112,0.5252525252525252,0.5565217391304348,0.7976811594202898,0.4850797373873086,0.0,0.0,0.0,1.0,0.6666666666666666,0.8,0.8333333333333334,0.9090909090909091,0.8695652173913043
ProtBERT,Random_Forest,Unweighted,456,3,2,0.7333333333333333,0.41414141414141414,0.4230769230769231,0.41414141414141414,0.41111111111111115,0.6911111111111111,0.22885182707624924,0.0,0.0,0.0,0.5,0.3333333333333333,0.4,0.7692307692307693,0.9090909090909091,0.8333333333333334
ProtBERT,Random_Forest,Unweighted,456,3,3,0.6666666666666666,0.30303030303030304,0.2380952380952381,0.30303030303030304,0.26666666666666666,0.5866666666666667,-0.13644420572745383,0.0,0.0,0.0,0.0,0.0,0.0,0.7142857142857143,0.9090909090909091,0.8
ProtBERT,Random_Forest,Unweighted,456,3,4,0.8,0.5252525252525252,0.5,0.5252525252525252,0.5120772946859903,0.7710144927536232,0.4740612223681573,0.0,0.0,0.0,0.6666666666666666,0.6666666666666666,0.6666666666666666,0.8333333333333334,0.9090909090909091,0.8695652173913043
ProtBERT,Random_Forest,Unweighted,456,3,5,0.7857142857142857,0.4444444444444444,0.5897435897435898,0.4444444444444444,0.45652173913043476,0.7282608695652174,0.44410268115970425,0.0,0.0,0.0,1.0,0.3333333333333333,0.5,0.7692307692307693,1.0,0.8695652173913043
ProtBERT,Random_Forest,Unweighted,789,4,1,0.8666666666666667,0.6363636363636364,0.5530303030303031,0.6363636363636364,0.5887445887445887,0.8380952380952381,0.6816892205569908,0.0,0.0,0.0,0.75,1.0,0.8571428571428571,0.9090909090909091,0.9090909090909091,0.9090909090909091
ProtBERT,Random_Forest,Unweighted,789,4,2,0.9333333333333333,0.6666666666666666,0.6388888888888888,0.6666666666666666,0.6521739130434783,0.9014492753623189,0.8387237011128936,0.0,0.0,0.0,1.0,1.0,1.0,0.9166666666666666,1.0,0.9565217391304348
ProtBERT,Random_Forest,Unweighted,789,4,3,0.6666666666666666,0.30303030303030304,0.2380952380952381,0.30303030303030304,0.26666666666666666,0.5866666666666667,-0.09746014694818131,0.0,0.0,0.0,0.0,0.0,0.0,0.7142857142857143,0.9090909090909091,0.8
ProtBERT,Random_Forest,Unweighted,789,4,4,0.6666666666666666,0.30303030303030304,0.2380952380952381,0.30303030303030304,0.26666666666666666,0.5866666666666667,-0.13644420572745383,0.0,0.0,0.0,0.0,0.0,0.0,0.7142857142857143,0.9090909090909091,0.8
ProtBERT,Random_Forest,Unweighted,789,4,5,0.7857142857142857,0.5222222222222223,0.494949494949495,0.5222222222222223,0.5079365079365079,0.7551020408163265,0.46456538905166156,0.0,0.0,0.0,0.6666666666666666,0.6666666666666666,0.6666666666666666,0.8181818181818182,0.9,0.8571428571428571
ProtBERT,Random_Forest,Unweighted,2026,5,1,0.8,0.5252525252525252,0.6111111111111112,0.5252525252525252,0.5565217391304348,0.7976811594202898,0.4850797373873086,0.0,0.0,0.0,1.0,0.6666666666666666,0.8,0.8333333333333334,0.9090909090909091,0.8695652173913043
ProtBERT,Random_Forest,Unweighted,2026,5,2,0.8,0.5252525252525252,0.5,0.5252525252525252,0.5120772946859903,0.7710144927536232,0.4740612223681573,0.0,0.0,0.0,0.6666666666666666,0.6666666666666666,0.6666666666666666,0.8333333333333334,0.9090909090909091,0.8695652173913043
ProtBERT,Random_Forest,Unweighted,2026,5,3,0.8,0.4444444444444444,0.5952380952380952,0.4444444444444444,0.45999999999999996,0.7453333333333333,0.44831667596163405,0.0,0.0,0.0,1.0,0.3333333333333333,0.5,0.7857142857142857,1.0,0.88
ProtBERT,Random_Forest,Unweighted,2026,5,4,0.7333333333333333,0.41414141414141414,0.4230769230769231,0.41414141414141414,0.41111111111111115,0.6911111111111111,0.22885182707624924,0.0,0.0,0.0,0.5,0.3333333333333333,0.4,0.7692307692307693,0.9090909090909091,0.8333333333333334
ProtBERT,Random_Forest,Unweighted,2026,5,5,0.6428571428571429,0.3,0.23076923076923075,0.3,0.2608695652173913,0.5590062111801243,-0.14803422705323474,0.0,0.0,0.0,0.0,0.0,0.0,0.6923076923076923,0.9,0.782608695652174
ProtBERT,Random_Forest,Class_Balanced,42,1,1,0.8666666666666667,0.5555555555555555,0.6153846153846154,0.5555555555555555,0.5722222222222223,0.8322222222222222,0.6579490028442165,0.0,0.0,0.0,1.0,0.6666666666666666,0.8,0.8461538461538461,1.0,0.9166666666666666
ProtBERT,Random_Forest,Class_Balanced,42,1,2,0.8,0.5252525252525252,0.6111111111111112,0.5252525252525252,0.5565217391304348,0.7976811594202898,0.4850797373873086,0.0,0.0,0.0,1.0,0.6666666666666666,0.8,0.8333333333333334,0.9090909090909091,0.8695652173913043
ProtBERT,Random_Forest,Class_Balanced,42,1,3,0.7333333333333333,0.5757575757575758,0.46296296296296297,0.5757575757575758,0.48888888888888893,0.7200000000000001,0.47639306734033093,0.0,0.0,0.0,0.5,1.0,0.6666666666666666,0.8888888888888888,0.7272727272727273,0.8
ProtBERT,Random_Forest,Class_Balanced,42,1,4,0.8,0.5252525252525252,0.6111111111111112,0.5252525252525252,0.5565217391304348,0.7976811594202898,0.4850797373873086,0.0,0.0,0.0,1.0,0.6666666666666666,0.8,0.8333333333333334,0.9090909090909091,0.8695652173913043
ProtBERT,Random_Forest,Class_Balanced,42,1,5,0.9285714285714286,0.6666666666666666,0.6363636363636364,0.6666666666666666,0.6507936507936508,0.8945578231292517,0.8362177002929908,0.0,0.0,0.0,1.0,1.0,1.0,0.9090909090909091,1.0,0.9523809523809523
ProtBERT,Random_Forest,Class_Balanced,123,2,1,0.8,0.4444444444444444,0.5952380952380952,0.4444444444444444,0.45999999999999996,0.7453333333333333,0.44831667596163405,0.0,0.0,0.0,1.0,0.3333333333333333,0.5,0.7857142857142857,1.0,0.88
ProtBERT,Random_Forest,Class_Balanced,123,2,2,0.7333333333333333,0.494949494949495,0.494949494949495,0.494949494949495,0.494949494949495,0.7333333333333333,0.3617021276595745,0.0,0.0,0.0,0.6666666666666666,0.6666666666666666,0.6666666666666666,0.8181818181818182,0.8181818181818182,0.8181818181818182
ProtBERT,Random_Forest,Class_Balanced,123,2,3,0.9333333333333333,0.6666666666666666,0.6388888888888888,0.6666666666666666,0.6521739130434783,0.9014492753623189,0.8387237011128936,0.0,0.0,0.0,1.0,1.0,1.0,0.9166666666666666,1.0,0.9565217391304348
ProtBERT,Random_Forest,Class_Balanced,123,2,4,0.7333333333333333,0.41414141414141414,0.5897435897435898,0.41414141414141414,0.4444444444444445,0.7111111111111111,0.2526455763199557,0.0,0.0,0.0,1.0,0.3333333333333333,0.5,0.7692307692307693,0.9090909090909091,0.8333333333333334
ProtBERT,Random_Forest,Class_Balanced,123,2,5,0.5714285714285714,0.4222222222222222,0.3833333333333333,0.4222222222222222,0.38888888888888884,0.5833333333333333,0.16757831697804315,0.0,0.0,0.0,0.4,0.6666666666666666,0.5,0.75,0.6,0.6666666666666666
ProtBERT,Random_Forest,Class_Balanced,456,3,1,0.6666666666666666,0.4646464646464647,0.48888888888888893,0.4646464646464647,0.4761904761904761,0.6920634920634919,0.2826344261497258,0.0,0.0,0.0,0.6666666666666666,0.6666666666666666,0.6666666666666666,0.8,0.7272727272727273,0.7619047619047619
ProtBERT,Random_Forest,Class_Balanced,456,3,2,0.7333333333333333,0.41414141414141414,0.4230769230769231,0.41414141414141414,0.41111111111111115,0.6911111111111111,0.22885182707624924,0.0,0.0,0.0,0.5,0.3333333333333333,0.4,0.7692307692307693,0.9090909090909091,0.8333333333333334
ProtBERT,Random_Forest,Class_Balanced,456,3,3,0.9333333333333333,0.6666666666666666,0.6388888888888888,0.6666666666666666,0.6521739130434783,0.9014492753623189,0.8387237011128936,0.0,0.0,0.0,1.0,1.0,1.0,0.9166666666666666,1.0,0.9565217391304348
ProtBERT,Random_Forest,Class_Balanced,456,3,4,0.8666666666666667,0.6363636363636364,0.5530303030303031,0.6363636363636364,0.5887445887445887,0.8380952380952381,0.6816892205569908,0.0,0.0,0.0,0.75,1.0,0.8571428571428571,0.9090909090909091,0.9090909090909091,0.9090909090909091
ProtBERT,Random_Forest,Class_Balanced,456,3,5,0.8571428571428571,0.5555555555555555,0.6111111111111112,0.5555555555555555,0.5696969696969697,0.8207792207792207,0.6537014466829248,0.0,0.0,0.0,1.0,0.6666666666666666,0.8,0.8333333333333334,1.0,0.9090909090909091
ProtBERT,Random_Forest,Class_Balanced,789,4,1,0.8666666666666667,0.6363636363636364,0.5530303030303031,0.6363636363636364,0.5887445887445887,0.8380952380952381,0.6816892205569908,0.0,0.0,0.0,0.75,1.0,0.8571428571428571,0.9090909090909091,0.9090909090909091,0.9090909090909091
ProtBERT,Random_Forest,Class_Balanced,789,4,2,0.8666666666666667,0.6363636363636364,0.6363636363636364,0.6363636363636364,0.6363636363636364,0.8666666666666667,0.6808510638297872,0.0,0.0,0.0,1.0,1.0,1.0,0.9090909090909091,0.9090909090909091,0.9090909090909091
ProtBERT,Random_Forest,Class_Balanced,789,4,3,0.8,0.6060606060606061,0.6333333333333333,0.6060606060606061,0.6190476190476191,0.8285714285714286,0.5750148669942697,0.0,0.0,0.0,1.0,1.0,1.0,0.9,0.8181818181818182,0.8571428571428571
ProtBERT,Random_Forest,Class_Balanced,789,4,4,0.8,0.5252525252525252,0.5,0.5252525252525252,0.5120772946859903,0.7710144927536232,0.4740612223681573,0.0,0.0,0.0,0.6666666666666666,0.6666666666666666,0.6666666666666666,0.8333333333333334,0.9090909090909091,0.8695652173913043
ProtBERT,Random_Forest,Class_Balanced,789,4,5,0.7857142857142857,0.5222222222222223,0.494949494949495,0.5222222222222223,0.5079365079365079,0.7551020408163265,0.46456538905166156,0.0,0.0,0.0,0.6666666666666666,0.6666666666666666,0.6666666666666666,0.8181818181818182,0.9,0.8571428571428571
ProtBERT,Random_Forest,Class_Balanced,2026,5,1,0.7333333333333333,0.494949494949495,0.6060606060606061,0.494949494949495,0.5393939393939394,0.76,0.37896836447993354,0.0,0.0,0.0,1.0,0.6666666666666666,0.8,0.8181818181818182,0.8181818181818182,0.8181818181818182
ProtBERT,Random_Forest,Class_Balanced,2026,5,2,0.8,0.5252525252525252,0.5,0.5252525252525252,0.5120772946859903,0.7710144927536232,0.4740612223681573,0.0,0.0,0.0,0.6666666666666666,0.6666666666666666,0.6666666666666666,0.8333333333333334,0.9090909090909091,0.8695652173913043
ProtBERT,Random_Forest,Class_Balanced,2026,5,3,0.8666666666666667,0.5555555555555555,0.6153846153846154,0.5555555555555555,0.5722222222222223,0.8322222222222222,0.6579490028442165,0.0,0.0,0.0,1.0,0.6666666666666666,0.8,0.8461538461538461,1.0,0.9166666666666666
ProtBERT,Random_Forest,Class_Balanced,2026,5,4,0.8666666666666667,0.6363636363636364,0.5530303030303031,0.6363636363636364,0.5887445887445887,0.8380952380952381,0.6816892205569908,0.0,0.0,0.0,0.75,1.0,0.8571428571428571,0.9090909090909091,0.9090909090909091,0.9090909090909091
ProtBERT,Random_Forest,Class_Balanced,2026,5,5,0.7142857142857143,0.41111111111111115,0.4166666666666667,0.41111111111111115,0.40606060606060607,0.6701298701298702,0.21790048222764163,0.0,0.0,0.0,0.5,0.3333333333333333,0.4,0.75,0.9,0.8181818181818182
ProtBERT,XGBoost,Unweighted,42,1,1,0.8,0.4444444444444444,0.5952380952380952,0.4444444444444444,0.45999999999999996,0.7453333333333333,0.44831667596163405,0.0,0.0,0.0,1.0,0.3333333333333333,0.5,0.7857142857142857,1.0,0.88
ProtBERT,XGBoost,Unweighted,42,1,2,0.8666666666666667,0.5555555555555555,0.6153846153846154,0.5555555555555555,0.5722222222222223,0.8322222222222222,0.6579490028442165,0.0,0.0,0.0,1.0,0.6666666666666666,0.8,0.8461538461538461,1.0,0.9166666666666666
ProtBERT,XGBoost,Unweighted,42,1,3,0.6666666666666666,0.38383838383838387,0.3611111111111111,0.38383838383838387,0.37198067632850246,0.6405797101449276,0.1093987436234209,0.0,0.0,0.0,0.3333333333333333,0.3333333333333333,0.3333333333333333,0.75,0.8181818181818182,0.782608695652174
ProtBERT,XGBoost,Unweighted,42,1,4,0.6666666666666666,0.30303030303030304,0.2380952380952381,0.30303030303030304,0.26666666666666666,0.5866666666666667,-0.09746014694818131,0.0,0.0,0.0,0.0,0.0,0.0,0.7142857142857143,0.9090909090909091,0.8
ProtBERT,XGBoost,Unweighted,42,1,5,0.7142857142857143,0.3333333333333333,0.2380952380952381,0.3333333333333333,0.2777777777777778,0.5952380952380952,0.0,0.0,0.0,0.0,0.0,0.0,0.0,0.7142857142857143,1.0,0.8333333333333334
ProtBERT,XGBoost,Unweighted,123,2,1,0.7333333333333333,0.3333333333333333,0.24444444444444444,0.3333333333333333,0.28205128205128205,0.6205128205128205,0.0,0.0,0.0,0.0,0.0,0.0,0.0,0.7333333333333333,1.0,0.8461538461538461
ProtBERT,XGBoost,Unweighted,123,2,2,0.8,0.4444444444444444,0.5952380952380952,0.4444444444444444,0.45999999999999996,0.7453333333333333,0.44831667596163405,0.0,0.0,0.0,1.0,0.3333333333333333,0.5,0.7857142857142857,1.0,0.88
ProtBERT,XGBoost,Unweighted,123,2,3,0.9333333333333333,0.6666666666666666,0.6388888888888888,0.6666666666666666,0.6521739130434783,0.9014492753623189,0.8387237011128936,0.0,0.0,0.0,1.0,1.0,1.0,0.9166666666666666,1.0,0.9565217391304348
ProtBERT,XGBoost,Unweighted,123,2,4,0.7333333333333333,0.3333333333333333,0.24444444444444444,0.3333333333333333,0.28205128205128205,0.6205128205128205,0.0,0.0,0.0,0.0,0.0,0.0,0.0,0.7333333333333333,1.0,0.8461538461538461
ProtBERT,XGBoost,Unweighted,123,2,5,0.5714285714285714,0.4222222222222222,0.3833333333333333,0.4222222222222222,0.38888888888888884,0.5833333333333333,0.16757831697804315,0.0,0.0,0.0,0.4,0.6666666666666666,0.5,0.75,0.6,0.6666666666666666
ProtBERT,XGBoost,Unweighted,456,3,1,0.7333333333333333,0.494949494949495,0.494949494949495,0.494949494949495,0.494949494949495,0.7333333333333333,0.3617021276595745,0.0,0.0,0.0,0.6666666666666666,0.6666666666666666,0.6666666666666666,0.8181818181818182,0.8181818181818182,0.8181818181818182
ProtBERT,XGBoost,Unweighted,456,3,2,0.7333333333333333,0.41414141414141414,0.4230769230769231,0.41414141414141414,0.41111111111111115,0.6911111111111111,0.22885182707624924,0.0,0.0,0.0,0.5,0.3333333333333333,0.4,0.7692307692307693,0.9090909090909091,0.8333333333333334
ProtBERT,XGBoost,Unweighted,456,3,3,0.7333333333333333,0.3333333333333333,0.24444444444444444,0.3333333333333333,0.28205128205128205,0.6205128205128205,0.0,0.0,0.0,0.0,0.0,0.0,0.0,0.7333333333333333,1.0,0.8461538461538461
ProtBERT,XGBoost,Unweighted,456,3,4,0.7333333333333333,0.41414141414141414,0.4230769230769231,0.41414141414141414,0.41111111111111115,0.6911111111111111,0.22885182707624924,0.0,0.0,0.0,0.5,0.3333333333333333,0.4,0.7692307692307693,0.9090909090909091,0.8333333333333334
ProtBERT,XGBoost,Unweighted,456,3,5,0.7857142857142857,0.4444444444444444,0.5897435897435898,0.4444444444444444,0.45652173913043476,0.7282608695652174,0.44410268115970425,0.0,0.0,0.0,1.0,0.3333333333333333,0.5,0.7692307692307693,1.0,0.8695652173913043
ProtBERT,XGBoost,Unweighted,789,4,1,0.8666666666666667,0.6363636363636364,0.5530303030303031,0.6363636363636364,0.5887445887445887,0.8380952380952381,0.6816892205569908,0.0,0.0,0.0,0.75,1.0,0.8571428571428571,0.9090909090909091,0.9090909090909091,0.9090909090909091
ProtBERT,XGBoost,Unweighted,789,4,2,0.8,0.4444444444444444,0.5952380952380952,0.4444444444444444,0.45999999999999996,0.7453333333333333,0.44831667596163405,0.0,0.0,0.0,1.0,0.3333333333333333,0.5,0.7857142857142857,1.0,0.88
ProtBERT,XGBoost,Unweighted,789,4,3,0.6,0.27272727272727276,0.23076923076923075,0.27272727272727276,0.25,0.55,-0.14303239192265577,0.0,0.0,0.0,0.0,0.0,0.0,0.6923076923076923,0.8181818181818182,0.75
ProtBERT,XGBoost,Unweighted,789,4,4,0.7333333333333333,0.3333333333333333,0.24444444444444444,0.3333333333333333,0.28205128205128205,0.6205128205128205,0.0,0.0,0.0,0.0,0.0,0.0,0.0,0.7333333333333333,1.0,0.8461538461538461
ProtBERT,XGBoost,Unweighted,789,4,5,0.7142857142857143,0.41111111111111115,0.4166666666666667,0.41111111111111115,0.40606060606060607,0.6701298701298702,0.21790048222764163,0.0,0.0,0.0,0.5,0.3333333333333333,0.4,0.75,0.9,0.8181818181818182
ProtBERT,XGBoost,Unweighted,2026,5,1,0.8,0.5252525252525252,0.6111111111111112,0.5252525252525252,0.5565217391304348,0.7976811594202898,0.4850797373873086,0.0,0.0,0.0,1.0,0.6666666666666666,0.8,0.8333333333333334,0.9090909090909091,0.8695652173913043
ProtBERT,XGBoost,Unweighted,2026,5,2,0.8,0.5252525252525252,0.5,0.5252525252525252,0.5120772946859903,0.7710144927536232,0.4740612223681573,0.0,0.0,0.0,0.6666666666666666,0.6666666666666666,0.6666666666666666,0.8333333333333334,0.9090909090909091,0.8695652173913043
ProtBERT,XGBoost,Unweighted,2026,5,3,0.8,0.4444444444444444,0.5952380952380952,0.4444444444444444,0.45999999999999996,0.7453333333333333,0.44831667596163405,0.0,0.0,0.0,1.0,0.3333333333333333,0.5,0.7857142857142857,1.0,0.88
ProtBERT,XGBoost,Unweighted,2026,5,4,0.8666666666666667,0.5555555555555555,0.6153846153846154,0.5555555555555555,0.5722222222222223,0.8322222222222222,0.6579490028442165,0.0,0.0,0.0,1.0,0.6666666666666666,0.8,0.8461538461538461,1.0,0.9166666666666666
ProtBERT,XGBoost,Unweighted,2026,5,5,0.6428571428571429,0.3,0.23076923076923075,0.3,0.2608695652173913,0.5590062111801243,-0.14803422705323474,0.0,0.0,0.0,0.0,0.0,0.0,0.6923076923076923,0.9,0.782608695652174
ProtBERT,XGBoost,Class_Balanced,42,1,1,0.8666666666666667,0.5555555555555555,0.6153846153846154,0.5555555555555555,0.5722222222222223,0.8322222222222222,0.6579490028442165,0.0,0.0,0.0,1.0,0.6666666666666666,0.8,0.8461538461538461,1.0,0.9166666666666666
ProtBERT,XGBoost,Class_Balanced,42,1,2,0.8,0.5252525252525252,0.6111111111111112,0.5252525252525252,0.5565217391304348,0.7976811594202898,0.4850797373873086,0.0,0.0,0.0,1.0,0.6666666666666666,0.8,0.8333333333333334,0.9090909090909091,0.8695652173913043
ProtBERT,XGBoost,Class_Balanced,42,1,3,0.6666666666666666,0.4646464646464647,0.4000000000000001,0.4646464646464647,0.42063492063492064,0.6587301587301586,0.2578553115646984,0.0,0.0,0.0,0.4,0.6666666666666666,0.5,0.8,0.7272727272727273,0.7619047619047619
ProtBERT,XGBoost,Class_Balanced,42,1,4,0.7333333333333333,0.41414141414141414,0.5897435897435898,0.41414141414141414,0.4444444444444445,0.7111111111111111,0.2526455763199557,0.0,0.0,0.0,1.0,0.3333333333333333,0.5,0.7692307692307693,0.9090909090909091,0.8333333333333334
ProtBERT,XGBoost,Class_Balanced,42,1,5,0.7857142857142857,0.4444444444444444,0.5897435897435898,0.4444444444444444,0.45652173913043476,0.7282608695652174,0.44410268115970425,0.0,0.0,0.0,1.0,0.3333333333333333,0.5,0.7692307692307693,1.0,0.8695652173913043
ProtBERT,XGBoost,Class_Balanced,123,2,1,0.7333333333333333,0.3333333333333333,0.24444444444444444,0.3333333333333333,0.28205128205128205,0.6205128205128205,0.0,0.0,0.0,0.0,0.0,0.0,0.0,0.7333333333333333,1.0,0.8461538461538461
ProtBERT,XGBoost,Class_Balanced,123,2,2,0.7333333333333333,0.41414141414141414,0.5897435897435898,0.41414141414141414,0.4444444444444445,0.7111111111111111,0.2526455763199557,0.0,0.0,0.0,1.0,0.3333333333333333,0.5,0.7692307692307693,0.9090909090909091,0.8333333333333334
ProtBERT,XGBoost,Class_Balanced,123,2,3,0.9333333333333333,0.6666666666666666,0.6388888888888888,0.6666666666666666,0.6521739130434783,0.9014492753623189,0.8387237011128936,0.0,0.0,0.0,1.0,1.0,1.0,0.9166666666666666,1.0,0.9565217391304348
ProtBERT,XGBoost,Class_Balanced,123,2,4,0.7333333333333333,0.3333333333333333,0.24444444444444444,0.3333333333333333,0.28205128205128205,0.6205128205128205,0.0,0.0,0.0,0.0,0.0,0.0,0.0,0.7333333333333333,1.0,0.8461538461538461
ProtBERT,XGBoost,Class_Balanced,123,2,5,0.6428571428571429,0.5333333333333333,0.4523809523809524,0.5333333333333333,0.45751633986928103,0.6470588235294118,0.38041370603310753,0.0,0.0,0.0,0.5,1.0,0.6666666666666666,0.8571428571428571,0.6,0.7058823529411765
ProtBERT,XGBoost,Class_Balanced,456,3,1,0.6666666666666666,0.4646464646464647,0.48888888888888893,0.4646464646464647,0.4761904761904761,0.6920634920634919,0.2826344261497258,0.0,0.0,0.0,0.6666666666666666,0.6666666666666666,0.6666666666666666,0.8,0.7272727272727273,0.7619047619047619
ProtBERT,XGBoost,Class_Balanced,456,3,2,0.7333333333333333,0.41414141414141414,0.4230769230769231,0.41414141414141414,0.41111111111111115,0.6911111111111111,0.22885182707624924,0.0,0.0,0.0,0.5,0.3333333333333333,0.4,0.7692307692307693,0.9090909090909091,0.8333333333333334
ProtBERT,XGBoost,Class_Balanced,456,3,3,0.9333333333333333,0.6666666666666666,0.6388888888888888,0.6666666666666666,0.6521739130434783,0.9014492753623189,0.8387237011128936,0.0,0.0,0.0,1.0,1.0,1.0,0.9166666666666666,1.0,0.9565217391304348
ProtBERT,XGBoost,Class_Balanced,456,3,4,0.7333333333333333,0.494949494949495,0.494949494949495,0.494949494949495,0.494949494949495,0.7333333333333333,0.3617021276595745,0.0,0.0,0.0,0.6666666666666666,0.6666666666666666,0.6666666666666666,0.8181818181818182,0.8181818181818182,0.8181818181818182
ProtBERT,XGBoost,Class_Balanced,456,3,5,0.8571428571428571,0.5555555555555555,0.6111111111111112,0.5555555555555555,0.5696969696969697,0.8207792207792207,0.6537014466829248,0.0,0.0,0.0,1.0,0.6666666666666666,0.8,0.8333333333333334,1.0,0.9090909090909091
ProtBERT,XGBoost,Class_Balanced,789,4,1,0.8666666666666667,0.6363636363636364,0.5530303030303031,0.6363636363636364,0.5887445887445887,0.8380952380952381,0.6816892205569908,0.0,0.0,0.0,0.75,1.0,0.8571428571428571,0.9090909090909091,0.9090909090909091,0.9090909090909091
ProtBERT,XGBoost,Class_Balanced,789,4,2,0.8,0.5252525252525252,0.6111111111111112,0.5252525252525252,0.5565217391304348,0.7976811594202898,0.4850797373873086,0.0,0.0,0.0,1.0,0.6666666666666666,0.8,0.8333333333333334,0.9090909090909091,0.8695652173913043
ProtBERT,XGBoost,Class_Balanced,789,4,3,0.6,0.27272727272727276,0.23076923076923075,0.27272727272727276,0.25,0.55,-0.14303239192265577,0.0,0.0,0.0,0.0,0.0,0.0,0.6923076923076923,0.8181818181818182,0.75
ProtBERT,XGBoost,Class_Balanced,789,4,4,0.6666666666666666,0.30303030303030304,0.2380952380952381,0.30303030303030304,0.26666666666666666,0.5866666666666667,-0.13644420572745383,0.0,0.0,0.0,0.0,0.0,0.0,0.7142857142857143,0.9090909090909091,0.8
ProtBERT,XGBoost,Class_Balanced,789,4,5,0.7142857142857143,0.41111111111111115,0.4166666666666667,0.41111111111111115,0.40606060606060607,0.6701298701298702,0.21790048222764163,0.0,0.0,0.0,0.5,0.3333333333333333,0.4,0.75,0.9,0.8181818181818182
ProtBERT,XGBoost,Class_Balanced,2026,5,1,0.8,0.5252525252525252,0.6111111111111112,0.5252525252525252,0.5565217391304348,0.7976811594202898,0.4850797373873086,0.0,0.0,0.0,1.0,0.6666666666666666,0.8,0.8333333333333334,0.9090909090909091,0.8695652173913043
ProtBERT,XGBoost,Class_Balanced,2026,5,2,0.8666666666666667,0.6363636363636364,0.5530303030303031,0.6363636363636364,0.5887445887445887,0.8380952380952381,0.6816892205569908,0.0,0.0,0.0,0.75,1.0,0.8571428571428571,0.9090909090909091,0.9090909090909091,0.9090909090909091
ProtBERT,XGBoost,Class_Balanced,2026,5,3,0.8666666666666667,0.5555555555555555,0.6153846153846154,0.5555555555555555,0.5722222222222223,0.8322222222222222,0.6579490028442165,0.0,0.0,0.0,1.0,0.6666666666666666,0.8,0.8461538461538461,1.0,0.9166666666666666
ProtBERT,XGBoost,Class_Balanced,2026,5,4,0.7333333333333333,0.494949494949495,0.494949494949495,0.494949494949495,0.494949494949495,0.7333333333333333,0.3617021276595745,0.0,0.0,0.0,0.6666666666666666,0.6666666666666666,0.6666666666666666,0.8181818181818182,0.8181818181818182,0.8181818181818182
ProtBERT,XGBoost,Class_Balanced,2026,5,5,0.6428571428571429,0.3,0.23076923076923075,0.3,0.2608695652173913,0.5590062111801243,-0.14803422705323474,0.0,0.0,0.0,0.0,0.0,0.0,0.6923076923076923,0.9,0.782608695652174
Combined_Feature_Standardized,Logistic_Regression,Unweighted,42,1,1,0.8,0.4444444444444444,0.5952380952380952,0.4444444444444444,0.45999999999999996,0.7453333333333333,0.44831667596163405,0.0,0.0,0.0,1.0,0.3333333333333333,0.5,0.7857142857142857,1.0,0.88
Combined_Feature_Standardized,Logistic_Regression,Unweighted,42,1,2,0.7333333333333333,0.494949494949495,0.494949494949495,0.494949494949495,0.494949494949495,0.7333333333333333,0.3617021276595745,0.0,0.0,0.0,0.6666666666666666,0.6666666666666666,0.6666666666666666,0.8181818181818182,0.8181818181818182,0.8181818181818182
Combined_Feature_Standardized,Logistic_Regression,Unweighted,42,1,3,0.6666666666666666,0.5454545454545454,0.43452380952380953,0.5454545454545454,0.4456140350877193,0.6603508771929825,0.39958660248754335,0.0,0.0,0.0,0.42857142857142855,1.0,0.6,0.875,0.6363636363636364,0.7368421052631579
Combined_Feature_Standardized,Logistic_Regression,Unweighted,42,1,4,0.7333333333333333,0.41414141414141414,0.5897435897435898,0.41414141414141414,0.4444444444444445,0.7111111111111111,0.2526455763199557,0.0,0.0,0.0,1.0,0.3333333333333333,0.5,0.7692307692307693,0.9090909090909091,0.8333333333333334
Combined_Feature_Standardized,Logistic_Regression,Unweighted,42,1,5,0.7857142857142857,0.4444444444444444,0.5897435897435898,0.4444444444444444,0.45652173913043476,0.7282608695652174,0.44410268115970425,0.0,0.0,0.0,1.0,0.3333333333333333,0.5,0.7692307692307693,1.0,0.8695652173913043
Combined_Feature_Standardized,Logistic_Regression,Unweighted,123,2,1,0.8,0.4444444444444444,0.5952380952380952,0.4444444444444444,0.45999999999999996,0.7453333333333333,0.44831667596163405,0.0,0.0,0.0,1.0,0.3333333333333333,0.5,0.7857142857142857,1.0,0.88
Combined_Feature_Standardized,Logistic_Regression,Unweighted,123,2,2,0.7333333333333333,0.494949494949495,0.494949494949495,0.494949494949495,0.494949494949495,0.7333333333333333,0.3617021276595745,0.0,0.0,0.0,0.6666666666666666,0.6666666666666666,0.6666666666666666,0.8181818181818182,0.8181818181818182,0.8181818181818182
Combined_Feature_Standardized,Logistic_Regression,Unweighted,123,2,3,0.9333333333333333,0.6666666666666666,0.6388888888888888,0.6666666666666666,0.6521739130434783,0.9014492753623189,0.8387237011128936,0.0,0.0,0.0,1.0,1.0,1.0,0.9166666666666666,1.0,0.9565217391304348
Combined_Feature_Standardized,Logistic_Regression,Unweighted,123,2,4,0.8666666666666667,0.6363636363636364,0.6363636363636364,0.6363636363636364,0.6363636363636364,0.8666666666666667,0.6808510638297872,0.0,0.0,0.0,1.0,1.0,1.0,0.9090909090909091,0.9090909090909091,0.9090909090909091
Combined_Feature_Standardized,Logistic_Regression,Unweighted,123,2,5,0.5714285714285714,0.5,0.42063492063492064,0.5,0.4083333333333334,0.5750000000000001,0.3084435454322494,0.0,0.0,0.0,0.42857142857142855,1.0,0.6,0.8333333333333334,0.5,0.625
Combined_Feature_Standardized,Logistic_Regression,Unweighted,456,3,1,0.7333333333333333,0.5757575757575758,0.5462962962962963,0.5757575757575758,0.5523809523809523,0.7580952380952382,0.4816466835729722,0.0,0.0,0.0,0.75,1.0,0.8571428571428571,0.8888888888888888,0.7272727272727273,0.8
Combined_Feature_Standardized,Logistic_Regression,Unweighted,456,3,2,0.6666666666666666,0.38383838383838387,0.4166666666666667,0.38383838383838387,0.39420289855072466,0.6539130434782608,0.1301433441770828,0.0,0.0,0.0,0.5,0.3333333333333333,0.4,0.75,0.8181818181818182,0.782608695652174
Combined_Feature_Standardized,Logistic_Regression,Unweighted,456,3,3,0.7333333333333333,0.494949494949495,0.494949494949495,0.494949494949495,0.494949494949495,0.7333333333333333,0.3617021276595745,0.0,0.0,0.0,0.6666666666666666,0.6666666666666666,0.6666666666666666,0.8181818181818182,0.8181818181818182,0.8181818181818182
Combined_Feature_Standardized,Logistic_Regression,Unweighted,456,3,4,0.6666666666666666,0.4646464646464647,0.43333333333333335,0.4646464646464647,0.4444444444444444,0.6730158730158728,0.2679711003789361,0.0,0.0,0.0,0.5,0.6666666666666666,0.5714285714285714,0.8,0.7272727272727273,0.7619047619047619
Combined_Feature_Standardized,Logistic_Regression,Unweighted,456,3,5,0.7142857142857143,0.3333333333333333,0.2380952380952381,0.3333333333333333,0.2777777777777778,0.5952380952380952,0.0,0.0,0.0,0.0,0.0,0.0,0.0,0.7142857142857143,1.0,0.8333333333333334
Combined_Feature_Standardized,Logistic_Regression,Unweighted,789,4,1,0.7333333333333333,0.5757575757575758,0.46296296296296297,0.5757575757575758,0.48888888888888893,0.7200000000000001,0.47639306734033093,0.0,0.0,0.0,0.5,1.0,0.6666666666666666,0.8888888888888888,0.7272727272727273,0.8
Combined_Feature_Standardized,Logistic_Regression,Unweighted,789,4,2,0.7333333333333333,0.494949494949495,0.494949494949495,0.494949494949495,0.494949494949495,0.7333333333333333,0.3617021276595745,0.0,0.0,0.0,0.6666666666666666,0.6666666666666666,0.6666666666666666,0.8181818181818182,0.8181818181818182,0.8181818181818182
Combined_Feature_Standardized,Logistic_Regression,Unweighted,789,4,3,0.7333333333333333,0.494949494949495,0.6060606060606061,0.494949494949495,0.5393939393939394,0.76,0.37896836447993354,0.0,0.0,0.0,1.0,0.6666666666666666,0.8,0.8181818181818182,0.8181818181818182,0.8181818181818182
Combined_Feature_Standardized,Logistic_Regression,Unweighted,789,4,4,0.7333333333333333,0.41414141414141414,0.4230769230769231,0.41414141414141414,0.41111111111111115,0.6911111111111111,0.22885182707624924,0.0,0.0,0.0,0.5,0.3333333333333333,0.4,0.7692307692307693,0.9090909090909091,0.8333333333333334
Combined_Feature_Standardized,Logistic_Regression,Unweighted,789,4,5,0.7142857142857143,0.41111111111111115,0.5833333333333334,0.41111111111111115,0.43939393939393945,0.6915584415584416,0.24399771253216748,0.0,0.0,0.0,1.0,0.3333333333333333,0.5,0.75,0.9,0.8181818181818182
Combined_Feature_Standardized,Logistic_Regression,Unweighted,2026,5,1,0.8,0.5252525252525252,0.6111111111111112,0.5252525252525252,0.5565217391304348,0.7976811594202898,0.4850797373873086,0.0,0.0,0.0,1.0,0.6666666666666666,0.8,0.8333333333333334,0.9090909090909091,0.8695652173913043
Combined_Feature_Standardized,Logistic_Regression,Unweighted,2026,5,2,0.6666666666666666,0.4646464646464647,0.43333333333333335,0.4646464646464647,0.4444444444444444,0.6730158730158728,0.2679711003789361,0.0,0.0,0.0,0.5,0.6666666666666666,0.5714285714285714,0.8,0.7272727272727273,0.7619047619047619
Combined_Feature_Standardized,Logistic_Regression,Unweighted,2026,5,3,0.8666666666666667,0.5555555555555555,0.6153846153846154,0.5555555555555555,0.5722222222222223,0.8322222222222222,0.6579490028442165,0.0,0.0,0.0,1.0,0.6666666666666666,0.8,0.8461538461538461,1.0,0.9166666666666666
Combined_Feature_Standardized,Logistic_Regression,Unweighted,2026,5,4,0.8666666666666667,0.9393939393939394,0.7777777777777777,0.9393939393939394,0.7999999999999999,0.8933333333333333,0.7718449849879597,0.3333333333333333,1.0,0.5,1.0,1.0,1.0,1.0,0.8181818181818182,0.9
Combined_Feature_Standardized,Logistic_Regression,Unweighted,2026,5,5,0.5714285714285714,0.3444444444444444,0.34259259259259256,0.3444444444444444,0.3408521303258145,0.5875402792696026,0.09803479521381729,0.0,0.0,0.0,0.25,0.3333333333333333,0.2857142857142857,0.7777777777777778,0.7,0.7368421052631579
Combined_Feature_Standardized,Logistic_Regression,Class_Balanced,42,1,1,0.6,0.35353535353535354,0.4090909090909091,0.35353535353535354,0.3757575757575758,0.6133333333333333,0.06316139407998893,0.0,0.0,0.0,0.5,0.3333333333333333,0.4,0.7272727272727273,0.7272727272727273,0.7272727272727273
Combined_Feature_Standardized,Logistic_Regression,Class_Balanced,42,1,2,0.8,0.6060606060606061,0.5499999999999999,0.6060606060606061,0.5714285714285714,0.8,0.565716767466643,0.0,0.0,0.0,0.75,1.0,0.8571428571428571,0.9,0.8181818181818182,0.8571428571428571
Combined_Feature_Standardized,Logistic_Regression,Class_Balanced,42,1,3,0.6666666666666666,0.5454545454545454,0.43452380952380953,0.5454545454545454,0.4456140350877193,0.6603508771929825,0.39958660248754335,0.0,0.0,0.0,0.42857142857142855,1.0,0.6,0.875,0.6363636363636364,0.7368421052631579
Combined_Feature_Standardized,Logistic_Regression,Class_Balanced,42,1,4,0.7333333333333333,0.41414141414141414,0.5897435897435898,0.41414141414141414,0.4444444444444445,0.7111111111111111,0.2526455763199557,0.0,0.0,0.0,1.0,0.3333333333333333,0.5,0.7692307692307693,0.9090909090909091,0.8333333333333334
Combined_Feature_Standardized,Logistic_Regression,Class_Balanced,42,1,5,0.7142857142857143,0.41111111111111115,0.5833333333333334,0.41111111111111115,0.43939393939393945,0.6915584415584416,0.24399771253216748,0.0,0.0,0.0,1.0,0.3333333333333333,0.5,0.75,0.9,0.8181818181818182
Combined_Feature_Standardized,Logistic_Regression,Class_Balanced,123,2,1,0.8,0.4444444444444444,0.5952380952380952,0.4444444444444444,0.45999999999999996,0.7453333333333333,0.44831667596163405,0.0,0.0,0.0,1.0,0.3333333333333333,0.5,0.7857142857142857,1.0,0.88
Combined_Feature_Standardized,Logistic_Regression,Class_Balanced,123,2,2,0.8,0.6060606060606061,0.5499999999999999,0.6060606060606061,0.5714285714285714,0.8,0.565716767466643,0.0,0.0,0.0,0.75,1.0,0.8571428571428571,0.9,0.8181818181818182,0.8571428571428571
Combined_Feature_Standardized,Logistic_Regression,Class_Balanced,123,2,3,0.9333333333333333,0.6666666666666666,0.6388888888888888,0.6666666666666666,0.6521739130434783,0.9014492753623189,0.8387237011128936,0.0,0.0,0.0,1.0,1.0,1.0,0.9166666666666666,1.0,0.9565217391304348
Combined_Feature_Standardized,Logistic_Regression,Class_Balanced,123,2,4,0.8,0.6060606060606061,0.5499999999999999,0.6060606060606061,0.5714285714285714,0.8,0.565716767466643,0.0,0.0,0.0,0.75,1.0,0.8571428571428571,0.9,0.8181818181818182,0.8571428571428571
Combined_Feature_Standardized,Logistic_Regression,Class_Balanced,123,2,5,0.5714285714285714,0.5,0.42063492063492064,0.5,0.4083333333333334,0.5750000000000001,0.3084435454322494,0.0,0.0,0.0,0.42857142857142855,1.0,0.6,0.8333333333333334,0.5,0.625
Combined_Feature_Standardized,Logistic_Regression,Class_Balanced,456,3,1,0.7333333333333333,0.5757575757575758,0.5462962962962963,0.5757575757575758,0.5523809523809523,0.7580952380952382,0.4816466835729722,0.0,0.0,0.0,0.75,1.0,0.8571428571428571,0.8888888888888888,0.7272727272727273,0.8
Combined_Feature_Standardized,Logistic_Regression,Class_Balanced,456,3,2,0.7333333333333333,0.494949494949495,0.494949494949495,0.494949494949495,0.494949494949495,0.7333333333333333,0.3617021276595745,0.0,0.0,0.0,0.6666666666666666,0.6666666666666666,0.6666666666666666,0.8181818181818182,0.8181818181818182,0.8181818181818182
Combined_Feature_Standardized,Logistic_Regression,Class_Balanced,456,3,3,0.6666666666666666,0.4646464646464647,0.43333333333333335,0.4646464646464647,0.4444444444444444,0.6730158730158728,0.2679711003789361,0.0,0.0,0.0,0.5,0.6666666666666666,0.5714285714285714,0.8,0.7272727272727273,0.7619047619047619
Combined_Feature_Standardized,Logistic_Regression,Class_Balanced,456,3,4,0.6,0.4343434343434343,0.4259259259259259,0.4343434343434343,0.4238095238095238,0.6276190476190475,0.20377359689625746,0.0,0.0,0.0,0.5,0.6666666666666666,0.5714285714285714,0.7777777777777778,0.6363636363636364,0.7
Combined_Feature_Standardized,Logistic_Regression,Class_Balanced,456,3,5,0.7142857142857143,0.3333333333333333,0.25641025641025644,0.3333333333333333,0.2898550724637681,0.6211180124223602,0.1903297204970161,0.0,0.0,0.0,0.0,0.0,0.0,0.7692307692307693,1.0,0.8695652173913043
Combined_Feature_Standardized,Logistic_Regression,Class_Balanced,789,4,1,0.7333333333333333,0.5757575757575758,0.46296296296296297,0.5757575757575758,0.48888888888888893,0.7200000000000001,0.47639306734033093,0.0,0.0,0.0,0.5,1.0,0.6666666666666666,0.8888888888888888,0.7272727272727273,0.8
Combined_Feature_Standardized,Logistic_Regression,Class_Balanced,789,4,2,0.6,0.4343434343434343,0.4259259259259259,0.4343434343434343,0.4238095238095238,0.6276190476190475,0.20377359689625746,0.0,0.0,0.0,0.5,0.6666666666666666,0.5714285714285714,0.7777777777777778,0.6363636363636364,0.7
Combined_Feature_Standardized,Logistic_Regression,Class_Balanced,789,4,3,0.8,0.6060606060606061,0.6333333333333333,0.6060606060606061,0.6190476190476191,0.8285714285714286,0.5750148669942697,0.0,0.0,0.0,1.0,1.0,1.0,0.9,0.8181818181818182,0.8571428571428571
Combined_Feature_Standardized,Logistic_Regression,Class_Balanced,789,4,4,0.8,0.5252525252525252,0.5,0.5252525252525252,0.5120772946859903,0.7710144927536232,0.4740612223681573,0.0,0.0,0.0,0.6666666666666666,0.6666666666666666,0.6666666666666666,0.8333333333333334,0.9090909090909091,0.8695652173913043
Combined_Feature_Standardized,Logistic_Regression,Class_Balanced,789,4,5,0.7142857142857143,0.41111111111111115,0.5833333333333334,0.41111111111111115,0.43939393939393945,0.6915584415584416,0.24399771253216748,0.0,0.0,0.0,1.0,0.3333333333333333,0.5,0.75,0.9,0.8181818181818182
Combined_Feature_Standardized,Logistic_Regression,Class_Balanced,2026,5,1,0.8,0.5252525252525252,0.6111111111111112,0.5252525252525252,0.5565217391304348,0.7976811594202898,0.4850797373873086,0.0,0.0,0.0,1.0,0.6666666666666666,0.8,0.8333333333333334,0.9090909090909091,0.8695652173913043
Combined_Feature_Standardized,Logistic_Regression,Class_Balanced,2026,5,2,0.6666666666666666,0.4646464646464647,0.43333333333333335,0.4646464646464647,0.4444444444444444,0.6730158730158728,0.2679711003789361,0.0,0.0,0.0,0.5,0.6666666666666666,0.5714285714285714,0.8,0.7272727272727273,0.7619047619047619
Combined_Feature_Standardized,Logistic_Regression,Class_Balanced,2026,5,3,0.8666666666666667,0.5555555555555555,0.6153846153846154,0.5555555555555555,0.5722222222222223,0.8322222222222222,0.6579490028442165,0.0,0.0,0.0,1.0,0.6666666666666666,0.8,0.8461538461538461,1.0,0.9166666666666666
Combined_Feature_Standardized,Logistic_Regression,Class_Balanced,2026,5,4,0.8666666666666667,0.9393939393939394,0.7777777777777777,0.9393939393939394,0.7999999999999999,0.8933333333333333,0.7718449849879597,0.3333333333333333,1.0,0.5,1.0,1.0,1.0,1.0,0.8181818181818182,0.9
Combined_Feature_Standardized,Logistic_Regression,Class_Balanced,2026,5,5,0.5714285714285714,0.3444444444444444,0.34259259259259256,0.3444444444444444,0.3408521303258145,0.5875402792696026,0.09803479521381729,0.0,0.0,0.0,0.25,0.3333333333333333,0.2857142857142857,0.7777777777777778,0.7,0.7368421052631579
Combined_Feature_Standardized,SVM_Linear,Unweighted,42,1,1,0.6,0.35353535353535354,0.4090909090909091,0.35353535353535354,0.3757575757575758,0.6133333333333333,0.06316139407998893,0.0,0.0,0.0,0.5,0.3333333333333333,0.4,0.7272727272727273,0.7272727272727273,0.7272727272727273
Combined_Feature_Standardized,SVM_Linear,Unweighted,42,1,2,0.8,0.6060606060606061,0.5499999999999999,0.6060606060606061,0.5714285714285714,0.8,0.565716767466643,0.0,0.0,0.0,0.75,1.0,0.8571428571428571,0.9,0.8181818181818182,0.8571428571428571
Combined_Feature_Standardized,SVM_Linear,Unweighted,42,1,3,0.6666666666666666,0.5454545454545454,0.43452380952380953,0.5454545454545454,0.4456140350877193,0.6603508771929825,0.39958660248754335,0.0,0.0,0.0,0.42857142857142855,1.0,0.6,0.875,0.6363636363636364,0.7368421052631579
Combined_Feature_Standardized,SVM_Linear,Unweighted,42,1,4,0.6666666666666666,0.38383838383838387,0.4166666666666667,0.38383838383838387,0.39420289855072466,0.6539130434782608,0.1301433441770828,0.0,0.0,0.0,0.5,0.3333333333333333,0.4,0.75,0.8181818181818182,0.782608695652174
Combined_Feature_Standardized,SVM_Linear,Unweighted,42,1,5,0.8571428571428571,0.5555555555555555,0.6111111111111112,0.5555555555555555,0.5696969696969697,0.8207792207792207,0.6537014466829248,0.0,0.0,0.0,1.0,0.6666666666666666,0.8,0.8333333333333334,1.0,0.9090909090909091
Combined_Feature_Standardized,SVM_Linear,Unweighted,123,2,1,0.8666666666666667,0.7777777777777777,0.9487179487179488,0.7777777777777777,0.8055555555555555,0.8388888888888888,0.6737215368532152,1.0,1.0,1.0,1.0,0.3333333333333333,0.5,0.8461538461538461,1.0,0.9166666666666666
Combined_Feature_Standardized,SVM_Linear,Unweighted,123,2,2,0.7333333333333333,0.494949494949495,0.494949494949495,0.494949494949495,0.494949494949495,0.7333333333333333,0.3617021276595745,0.0,0.0,0.0,0.6666666666666666,0.6666666666666666,0.6666666666666666,0.8181818181818182,0.8181818181818182,0.8181818181818182
Combined_Feature_Standardized,SVM_Linear,Unweighted,123,2,3,0.9333333333333333,0.6666666666666666,0.6388888888888888,0.6666666666666666,0.6521739130434783,0.9014492753623189,0.8387237011128936,0.0,0.0,0.0,1.0,1.0,1.0,0.9166666666666666,1.0,0.9565217391304348
Combined_Feature_Standardized,SVM_Linear,Unweighted,123,2,4,0.8,0.6060606060606061,0.5499999999999999,0.6060606060606061,0.5714285714285714,0.8,0.565716767466643,0.0,0.0,0.0,0.75,1.0,0.8571428571428571,0.9,0.8181818181818182,0.8571428571428571
Combined_Feature_Standardized,SVM_Linear,Unweighted,123,2,5,0.42857142857142855,0.35555555555555557,0.31746031746031744,0.35555555555555557,0.3,0.4428571428571429,0.020562903028816623,0.0,0.0,0.0,0.2857142857142857,0.6666666666666666,0.4,0.6666666666666666,0.4,0.5
Combined_Feature_Standardized,SVM_Linear,Unweighted,456,3,1,0.8,0.6060606060606061,0.6333333333333333,0.6060606060606061,0.6190476190476191,0.8285714285714286,0.5750148669942697,0.0,0.0,0.0,1.0,1.0,1.0,0.9,0.8181818181818182,0.8571428571428571
Combined_Feature_Standardized,SVM_Linear,Unweighted,456,3,2,0.7333333333333333,0.494949494949495,0.494949494949495,0.494949494949495,0.494949494949495,0.7333333333333333,0.3617021276595745,0.0,0.0,0.0,0.6666666666666666,0.6666666666666666,0.6666666666666666,0.8181818181818182,0.8181818181818182,0.8181818181818182
Combined_Feature_Standardized,SVM_Linear,Unweighted,456,3,3,0.6666666666666666,0.4646464646464647,0.43333333333333335,0.4646464646464647,0.4444444444444444,0.6730158730158728,0.2679711003789361,0.0,0.0,0.0,0.5,0.6666666666666666,0.5714285714285714,0.8,0.7272727272727273,0.7619047619047619
Combined_Feature_Standardized,SVM_Linear,Unweighted,456,3,4,0.6,0.4343434343434343,0.4259259259259259,0.4343434343434343,0.4238095238095238,0.6276190476190475,0.20377359689625746,0.0,0.0,0.0,0.5,0.6666666666666666,0.5714285714285714,0.7777777777777778,0.6363636363636364,0.7
Combined_Feature_Standardized,SVM_Linear,Unweighted,456,3,5,0.7142857142857143,0.3333333333333333,0.25641025641025644,0.3333333333333333,0.2898550724637681,0.6211180124223602,0.1903297204970161,0.0,0.0,0.0,0.0,0.0,0.0,0.7692307692307693,1.0,0.8695652173913043
Combined_Feature_Standardized,SVM_Linear,Unweighted,789,4,1,0.7333333333333333,0.5757575757575758,0.46296296296296297,0.5757575757575758,0.48888888888888893,0.7200000000000001,0.47639306734033093,0.0,0.0,0.0,0.5,1.0,0.6666666666666666,0.8888888888888888,0.7272727272727273,0.8
Combined_Feature_Standardized,SVM_Linear,Unweighted,789,4,2,0.6,0.4343434343434343,0.4259259259259259,0.4343434343434343,0.4238095238095238,0.6276190476190475,0.20377359689625746,0.0,0.0,0.0,0.5,0.6666666666666666,0.5714285714285714,0.7777777777777778,0.6363636363636364,0.7
Combined_Feature_Standardized,SVM_Linear,Unweighted,789,4,3,0.8,0.6060606060606061,0.6333333333333333,0.6060606060606061,0.6190476190476191,0.8285714285714286,0.5750148669942697,0.0,0.0,0.0,1.0,1.0,1.0,0.9,0.8181818181818182,0.8571428571428571
Combined_Feature_Standardized,SVM_Linear,Unweighted,789,4,4,0.8,0.5252525252525252,0.5,0.5252525252525252,0.5120772946859903,0.7710144927536232,0.4740612223681573,0.0,0.0,0.0,0.6666666666666666,0.6666666666666666,0.6666666666666666,0.8333333333333334,0.9090909090909091,0.8695652173913043
Combined_Feature_Standardized,SVM_Linear,Unweighted,789,4,5,0.6428571428571429,0.3,0.23076923076923075,0.3,0.2608695652173913,0.5590062111801243,-0.10573873360945339,0.0,0.0,0.0,0.0,0.0,0.0,0.6923076923076923,0.9,0.782608695652174
Combined_Feature_Standardized,SVM_Linear,Unweighted,2026,5,1,0.7333333333333333,0.494949494949495,0.6060606060606061,0.494949494949495,0.5393939393939394,0.76,0.37896836447993354,0.0,0.0,0.0,1.0,0.6666666666666666,0.8,0.8181818181818182,0.8181818181818182,0.8181818181818182
Combined_Feature_Standardized,SVM_Linear,Unweighted,2026,5,2,0.6666666666666666,0.4646464646464647,0.43333333333333335,0.4646464646464647,0.4444444444444444,0.6730158730158728,0.2679711003789361,0.0,0.0,0.0,0.5,0.6666666666666666,0.5714285714285714,0.8,0.7272727272727273,0.7619047619047619
Combined_Feature_Standardized,SVM_Linear,Unweighted,2026,5,3,0.8666666666666667,0.5555555555555555,0.6153846153846154,0.5555555555555555,0.5722222222222223,0.8322222222222222,0.6579490028442165,0.0,0.0,0.0,1.0,0.6666666666666666,0.8,0.8461538461538461,1.0,0.9166666666666666
Combined_Feature_Standardized,SVM_Linear,Unweighted,2026,5,4,0.8666666666666667,0.9393939393939394,0.7777777777777777,0.9393939393939394,0.7999999999999999,0.8933333333333333,0.7718449849879597,0.3333333333333333,1.0,0.5,1.0,1.0,1.0,1.0,0.8181818181818182,0.9
Combined_Feature_Standardized,SVM_Linear,Unweighted,2026,5,5,0.5,0.3111111111111111,0.31666666666666665,0.3111111111111111,0.3055555555555555,0.5297619047619048,0.020947289622255394,0.0,0.0,0.0,0.2,0.3333333333333333,0.25,0.75,0.6,0.6666666666666666
Combined_Feature_Standardized,SVM_Linear,Class_Balanced,42,1,1,0.6,0.35353535353535354,0.4090909090909091,0.35353535353535354,0.3757575757575758,0.6133333333333333,0.06316139407998893,0.0,0.0,0.0,0.5,0.3333333333333333,0.4,0.7272727272727273,0.7272727272727273,0.7272727272727273
Combined_Feature_Standardized,SVM_Linear,Class_Balanced,42,1,2,0.8,0.6060606060606061,0.5499999999999999,0.6060606060606061,0.5714285714285714,0.8,0.565716767466643,0.0,0.0,0.0,0.75,1.0,0.8571428571428571,0.9,0.8181818181818182,0.8571428571428571
Combined_Feature_Standardized,SVM_Linear,Class_Balanced,42,1,3,0.6666666666666666,0.5454545454545454,0.43452380952380953,0.5454545454545454,0.4456140350877193,0.6603508771929825,0.39958660248754335,0.0,0.0,0.0,0.42857142857142855,1.0,0.6,0.875,0.6363636363636364,0.7368421052631579
Combined_Feature_Standardized,SVM_Linear,Class_Balanced,42,1,4,0.6666666666666666,0.38383838383838387,0.4166666666666667,0.38383838383838387,0.39420289855072466,0.6539130434782608,0.1301433441770828,0.0,0.0,0.0,0.5,0.3333333333333333,0.4,0.75,0.8181818181818182,0.782608695652174
Combined_Feature_Standardized,SVM_Linear,Class_Balanced,42,1,5,0.8571428571428571,0.5555555555555555,0.6111111111111112,0.5555555555555555,0.5696969696969697,0.8207792207792207,0.6537014466829248,0.0,0.0,0.0,1.0,0.6666666666666666,0.8,0.8333333333333334,1.0,0.9090909090909091
Combined_Feature_Standardized,SVM_Linear,Class_Balanced,123,2,1,0.8666666666666667,0.7777777777777777,0.9487179487179488,0.7777777777777777,0.8055555555555555,0.8388888888888888,0.6737215368532152,1.0,1.0,1.0,1.0,0.3333333333333333,0.5,0.8461538461538461,1.0,0.9166666666666666
Combined_Feature_Standardized,SVM_Linear,Class_Balanced,123,2,2,0.7333333333333333,0.494949494949495,0.494949494949495,0.494949494949495,0.494949494949495,0.7333333333333333,0.3617021276595745,0.0,0.0,0.0,0.6666666666666666,0.6666666666666666,0.6666666666666666,0.8181818181818182,0.8181818181818182,0.8181818181818182
Combined_Feature_Standardized,SVM_Linear,Class_Balanced,123,2,3,0.9333333333333333,0.6666666666666666,0.6388888888888888,0.6666666666666666,0.6521739130434783,0.9014492753623189,0.8387237011128936,0.0,0.0,0.0,1.0,1.0,1.0,0.9166666666666666,1.0,0.9565217391304348
Combined_Feature_Standardized,SVM_Linear,Class_Balanced,123,2,4,0.8,0.6060606060606061,0.5499999999999999,0.6060606060606061,0.5714285714285714,0.8,0.565716767466643,0.0,0.0,0.0,0.75,1.0,0.8571428571428571,0.9,0.8181818181818182,0.8571428571428571
Combined_Feature_Standardized,SVM_Linear,Class_Balanced,123,2,5,0.42857142857142855,0.35555555555555557,0.31746031746031744,0.35555555555555557,0.3,0.4428571428571429,0.020562903028816623,0.0,0.0,0.0,0.2857142857142857,0.6666666666666666,0.4,0.6666666666666666,0.4,0.5
Combined_Feature_Standardized,SVM_Linear,Class_Balanced,456,3,1,0.8,0.6060606060606061,0.6333333333333333,0.6060606060606061,0.6190476190476191,0.8285714285714286,0.5750148669942697,0.0,0.0,0.0,1.0,1.0,1.0,0.9,0.8181818181818182,0.8571428571428571
Combined_Feature_Standardized,SVM_Linear,Class_Balanced,456,3,2,0.7333333333333333,0.494949494949495,0.494949494949495,0.494949494949495,0.494949494949495,0.7333333333333333,0.3617021276595745,0.0,0.0,0.0,0.6666666666666666,0.6666666666666666,0.6666666666666666,0.8181818181818182,0.8181818181818182,0.8181818181818182
Combined_Feature_Standardized,SVM_Linear,Class_Balanced,456,3,3,0.6666666666666666,0.4646464646464647,0.43333333333333335,0.4646464646464647,0.4444444444444444,0.6730158730158728,0.2679711003789361,0.0,0.0,0.0,0.5,0.6666666666666666,0.5714285714285714,0.8,0.7272727272727273,0.7619047619047619
Combined_Feature_Standardized,SVM_Linear,Class_Balanced,456,3,4,0.6,0.4343434343434343,0.4259259259259259,0.4343434343434343,0.4238095238095238,0.6276190476190475,0.20377359689625746,0.0,0.0,0.0,0.5,0.6666666666666666,0.5714285714285714,0.7777777777777778,0.6363636363636364,0.7
Combined_Feature_Standardized,SVM_Linear,Class_Balanced,456,3,5,0.7142857142857143,0.3333333333333333,0.25641025641025644,0.3333333333333333,0.2898550724637681,0.6211180124223602,0.1903297204970161,0.0,0.0,0.0,0.0,0.0,0.0,0.7692307692307693,1.0,0.8695652173913043
Combined_Feature_Standardized,SVM_Linear,Class_Balanced,789,4,1,0.7333333333333333,0.5757575757575758,0.46296296296296297,0.5757575757575758,0.48888888888888893,0.7200000000000001,0.47639306734033093,0.0,0.0,0.0,0.5,1.0,0.6666666666666666,0.8888888888888888,0.7272727272727273,0.8
Combined_Feature_Standardized,SVM_Linear,Class_Balanced,789,4,2,0.6,0.4343434343434343,0.4259259259259259,0.4343434343434343,0.4238095238095238,0.6276190476190475,0.20377359689625746,0.0,0.0,0.0,0.5,0.6666666666666666,0.5714285714285714,0.7777777777777778,0.6363636363636364,0.7
Combined_Feature_Standardized,SVM_Linear,Class_Balanced,789,4,3,0.8,0.6060606060606061,0.6333333333333333,0.6060606060606061,0.6190476190476191,0.8285714285714286,0.5750148669942697,0.0,0.0,0.0,1.0,1.0,1.0,0.9,0.8181818181818182,0.8571428571428571
Combined_Feature_Standardized,SVM_Linear,Class_Balanced,789,4,4,0.8,0.5252525252525252,0.5,0.5252525252525252,0.5120772946859903,0.7710144927536232,0.4740612223681573,0.0,0.0,0.0,0.6666666666666666,0.6666666666666666,0.6666666666666666,0.8333333333333334,0.9090909090909091,0.8695652173913043
Combined_Feature_Standardized,SVM_Linear,Class_Balanced,789,4,5,0.6428571428571429,0.3,0.23076923076923075,0.3,0.2608695652173913,0.5590062111801243,-0.10573873360945339,0.0,0.0,0.0,0.0,0.0,0.0,0.6923076923076923,0.9,0.782608695652174
Combined_Feature_Standardized,SVM_Linear,Class_Balanced,2026,5,1,0.7333333333333333,0.494949494949495,0.6060606060606061,0.494949494949495,0.5393939393939394,0.76,0.37896836447993354,0.0,0.0,0.0,1.0,0.6666666666666666,0.8,0.8181818181818182,0.8181818181818182,0.8181818181818182
Combined_Feature_Standardized,SVM_Linear,Class_Balanced,2026,5,2,0.6666666666666666,0.4646464646464647,0.43333333333333335,0.4646464646464647,0.4444444444444444,0.6730158730158728,0.2679711003789361,0.0,0.0,0.0,0.5,0.6666666666666666,0.5714285714285714,0.8,0.7272727272727273,0.7619047619047619
Combined_Feature_Standardized,SVM_Linear,Class_Balanced,2026,5,3,0.8666666666666667,0.5555555555555555,0.6153846153846154,0.5555555555555555,0.5722222222222223,0.8322222222222222,0.6579490028442165,0.0,0.0,0.0,1.0,0.6666666666666666,0.8,0.8461538461538461,1.0,0.9166666666666666
Combined_Feature_Standardized,SVM_Linear,Class_Balanced,2026,5,4,0.8666666666666667,0.9393939393939394,0.7777777777777777,0.9393939393939394,0.7999999999999999,0.8933333333333333,0.7718449849879597,0.3333333333333333,1.0,0.5,1.0,1.0,1.0,1.0,0.8181818181818182,0.9
Combined_Feature_Standardized,SVM_Linear,Class_Balanced,2026,5,5,0.5,0.3111111111111111,0.31666666666666665,0.3111111111111111,0.3055555555555555,0.5297619047619048,0.020947289622255394,0.0,0.0,0.0,0.2,0.3333333333333333,0.25,0.75,0.6,0.6666666666666666
Combined_Feature_Standardized,SVM_RBF,Unweighted,42,1,1,0.7333333333333333,0.3333333333333333,0.24444444444444444,0.3333333333333333,0.28205128205128205,0.6205128205128205,0.0,0.0,0.0,0.0,0.0,0.0,0.0,0.7333333333333333,1.0,0.8461538461538461
Combined_Feature_Standardized,SVM_RBF,Unweighted,42,1,2,0.7333333333333333,0.3333333333333333,0.24444444444444444,0.3333333333333333,0.28205128205128205,0.6205128205128205,0.0,0.0,0.0,0.0,0.0,0.0,0.0,0.7333333333333333,1.0,0.8461538461538461
Combined_Feature_Standardized,SVM_RBF,Unweighted,42,1,3,0.6666666666666666,0.4646464646464647,0.4000000000000001,0.4646464646464647,0.42063492063492064,0.6587301587301586,0.2578553115646984,0.0,0.0,0.0,0.4,0.6666666666666666,0.5,0.8,0.7272727272727273,0.7619047619047619
Combined_Feature_Standardized,SVM_RBF,Unweighted,42,1,4,0.7333333333333333,0.3333333333333333,0.24444444444444444,0.3333333333333333,0.28205128205128205,0.6205128205128205,0.0,0.0,0.0,0.0,0.0,0.0,0.0,0.7333333333333333,1.0,0.8461538461538461
Combined_Feature_Standardized,SVM_RBF,Unweighted,42,1,5,0.7142857142857143,0.3333333333333333,0.2380952380952381,0.3333333333333333,0.2777777777777778,0.5952380952380952,0.0,0.0,0.0,0.0,0.0,0.0,0.0,0.7142857142857143,1.0,0.8333333333333334
Combined_Feature_Standardized,SVM_RBF,Unweighted,123,2,1,0.7333333333333333,0.3333333333333333,0.24444444444444444,0.3333333333333333,0.28205128205128205,0.6205128205128205,0.0,0.0,0.0,0.0,0.0,0.0,0.0,0.7333333333333333,1.0,0.8461538461538461
Combined_Feature_Standardized,SVM_RBF,Unweighted,123,2,2,0.7333333333333333,0.3333333333333333,0.24444444444444444,0.3333333333333333,0.28205128205128205,0.6205128205128205,0.0,0.0,0.0,0.0,0.0,0.0,0.0,0.7333333333333333,1.0,0.8461538461538461
Combined_Feature_Standardized,SVM_RBF,Unweighted,123,2,3,0.7333333333333333,0.3333333333333333,0.24444444444444444,0.3333333333333333,0.28205128205128205,0.6205128205128205,0.0,0.0,0.0,0.0,0.0,0.0,0.0,0.7333333333333333,1.0,0.8461538461538461
Combined_Feature_Standardized,SVM_RBF,Unweighted,123,2,4,0.7333333333333333,0.3333333333333333,0.24444444444444444,0.3333333333333333,0.28205128205128205,0.6205128205128205,0.0,0.0,0.0,0.0,0.0,0.0,0.0,0.7333333333333333,1.0,0.8461538461538461
Combined_Feature_Standardized,SVM_RBF,Unweighted,123,2,5,0.6428571428571429,0.45555555555555555,0.3925925925925926,0.45555555555555555,0.41228070175438597,0.6334586466165414,0.2386980188146657,0.0,0.0,0.0,0.4,0.6666666666666666,0.5,0.7777777777777778,0.7,0.7368421052631579
Combined_Feature_Standardized,SVM_RBF,Unweighted,456,3,1,0.6666666666666666,0.30303030303030304,0.2380952380952381,0.30303030303030304,0.26666666666666666,0.5866666666666667,-0.13644420572745383,0.0,0.0,0.0,0.0,0.0,0.0,0.7142857142857143,0.9090909090909091,0.8
Combined_Feature_Standardized,SVM_RBF,Unweighted,456,3,2,0.6666666666666666,0.30303030303030304,0.2380952380952381,0.30303030303030304,0.26666666666666666,0.5866666666666667,-0.13644420572745383,0.0,0.0,0.0,0.0,0.0,0.0,0.7142857142857143,0.9090909090909091,0.8
Combined_Feature_Standardized,SVM_RBF,Unweighted,456,3,3,0.7333333333333333,0.3333333333333333,0.24444444444444444,0.3333333333333333,0.28205128205128205,0.6205128205128205,0.0,0.0,0.0,0.0,0.0,0.0,0.0,0.7333333333333333,1.0,0.8461538461538461
Combined_Feature_Standardized,SVM_RBF,Unweighted,456,3,4,0.7333333333333333,0.41414141414141414,0.4230769230769231,0.41414141414141414,0.41111111111111115,0.6911111111111111,0.22885182707624924,0.0,0.0,0.0,0.5,0.3333333333333333,0.4,0.7692307692307693,0.9090909090909091,0.8333333333333334
Combined_Feature_Standardized,SVM_RBF,Unweighted,456,3,5,0.7142857142857143,0.3333333333333333,0.2380952380952381,0.3333333333333333,0.2777777777777778,0.5952380952380952,0.0,0.0,0.0,0.0,0.0,0.0,0.0,0.7142857142857143,1.0,0.8333333333333334
Combined_Feature_Standardized,SVM_RBF,Unweighted,789,4,1,0.6666666666666666,0.30303030303030304,0.2380952380952381,0.30303030303030304,0.26666666666666666,0.5866666666666667,-0.13644420572745383,0.0,0.0,0.0,0.0,0.0,0.0,0.7142857142857143,0.9090909090909091,0.8
Combined_Feature_Standardized,SVM_RBF,Unweighted,789,4,2,0.7333333333333333,0.3333333333333333,0.24444444444444444,0.3333333333333333,0.28205128205128205,0.6205128205128205,0.0,0.0,0.0,0.0,0.0,0.0,0.0,0.7333333333333333,1.0,0.8461538461538461
Combined_Feature_Standardized,SVM_RBF,Unweighted,789,4,3,0.7333333333333333,0.3333333333333333,0.24444444444444444,0.3333333333333333,0.28205128205128205,0.6205128205128205,0.0,0.0,0.0,0.0,0.0,0.0,0.0,0.7333333333333333,1.0,0.8461538461538461
Combined_Feature_Standardized,SVM_RBF,Unweighted,789,4,4,0.6666666666666666,0.30303030303030304,0.2380952380952381,0.30303030303030304,0.26666666666666666,0.5866666666666667,-0.13644420572745383,0.0,0.0,0.0,0.0,0.0,0.0,0.7142857142857143,0.9090909090909091,0.8
Combined_Feature_Standardized,SVM_RBF,Unweighted,789,4,5,0.7857142857142857,0.4444444444444444,0.5897435897435898,0.4444444444444444,0.45652173913043476,0.7282608695652174,0.44410268115970425,0.0,0.0,0.0,1.0,0.3333333333333333,0.5,0.7692307692307693,1.0,0.8695652173913043
Combined_Feature_Standardized,SVM_RBF,Unweighted,2026,5,1,0.7333333333333333,0.3333333333333333,0.24444444444444444,0.3333333333333333,0.28205128205128205,0.6205128205128205,0.0,0.0,0.0,0.0,0.0,0.0,0.0,0.7333333333333333,1.0,0.8461538461538461
Combined_Feature_Standardized,SVM_RBF,Unweighted,2026,5,2,0.7333333333333333,0.3333333333333333,0.24444444444444444,0.3333333333333333,0.28205128205128205,0.6205128205128205,0.0,0.0,0.0,0.0,0.0,0.0,0.0,0.7333333333333333,1.0,0.8461538461538461
Combined_Feature_Standardized,SVM_RBF,Unweighted,2026,5,3,0.7333333333333333,0.3333333333333333,0.24444444444444444,0.3333333333333333,0.28205128205128205,0.6205128205128205,0.0,0.0,0.0,0.0,0.0,0.0,0.0,0.7333333333333333,1.0,0.8461538461538461
Combined_Feature_Standardized,SVM_RBF,Unweighted,2026,5,4,0.7333333333333333,0.3333333333333333,0.24444444444444444,0.3333333333333333,0.28205128205128205,0.6205128205128205,0.0,0.0,0.0,0.0,0.0,0.0,0.0,0.7333333333333333,1.0,0.8461538461538461
Combined_Feature_Standardized,SVM_RBF,Unweighted,2026,5,5,0.6428571428571429,0.3,0.23076923076923075,0.3,0.2608695652173913,0.5590062111801243,-0.14803422705323474,0.0,0.0,0.0,0.0,0.0,0.0,0.6923076923076923,0.9,0.782608695652174
Combined_Feature_Standardized,SVM_RBF,Class_Balanced,42,1,1,0.8,0.4444444444444444,0.5952380952380952,0.4444444444444444,0.45999999999999996,0.7453333333333333,0.44831667596163405,0.0,0.0,0.0,1.0,0.3333333333333333,0.5,0.7857142857142857,1.0,0.88
Combined_Feature_Standardized,SVM_RBF,Class_Balanced,42,1,2,0.8,0.5252525252525252,0.6111111111111112,0.5252525252525252,0.5565217391304348,0.7976811594202898,0.4850797373873086,0.0,0.0,0.0,1.0,0.6666666666666666,0.8,0.8333333333333334,0.9090909090909091,0.8695652173913043
Combined_Feature_Standardized,SVM_RBF,Class_Balanced,42,1,3,0.6666666666666666,0.4646464646464647,0.4000000000000001,0.4646464646464647,0.42063492063492064,0.6587301587301586,0.2578553115646984,0.0,0.0,0.0,0.4,0.6666666666666666,0.5,0.8,0.7272727272727273,0.7619047619047619
Combined_Feature_Standardized,SVM_RBF,Class_Balanced,42,1,4,0.8,0.5252525252525252,0.6111111111111112,0.5252525252525252,0.5565217391304348,0.7976811594202898,0.4850797373873086,0.0,0.0,0.0,1.0,0.6666666666666666,0.8,0.8333333333333334,0.9090909090909091,0.8695652173913043
Combined_Feature_Standardized,SVM_RBF,Class_Balanced,42,1,5,0.9285714285714286,0.6666666666666666,0.6363636363636364,0.6666666666666666,0.6507936507936508,0.8945578231292517,0.8362177002929908,0.0,0.0,0.0,1.0,1.0,1.0,0.9090909090909091,1.0,0.9523809523809523
Combined_Feature_Standardized,SVM_RBF,Class_Balanced,123,2,1,0.8,0.4444444444444444,0.5952380952380952,0.4444444444444444,0.45999999999999996,0.7453333333333333,0.44831667596163405,0.0,0.0,0.0,1.0,0.3333333333333333,0.5,0.7857142857142857,1.0,0.88
Combined_Feature_Standardized,SVM_RBF,Class_Balanced,123,2,2,0.8666666666666667,0.5555555555555555,0.6153846153846154,0.5555555555555555,0.5722222222222223,0.8322222222222222,0.6579490028442165,0.0,0.0,0.0,1.0,0.6666666666666666,0.8,0.8461538461538461,1.0,0.9166666666666666
Combined_Feature_Standardized,SVM_RBF,Class_Balanced,123,2,3,0.8666666666666667,0.5555555555555555,0.6153846153846154,0.5555555555555555,0.5722222222222223,0.8322222222222222,0.6579490028442165,0.0,0.0,0.0,1.0,0.6666666666666666,0.8,0.8461538461538461,1.0,0.9166666666666666
Combined_Feature_Standardized,SVM_RBF,Class_Balanced,123,2,4,0.8666666666666667,0.6363636363636364,0.6363636363636364,0.6363636363636364,0.6363636363636364,0.8666666666666667,0.6808510638297872,0.0,0.0,0.0,1.0,1.0,1.0,0.9090909090909091,0.9090909090909091,0.9090909090909091
Combined_Feature_Standardized,SVM_RBF,Class_Balanced,123,2,5,0.5714285714285714,0.4222222222222222,0.3833333333333333,0.4222222222222222,0.38888888888888884,0.5833333333333333,0.16757831697804315,0.0,0.0,0.0,0.4,0.6666666666666666,0.5,0.75,0.6,0.6666666666666666
Combined_Feature_Standardized,SVM_RBF,Class_Balanced,456,3,1,0.6666666666666666,0.4646464646464647,0.48888888888888893,0.4646464646464647,0.4761904761904761,0.6920634920634919,0.2826344261497258,0.0,0.0,0.0,0.6666666666666666,0.6666666666666666,0.6666666666666666,0.8,0.7272727272727273,0.7619047619047619
Combined_Feature_Standardized,SVM_RBF,Class_Balanced,456,3,2,0.7333333333333333,0.41414141414141414,0.4230769230769231,0.41414141414141414,0.41111111111111115,0.6911111111111111,0.22885182707624924,0.0,0.0,0.0,0.5,0.3333333333333333,0.4,0.7692307692307693,0.9090909090909091,0.8333333333333334
Combined_Feature_Standardized,SVM_RBF,Class_Balanced,456,3,3,0.9333333333333333,0.6666666666666666,0.6388888888888888,0.6666666666666666,0.6521739130434783,0.9014492753623189,0.8387237011128936,0.0,0.0,0.0,1.0,1.0,1.0,0.9166666666666666,1.0,0.9565217391304348
Combined_Feature_Standardized,SVM_RBF,Class_Balanced,456,3,4,0.8,0.5252525252525252,0.5,0.5252525252525252,0.5120772946859903,0.7710144927536232,0.4740612223681573,0.0,0.0,0.0,0.6666666666666666,0.6666666666666666,0.6666666666666666,0.8333333333333334,0.9090909090909091,0.8695652173913043
Combined_Feature_Standardized,SVM_RBF,Class_Balanced,456,3,5,0.8571428571428571,0.5555555555555555,0.6111111111111112,0.5555555555555555,0.5696969696969697,0.8207792207792207,0.6537014466829248,0.0,0.0,0.0,1.0,0.6666666666666666,0.8,0.8333333333333334,1.0,0.9090909090909091
Combined_Feature_Standardized,SVM_RBF,Class_Balanced,789,4,1,0.8,0.5252525252525252,0.5,0.5252525252525252,0.5120772946859903,0.7710144927536232,0.4740612223681573,0.0,0.0,0.0,0.6666666666666666,0.6666666666666666,0.6666666666666666,0.8333333333333334,0.9090909090909091,0.8695652173913043
Combined_Feature_Standardized,SVM_RBF,Class_Balanced,789,4,2,0.9333333333333333,0.6666666666666666,0.6388888888888888,0.6666666666666666,0.6521739130434783,0.9014492753623189,0.8387237011128936,0.0,0.0,0.0,1.0,1.0,1.0,0.9166666666666666,1.0,0.9565217391304348
Combined_Feature_Standardized,SVM_RBF,Class_Balanced,789,4,3,0.6666666666666666,0.38383838383838387,0.5833333333333334,0.38383838383838387,0.4275362318840579,0.673913043478261,0.15380577039109783,0.0,0.0,0.0,1.0,0.3333333333333333,0.5,0.75,0.8181818181818182,0.782608695652174
Combined_Feature_Standardized,SVM_RBF,Class_Balanced,789,4,4,0.8,0.5252525252525252,0.5,0.5252525252525252,0.5120772946859903,0.7710144927536232,0.4740612223681573,0.0,0.0,0.0,0.6666666666666666,0.6666666666666666,0.6666666666666666,0.8333333333333334,0.9090909090909091,0.8695652173913043
Combined_Feature_Standardized,SVM_RBF,Class_Balanced,789,4,5,0.7142857142857143,0.41111111111111115,0.4166666666666667,0.41111111111111115,0.40606060606060607,0.6701298701298702,0.21790048222764163,0.0,0.0,0.0,0.5,0.3333333333333333,0.4,0.75,0.9,0.8181818181818182
Combined_Feature_Standardized,SVM_RBF,Class_Balanced,2026,5,1,0.8,0.5252525252525252,0.6111111111111112,0.5252525252525252,0.5565217391304348,0.7976811594202898,0.4850797373873086,0.0,0.0,0.0,1.0,0.6666666666666666,0.8,0.8333333333333334,0.9090909090909091,0.8695652173913043
Combined_Feature_Standardized,SVM_RBF,Class_Balanced,2026,5,2,0.8,0.6060606060606061,0.5,0.6060606060606061,0.5357142857142857,0.7785714285714286,0.5672816854423364,0.0,0.0,0.0,0.6,1.0,0.75,0.9,0.8181818181818182,0.8571428571428571
Combined_Feature_Standardized,SVM_RBF,Class_Balanced,2026,5,3,0.8,0.4444444444444444,0.5952380952380952,0.4444444444444444,0.45999999999999996,0.7453333333333333,0.44831667596163405,0.0,0.0,0.0,1.0,0.3333333333333333,0.5,0.7857142857142857,1.0,0.88
Combined_Feature_Standardized,SVM_RBF,Class_Balanced,2026,5,4,0.8666666666666667,0.6363636363636364,0.5530303030303031,0.6363636363636364,0.5887445887445887,0.8380952380952381,0.6816892205569908,0.0,0.0,0.0,0.75,1.0,0.8571428571428571,0.9090909090909091,0.9090909090909091,0.9090909090909091
Combined_Feature_Standardized,SVM_RBF,Class_Balanced,2026,5,5,0.7142857142857143,0.41111111111111115,0.4166666666666667,0.41111111111111115,0.40606060606060607,0.6701298701298702,0.21790048222764163,0.0,0.0,0.0,0.5,0.3333333333333333,0.4,0.75,0.9,0.8181818181818182
Combined_Feature_Standardized,Random_Forest,Unweighted,42,1,1,0.8666666666666667,0.5555555555555555,0.6153846153846154,0.5555555555555555,0.5722222222222223,0.8322222222222222,0.6579490028442165,0.0,0.0,0.0,1.0,0.6666666666666666,0.8,0.8461538461538461,1.0,0.9166666666666666
Combined_Feature_Standardized,Random_Forest,Unweighted,42,1,2,0.8666666666666667,0.5555555555555555,0.6153846153846154,0.5555555555555555,0.5722222222222223,0.8322222222222222,0.6579490028442165,0.0,0.0,0.0,1.0,0.6666666666666666,0.8,0.8461538461538461,1.0,0.9166666666666666
Combined_Feature_Standardized,Random_Forest,Unweighted,42,1,3,0.7333333333333333,0.494949494949495,0.43939393939393945,0.494949494949495,0.4632034632034632,0.7142857142857142,0.351839597706834,0.0,0.0,0.0,0.5,0.6666666666666666,0.5714285714285714,0.8181818181818182,0.8181818181818182,0.8181818181818182
Combined_Feature_Standardized,Random_Forest,Unweighted,42,1,4,0.7333333333333333,0.3333333333333333,0.24444444444444444,0.3333333333333333,0.28205128205128205,0.6205128205128205,0.0,0.0,0.0,0.0,0.0,0.0,0.0,0.7333333333333333,1.0,0.8461538461538461
Combined_Feature_Standardized,Random_Forest,Unweighted,42,1,5,0.7142857142857143,0.3333333333333333,0.2380952380952381,0.3333333333333333,0.2777777777777778,0.5952380952380952,0.0,0.0,0.0,0.0,0.0,0.0,0.0,0.7142857142857143,1.0,0.8333333333333334
Combined_Feature_Standardized,Random_Forest,Unweighted,123,2,1,0.7333333333333333,0.3333333333333333,0.24444444444444444,0.3333333333333333,0.28205128205128205,0.6205128205128205,0.0,0.0,0.0,0.0,0.0,0.0,0.0,0.7333333333333333,1.0,0.8461538461538461
Combined_Feature_Standardized,Random_Forest,Unweighted,123,2,2,0.8666666666666667,0.6363636363636364,0.5530303030303031,0.6363636363636364,0.5887445887445887,0.8380952380952381,0.6816892205569908,0.0,0.0,0.0,0.75,1.0,0.8571428571428571,0.9090909090909091,0.9090909090909091,0.9090909090909091
Combined_Feature_Standardized,Random_Forest,Unweighted,123,2,3,0.8666666666666667,0.5555555555555555,0.6153846153846154,0.5555555555555555,0.5722222222222223,0.8322222222222222,0.6579490028442165,0.0,0.0,0.0,1.0,0.6666666666666666,0.8,0.8461538461538461,1.0,0.9166666666666666
Combined_Feature_Standardized,Random_Forest,Unweighted,123,2,4,0.7333333333333333,0.3333333333333333,0.24444444444444444,0.3333333333333333,0.28205128205128205,0.6205128205128205,0.0,0.0,0.0,0.0,0.0,0.0,0.0,0.7333333333333333,1.0,0.8461538461538461
Combined_Feature_Standardized,Random_Forest,Unweighted,123,2,5,0.6428571428571429,0.45555555555555555,0.3925925925925926,0.45555555555555555,0.41228070175438597,0.6334586466165414,0.2386980188146657,0.0,0.0,0.0,0.4,0.6666666666666666,0.5,0.7777777777777778,0.7,0.7368421052631579
Combined_Feature_Standardized,Random_Forest,Unweighted,456,3,1,0.8,0.4444444444444444,0.5952380952380952,0.4444444444444444,0.45999999999999996,0.7453333333333333,0.44831667596163405,0.0,0.0,0.0,1.0,0.3333333333333333,0.5,0.7857142857142857,1.0,0.88
Combined_Feature_Standardized,Random_Forest,Unweighted,456,3,2,0.7333333333333333,0.41414141414141414,0.4230769230769231,0.41414141414141414,0.41111111111111115,0.6911111111111111,0.22885182707624924,0.0,0.0,0.0,0.5,0.3333333333333333,0.4,0.7692307692307693,0.9090909090909091,0.8333333333333334
Combined_Feature_Standardized,Random_Forest,Unweighted,456,3,3,0.6666666666666666,0.30303030303030304,0.2380952380952381,0.30303030303030304,0.26666666666666666,0.5866666666666667,-0.13644420572745383,0.0,0.0,0.0,0.0,0.0,0.0,0.7142857142857143,0.9090909090909091,0.8
Combined_Feature_Standardized,Random_Forest,Unweighted,456,3,4,0.8,0.5252525252525252,0.5,0.5252525252525252,0.5120772946859903,0.7710144927536232,0.4740612223681573,0.0,0.0,0.0,0.6666666666666666,0.6666666666666666,0.6666666666666666,0.8333333333333334,0.9090909090909091,0.8695652173913043
Combined_Feature_Standardized,Random_Forest,Unweighted,456,3,5,0.7857142857142857,0.4444444444444444,0.5897435897435898,0.4444444444444444,0.45652173913043476,0.7282608695652174,0.44410268115970425,0.0,0.0,0.0,1.0,0.3333333333333333,0.5,0.7692307692307693,1.0,0.8695652173913043
Combined_Feature_Standardized,Random_Forest,Unweighted,789,4,1,0.8666666666666667,0.6363636363636364,0.5530303030303031,0.6363636363636364,0.5887445887445887,0.8380952380952381,0.6816892205569908,0.0,0.0,0.0,0.75,1.0,0.8571428571428571,0.9090909090909091,0.9090909090909091,0.9090909090909091
Combined_Feature_Standardized,Random_Forest,Unweighted,789,4,2,0.8666666666666667,0.5555555555555555,0.6153846153846154,0.5555555555555555,0.5722222222222223,0.8322222222222222,0.6579490028442165,0.0,0.0,0.0,1.0,0.6666666666666666,0.8,0.8461538461538461,1.0,0.9166666666666666
Combined_Feature_Standardized,Random_Forest,Unweighted,789,4,3,0.7333333333333333,0.3333333333333333,0.24444444444444444,0.3333333333333333,0.28205128205128205,0.6205128205128205,0.0,0.0,0.0,0.0,0.0,0.0,0.0,0.7333333333333333,1.0,0.8461538461538461
Combined_Feature_Standardized,Random_Forest,Unweighted,789,4,4,0.8,0.4444444444444444,0.5952380952380952,0.4444444444444444,0.45999999999999996,0.7453333333333333,0.44831667596163405,0.0,0.0,0.0,1.0,0.3333333333333333,0.5,0.7857142857142857,1.0,0.88
Combined_Feature_Standardized,Random_Forest,Unweighted,789,4,5,0.7857142857142857,0.5222222222222223,0.494949494949495,0.5222222222222223,0.5079365079365079,0.7551020408163265,0.46456538905166156,0.0,0.0,0.0,0.6666666666666666,0.6666666666666666,0.6666666666666666,0.8181818181818182,0.9,0.8571428571428571
Combined_Feature_Standardized,Random_Forest,Unweighted,2026,5,1,0.8,0.5252525252525252,0.6111111111111112,0.5252525252525252,0.5565217391304348,0.7976811594202898,0.4850797373873086,0.0,0.0,0.0,1.0,0.6666666666666666,0.8,0.8333333333333334,0.9090909090909091,0.8695652173913043
Combined_Feature_Standardized,Random_Forest,Unweighted,2026,5,2,0.8,0.5252525252525252,0.5,0.5252525252525252,0.5120772946859903,0.7710144927536232,0.4740612223681573,0.0,0.0,0.0,0.6666666666666666,0.6666666666666666,0.6666666666666666,0.8333333333333334,0.9090909090909091,0.8695652173913043
Combined_Feature_Standardized,Random_Forest,Unweighted,2026,5,3,0.8,0.4444444444444444,0.5952380952380952,0.4444444444444444,0.45999999999999996,0.7453333333333333,0.44831667596163405,0.0,0.0,0.0,1.0,0.3333333333333333,0.5,0.7857142857142857,1.0,0.88
Combined_Feature_Standardized,Random_Forest,Unweighted,2026,5,4,0.8,0.5252525252525252,0.5,0.5252525252525252,0.5120772946859903,0.7710144927536232,0.4740612223681573,0.0,0.0,0.0,0.6666666666666666,0.6666666666666666,0.6666666666666666,0.8333333333333334,0.9090909090909091,0.8695652173913043
Combined_Feature_Standardized,Random_Forest,Unweighted,2026,5,5,0.7142857142857143,0.3333333333333333,0.2380952380952381,0.3333333333333333,0.2777777777777778,0.5952380952380952,0.0,0.0,0.0,0.0,0.0,0.0,0.0,0.7142857142857143,1.0,0.8333333333333334
Combined_Feature_Standardized,Random_Forest,Class_Balanced,42,1,1,0.8,0.5252525252525252,0.6111111111111112,0.5252525252525252,0.5565217391304348,0.7976811594202898,0.4850797373873086,0.0,0.0,0.0,1.0,0.6666666666666666,0.8,0.8333333333333334,0.9090909090909091,0.8695652173913043
Combined_Feature_Standardized,Random_Forest,Class_Balanced,42,1,2,0.8,0.5252525252525252,0.6111111111111112,0.5252525252525252,0.5565217391304348,0.7976811594202898,0.4850797373873086,0.0,0.0,0.0,1.0,0.6666666666666666,0.8,0.8333333333333334,0.9090909090909091,0.8695652173913043
Combined_Feature_Standardized,Random_Forest,Class_Balanced,42,1,3,0.7333333333333333,0.5757575757575758,0.46296296296296297,0.5757575757575758,0.48888888888888893,0.7200000000000001,0.47639306734033093,0.0,0.0,0.0,0.5,1.0,0.6666666666666666,0.8888888888888888,0.7272727272727273,0.8
Combined_Feature_Standardized,Random_Forest,Class_Balanced,42,1,4,0.8666666666666667,0.8585858585858586,0.8030303030303031,0.8585858585858586,0.791919191919192,0.8711111111111111,0.6947753348798782,0.5,1.0,0.6666666666666666,1.0,0.6666666666666666,0.8,0.9090909090909091,0.9090909090909091,0.9090909090909091
Combined_Feature_Standardized,Random_Forest,Class_Balanced,42,1,5,0.7857142857142857,0.5222222222222223,0.494949494949495,0.5222222222222223,0.5079365079365079,0.7551020408163265,0.46456538905166156,0.0,0.0,0.0,0.6666666666666666,0.6666666666666666,0.6666666666666666,0.8181818181818182,0.9,0.8571428571428571
Combined_Feature_Standardized,Random_Forest,Class_Balanced,123,2,1,0.8,0.4444444444444444,0.5952380952380952,0.4444444444444444,0.45999999999999996,0.7453333333333333,0.44831667596163405,0.0,0.0,0.0,1.0,0.3333333333333333,0.5,0.7857142857142857,1.0,0.88
Combined_Feature_Standardized,Random_Forest,Class_Balanced,123,2,2,0.7333333333333333,0.494949494949495,0.494949494949495,0.494949494949495,0.494949494949495,0.7333333333333333,0.3617021276595745,0.0,0.0,0.0,0.6666666666666666,0.6666666666666666,0.6666666666666666,0.8181818181818182,0.8181818181818182,0.8181818181818182
Combined_Feature_Standardized,Random_Forest,Class_Balanced,123,2,3,0.9333333333333333,0.6666666666666666,0.6388888888888888,0.6666666666666666,0.6521739130434783,0.9014492753623189,0.8387237011128936,0.0,0.0,0.0,1.0,1.0,1.0,0.9166666666666666,1.0,0.9565217391304348
Combined_Feature_Standardized,Random_Forest,Class_Balanced,123,2,4,0.7333333333333333,0.494949494949495,0.494949494949495,0.494949494949495,0.494949494949495,0.7333333333333333,0.3617021276595745,0.0,0.0,0.0,0.6666666666666666,0.6666666666666666,0.6666666666666666,0.8181818181818182,0.8181818181818182,0.8181818181818182
Combined_Feature_Standardized,Random_Forest,Class_Balanced,123,2,5,0.5714285714285714,0.4222222222222222,0.3833333333333333,0.4222222222222222,0.38888888888888884,0.5833333333333333,0.16757831697804315,0.0,0.0,0.0,0.4,0.6666666666666666,0.5,0.75,0.6,0.6666666666666666
Combined_Feature_Standardized,Random_Forest,Class_Balanced,456,3,1,0.6666666666666666,0.4646464646464647,0.48888888888888893,0.4646464646464647,0.4761904761904761,0.6920634920634919,0.2826344261497258,0.0,0.0,0.0,0.6666666666666666,0.6666666666666666,0.6666666666666666,0.8,0.7272727272727273,0.7619047619047619
Combined_Feature_Standardized,Random_Forest,Class_Balanced,456,3,2,0.8,0.5252525252525252,0.5,0.5252525252525252,0.5120772946859903,0.7710144927536232,0.4740612223681573,0.0,0.0,0.0,0.6666666666666666,0.6666666666666666,0.6666666666666666,0.8333333333333334,0.9090909090909091,0.8695652173913043
Combined_Feature_Standardized,Random_Forest,Class_Balanced,456,3,3,0.8666666666666667,0.6363636363636364,0.6363636363636364,0.6363636363636364,0.6363636363636364,0.8666666666666667,0.6808510638297872,0.0,0.0,0.0,1.0,1.0,1.0,0.9090909090909091,0.9090909090909091,0.9090909090909091
Combined_Feature_Standardized,Random_Forest,Class_Balanced,456,3,4,0.8666666666666667,0.6363636363636364,0.5530303030303031,0.6363636363636364,0.5887445887445887,0.8380952380952381,0.6816892205569908,0.0,0.0,0.0,0.75,1.0,0.8571428571428571,0.9090909090909091,0.9090909090909091,0.9090909090909091
Combined_Feature_Standardized,Random_Forest,Class_Balanced,456,3,5,0.7857142857142857,0.4444444444444444,0.5897435897435898,0.4444444444444444,0.45652173913043476,0.7282608695652174,0.44410268115970425,0.0,0.0,0.0,1.0,0.3333333333333333,0.5,0.7692307692307693,1.0,0.8695652173913043
Combined_Feature_Standardized,Random_Forest,Class_Balanced,789,4,1,0.8666666666666667,0.6363636363636364,0.5530303030303031,0.6363636363636364,0.5887445887445887,0.8380952380952381,0.6816892205569908,0.0,0.0,0.0,0.75,1.0,0.8571428571428571,0.9090909090909091,0.9090909090909091,0.9090909090909091
Combined_Feature_Standardized,Random_Forest,Class_Balanced,789,4,2,0.8666666666666667,0.6363636363636364,0.6363636363636364,0.6363636363636364,0.6363636363636364,0.8666666666666667,0.6808510638297872,0.0,0.0,0.0,1.0,1.0,1.0,0.9090909090909091,0.9090909090909091,0.9090909090909091
Combined_Feature_Standardized,Random_Forest,Class_Balanced,789,4,3,0.7333333333333333,0.494949494949495,0.6060606060606061,0.494949494949495,0.5393939393939394,0.76,0.37896836447993354,0.0,0.0,0.0,1.0,0.6666666666666666,0.8,0.8181818181818182,0.8181818181818182,0.8181818181818182
Combined_Feature_Standardized,Random_Forest,Class_Balanced,789,4,4,0.7333333333333333,0.41414141414141414,0.4230769230769231,0.41414141414141414,0.41111111111111115,0.6911111111111111,0.22885182707624924,0.0,0.0,0.0,0.5,0.3333333333333333,0.4,0.7692307692307693,0.9090909090909091,0.8333333333333334
Combined_Feature_Standardized,Random_Forest,Class_Balanced,789,4,5,0.7857142857142857,0.5222222222222223,0.494949494949495,0.5222222222222223,0.5079365079365079,0.7551020408163265,0.46456538905166156,0.0,0.0,0.0,0.6666666666666666,0.6666666666666666,0.6666666666666666,0.8181818181818182,0.9,0.8571428571428571
Combined_Feature_Standardized,Random_Forest,Class_Balanced,2026,5,1,0.8666666666666667,0.6363636363636364,0.6363636363636364,0.6363636363636364,0.6363636363636364,0.8666666666666667,0.6808510638297872,0.0,0.0,0.0,1.0,1.0,1.0,0.9090909090909091,0.9090909090909091,0.9090909090909091
Combined_Feature_Standardized,Random_Forest,Class_Balanced,2026,5,2,0.8,0.5252525252525252,0.5,0.5252525252525252,0.5120772946859903,0.7710144927536232,0.4740612223681573,0.0,0.0,0.0,0.6666666666666666,0.6666666666666666,0.6666666666666666,0.8333333333333334,0.9090909090909091,0.8695652173913043
Combined_Feature_Standardized,Random_Forest,Class_Balanced,2026,5,3,0.8666666666666667,0.5555555555555555,0.6153846153846154,0.5555555555555555,0.5722222222222223,0.8322222222222222,0.6579490028442165,0.0,0.0,0.0,1.0,0.6666666666666666,0.8,0.8461538461538461,1.0,0.9166666666666666
Combined_Feature_Standardized,Random_Forest,Class_Balanced,2026,5,4,0.8666666666666667,0.9393939393939394,0.75,0.9393939393939394,0.8079365079365078,0.8758730158730158,0.7595197702496869,0.5,1.0,0.6666666666666666,0.75,1.0,0.8571428571428571,1.0,0.8181818181818182,0.9
Combined_Feature_Standardized,Random_Forest,Class_Balanced,2026,5,5,0.7142857142857143,0.41111111111111115,0.4166666666666667,0.41111111111111115,0.40606060606060607,0.6701298701298702,0.21790048222764163,0.0,0.0,0.0,0.5,0.3333333333333333,0.4,0.75,0.9,0.8181818181818182
Combined_Feature_Standardized,XGBoost,Unweighted,42,1,1,0.8666666666666667,0.5555555555555555,0.6153846153846154,0.5555555555555555,0.5722222222222223,0.8322222222222222,0.6579490028442165,0.0,0.0,0.0,1.0,0.6666666666666666,0.8,0.8461538461538461,1.0,0.9166666666666666
Combined_Feature_Standardized,XGBoost,Unweighted,42,1,2,0.8666666666666667,0.5555555555555555,0.6153846153846154,0.5555555555555555,0.5722222222222223,0.8322222222222222,0.6579490028442165,0.0,0.0,0.0,1.0,0.6666666666666666,0.8,0.8461538461538461,1.0,0.9166666666666666
Combined_Feature_Standardized,XGBoost,Unweighted,42,1,3,0.6,0.35353535353535354,0.32575757575757575,0.35353535353535354,0.3376623376623377,0.5904761904761905,0.021989974856677124,0.0,0.0,0.0,0.25,0.3333333333333333,0.2857142857142857,0.7272727272727273,0.7272727272727273,0.7272727272727273
Combined_Feature_Standardized,XGBoost,Unweighted,42,1,4,0.6666666666666666,0.30303030303030304,0.2380952380952381,0.30303030303030304,0.26666666666666666,0.5866666666666667,-0.09746014694818131,0.0,0.0,0.0,0.0,0.0,0.0,0.7142857142857143,0.9090909090909091,0.8
Combined_Feature_Standardized,XGBoost,Unweighted,42,1,5,0.7142857142857143,0.3333333333333333,0.2380952380952381,0.3333333333333333,0.2777777777777778,0.5952380952380952,0.0,0.0,0.0,0.0,0.0,0.0,0.0,0.7142857142857143,1.0,0.8333333333333334
Combined_Feature_Standardized,XGBoost,Unweighted,123,2,1,0.7333333333333333,0.3333333333333333,0.24444444444444444,0.3333333333333333,0.28205128205128205,0.6205128205128205,0.0,0.0,0.0,0.0,0.0,0.0,0.0,0.7333333333333333,1.0,0.8461538461538461
Combined_Feature_Standardized,XGBoost,Unweighted,123,2,2,0.7333333333333333,0.3333333333333333,0.24444444444444444,0.3333333333333333,0.28205128205128205,0.6205128205128205,0.0,0.0,0.0,0.0,0.0,0.0,0.0,0.7333333333333333,1.0,0.8461538461538461
Combined_Feature_Standardized,XGBoost,Unweighted,123,2,3,0.9333333333333333,0.6666666666666666,0.6388888888888888,0.6666666666666666,0.6521739130434783,0.9014492753623189,0.8387237011128936,0.0,0.0,0.0,1.0,1.0,1.0,0.9166666666666666,1.0,0.9565217391304348
Combined_Feature_Standardized,XGBoost,Unweighted,123,2,4,0.7333333333333333,0.3333333333333333,0.24444444444444444,0.3333333333333333,0.28205128205128205,0.6205128205128205,0.0,0.0,0.0,0.0,0.0,0.0,0.0,0.7333333333333333,1.0,0.8461538461538461
Combined_Feature_Standardized,XGBoost,Unweighted,123,2,5,0.6428571428571429,0.45555555555555555,0.3925925925925926,0.45555555555555555,0.41228070175438597,0.6334586466165414,0.2386980188146657,0.0,0.0,0.0,0.4,0.6666666666666666,0.5,0.7777777777777778,0.7,0.7368421052631579
Combined_Feature_Standardized,XGBoost,Unweighted,456,3,1,0.7333333333333333,0.494949494949495,0.494949494949495,0.494949494949495,0.494949494949495,0.7333333333333333,0.3617021276595745,0.0,0.0,0.0,0.6666666666666666,0.6666666666666666,0.6666666666666666,0.8181818181818182,0.8181818181818182,0.8181818181818182
Combined_Feature_Standardized,XGBoost,Unweighted,456,3,2,0.7333333333333333,0.41414141414141414,0.4230769230769231,0.41414141414141414,0.41111111111111115,0.6911111111111111,0.22885182707624924,0.0,0.0,0.0,0.5,0.3333333333333333,0.4,0.7692307692307693,0.9090909090909091,0.8333333333333334
Combined_Feature_Standardized,XGBoost,Unweighted,456,3,3,0.8,0.4444444444444444,0.5952380952380952,0.4444444444444444,0.45999999999999996,0.7453333333333333,0.44831667596163405,0.0,0.0,0.0,1.0,0.3333333333333333,0.5,0.7857142857142857,1.0,0.88
Combined_Feature_Standardized,XGBoost,Unweighted,456,3,4,0.7333333333333333,0.41414141414141414,0.4230769230769231,0.41414141414141414,0.41111111111111115,0.6911111111111111,0.22885182707624924,0.0,0.0,0.0,0.5,0.3333333333333333,0.4,0.7692307692307693,0.9090909090909091,0.8333333333333334
Combined_Feature_Standardized,XGBoost,Unweighted,456,3,5,0.7857142857142857,0.4444444444444444,0.5897435897435898,0.4444444444444444,0.45652173913043476,0.7282608695652174,0.44410268115970425,0.0,0.0,0.0,1.0,0.3333333333333333,0.5,0.7692307692307693,1.0,0.8695652173913043
Combined_Feature_Standardized,XGBoost,Unweighted,789,4,1,0.8666666666666667,0.6363636363636364,0.5530303030303031,0.6363636363636364,0.5887445887445887,0.8380952380952381,0.6816892205569908,0.0,0.0,0.0,0.75,1.0,0.8571428571428571,0.9090909090909091,0.9090909090909091,0.9090909090909091
Combined_Feature_Standardized,XGBoost,Unweighted,789,4,2,0.7333333333333333,0.41414141414141414,0.5897435897435898,0.41414141414141414,0.4444444444444445,0.7111111111111111,0.2526455763199557,0.0,0.0,0.0,1.0,0.3333333333333333,0.5,0.7692307692307693,0.9090909090909091,0.8333333333333334
Combined_Feature_Standardized,XGBoost,Unweighted,789,4,3,0.6666666666666666,0.30303030303030304,0.2380952380952381,0.30303030303030304,0.26666666666666666,0.5866666666666667,-0.09746014694818131,0.0,0.0,0.0,0.0,0.0,0.0,0.7142857142857143,0.9090909090909091,0.8
Combined_Feature_Standardized,XGBoost,Unweighted,789,4,4,0.6666666666666666,0.30303030303030304,0.2380952380952381,0.30303030303030304,0.26666666666666666,0.5866666666666667,-0.13644420572745383,0.0,0.0,0.0,0.0,0.0,0.0,0.7142857142857143,0.9090909090909091,0.8
Combined_Feature_Standardized,XGBoost,Unweighted,789,4,5,0.7857142857142857,0.4444444444444444,0.5897435897435898,0.4444444444444444,0.45652173913043476,0.7282608695652174,0.44410268115970425,0.0,0.0,0.0,1.0,0.3333333333333333,0.5,0.7692307692307693,1.0,0.8695652173913043
Combined_Feature_Standardized,XGBoost,Unweighted,2026,5,1,0.7333333333333333,0.41414141414141414,0.5897435897435898,0.41414141414141414,0.4444444444444445,0.7111111111111111,0.2526455763199557,0.0,0.0,0.0,1.0,0.3333333333333333,0.5,0.7692307692307693,0.9090909090909091,0.8333333333333334
Combined_Feature_Standardized,XGBoost,Unweighted,2026,5,2,0.7333333333333333,0.41414141414141414,0.4230769230769231,0.41414141414141414,0.41111111111111115,0.6911111111111111,0.22885182707624924,0.0,0.0,0.0,0.5,0.3333333333333333,0.4,0.7692307692307693,0.9090909090909091,0.8333333333333334
Combined_Feature_Standardized,XGBoost,Unweighted,2026,5,3,0.8,0.4444444444444444,0.5952380952380952,0.4444444444444444,0.45999999999999996,0.7453333333333333,0.44831667596163405,0.0,0.0,0.0,1.0,0.3333333333333333,0.5,0.7857142857142857,1.0,0.88
Combined_Feature_Standardized,XGBoost,Unweighted,2026,5,4,0.8666666666666667,0.5555555555555555,0.6153846153846154,0.5555555555555555,0.5722222222222223,0.8322222222222222,0.6579490028442165,0.0,0.0,0.0,1.0,0.6666666666666666,0.8,0.8461538461538461,1.0,0.9166666666666666
Combined_Feature_Standardized,XGBoost,Unweighted,2026,5,5,0.6428571428571429,0.3,0.23076923076923075,0.3,0.2608695652173913,0.5590062111801243,-0.14803422705323474,0.0,0.0,0.0,0.0,0.0,0.0,0.6923076923076923,0.9,0.782608695652174
Combined_Feature_Standardized,XGBoost,Class_Balanced,42,1,1,0.8666666666666667,0.5555555555555555,0.6153846153846154,0.5555555555555555,0.5722222222222223,0.8322222222222222,0.6579490028442165,0.0,0.0,0.0,1.0,0.6666666666666666,0.8,0.8461538461538461,1.0,0.9166666666666666
Combined_Feature_Standardized,XGBoost,Class_Balanced,42,1,2,0.8,0.5252525252525252,0.6111111111111112,0.5252525252525252,0.5565217391304348,0.7976811594202898,0.4850797373873086,0.0,0.0,0.0,1.0,0.6666666666666666,0.8,0.8333333333333334,0.9090909090909091,0.8695652173913043
Combined_Feature_Standardized,XGBoost,Class_Balanced,42,1,3,0.7333333333333333,0.5757575757575758,0.46296296296296297,0.5757575757575758,0.48888888888888893,0.7200000000000001,0.47639306734033093,0.0,0.0,0.0,0.5,1.0,0.6666666666666666,0.8888888888888888,0.7272727272727273,0.8
Combined_Feature_Standardized,XGBoost,Class_Balanced,42,1,4,0.7333333333333333,0.41414141414141414,0.5897435897435898,0.41414141414141414,0.4444444444444445,0.7111111111111111,0.2526455763199557,0.0,0.0,0.0,1.0,0.3333333333333333,0.5,0.7692307692307693,0.9090909090909091,0.8333333333333334
Combined_Feature_Standardized,XGBoost,Class_Balanced,42,1,5,0.7857142857142857,0.4444444444444444,0.5897435897435898,0.4444444444444444,0.45652173913043476,0.7282608695652174,0.44410268115970425,0.0,0.0,0.0,1.0,0.3333333333333333,0.5,0.7692307692307693,1.0,0.8695652173913043
Combined_Feature_Standardized,XGBoost,Class_Balanced,123,2,1,0.7333333333333333,0.3333333333333333,0.24444444444444444,0.3333333333333333,0.28205128205128205,0.6205128205128205,0.0,0.0,0.0,0.0,0.0,0.0,0.0,0.7333333333333333,1.0,0.8461538461538461
Combined_Feature_Standardized,XGBoost,Class_Balanced,123,2,2,0.6666666666666666,0.38383838383838387,0.4166666666666667,0.38383838383838387,0.39420289855072466,0.6539130434782608,0.1301433441770828,0.0,0.0,0.0,0.5,0.3333333333333333,0.4,0.75,0.8181818181818182,0.782608695652174
Combined_Feature_Standardized,XGBoost,Class_Balanced,123,2,3,0.9333333333333333,0.6666666666666666,0.6388888888888888,0.6666666666666666,0.6521739130434783,0.9014492753623189,0.8387237011128936,0.0,0.0,0.0,1.0,1.0,1.0,0.9166666666666666,1.0,0.9565217391304348
Combined_Feature_Standardized,XGBoost,Class_Balanced,123,2,4,0.7333333333333333,0.3333333333333333,0.24444444444444444,0.3333333333333333,0.28205128205128205,0.6205128205128205,0.0,0.0,0.0,0.0,0.0,0.0,0.0,0.7333333333333333,1.0,0.8461538461538461
Combined_Feature_Standardized,XGBoost,Class_Balanced,123,2,5,0.6428571428571429,0.5333333333333333,0.4523809523809524,0.5333333333333333,0.45751633986928103,0.6470588235294118,0.38041370603310753,0.0,0.0,0.0,0.5,1.0,0.6666666666666666,0.8571428571428571,0.6,0.7058823529411765
Combined_Feature_Standardized,XGBoost,Class_Balanced,456,3,1,0.6666666666666666,0.4646464646464647,0.48888888888888893,0.4646464646464647,0.4761904761904761,0.6920634920634919,0.2826344261497258,0.0,0.0,0.0,0.6666666666666666,0.6666666666666666,0.6666666666666666,0.8,0.7272727272727273,0.7619047619047619
Combined_Feature_Standardized,XGBoost,Class_Balanced,456,3,2,0.7333333333333333,0.41414141414141414,0.4230769230769231,0.41414141414141414,0.41111111111111115,0.6911111111111111,0.22885182707624924,0.0,0.0,0.0,0.5,0.3333333333333333,0.4,0.7692307692307693,0.9090909090909091,0.8333333333333334
Combined_Feature_Standardized,XGBoost,Class_Balanced,456,3,3,0.8,0.5252525252525252,0.5,0.5252525252525252,0.5120772946859903,0.7710144927536232,0.4740612223681573,0.0,0.0,0.0,0.6666666666666666,0.6666666666666666,0.6666666666666666,0.8333333333333334,0.9090909090909091,0.8695652173913043
Combined_Feature_Standardized,XGBoost,Class_Balanced,456,3,4,0.6666666666666666,0.4646464646464647,0.48888888888888893,0.4646464646464647,0.4761904761904761,0.6920634920634919,0.2826344261497258,0.0,0.0,0.0,0.6666666666666666,0.6666666666666666,0.6666666666666666,0.8,0.7272727272727273,0.7619047619047619
Combined_Feature_Standardized,XGBoost,Class_Balanced,456,3,5,0.7857142857142857,0.4444444444444444,0.5897435897435898,0.4444444444444444,0.45652173913043476,0.7282608695652174,0.44410268115970425,0.0,0.0,0.0,1.0,0.3333333333333333,0.5,0.7692307692307693,1.0,0.8695652173913043
Combined_Feature_Standardized,XGBoost,Class_Balanced,789,4,1,0.8666666666666667,0.6363636363636364,0.5530303030303031,0.6363636363636364,0.5887445887445887,0.8380952380952381,0.6816892205569908,0.0,0.0,0.0,0.75,1.0,0.8571428571428571,0.9090909090909091,0.9090909090909091,0.9090909090909091
Combined_Feature_Standardized,XGBoost,Class_Balanced,789,4,2,0.7333333333333333,0.41414141414141414,0.5897435897435898,0.41414141414141414,0.4444444444444445,0.7111111111111111,0.2526455763199557,0.0,0.0,0.0,1.0,0.3333333333333333,0.5,0.7692307692307693,0.9090909090909091,0.8333333333333334
Combined_Feature_Standardized,XGBoost,Class_Balanced,789,4,3,0.6,0.27272727272727276,0.23076923076923075,0.27272727272727276,0.25,0.55,-0.14303239192265577,0.0,0.0,0.0,0.0,0.0,0.0,0.6923076923076923,0.8181818181818182,0.75
Combined_Feature_Standardized,XGBoost,Class_Balanced,789,4,4,0.6666666666666666,0.30303030303030304,0.2380952380952381,0.30303030303030304,0.26666666666666666,0.5866666666666667,-0.13644420572745383,0.0,0.0,0.0,0.0,0.0,0.0,0.7142857142857143,0.9090909090909091,0.8
Combined_Feature_Standardized,XGBoost,Class_Balanced,789,4,5,0.7142857142857143,0.41111111111111115,0.4166666666666667,0.41111111111111115,0.40606060606060607,0.6701298701298702,0.21790048222764163,0.0,0.0,0.0,0.5,0.3333333333333333,0.4,0.75,0.9,0.8181818181818182
Combined_Feature_Standardized,XGBoost,Class_Balanced,2026,5,1,0.8,0.5252525252525252,0.6111111111111112,0.5252525252525252,0.5565217391304348,0.7976811594202898,0.4850797373873086,0.0,0.0,0.0,1.0,0.6666666666666666,0.8,0.8333333333333334,0.9090909090909091,0.8695652173913043
Combined_Feature_Standardized,XGBoost,Class_Balanced,2026,5,2,0.8,0.5252525252525252,0.5,0.5252525252525252,0.5120772946859903,0.7710144927536232,0.4740612223681573,0.0,0.0,0.0,0.6666666666666666,0.6666666666666666,0.6666666666666666,0.8333333333333334,0.9090909090909091,0.8695652173913043
Combined_Feature_Standardized,XGBoost,Class_Balanced,2026,5,3,0.8,0.5252525252525252,0.6111111111111112,0.5252525252525252,0.5565217391304348,0.7976811594202898,0.4850797373873086,0.0,0.0,0.0,1.0,0.6666666666666666,0.8,0.8333333333333334,0.9090909090909091,0.8695652173913043
Combined_Feature_Standardized,XGBoost,Class_Balanced,2026,5,4,0.7333333333333333,0.494949494949495,0.494949494949495,0.494949494949495,0.494949494949495,0.7333333333333333,0.3617021276595745,0.0,0.0,0.0,0.6666666666666666,0.6666666666666666,0.6666666666666666,0.8181818181818182,0.8181818181818182,0.8181818181818182
Combined_Feature_Standardized,XGBoost,Class_Balanced,2026,5,5,0.6428571428571429,0.3,0.23076923076923075,0.3,0.2608695652173913,0.5590062111801243,-0.14803422705323474,0.0,0.0,0.0,0.0,0.0,0.0,0.6923076923076923,0.9,0.782608695652174
Combined_Equal_Block,Logistic_Regression,Unweighted,42,1,1,0.8,0.5252525252525252,0.5,0.5252525252525252,0.5120772946859903,0.7710144927536232,0.4740612223681573,0.0,0.0,0.0,0.6666666666666666,0.6666666666666666,0.6666666666666666,0.8333333333333334,0.9090909090909091,0.8695652173913043
Combined_Equal_Block,Logistic_Regression,Unweighted,42,1,2,0.8666666666666667,0.5555555555555555,0.6153846153846154,0.5555555555555555,0.5722222222222223,0.8322222222222222,0.6579490028442165,0.0,0.0,0.0,1.0,0.6666666666666666,0.8,0.8461538461538461,1.0,0.9166666666666666
Combined_Equal_Block,Logistic_Regression,Unweighted,42,1,3,0.6666666666666666,0.38383838383838387,0.3611111111111111,0.38383838383838387,0.37198067632850246,0.6405797101449276,0.1093987436234209,0.0,0.0,0.0,0.3333333333333333,0.3333333333333333,0.3333333333333333,0.75,0.8181818181818182,0.782608695652174
Combined_Equal_Block,Logistic_Regression,Unweighted,42,1,4,0.7333333333333333,0.3333333333333333,0.24444444444444444,0.3333333333333333,0.28205128205128205,0.6205128205128205,0.0,0.0,0.0,0.0,0.0,0.0,0.0,0.7333333333333333,1.0,0.8461538461538461
Combined_Equal_Block,Logistic_Regression,Unweighted,42,1,5,0.7142857142857143,0.3333333333333333,0.2380952380952381,0.3333333333333333,0.2777777777777778,0.5952380952380952,0.0,0.0,0.0,0.0,0.0,0.0,0.0,0.7142857142857143,1.0,0.8333333333333334
Combined_Equal_Block,Logistic_Regression,Unweighted,123,2,1,0.7333333333333333,0.3333333333333333,0.24444444444444444,0.3333333333333333,0.28205128205128205,0.6205128205128205,0.0,0.0,0.0,0.0,0.0,0.0,0.0,0.7333333333333333,1.0,0.8461538461538461
Combined_Equal_Block,Logistic_Regression,Unweighted,123,2,2,0.6666666666666666,0.30303030303030304,0.2380952380952381,0.30303030303030304,0.26666666666666666,0.5866666666666667,-0.09746014694818131,0.0,0.0,0.0,0.0,0.0,0.0,0.7142857142857143,0.9090909090909091,0.8
Combined_Equal_Block,Logistic_Regression,Unweighted,123,2,3,0.8,0.5252525252525252,0.5,0.5252525252525252,0.5120772946859903,0.7710144927536232,0.4740612223681573,0.0,0.0,0.0,0.6666666666666666,0.6666666666666666,0.6666666666666666,0.8333333333333334,0.9090909090909091,0.8695652173913043
Combined_Equal_Block,Logistic_Regression,Unweighted,123,2,4,0.7333333333333333,0.3333333333333333,0.24444444444444444,0.3333333333333333,0.28205128205128205,0.6205128205128205,0.0,0.0,0.0,0.0,0.0,0.0,0.0,0.7333333333333333,1.0,0.8461538461538461
Combined_Equal_Block,Logistic_Regression,Unweighted,123,2,5,0.6428571428571429,0.45555555555555555,0.3925925925925926,0.45555555555555555,0.41228070175438597,0.6334586466165414,0.2386980188146657,0.0,0.0,0.0,0.4,0.6666666666666666,0.5,0.7777777777777778,0.7,0.7368421052631579
Combined_Equal_Block,Logistic_Regression,Unweighted,456,3,1,0.8,0.4444444444444444,0.5952380952380952,0.4444444444444444,0.45999999999999996,0.7453333333333333,0.44831667596163405,0.0,0.0,0.0,1.0,0.3333333333333333,0.5,0.7857142857142857,1.0,0.88
Combined_Equal_Block,Logistic_Regression,Unweighted,456,3,2,0.7333333333333333,0.41414141414141414,0.4230769230769231,0.41414141414141414,0.41111111111111115,0.6911111111111111,0.22885182707624924,0.0,0.0,0.0,0.5,0.3333333333333333,0.4,0.7692307692307693,0.9090909090909091,0.8333333333333334
Combined_Equal_Block,Logistic_Regression,Unweighted,456,3,3,0.7333333333333333,0.3333333333333333,0.24444444444444444,0.3333333333333333,0.28205128205128205,0.6205128205128205,0.0,0.0,0.0,0.0,0.0,0.0,0.0,0.7333333333333333,1.0,0.8461538461538461
Combined_Equal_Block,Logistic_Regression,Unweighted,456,3,4,0.7333333333333333,0.41414141414141414,0.4230769230769231,0.41414141414141414,0.41111111111111115,0.6911111111111111,0.22885182707624924,0.0,0.0,0.0,0.5,0.3333333333333333,0.4,0.7692307692307693,0.9090909090909091,0.8333333333333334
Combined_Equal_Block,Logistic_Regression,Unweighted,456,3,5,0.7857142857142857,0.4444444444444444,0.5897435897435898,0.4444444444444444,0.45652173913043476,0.7282608695652174,0.44410268115970425,0.0,0.0,0.0,1.0,0.3333333333333333,0.5,0.7692307692307693,1.0,0.8695652173913043
Combined_Equal_Block,Logistic_Regression,Unweighted,789,4,1,0.8,0.5252525252525252,0.5,0.5252525252525252,0.5120772946859903,0.7710144927536232,0.4740612223681573,0.0,0.0,0.0,0.6666666666666666,0.6666666666666666,0.6666666666666666,0.8333333333333334,0.9090909090909091,0.8695652173913043
Combined_Equal_Block,Logistic_Regression,Unweighted,789,4,2,0.8,0.4444444444444444,0.5952380952380952,0.4444444444444444,0.45999999999999996,0.7453333333333333,0.44831667596163405,0.0,0.0,0.0,1.0,0.3333333333333333,0.5,0.7857142857142857,1.0,0.88
Combined_Equal_Block,Logistic_Regression,Unweighted,789,4,3,0.6666666666666666,0.30303030303030304,0.2380952380952381,0.30303030303030304,0.26666666666666666,0.5866666666666667,-0.13644420572745383,0.0,0.0,0.0,0.0,0.0,0.0,0.7142857142857143,0.9090909090909091,0.8
Combined_Equal_Block,Logistic_Regression,Unweighted,789,4,4,0.7333333333333333,0.3333333333333333,0.24444444444444444,0.3333333333333333,0.28205128205128205,0.6205128205128205,0.0,0.0,0.0,0.0,0.0,0.0,0.0,0.7333333333333333,1.0,0.8461538461538461
Combined_Equal_Block,Logistic_Regression,Unweighted,789,4,5,0.7857142857142857,0.4444444444444444,0.5897435897435898,0.4444444444444444,0.45652173913043476,0.7282608695652174,0.44410268115970425,0.0,0.0,0.0,1.0,0.3333333333333333,0.5,0.7692307692307693,1.0,0.8695652173913043
Combined_Equal_Block,Logistic_Regression,Unweighted,2026,5,1,0.7333333333333333,0.41414141414141414,0.5897435897435898,0.41414141414141414,0.4444444444444445,0.7111111111111111,0.2526455763199557,0.0,0.0,0.0,1.0,0.3333333333333333,0.5,0.7692307692307693,0.9090909090909091,0.8333333333333334
Combined_Equal_Block,Logistic_Regression,Unweighted,2026,5,2,0.7333333333333333,0.494949494949495,0.43939393939393945,0.494949494949495,0.4632034632034632,0.7142857142857142,0.351839597706834,0.0,0.0,0.0,0.5,0.6666666666666666,0.5714285714285714,0.8181818181818182,0.8181818181818182,0.8181818181818182
Combined_Equal_Block,Logistic_Regression,Unweighted,2026,5,3,0.7333333333333333,0.3333333333333333,0.24444444444444444,0.3333333333333333,0.28205128205128205,0.6205128205128205,0.0,0.0,0.0,0.0,0.0,0.0,0.0,0.7333333333333333,1.0,0.8461538461538461
Combined_Equal_Block,Logistic_Regression,Unweighted,2026,5,4,0.8666666666666667,0.5555555555555555,0.6153846153846154,0.5555555555555555,0.5722222222222223,0.8322222222222222,0.6579490028442165,0.0,0.0,0.0,1.0,0.6666666666666666,0.8,0.8461538461538461,1.0,0.9166666666666666
Combined_Equal_Block,Logistic_Regression,Unweighted,2026,5,5,0.6428571428571429,0.3,0.23076923076923075,0.3,0.2608695652173913,0.5590062111801243,-0.14803422705323474,0.0,0.0,0.0,0.0,0.0,0.0,0.6923076923076923,0.9,0.782608695652174
Combined_Equal_Block,Logistic_Regression,Class_Balanced,42,1,1,0.7333333333333333,0.8787878787878788,0.6444444444444445,0.8787878787878788,0.6759259259259259,0.7537037037037037,0.6058846376880627,0.3333333333333333,1.0,0.5,0.6,1.0,0.75,1.0,0.6363636363636364,0.7777777777777778
Combined_Equal_Block,Logistic_Regression,Class_Balanced,42,1,2,0.8,0.8282828282828283,0.6888888888888888,0.8282828282828283,0.7301587301587301,0.8063492063492064,0.5750148669942697,0.5,1.0,0.6666666666666666,0.6666666666666666,0.6666666666666666,0.6666666666666666,0.9,0.8181818181818182,0.8571428571428571
Combined_Equal_Block,Logistic_Regression,Class_Balanced,42,1,3,0.7333333333333333,0.8787878787878788,0.8095238095238096,0.8787878787878788,0.7925925925925926,0.757037037037037,0.6064496310619684,1.0,1.0,1.0,0.42857142857142855,1.0,0.6,1.0,0.6363636363636364,0.7777777777777778
Combined_Equal_Block,Logistic_Regression,Class_Balanced,42,1,4,0.7333333333333333,0.7979797979797979,0.6296296296296297,0.7979797979797979,0.6555555555555556,0.7533333333333334,0.49618606177797414,0.3333333333333333,1.0,0.5,0.6666666666666666,0.6666666666666666,0.6666666666666666,0.8888888888888888,0.7272727272727273,0.8
Combined_Equal_Block,Logistic_Regression,Class_Balanced,42,1,5,0.7857142857142857,0.5222222222222223,0.6060606060606061,0.5222222222222223,0.5523809523809523,0.7836734693877551,0.476873817559482,0.0,0.0,0.0,1.0,0.6666666666666666,0.8,0.8181818181818182,0.9,0.8571428571428571
Combined_Equal_Block,Logistic_Regression,Class_Balanced,123,2,1,0.8,0.6666666666666666,0.5952380952380952,0.6666666666666666,0.6266666666666666,0.712,0.48730073474090657,1.0,1.0,1.0,0.0,0.0,0.0,0.7857142857142857,1.0,0.88
Combined_Equal_Block,Logistic_Regression,Class_Balanced,123,2,2,0.8,0.8282828282828283,0.6888888888888888,0.8282828282828283,0.7301587301587301,0.8063492063492064,0.5750148669942697,0.5,1.0,0.6666666666666666,0.6666666666666666,0.6666666666666666,0.6666666666666666,0.9,0.8181818181818182,0.8571428571428571
Combined_Equal_Block,Logistic_Regression,Class_Balanced,123,2,3,0.9333333333333333,0.9696969696969697,0.9166666666666666,0.9696969696969697,0.9365079365079364,0.9365079365079365,0.8634624345543498,1.0,1.0,1.0,0.75,1.0,0.8571428571428571,1.0,0.9090909090909091,0.9523809523809523
Combined_Equal_Block,Logistic_Regression,Class_Balanced,123,2,4,0.8,0.8282828282828283,0.6888888888888888,0.8282828282828283,0.7301587301587301,0.8063492063492064,0.5750148669942697,0.5,1.0,0.6666666666666666,0.6666666666666666,0.6666666666666666,0.6666666666666666,0.9,0.8181818181818182,0.8571428571428571
Combined_Equal_Block,Logistic_Regression,Class_Balanced,123,2,5,0.5714285714285714,0.4222222222222222,0.3833333333333333,0.4222222222222222,0.38888888888888884,0.5833333333333333,0.16757831697804315,0.0,0.0,0.0,0.4,0.6666666666666666,0.5,0.75,0.6,0.6666666666666666
Combined_Equal_Block,Logistic_Regression,Class_Balanced,456,3,1,0.7333333333333333,0.7979797979797979,0.6296296296296297,0.7979797979797979,0.6555555555555556,0.7533333333333334,0.49618606177797414,0.3333333333333333,1.0,0.5,0.6666666666666666,0.6666666666666666,0.6666666666666666,0.8888888888888888,0.7272727272727273,0.8
Combined_Equal_Block,Logistic_Regression,Class_Balanced,456,3,2,0.6666666666666666,0.6868686868686869,0.5444444444444444,0.6868686868686869,0.5873015873015873,0.6698412698412697,0.2826344261497258,0.5,1.0,0.6666666666666666,0.3333333333333333,0.3333333333333333,0.3333333333333333,0.8,0.7272727272727273,0.7619047619047619
Combined_Equal_Block,Logistic_Regression,Class_Balanced,456,3,3,0.6666666666666666,0.7676767676767676,0.5694444444444444,0.7676767676767676,0.6027568922305764,0.6879699248120301,0.4156851183853697,0.3333333333333333,1.0,0.5,0.5,0.6666666666666666,0.5714285714285714,0.875,0.6363636363636364,0.7368421052631579
Combined_Equal_Block,Logistic_Regression,Class_Balanced,456,3,4,0.6666666666666666,0.7676767676767676,0.5694444444444444,0.7676767676767676,0.6027568922305764,0.6879699248120301,0.4156851183853697,0.3333333333333333,1.0,0.5,0.5,0.6666666666666666,0.5714285714285714,0.875,0.6363636363636364,0.7368421052631579
Combined_Equal_Block,Logistic_Regression,Class_Balanced,456,3,5,0.9285714285714286,0.6666666666666666,0.6363636363636364,0.6666666666666666,0.6507936507936508,0.8945578231292517,0.8362177002929908,0.0,0.0,0.0,1.0,1.0,1.0,0.9090909090909091,1.0,0.9523809523809523
Combined_Equal_Block,Logistic_Regression,Class_Balanced,789,4,1,0.9333333333333333,0.9696969696969697,0.9166666666666666,0.9696969696969697,0.9365079365079364,0.9365079365079365,0.8634624345543498,1.0,1.0,1.0,0.75,1.0,0.8571428571428571,1.0,0.9090909090909091,0.9523809523809523
Combined_Equal_Block,Logistic_Regression,Class_Balanced,789,4,2,0.8,0.9090909090909092,0.6944444444444443,0.9090909090909092,0.7330827067669173,0.8223057644110275,0.6810160450143291,0.3333333333333333,1.0,0.5,0.75,1.0,0.8571428571428571,1.0,0.7272727272727273,0.8421052631578947
Combined_Equal_Block,Logistic_Regression,Class_Balanced,789,4,3,0.6666666666666666,0.4646464646464647,0.6,0.4646464646464647,0.5206349206349207,0.7187301587301587,0.30212645553936207,0.0,0.0,0.0,1.0,0.6666666666666666,0.8,0.8,0.7272727272727273,0.7619047619047619
Combined_Equal_Block,Logistic_Regression,Class_Balanced,789,4,4,0.6666666666666666,0.6060606060606061,0.5833333333333334,0.6060606060606061,0.5942028985507246,0.6405797101449276,0.1301433441770828,1.0,1.0,1.0,0.0,0.0,0.0,0.75,0.8181818181818182,0.782608695652174
Combined_Equal_Block,Logistic_Regression,Class_Balanced,789,4,5,0.8571428571428571,0.9333333333333332,0.75,0.9333333333333332,0.8042328042328042,0.8662131519274376,0.7540037099937807,0.5,1.0,0.6666666666666666,0.75,1.0,0.8571428571428571,1.0,0.8,0.8888888888888888
Combined_Equal_Block,Logistic_Regression,Class_Balanced,2026,5,1,0.7333333333333333,0.494949494949495,0.6060606060606061,0.494949494949495,0.5393939393939394,0.76,0.37896836447993354,0.0,0.0,0.0,1.0,0.6666666666666666,0.8,0.8181818181818182,0.8181818181818182,0.8181818181818182
Combined_Equal_Block,Logistic_Regression,Class_Balanced,2026,5,2,0.7333333333333333,0.7979797979797979,0.762962962962963,0.7979797979797979,0.7666666666666666,0.7533333333333334,0.4747501098334506,1.0,1.0,1.0,0.4,0.6666666666666666,0.5,0.8888888888888888,0.7272727272727273,0.8
Combined_Equal_Block,Logistic_Regression,Class_Balanced,2026,5,3,0.9333333333333333,0.8888888888888888,0.9722222222222222,0.8888888888888888,0.918840579710145,0.9281159420289856,0.8400161305975343,1.0,1.0,1.0,1.0,0.6666666666666666,0.8,0.9166666666666666,1.0,0.9565217391304348
Combined_Equal_Block,Logistic_Regression,Class_Balanced,2026,5,4,0.6666666666666666,0.8484848484848485,0.6166666666666667,0.8484848484848485,0.6186274509803922,0.6943137254901962,0.5510849772030693,0.25,1.0,0.4,0.6,1.0,0.75,1.0,0.5454545454545454,0.7058823529411765
Combined_Equal_Block,Logistic_Regression,Class_Balanced,2026,5,5,0.7857142857142857,0.7444444444444445,0.7727272727272728,0.7444444444444445,0.7523809523809524,0.7693877551020408,0.476873817559482,1.0,1.0,1.0,0.5,0.3333333333333333,0.4,0.8181818181818182,0.9,0.8571428571428571
Combined_Equal_Block,SVM_Linear,Unweighted,42,1,1,0.8,0.5252525252525252,0.5,0.5252525252525252,0.5120772946859903,0.7710144927536232,0.4740612223681573,0.0,0.0,0.0,0.6666666666666666,0.6666666666666666,0.6666666666666666,0.8333333333333334,0.9090909090909091,0.8695652173913043
Combined_Equal_Block,SVM_Linear,Unweighted,42,1,2,0.8,0.5252525252525252,0.6111111111111112,0.5252525252525252,0.5565217391304348,0.7976811594202898,0.4850797373873086,0.0,0.0,0.0,1.0,0.6666666666666666,0.8,0.8333333333333334,0.9090909090909091,0.8695652173913043
Combined_Equal_Block,SVM_Linear,Unweighted,42,1,3,0.7333333333333333,0.494949494949495,0.43939393939393945,0.494949494949495,0.4632034632034632,0.7142857142857142,0.351839597706834,0.0,0.0,0.0,0.5,0.6666666666666666,0.5714285714285714,0.8181818181818182,0.8181818181818182,0.8181818181818182
Combined_Equal_Block,SVM_Linear,Unweighted,42,1,4,0.8,0.4444444444444444,0.5952380952380952,0.4444444444444444,0.45999999999999996,0.7453333333333333,0.44831667596163405,0.0,0.0,0.0,1.0,0.3333333333333333,0.5,0.7857142857142857,1.0,0.88
Combined_Equal_Block,SVM_Linear,Unweighted,42,1,5,0.7142857142857143,0.41111111111111115,0.5833333333333334,0.41111111111111115,0.43939393939393945,0.6915584415584416,0.24399771253216748,0.0,0.0,0.0,1.0,0.3333333333333333,0.5,0.75,0.9,0.8181818181818182
Combined_Equal_Block,SVM_Linear,Unweighted,123,2,1,0.7333333333333333,0.3333333333333333,0.24444444444444444,0.3333333333333333,0.28205128205128205,0.6205128205128205,0.0,0.0,0.0,0.0,0.0,0.0,0.0,0.7333333333333333,1.0,0.8461538461538461
Combined_Equal_Block,SVM_Linear,Unweighted,123,2,2,0.6666666666666666,0.30303030303030304,0.2380952380952381,0.30303030303030304,0.26666666666666666,0.5866666666666667,-0.09746014694818131,0.0,0.0,0.0,0.0,0.0,0.0,0.7142857142857143,0.9090909090909091,0.8
Combined_Equal_Block,SVM_Linear,Unweighted,123,2,3,0.8666666666666667,0.6363636363636364,0.5530303030303031,0.6363636363636364,0.5887445887445887,0.8380952380952381,0.6816892205569908,0.0,0.0,0.0,0.75,1.0,0.8571428571428571,0.9090909090909091,0.9090909090909091,0.9090909090909091
Combined_Equal_Block,SVM_Linear,Unweighted,123,2,4,0.7333333333333333,0.41414141414141414,0.5897435897435898,0.41414141414141414,0.4444444444444445,0.7111111111111111,0.2526455763199557,0.0,0.0,0.0,1.0,0.3333333333333333,0.5,0.7692307692307693,0.9090909090909091,0.8333333333333334
Combined_Equal_Block,SVM_Linear,Unweighted,123,2,5,0.6428571428571429,0.45555555555555555,0.3925925925925926,0.45555555555555555,0.41228070175438597,0.6334586466165414,0.2386980188146657,0.0,0.0,0.0,0.4,0.6666666666666666,0.5,0.7777777777777778,0.7,0.7368421052631579
Combined_Equal_Block,SVM_Linear,Unweighted,456,3,1,0.6666666666666666,0.4646464646464647,0.48888888888888893,0.4646464646464647,0.4761904761904761,0.6920634920634919,0.2826344261497258,0.0,0.0,0.0,0.6666666666666666,0.6666666666666666,0.6666666666666666,0.8,0.7272727272727273,0.7619047619047619
Combined_Equal_Block,SVM_Linear,Unweighted,456,3,2,0.6666666666666666,0.38383838383838387,0.4166666666666667,0.38383838383838387,0.39420289855072466,0.6539130434782608,0.1301433441770828,0.0,0.0,0.0,0.5,0.3333333333333333,0.4,0.75,0.8181818181818182,0.782608695652174
Combined_Equal_Block,SVM_Linear,Unweighted,456,3,3,0.7333333333333333,0.3333333333333333,0.24444444444444444,0.3333333333333333,0.28205128205128205,0.6205128205128205,0.0,0.0,0.0,0.0,0.0,0.0,0.0,0.7333333333333333,1.0,0.8461538461538461
Combined_Equal_Block,SVM_Linear,Unweighted,456,3,4,0.7333333333333333,0.494949494949495,0.494949494949495,0.494949494949495,0.494949494949495,0.7333333333333333,0.3617021276595745,0.0,0.0,0.0,0.6666666666666666,0.6666666666666666,0.6666666666666666,0.8181818181818182,0.8181818181818182,0.8181818181818182
Combined_Equal_Block,SVM_Linear,Unweighted,456,3,5,0.7857142857142857,0.4444444444444444,0.5897435897435898,0.4444444444444444,0.45652173913043476,0.7282608695652174,0.44410268115970425,0.0,0.0,0.0,1.0,0.3333333333333333,0.5,0.7692307692307693,1.0,0.8695652173913043
Combined_Equal_Block,SVM_Linear,Unweighted,789,4,1,0.8666666666666667,0.6363636363636364,0.5530303030303031,0.6363636363636364,0.5887445887445887,0.8380952380952381,0.6816892205569908,0.0,0.0,0.0,0.75,1.0,0.8571428571428571,0.9090909090909091,0.9090909090909091,0.9090909090909091
Combined_Equal_Block,SVM_Linear,Unweighted,789,4,2,0.7333333333333333,0.41414141414141414,0.5897435897435898,0.41414141414141414,0.4444444444444445,0.7111111111111111,0.2526455763199557,0.0,0.0,0.0,1.0,0.3333333333333333,0.5,0.7692307692307693,0.9090909090909091,0.8333333333333334
Combined_Equal_Block,SVM_Linear,Unweighted,789,4,3,0.6,0.27272727272727276,0.23076923076923075,0.27272727272727276,0.25,0.55,-0.1684303842133038,0.0,0.0,0.0,0.0,0.0,0.0,0.6923076923076923,0.8181818181818182,0.75
Combined_Equal_Block,SVM_Linear,Unweighted,789,4,4,0.8,0.4444444444444444,0.5952380952380952,0.4444444444444444,0.45999999999999996,0.7453333333333333,0.44831667596163405,0.0,0.0,0.0,1.0,0.3333333333333333,0.5,0.7857142857142857,1.0,0.88
Combined_Equal_Block,SVM_Linear,Unweighted,789,4,5,0.7857142857142857,0.5222222222222223,0.494949494949495,0.5222222222222223,0.5079365079365079,0.7551020408163265,0.46456538905166156,0.0,0.0,0.0,0.6666666666666666,0.6666666666666666,0.6666666666666666,0.8181818181818182,0.9,0.8571428571428571
Combined_Equal_Block,SVM_Linear,Unweighted,2026,5,1,0.8,0.5252525252525252,0.6111111111111112,0.5252525252525252,0.5565217391304348,0.7976811594202898,0.4850797373873086,0.0,0.0,0.0,1.0,0.6666666666666666,0.8,0.8333333333333334,0.9090909090909091,0.8695652173913043
Combined_Equal_Block,SVM_Linear,Unweighted,2026,5,2,0.6666666666666666,0.38383838383838387,0.3611111111111111,0.38383838383838387,0.37198067632850246,0.6405797101449276,0.1093987436234209,0.0,0.0,0.0,0.3333333333333333,0.3333333333333333,0.3333333333333333,0.75,0.8181818181818182,0.782608695652174
Combined_Equal_Block,SVM_Linear,Unweighted,2026,5,3,0.8,0.4444444444444444,0.5952380952380952,0.4444444444444444,0.45999999999999996,0.7453333333333333,0.44831667596163405,0.0,0.0,0.0,1.0,0.3333333333333333,0.5,0.7857142857142857,1.0,0.88
Combined_Equal_Block,SVM_Linear,Unweighted,2026,5,4,0.8,0.8282828282828283,0.6888888888888888,0.8282828282828283,0.7301587301587301,0.8063492063492064,0.5750148669942697,0.5,1.0,0.6666666666666666,0.6666666666666666,0.6666666666666666,0.6666666666666666,0.9,0.8181818181818182,0.8571428571428571
Combined_Equal_Block,SVM_Linear,Unweighted,2026,5,5,0.6428571428571429,0.3,0.23076923076923075,0.3,0.2608695652173913,0.5590062111801243,-0.14803422705323474,0.0,0.0,0.0,0.0,0.0,0.0,0.6923076923076923,0.9,0.782608695652174
Combined_Equal_Block,SVM_Linear,Class_Balanced,42,1,1,0.6666666666666666,0.8484848484848485,0.611111111111111,0.8484848484848485,0.6241830065359477,0.6843137254901961,0.5414961542858666,0.3333333333333333,1.0,0.5,0.5,1.0,0.6666666666666666,1.0,0.5454545454545454,0.7058823529411765
Combined_Equal_Block,SVM_Linear,Class_Balanced,42,1,2,0.8,0.8282828282828283,0.6888888888888888,0.8282828282828283,0.7301587301587301,0.8063492063492064,0.5750148669942697,0.5,1.0,0.6666666666666666,0.6666666666666666,0.6666666666666666,0.6666666666666666,0.9,0.8181818181818182,0.8571428571428571
Combined_Equal_Block,SVM_Linear,Class_Balanced,42,1,3,0.7333333333333333,0.8787878787878788,0.8095238095238096,0.8787878787878788,0.7925925925925926,0.757037037037037,0.6064496310619684,1.0,1.0,1.0,0.42857142857142855,1.0,0.6,1.0,0.6363636363636364,0.7777777777777778
Combined_Equal_Block,SVM_Linear,Class_Balanced,42,1,4,0.7333333333333333,0.7979797979797979,0.6296296296296297,0.7979797979797979,0.6555555555555556,0.7533333333333334,0.49618606177797414,0.3333333333333333,1.0,0.5,0.6666666666666666,0.6666666666666666,0.6666666666666666,0.8888888888888888,0.7272727272727273,0.8
Combined_Equal_Block,SVM_Linear,Class_Balanced,42,1,5,0.7857142857142857,0.5222222222222223,0.6060606060606061,0.5222222222222223,0.5523809523809523,0.7836734693877551,0.476873817559482,0.0,0.0,0.0,1.0,0.6666666666666666,0.8,0.8181818181818182,0.9,0.8571428571428571
Combined_Equal_Block,SVM_Linear,Class_Balanced,123,2,1,0.8,0.7474747474747474,0.7777777777777778,0.7474747474747474,0.7565217391304347,0.7843478260869564,0.4850797373873086,1.0,1.0,1.0,0.5,0.3333333333333333,0.4,0.8333333333333334,0.9090909090909091,0.8695652173913043
Combined_Equal_Block,SVM_Linear,Class_Balanced,123,2,2,0.7333333333333333,0.7979797979797979,0.6296296296296297,0.7979797979797979,0.6793650793650793,0.7453968253968255,0.4816466835729722,0.5,1.0,0.6666666666666666,0.5,0.6666666666666666,0.5714285714285714,0.8888888888888888,0.7272727272727273,0.8
Combined_Equal_Block,SVM_Linear,Class_Balanced,123,2,3,0.9333333333333333,0.9696969696969697,0.9166666666666666,0.9696969696969697,0.9365079365079364,0.9365079365079365,0.8634624345543498,1.0,1.0,1.0,0.75,1.0,0.8571428571428571,1.0,0.9090909090909091,0.9523809523809523
Combined_Equal_Block,SVM_Linear,Class_Balanced,123,2,4,0.8,0.8282828282828283,0.6888888888888888,0.8282828282828283,0.7301587301587301,0.8063492063492064,0.5750148669942697,0.5,1.0,0.6666666666666666,0.6666666666666666,0.6666666666666666,0.6666666666666666,0.9,0.8181818181818182,0.8571428571428571
Combined_Equal_Block,SVM_Linear,Class_Balanced,123,2,5,0.5714285714285714,0.4222222222222222,0.3833333333333333,0.4222222222222222,0.38888888888888884,0.5833333333333333,0.16757831697804315,0.0,0.0,0.0,0.4,0.6666666666666666,0.5,0.75,0.6,0.6666666666666666
Combined_Equal_Block,SVM_Linear,Class_Balanced,456,3,1,0.6666666666666666,0.4646464646464647,0.48888888888888893,0.4646464646464647,0.4761904761904761,0.6920634920634919,0.2826344261497258,0.0,0.0,0.0,0.6666666666666666,0.6666666666666666,0.6666666666666666,0.8,0.7272727272727273,0.7619047619047619
Combined_Equal_Block,SVM_Linear,Class_Balanced,456,3,2,0.6666666666666666,0.6868686868686869,0.5444444444444444,0.6868686868686869,0.5873015873015873,0.6698412698412697,0.2826344261497258,0.5,1.0,0.6666666666666666,0.3333333333333333,0.3333333333333333,0.3333333333333333,0.8,0.7272727272727273,0.7619047619047619
Combined_Equal_Block,SVM_Linear,Class_Balanced,456,3,3,0.7333333333333333,0.8787878787878788,0.6444444444444445,0.8787878787878788,0.6759259259259259,0.7537037037037037,0.6058846376880627,0.3333333333333333,1.0,0.5,0.6,1.0,0.75,1.0,0.6363636363636364,0.7777777777777778
Combined_Equal_Block,SVM_Linear,Class_Balanced,456,3,4,0.7333333333333333,0.7979797979797979,0.6296296296296297,0.7979797979797979,0.6793650793650793,0.7453968253968255,0.4816466835729722,0.5,1.0,0.6666666666666666,0.5,0.6666666666666666,0.5714285714285714,0.8888888888888888,0.7272727272727273,0.8
Combined_Equal_Block,SVM_Linear,Class_Balanced,456,3,5,0.8571428571428571,0.6333333333333333,0.5499999999999999,0.6333333333333333,0.5857142857142857,0.826530612244898,0.6751399510385769,0.0,0.0,0.0,0.75,1.0,0.8571428571428571,0.9,0.9,0.9
Combined_Equal_Block,SVM_Linear,Class_Balanced,789,4,1,0.7333333333333333,0.5757575757575758,0.46296296296296297,0.5757575757575758,0.48888888888888893,0.7200000000000001,0.47639306734033093,0.0,0.0,0.0,0.5,1.0,0.6666666666666666,0.8888888888888888,0.7272727272727273,0.8
Combined_Equal_Block,SVM_Linear,Class_Balanced,789,4,2,0.8666666666666667,0.9393939393939394,0.75,0.9393939393939394,0.8079365079365078,0.8758730158730158,0.7595197702496869,0.5,1.0,0.6666666666666666,0.75,1.0,0.8571428571428571,1.0,0.8181818181818182,0.9
Combined_Equal_Block,SVM_Linear,Class_Balanced,789,4,3,0.7333333333333333,0.494949494949495,0.494949494949495,0.494949494949495,0.494949494949495,0.7333333333333333,0.3617021276595745,0.0,0.0,0.0,0.6666666666666666,0.6666666666666666,0.6666666666666666,0.8181818181818182,0.8181818181818182,0.8181818181818182
Combined_Equal_Block,SVM_Linear,Class_Balanced,789,4,4,0.7333333333333333,0.7171717171717171,0.7171717171717171,0.7171717171717171,0.7171717171717171,0.7333333333333333,0.3617021276595745,1.0,1.0,1.0,0.3333333333333333,0.3333333333333333,0.3333333333333333,0.8181818181818182,0.8181818181818182,0.8181818181818182
Combined_Equal_Block,SVM_Linear,Class_Balanced,789,4,5,0.8571428571428571,0.9333333333333332,0.75,0.9333333333333332,0.8042328042328042,0.8662131519274376,0.7540037099937807,0.5,1.0,0.6666666666666666,0.75,1.0,0.8571428571428571,1.0,0.8,0.8888888888888888
Combined_Equal_Block,SVM_Linear,Class_Balanced,2026,5,1,0.6666666666666666,0.4646464646464647,0.48888888888888893,0.4646464646464647,0.4761904761904761,0.6920634920634919,0.2826344261497258,0.0,0.0,0.0,0.6666666666666666,0.6666666666666666,0.6666666666666666,0.8,0.7272727272727273,0.7619047619047619
Combined_Equal_Block,SVM_Linear,Class_Balanced,2026,5,2,0.7333333333333333,0.8787878787878788,0.6666666666666666,0.8787878787878788,0.7037037037037037,0.7481481481481481,0.6014167670256413,0.5,1.0,0.6666666666666666,0.5,1.0,0.6666666666666666,1.0,0.6363636363636364,0.7777777777777778
Combined_Equal_Block,SVM_Linear,Class_Balanced,2026,5,3,0.9333333333333333,0.8888888888888888,0.9722222222222222,0.8888888888888888,0.918840579710145,0.9281159420289856,0.8400161305975343,1.0,1.0,1.0,1.0,0.6666666666666666,0.8,0.9166666666666666,1.0,0.9565217391304348
Combined_Equal_Block,SVM_Linear,Class_Balanced,2026,5,4,0.8,0.9090909090909092,0.7000000000000001,0.9090909090909092,0.7529239766081871,0.8119883040935673,0.6733027231936325,0.5,1.0,0.6666666666666666,0.6,1.0,0.75,1.0,0.7272727272727273,0.8421052631578947
Combined_Equal_Block,SVM_Linear,Class_Balanced,2026,5,5,0.7142857142857143,0.41111111111111115,0.4166666666666667,0.41111111111111115,0.40606060606060607,0.6701298701298702,0.21790048222764163,0.0,0.0,0.0,0.5,0.3333333333333333,0.4,0.75,0.9,0.8181818181818182
Combined_Equal_Block,SVM_RBF,Unweighted,42,1,1,0.7333333333333333,0.3333333333333333,0.24444444444444444,0.3333333333333333,0.28205128205128205,0.6205128205128205,0.0,0.0,0.0,0.0,0.0,0.0,0.0,0.7333333333333333,1.0,0.8461538461538461
Combined_Equal_Block,SVM_RBF,Unweighted,42,1,2,0.7333333333333333,0.3333333333333333,0.24444444444444444,0.3333333333333333,0.28205128205128205,0.6205128205128205,0.0,0.0,0.0,0.0,0.0,0.0,0.0,0.7333333333333333,1.0,0.8461538461538461
Combined_Equal_Block,SVM_RBF,Unweighted,42,1,3,0.6666666666666666,0.30303030303030304,0.2380952380952381,0.30303030303030304,0.26666666666666666,0.5866666666666667,-0.13644420572745383,0.0,0.0,0.0,0.0,0.0,0.0,0.7142857142857143,0.9090909090909091,0.8
Combined_Equal_Block,SVM_RBF,Unweighted,42,1,4,0.7333333333333333,0.3333333333333333,0.24444444444444444,0.3333333333333333,0.28205128205128205,0.6205128205128205,0.0,0.0,0.0,0.0,0.0,0.0,0.0,0.7333333333333333,1.0,0.8461538461538461
Combined_Equal_Block,SVM_RBF,Unweighted,42,1,5,0.7142857142857143,0.3333333333333333,0.2380952380952381,0.3333333333333333,0.2777777777777778,0.5952380952380952,0.0,0.0,0.0,0.0,0.0,0.0,0.0,0.7142857142857143,1.0,0.8333333333333334
Combined_Equal_Block,SVM_RBF,Unweighted,123,2,1,0.7333333333333333,0.3333333333333333,0.24444444444444444,0.3333333333333333,0.28205128205128205,0.6205128205128205,0.0,0.0,0.0,0.0,0.0,0.0,0.0,0.7333333333333333,1.0,0.8461538461538461
Combined_Equal_Block,SVM_RBF,Unweighted,123,2,2,0.7333333333333333,0.3333333333333333,0.24444444444444444,0.3333333333333333,0.28205128205128205,0.6205128205128205,0.0,0.0,0.0,0.0,0.0,0.0,0.0,0.7333333333333333,1.0,0.8461538461538461
Combined_Equal_Block,SVM_RBF,Unweighted,123,2,3,0.7333333333333333,0.3333333333333333,0.24444444444444444,0.3333333333333333,0.28205128205128205,0.6205128205128205,0.0,0.0,0.0,0.0,0.0,0.0,0.0,0.7333333333333333,1.0,0.8461538461538461
Combined_Equal_Block,SVM_RBF,Unweighted,123,2,4,0.7333333333333333,0.3333333333333333,0.24444444444444444,0.3333333333333333,0.28205128205128205,0.6205128205128205,0.0,0.0,0.0,0.0,0.0,0.0,0.0,0.7333333333333333,1.0,0.8461538461538461
Combined_Equal_Block,SVM_RBF,Unweighted,123,2,5,0.7142857142857143,0.48888888888888893,0.43333333333333335,0.48888888888888893,0.45714285714285713,0.6938775510204082,0.33756997551928847,0.0,0.0,0.0,0.5,0.6666666666666666,0.5714285714285714,0.8,0.8,0.8
Combined_Equal_Block,SVM_RBF,Unweighted,456,3,1,0.7333333333333333,0.3333333333333333,0.24444444444444444,0.3333333333333333,0.28205128205128205,0.6205128205128205,0.0,0.0,0.0,0.0,0.0,0.0,0.0,0.7333333333333333,1.0,0.8461538461538461
Combined_Equal_Block,SVM_RBF,Unweighted,456,3,2,0.7333333333333333,0.3333333333333333,0.24444444444444444,0.3333333333333333,0.28205128205128205,0.6205128205128205,0.0,0.0,0.0,0.0,0.0,0.0,0.0,0.7333333333333333,1.0,0.8461538461538461
Combined_Equal_Block,SVM_RBF,Unweighted,456,3,3,0.7333333333333333,0.3333333333333333,0.24444444444444444,0.3333333333333333,0.28205128205128205,0.6205128205128205,0.0,0.0,0.0,0.0,0.0,0.0,0.0,0.7333333333333333,1.0,0.8461538461538461
Combined_Equal_Block,SVM_RBF,Unweighted,456,3,4,0.7333333333333333,0.41414141414141414,0.4230769230769231,0.41414141414141414,0.41111111111111115,0.6911111111111111,0.22885182707624924,0.0,0.0,0.0,0.5,0.3333333333333333,0.4,0.7692307692307693,0.9090909090909091,0.8333333333333334
Combined_Equal_Block,SVM_RBF,Unweighted,456,3,5,0.7142857142857143,0.3333333333333333,0.2380952380952381,0.3333333333333333,0.2777777777777778,0.5952380952380952,0.0,0.0,0.0,0.0,0.0,0.0,0.0,0.7142857142857143,1.0,0.8333333333333334
Combined_Equal_Block,SVM_RBF,Unweighted,789,4,1,0.6666666666666666,0.30303030303030304,0.2380952380952381,0.30303030303030304,0.26666666666666666,0.5866666666666667,-0.13644420572745383,0.0,0.0,0.0,0.0,0.0,0.0,0.7142857142857143,0.9090909090909091,0.8
Combined_Equal_Block,SVM_RBF,Unweighted,789,4,2,0.7333333333333333,0.3333333333333333,0.24444444444444444,0.3333333333333333,0.28205128205128205,0.6205128205128205,0.0,0.0,0.0,0.0,0.0,0.0,0.0,0.7333333333333333,1.0,0.8461538461538461
Combined_Equal_Block,SVM_RBF,Unweighted,789,4,3,0.7333333333333333,0.3333333333333333,0.24444444444444444,0.3333333333333333,0.28205128205128205,0.6205128205128205,0.0,0.0,0.0,0.0,0.0,0.0,0.0,0.7333333333333333,1.0,0.8461538461538461
Combined_Equal_Block,SVM_RBF,Unweighted,789,4,4,0.7333333333333333,0.3333333333333333,0.24444444444444444,0.3333333333333333,0.28205128205128205,0.6205128205128205,0.0,0.0,0.0,0.0,0.0,0.0,0.0,0.7333333333333333,1.0,0.8461538461538461
Combined_Equal_Block,SVM_RBF,Unweighted,789,4,5,0.7142857142857143,0.3333333333333333,0.2380952380952381,0.3333333333333333,0.2777777777777778,0.5952380952380952,0.0,0.0,0.0,0.0,0.0,0.0,0.0,0.7142857142857143,1.0,0.8333333333333334
Combined_Equal_Block,SVM_RBF,Unweighted,2026,5,1,0.7333333333333333,0.3333333333333333,0.24444444444444444,0.3333333333333333,0.28205128205128205,0.6205128205128205,0.0,0.0,0.0,0.0,0.0,0.0,0.0,0.7333333333333333,1.0,0.8461538461538461
Combined_Equal_Block,SVM_RBF,Unweighted,2026,5,2,0.7333333333333333,0.41414141414141414,0.4230769230769231,0.41414141414141414,0.41111111111111115,0.6911111111111111,0.22885182707624924,0.0,0.0,0.0,0.5,0.3333333333333333,0.4,0.7692307692307693,0.9090909090909091,0.8333333333333334
Combined_Equal_Block,SVM_RBF,Unweighted,2026,5,3,0.7333333333333333,0.3333333333333333,0.24444444444444444,0.3333333333333333,0.28205128205128205,0.6205128205128205,0.0,0.0,0.0,0.0,0.0,0.0,0.0,0.7333333333333333,1.0,0.8461538461538461
Combined_Equal_Block,SVM_RBF,Unweighted,2026,5,4,0.7333333333333333,0.3333333333333333,0.24444444444444444,0.3333333333333333,0.28205128205128205,0.6205128205128205,0.0,0.0,0.0,0.0,0.0,0.0,0.0,0.7333333333333333,1.0,0.8461538461538461
Combined_Equal_Block,SVM_RBF,Unweighted,2026,5,5,0.6428571428571429,0.3,0.23076923076923075,0.3,0.2608695652173913,0.5590062111801243,-0.14803422705323474,0.0,0.0,0.0,0.0,0.0,0.0,0.6923076923076923,0.9,0.782608695652174
Combined_Equal_Block,SVM_RBF,Class_Balanced,42,1,1,0.8,0.5252525252525252,0.5,0.5252525252525252,0.5120772946859903,0.7710144927536232,0.4740612223681573,0.0,0.0,0.0,0.6666666666666666,0.6666666666666666,0.6666666666666666,0.8333333333333334,0.9090909090909091,0.8695652173913043
Combined_Equal_Block,SVM_RBF,Class_Balanced,42,1,2,0.8,0.5252525252525252,0.5,0.5252525252525252,0.5120772946859903,0.7710144927536232,0.4740612223681573,0.0,0.0,0.0,0.6666666666666666,0.6666666666666666,0.6666666666666666,0.8333333333333334,0.9090909090909091,0.8695652173913043
Combined_Equal_Block,SVM_RBF,Class_Balanced,42,1,3,0.7333333333333333,0.494949494949495,0.43939393939393945,0.494949494949495,0.4632034632034632,0.7142857142857142,0.351839597706834,0.0,0.0,0.0,0.5,0.6666666666666666,0.5714285714285714,0.8181818181818182,0.8181818181818182,0.8181818181818182
Combined_Equal_Block,SVM_RBF,Class_Balanced,42,1,4,0.8666666666666667,0.7777777777777777,0.9487179487179488,0.7777777777777777,0.8055555555555555,0.8388888888888888,0.6737215368532152,1.0,1.0,1.0,1.0,0.3333333333333333,0.5,0.8461538461538461,1.0,0.9166666666666666
Combined_Equal_Block,SVM_RBF,Class_Balanced,42,1,5,0.7857142857142857,0.4444444444444444,0.5897435897435898,0.4444444444444444,0.45652173913043476,0.7282608695652174,0.44410268115970425,0.0,0.0,0.0,1.0,0.3333333333333333,0.5,0.7692307692307693,1.0,0.8695652173913043
Combined_Equal_Block,SVM_RBF,Class_Balanced,123,2,1,0.7333333333333333,0.3333333333333333,0.24444444444444444,0.3333333333333333,0.28205128205128205,0.6205128205128205,0.0,0.0,0.0,0.0,0.0,0.0,0.0,0.7333333333333333,1.0,0.8461538461538461
Combined_Equal_Block,SVM_RBF,Class_Balanced,123,2,2,0.7333333333333333,0.494949494949495,0.494949494949495,0.494949494949495,0.494949494949495,0.7333333333333333,0.3617021276595745,0.0,0.0,0.0,0.6666666666666666,0.6666666666666666,0.6666666666666666,0.8181818181818182,0.8181818181818182,0.8181818181818182
Combined_Equal_Block,SVM_RBF,Class_Balanced,123,2,3,0.8,0.4444444444444444,0.5952380952380952,0.4444444444444444,0.45999999999999996,0.7453333333333333,0.44831667596163405,0.0,0.0,0.0,1.0,0.3333333333333333,0.5,0.7857142857142857,1.0,0.88
Combined_Equal_Block,SVM_RBF,Class_Balanced,123,2,4,0.8,0.7474747474747474,0.7777777777777778,0.7474747474747474,0.7565217391304347,0.7843478260869564,0.4850797373873086,1.0,1.0,1.0,0.5,0.3333333333333333,0.4,0.8333333333333334,0.9090909090909091,0.8695652173913043
Combined_Equal_Block,SVM_RBF,Class_Balanced,123,2,5,0.6428571428571429,0.45555555555555555,0.3925925925925926,0.45555555555555555,0.41228070175438597,0.6334586466165414,0.2386980188146657,0.0,0.0,0.0,0.4,0.6666666666666666,0.5,0.7777777777777778,0.7,0.7368421052631579
Combined_Equal_Block,SVM_RBF,Class_Balanced,456,3,1,0.7333333333333333,0.41414141414141414,0.4230769230769231,0.41414141414141414,0.41111111111111115,0.6911111111111111,0.22885182707624924,0.0,0.0,0.0,0.5,0.3333333333333333,0.4,0.7692307692307693,0.9090909090909091,0.8333333333333334
Combined_Equal_Block,SVM_RBF,Class_Balanced,456,3,2,0.6666666666666666,0.30303030303030304,0.2380952380952381,0.30303030303030304,0.26666666666666666,0.5866666666666667,-0.13644420572745383,0.0,0.0,0.0,0.0,0.0,0.0,0.7142857142857143,0.9090909090909091,0.8
Combined_Equal_Block,SVM_RBF,Class_Balanced,456,3,3,0.7333333333333333,0.494949494949495,0.43939393939393945,0.494949494949495,0.4632034632034632,0.7142857142857142,0.351839597706834,0.0,0.0,0.0,0.5,0.6666666666666666,0.5714285714285714,0.8181818181818182,0.8181818181818182,0.8181818181818182
Combined_Equal_Block,SVM_RBF,Class_Balanced,456,3,4,0.7333333333333333,0.41414141414141414,0.4230769230769231,0.41414141414141414,0.41111111111111115,0.6911111111111111,0.22885182707624924,0.0,0.0,0.0,0.5,0.3333333333333333,0.4,0.7692307692307693,0.9090909090909091,0.8333333333333334
Combined_Equal_Block,SVM_RBF,Class_Balanced,456,3,5,0.8571428571428571,0.6333333333333333,0.5499999999999999,0.6333333333333333,0.5857142857142857,0.826530612244898,0.6751399510385769,0.0,0.0,0.0,0.75,1.0,0.8571428571428571,0.9,0.9,0.9
Combined_Equal_Block,SVM_RBF,Class_Balanced,789,4,1,0.7333333333333333,0.41414141414141414,0.4230769230769231,0.41414141414141414,0.41111111111111115,0.6911111111111111,0.22885182707624924,0.0,0.0,0.0,0.5,0.3333333333333333,0.4,0.7692307692307693,0.9090909090909091,0.8333333333333334
Combined_Equal_Block,SVM_RBF,Class_Balanced,789,4,2,0.8666666666666667,0.6363636363636364,0.5530303030303031,0.6363636363636364,0.5887445887445887,0.8380952380952381,0.6816892205569908,0.0,0.0,0.0,0.75,1.0,0.8571428571428571,0.9090909090909091,0.9090909090909091,0.9090909090909091
Combined_Equal_Block,SVM_RBF,Class_Balanced,789,4,3,0.8,0.4444444444444444,0.5952380952380952,0.4444444444444444,0.45999999999999996,0.7453333333333333,0.44831667596163405,0.0,0.0,0.0,1.0,0.3333333333333333,0.5,0.7857142857142857,1.0,0.88
Combined_Equal_Block,SVM_RBF,Class_Balanced,789,4,4,0.6,0.27272727272727276,0.23076923076923075,0.27272727272727276,0.25,0.55,-0.2002453486917181,0.0,0.0,0.0,0.0,0.0,0.0,0.6923076923076923,0.8181818181818182,0.75
Combined_Equal_Block,SVM_RBF,Class_Balanced,789,4,5,0.8571428571428571,0.5555555555555555,0.6111111111111112,0.5555555555555555,0.5696969696969697,0.8207792207792207,0.6537014466829248,0.0,0.0,0.0,1.0,0.6666666666666666,0.8,0.8333333333333334,1.0,0.9090909090909091
Combined_Equal_Block,SVM_RBF,Class_Balanced,2026,5,1,0.7333333333333333,0.3333333333333333,0.24444444444444444,0.3333333333333333,0.28205128205128205,0.6205128205128205,0.0,0.0,0.0,0.0,0.0,0.0,0.0,0.7333333333333333,1.0,0.8461538461538461
Combined_Equal_Block,SVM_RBF,Class_Balanced,2026,5,2,0.7333333333333333,0.494949494949495,0.43939393939393945,0.494949494949495,0.4632034632034632,0.7142857142857142,0.351839597706834,0.0,0.0,0.0,0.5,0.6666666666666666,0.5714285714285714,0.8181818181818182,0.8181818181818182,0.8181818181818182
Combined_Equal_Block,SVM_RBF,Class_Balanced,2026,5,3,0.8,0.4444444444444444,0.5952380952380952,0.4444444444444444,0.45999999999999996,0.7453333333333333,0.44831667596163405,0.0,0.0,0.0,1.0,0.3333333333333333,0.5,0.7857142857142857,1.0,0.88
Combined_Equal_Block,SVM_RBF,Class_Balanced,2026,5,4,1.0,1.0,1.0,1.0,1.0,1.0,1.0,1.0,1.0,1.0,1.0,1.0,1.0,1.0,1.0,1.0
Combined_Equal_Block,SVM_RBF,Class_Balanced,2026,5,5,0.7142857142857143,0.41111111111111115,0.4166666666666667,0.41111111111111115,0.40606060606060607,0.6701298701298702,0.21790048222764163,0.0,0.0,0.0,0.5,0.3333333333333333,0.4,0.75,0.9,0.8181818181818182
Combined_Equal_Block,Random_Forest,Unweighted,42,1,1,0.8666666666666667,0.5555555555555555,0.6153846153846154,0.5555555555555555,0.5722222222222223,0.8322222222222222,0.6579490028442165,0.0,0.0,0.0,1.0,0.6666666666666666,0.8,0.8461538461538461,1.0,0.9166666666666666
Combined_Equal_Block,Random_Forest,Unweighted,42,1,2,0.8666666666666667,0.5555555555555555,0.6153846153846154,0.5555555555555555,0.5722222222222223,0.8322222222222222,0.6579490028442165,0.0,0.0,0.0,1.0,0.6666666666666666,0.8,0.8461538461538461,1.0,0.9166666666666666
Combined_Equal_Block,Random_Forest,Unweighted,42,1,3,0.7333333333333333,0.494949494949495,0.43939393939393945,0.494949494949495,0.4632034632034632,0.7142857142857142,0.351839597706834,0.0,0.0,0.0,0.5,0.6666666666666666,0.5714285714285714,0.8181818181818182,0.8181818181818182,0.8181818181818182
Combined_Equal_Block,Random_Forest,Unweighted,42,1,4,0.7333333333333333,0.3333333333333333,0.24444444444444444,0.3333333333333333,0.28205128205128205,0.6205128205128205,0.0,0.0,0.0,0.0,0.0,0.0,0.0,0.7333333333333333,1.0,0.8461538461538461
Combined_Equal_Block,Random_Forest,Unweighted,42,1,5,0.7142857142857143,0.3333333333333333,0.2380952380952381,0.3333333333333333,0.2777777777777778,0.5952380952380952,0.0,0.0,0.0,0.0,0.0,0.0,0.0,0.7142857142857143,1.0,0.8333333333333334
Combined_Equal_Block,Random_Forest,Unweighted,123,2,1,0.7333333333333333,0.3333333333333333,0.24444444444444444,0.3333333333333333,0.28205128205128205,0.6205128205128205,0.0,0.0,0.0,0.0,0.0,0.0,0.0,0.7333333333333333,1.0,0.8461538461538461
Combined_Equal_Block,Random_Forest,Unweighted,123,2,2,0.8666666666666667,0.6363636363636364,0.5530303030303031,0.6363636363636364,0.5887445887445887,0.8380952380952381,0.6816892205569908,0.0,0.0,0.0,0.75,1.0,0.8571428571428571,0.9090909090909091,0.9090909090909091,0.9090909090909091
Combined_Equal_Block,Random_Forest,Unweighted,123,2,3,0.8666666666666667,0.5555555555555555,0.6153846153846154,0.5555555555555555,0.5722222222222223,0.8322222222222222,0.6579490028442165,0.0,0.0,0.0,1.0,0.6666666666666666,0.8,0.8461538461538461,1.0,0.9166666666666666
Combined_Equal_Block,Random_Forest,Unweighted,123,2,4,0.7333333333333333,0.3333333333333333,0.24444444444444444,0.3333333333333333,0.28205128205128205,0.6205128205128205,0.0,0.0,0.0,0.0,0.0,0.0,0.0,0.7333333333333333,1.0,0.8461538461538461
Combined_Equal_Block,Random_Forest,Unweighted,123,2,5,0.6428571428571429,0.45555555555555555,0.3925925925925926,0.45555555555555555,0.41228070175438597,0.6334586466165414,0.2386980188146657,0.0,0.0,0.0,0.4,0.6666666666666666,0.5,0.7777777777777778,0.7,0.7368421052631579
Combined_Equal_Block,Random_Forest,Unweighted,456,3,1,0.8,0.4444444444444444,0.5952380952380952,0.4444444444444444,0.45999999999999996,0.7453333333333333,0.44831667596163405,0.0,0.0,0.0,1.0,0.3333333333333333,0.5,0.7857142857142857,1.0,0.88
Combined_Equal_Block,Random_Forest,Unweighted,456,3,2,0.7333333333333333,0.41414141414141414,0.4230769230769231,0.41414141414141414,0.41111111111111115,0.6911111111111111,0.22885182707624924,0.0,0.0,0.0,0.5,0.3333333333333333,0.4,0.7692307692307693,0.9090909090909091,0.8333333333333334
Combined_Equal_Block,Random_Forest,Unweighted,456,3,3,0.6666666666666666,0.30303030303030304,0.2380952380952381,0.30303030303030304,0.26666666666666666,0.5866666666666667,-0.13644420572745383,0.0,0.0,0.0,0.0,0.0,0.0,0.7142857142857143,0.9090909090909091,0.8
Combined_Equal_Block,Random_Forest,Unweighted,456,3,4,0.8,0.5252525252525252,0.5,0.5252525252525252,0.5120772946859903,0.7710144927536232,0.4740612223681573,0.0,0.0,0.0,0.6666666666666666,0.6666666666666666,0.6666666666666666,0.8333333333333334,0.9090909090909091,0.8695652173913043
Combined_Equal_Block,Random_Forest,Unweighted,456,3,5,0.7857142857142857,0.4444444444444444,0.5897435897435898,0.4444444444444444,0.45652173913043476,0.7282608695652174,0.44410268115970425,0.0,0.0,0.0,1.0,0.3333333333333333,0.5,0.7692307692307693,1.0,0.8695652173913043
Combined_Equal_Block,Random_Forest,Unweighted,789,4,1,0.8666666666666667,0.6363636363636364,0.5530303030303031,0.6363636363636364,0.5887445887445887,0.8380952380952381,0.6816892205569908,0.0,0.0,0.0,0.75,1.0,0.8571428571428571,0.9090909090909091,0.9090909090909091,0.9090909090909091
Combined_Equal_Block,Random_Forest,Unweighted,789,4,2,0.8666666666666667,0.5555555555555555,0.6153846153846154,0.5555555555555555,0.5722222222222223,0.8322222222222222,0.6579490028442165,0.0,0.0,0.0,1.0,0.6666666666666666,0.8,0.8461538461538461,1.0,0.9166666666666666
Combined_Equal_Block,Random_Forest,Unweighted,789,4,3,0.7333333333333333,0.3333333333333333,0.24444444444444444,0.3333333333333333,0.28205128205128205,0.6205128205128205,0.0,0.0,0.0,0.0,0.0,0.0,0.0,0.7333333333333333,1.0,0.8461538461538461
Combined_Equal_Block,Random_Forest,Unweighted,789,4,4,0.8,0.4444444444444444,0.5952380952380952,0.4444444444444444,0.45999999999999996,0.7453333333333333,0.44831667596163405,0.0,0.0,0.0,1.0,0.3333333333333333,0.5,0.7857142857142857,1.0,0.88
Combined_Equal_Block,Random_Forest,Unweighted,789,4,5,0.7857142857142857,0.5222222222222223,0.494949494949495,0.5222222222222223,0.5079365079365079,0.7551020408163265,0.46456538905166156,0.0,0.0,0.0,0.6666666666666666,0.6666666666666666,0.6666666666666666,0.8181818181818182,0.9,0.8571428571428571
Combined_Equal_Block,Random_Forest,Unweighted,2026,5,1,0.8,0.5252525252525252,0.6111111111111112,0.5252525252525252,0.5565217391304348,0.7976811594202898,0.4850797373873086,0.0,0.0,0.0,1.0,0.6666666666666666,0.8,0.8333333333333334,0.9090909090909091,0.8695652173913043
Combined_Equal_Block,Random_Forest,Unweighted,2026,5,2,0.8,0.5252525252525252,0.5,0.5252525252525252,0.5120772946859903,0.7710144927536232,0.4740612223681573,0.0,0.0,0.0,0.6666666666666666,0.6666666666666666,0.6666666666666666,0.8333333333333334,0.9090909090909091,0.8695652173913043
Combined_Equal_Block,Random_Forest,Unweighted,2026,5,3,0.8,0.4444444444444444,0.5952380952380952,0.4444444444444444,0.45999999999999996,0.7453333333333333,0.44831667596163405,0.0,0.0,0.0,1.0,0.3333333333333333,0.5,0.7857142857142857,1.0,0.88
Combined_Equal_Block,Random_Forest,Unweighted,2026,5,4,0.8,0.5252525252525252,0.5,0.5252525252525252,0.5120772946859903,0.7710144927536232,0.4740612223681573,0.0,0.0,0.0,0.6666666666666666,0.6666666666666666,0.6666666666666666,0.8333333333333334,0.9090909090909091,0.8695652173913043
Combined_Equal_Block,Random_Forest,Unweighted,2026,5,5,0.7142857142857143,0.3333333333333333,0.2380952380952381,0.3333333333333333,0.2777777777777778,0.5952380952380952,0.0,0.0,0.0,0.0,0.0,0.0,0.0,0.7142857142857143,1.0,0.8333333333333334
Combined_Equal_Block,Random_Forest,Class_Balanced,42,1,1,0.8,0.5252525252525252,0.6111111111111112,0.5252525252525252,0.5565217391304348,0.7976811594202898,0.4850797373873086,0.0,0.0,0.0,1.0,0.6666666666666666,0.8,0.8333333333333334,0.9090909090909091,0.8695652173913043
Combined_Equal_Block,Random_Forest,Class_Balanced,42,1,2,0.8,0.5252525252525252,0.6111111111111112,0.5252525252525252,0.5565217391304348,0.7976811594202898,0.4850797373873086,0.0,0.0,0.0,1.0,0.6666666666666666,0.8,0.8333333333333334,0.9090909090909091,0.8695652173913043
Combined_Equal_Block,Random_Forest,Class_Balanced,42,1,3,0.7333333333333333,0.5757575757575758,0.46296296296296297,0.5757575757575758,0.48888888888888893,0.7200000000000001,0.47639306734033093,0.0,0.0,0.0,0.5,1.0,0.6666666666666666,0.8888888888888888,0.7272727272727273,0.8
Combined_Equal_Block,Random_Forest,Class_Balanced,42,1,4,0.8666666666666667,0.8585858585858586,0.8030303030303031,0.8585858585858586,0.791919191919192,0.8711111111111111,0.6947753348798782,0.5,1.0,0.6666666666666666,1.0,0.6666666666666666,0.8,0.9090909090909091,0.9090909090909091,0.9090909090909091
Combined_Equal_Block,Random_Forest,Class_Balanced,42,1,5,0.7857142857142857,0.5222222222222223,0.494949494949495,0.5222222222222223,0.5079365079365079,0.7551020408163265,0.46456538905166156,0.0,0.0,0.0,0.6666666666666666,0.6666666666666666,0.6666666666666666,0.8181818181818182,0.9,0.8571428571428571
Combined_Equal_Block,Random_Forest,Class_Balanced,123,2,1,0.8,0.4444444444444444,0.5952380952380952,0.4444444444444444,0.45999999999999996,0.7453333333333333,0.44831667596163405,0.0,0.0,0.0,1.0,0.3333333333333333,0.5,0.7857142857142857,1.0,0.88
Combined_Equal_Block,Random_Forest,Class_Balanced,123,2,2,0.7333333333333333,0.494949494949495,0.494949494949495,0.494949494949495,0.494949494949495,0.7333333333333333,0.3617021276595745,0.0,0.0,0.0,0.6666666666666666,0.6666666666666666,0.6666666666666666,0.8181818181818182,0.8181818181818182,0.8181818181818182
Combined_Equal_Block,Random_Forest,Class_Balanced,123,2,3,0.9333333333333333,0.6666666666666666,0.6388888888888888,0.6666666666666666,0.6521739130434783,0.9014492753623189,0.8387237011128936,0.0,0.0,0.0,1.0,1.0,1.0,0.9166666666666666,1.0,0.9565217391304348
Combined_Equal_Block,Random_Forest,Class_Balanced,123,2,4,0.7333333333333333,0.494949494949495,0.494949494949495,0.494949494949495,0.494949494949495,0.7333333333333333,0.3617021276595745,0.0,0.0,0.0,0.6666666666666666,0.6666666666666666,0.6666666666666666,0.8181818181818182,0.8181818181818182,0.8181818181818182
Combined_Equal_Block,Random_Forest,Class_Balanced,123,2,5,0.5714285714285714,0.4222222222222222,0.3833333333333333,0.4222222222222222,0.38888888888888884,0.5833333333333333,0.16757831697804315,0.0,0.0,0.0,0.4,0.6666666666666666,0.5,0.75,0.6,0.6666666666666666
Combined_Equal_Block,Random_Forest,Class_Balanced,456,3,1,0.6666666666666666,0.4646464646464647,0.48888888888888893,0.4646464646464647,0.4761904761904761,0.6920634920634919,0.2826344261497258,0.0,0.0,0.0,0.6666666666666666,0.6666666666666666,0.6666666666666666,0.8,0.7272727272727273,0.7619047619047619
Combined_Equal_Block,Random_Forest,Class_Balanced,456,3,2,0.8,0.5252525252525252,0.5,0.5252525252525252,0.5120772946859903,0.7710144927536232,0.4740612223681573,0.0,0.0,0.0,0.6666666666666666,0.6666666666666666,0.6666666666666666,0.8333333333333334,0.9090909090909091,0.8695652173913043
Combined_Equal_Block,Random_Forest,Class_Balanced,456,3,3,0.8666666666666667,0.6363636363636364,0.6363636363636364,0.6363636363636364,0.6363636363636364,0.8666666666666667,0.6808510638297872,0.0,0.0,0.0,1.0,1.0,1.0,0.9090909090909091,0.9090909090909091,0.9090909090909091
Combined_Equal_Block,Random_Forest,Class_Balanced,456,3,4,0.8666666666666667,0.6363636363636364,0.5530303030303031,0.6363636363636364,0.5887445887445887,0.8380952380952381,0.6816892205569908,0.0,0.0,0.0,0.75,1.0,0.8571428571428571,0.9090909090909091,0.9090909090909091,0.9090909090909091
Combined_Equal_Block,Random_Forest,Class_Balanced,456,3,5,0.7857142857142857,0.4444444444444444,0.5897435897435898,0.4444444444444444,0.45652173913043476,0.7282608695652174,0.44410268115970425,0.0,0.0,0.0,1.0,0.3333333333333333,0.5,0.7692307692307693,1.0,0.8695652173913043
Combined_Equal_Block,Random_Forest,Class_Balanced,789,4,1,0.8666666666666667,0.6363636363636364,0.5530303030303031,0.6363636363636364,0.5887445887445887,0.8380952380952381,0.6816892205569908,0.0,0.0,0.0,0.75,1.0,0.8571428571428571,0.9090909090909091,0.9090909090909091,0.9090909090909091
Combined_Equal_Block,Random_Forest,Class_Balanced,789,4,2,0.8666666666666667,0.6363636363636364,0.6363636363636364,0.6363636363636364,0.6363636363636364,0.8666666666666667,0.6808510638297872,0.0,0.0,0.0,1.0,1.0,1.0,0.9090909090909091,0.9090909090909091,0.9090909090909091
Combined_Equal_Block,Random_Forest,Class_Balanced,789,4,3,0.7333333333333333,0.494949494949495,0.6060606060606061,0.494949494949495,0.5393939393939394,0.76,0.37896836447993354,0.0,0.0,0.0,1.0,0.6666666666666666,0.8,0.8181818181818182,0.8181818181818182,0.8181818181818182
Combined_Equal_Block,Random_Forest,Class_Balanced,789,4,4,0.7333333333333333,0.41414141414141414,0.4230769230769231,0.41414141414141414,0.41111111111111115,0.6911111111111111,0.22885182707624924,0.0,0.0,0.0,0.5,0.3333333333333333,0.4,0.7692307692307693,0.9090909090909091,0.8333333333333334
Combined_Equal_Block,Random_Forest,Class_Balanced,789,4,5,0.7857142857142857,0.5222222222222223,0.494949494949495,0.5222222222222223,0.5079365079365079,0.7551020408163265,0.46456538905166156,0.0,0.0,0.0,0.6666666666666666,0.6666666666666666,0.6666666666666666,0.8181818181818182,0.9,0.8571428571428571
Combined_Equal_Block,Random_Forest,Class_Balanced,2026,5,1,0.8666666666666667,0.6363636363636364,0.6363636363636364,0.6363636363636364,0.6363636363636364,0.8666666666666667,0.6808510638297872,0.0,0.0,0.0,1.0,1.0,1.0,0.9090909090909091,0.9090909090909091,0.9090909090909091
Combined_Equal_Block,Random_Forest,Class_Balanced,2026,5,2,0.8,0.5252525252525252,0.5,0.5252525252525252,0.5120772946859903,0.7710144927536232,0.4740612223681573,0.0,0.0,0.0,0.6666666666666666,0.6666666666666666,0.6666666666666666,0.8333333333333334,0.9090909090909091,0.8695652173913043
Combined_Equal_Block,Random_Forest,Class_Balanced,2026,5,3,0.8666666666666667,0.5555555555555555,0.6153846153846154,0.5555555555555555,0.5722222222222223,0.8322222222222222,0.6579490028442165,0.0,0.0,0.0,1.0,0.6666666666666666,0.8,0.8461538461538461,1.0,0.9166666666666666
Combined_Equal_Block,Random_Forest,Class_Balanced,2026,5,4,0.8666666666666667,0.9393939393939394,0.75,0.9393939393939394,0.8079365079365078,0.8758730158730158,0.7595197702496869,0.5,1.0,0.6666666666666666,0.75,1.0,0.8571428571428571,1.0,0.8181818181818182,0.9
Combined_Equal_Block,Random_Forest,Class_Balanced,2026,5,5,0.7142857142857143,0.41111111111111115,0.4166666666666667,0.41111111111111115,0.40606060606060607,0.6701298701298702,0.21790048222764163,0.0,0.0,0.0,0.5,0.3333333333333333,0.4,0.75,0.9,0.8181818181818182
Combined_Equal_Block,XGBoost,Unweighted,42,1,1,0.8666666666666667,0.5555555555555555,0.6153846153846154,0.5555555555555555,0.5722222222222223,0.8322222222222222,0.6579490028442165,0.0,0.0,0.0,1.0,0.6666666666666666,0.8,0.8461538461538461,1.0,0.9166666666666666
Combined_Equal_Block,XGBoost,Unweighted,42,1,2,0.8666666666666667,0.5555555555555555,0.6153846153846154,0.5555555555555555,0.5722222222222223,0.8322222222222222,0.6579490028442165,0.0,0.0,0.0,1.0,0.6666666666666666,0.8,0.8461538461538461,1.0,0.9166666666666666
Combined_Equal_Block,XGBoost,Unweighted,42,1,3,0.6,0.35353535353535354,0.32575757575757575,0.35353535353535354,0.3376623376623377,0.5904761904761905,0.021989974856677124,0.0,0.0,0.0,0.25,0.3333333333333333,0.2857142857142857,0.7272727272727273,0.7272727272727273,0.7272727272727273
Combined_Equal_Block,XGBoost,Unweighted,42,1,4,0.6666666666666666,0.30303030303030304,0.2380952380952381,0.30303030303030304,0.26666666666666666,0.5866666666666667,-0.09746014694818131,0.0,0.0,0.0,0.0,0.0,0.0,0.7142857142857143,0.9090909090909091,0.8
Combined_Equal_Block,XGBoost,Unweighted,42,1,5,0.7142857142857143,0.3333333333333333,0.2380952380952381,0.3333333333333333,0.2777777777777778,0.5952380952380952,0.0,0.0,0.0,0.0,0.0,0.0,0.0,0.7142857142857143,1.0,0.8333333333333334
Combined_Equal_Block,XGBoost,Unweighted,123,2,1,0.7333333333333333,0.3333333333333333,0.24444444444444444,0.3333333333333333,0.28205128205128205,0.6205128205128205,0.0,0.0,0.0,0.0,0.0,0.0,0.0,0.7333333333333333,1.0,0.8461538461538461
Combined_Equal_Block,XGBoost,Unweighted,123,2,2,0.7333333333333333,0.3333333333333333,0.24444444444444444,0.3333333333333333,0.28205128205128205,0.6205128205128205,0.0,0.0,0.0,0.0,0.0,0.0,0.0,0.7333333333333333,1.0,0.8461538461538461
Combined_Equal_Block,XGBoost,Unweighted,123,2,3,0.9333333333333333,0.6666666666666666,0.6388888888888888,0.6666666666666666,0.6521739130434783,0.9014492753623189,0.8387237011128936,0.0,0.0,0.0,1.0,1.0,1.0,0.9166666666666666,1.0,0.9565217391304348
Combined_Equal_Block,XGBoost,Unweighted,123,2,4,0.7333333333333333,0.3333333333333333,0.24444444444444444,0.3333333333333333,0.28205128205128205,0.6205128205128205,0.0,0.0,0.0,0.0,0.0,0.0,0.0,0.7333333333333333,1.0,0.8461538461538461
Combined_Equal_Block,XGBoost,Unweighted,123,2,5,0.6428571428571429,0.45555555555555555,0.3925925925925926,0.45555555555555555,0.41228070175438597,0.6334586466165414,0.2386980188146657,0.0,0.0,0.0,0.4,0.6666666666666666,0.5,0.7777777777777778,0.7,0.7368421052631579
Combined_Equal_Block,XGBoost,Unweighted,456,3,1,0.7333333333333333,0.494949494949495,0.494949494949495,0.494949494949495,0.494949494949495,0.7333333333333333,0.3617021276595745,0.0,0.0,0.0,0.6666666666666666,0.6666666666666666,0.6666666666666666,0.8181818181818182,0.8181818181818182,0.8181818181818182
Combined_Equal_Block,XGBoost,Unweighted,456,3,2,0.7333333333333333,0.41414141414141414,0.4230769230769231,0.41414141414141414,0.41111111111111115,0.6911111111111111,0.22885182707624924,0.0,0.0,0.0,0.5,0.3333333333333333,0.4,0.7692307692307693,0.9090909090909091,0.8333333333333334
Combined_Equal_Block,XGBoost,Unweighted,456,3,3,0.8,0.4444444444444444,0.5952380952380952,0.4444444444444444,0.45999999999999996,0.7453333333333333,0.44831667596163405,0.0,0.0,0.0,1.0,0.3333333333333333,0.5,0.7857142857142857,1.0,0.88
Combined_Equal_Block,XGBoost,Unweighted,456,3,4,0.7333333333333333,0.41414141414141414,0.4230769230769231,0.41414141414141414,0.41111111111111115,0.6911111111111111,0.22885182707624924,0.0,0.0,0.0,0.5,0.3333333333333333,0.4,0.7692307692307693,0.9090909090909091,0.8333333333333334
Combined_Equal_Block,XGBoost,Unweighted,456,3,5,0.7857142857142857,0.4444444444444444,0.5897435897435898,0.4444444444444444,0.45652173913043476,0.7282608695652174,0.44410268115970425,0.0,0.0,0.0,1.0,0.3333333333333333,0.5,0.7692307692307693,1.0,0.8695652173913043
Combined_Equal_Block,XGBoost,Unweighted,789,4,1,0.8666666666666667,0.6363636363636364,0.5530303030303031,0.6363636363636364,0.5887445887445887,0.8380952380952381,0.6816892205569908,0.0,0.0,0.0,0.75,1.0,0.8571428571428571,0.9090909090909091,0.9090909090909091,0.9090909090909091
Combined_Equal_Block,XGBoost,Unweighted,789,4,2,0.7333333333333333,0.41414141414141414,0.5897435897435898,0.41414141414141414,0.4444444444444445,0.7111111111111111,0.2526455763199557,0.0,0.0,0.0,1.0,0.3333333333333333,0.5,0.7692307692307693,0.9090909090909091,0.8333333333333334
Combined_Equal_Block,XGBoost,Unweighted,789,4,3,0.6666666666666666,0.30303030303030304,0.2380952380952381,0.30303030303030304,0.26666666666666666,0.5866666666666667,-0.09746014694818131,0.0,0.0,0.0,0.0,0.0,0.0,0.7142857142857143,0.9090909090909091,0.8
Combined_Equal_Block,XGBoost,Unweighted,789,4,4,0.6666666666666666,0.30303030303030304,0.2380952380952381,0.30303030303030304,0.26666666666666666,0.5866666666666667,-0.13644420572745383,0.0,0.0,0.0,0.0,0.0,0.0,0.7142857142857143,0.9090909090909091,0.8
Combined_Equal_Block,XGBoost,Unweighted,789,4,5,0.7857142857142857,0.4444444444444444,0.5897435897435898,0.4444444444444444,0.45652173913043476,0.7282608695652174,0.44410268115970425,0.0,0.0,0.0,1.0,0.3333333333333333,0.5,0.7692307692307693,1.0,0.8695652173913043
Combined_Equal_Block,XGBoost,Unweighted,2026,5,1,0.7333333333333333,0.41414141414141414,0.5897435897435898,0.41414141414141414,0.4444444444444445,0.7111111111111111,0.2526455763199557,0.0,0.0,0.0,1.0,0.3333333333333333,0.5,0.7692307692307693,0.9090909090909091,0.8333333333333334
Combined_Equal_Block,XGBoost,Unweighted,2026,5,2,0.7333333333333333,0.41414141414141414,0.4230769230769231,0.41414141414141414,0.41111111111111115,0.6911111111111111,0.22885182707624924,0.0,0.0,0.0,0.5,0.3333333333333333,0.4,0.7692307692307693,0.9090909090909091,0.8333333333333334
Combined_Equal_Block,XGBoost,Unweighted,2026,5,3,0.8,0.4444444444444444,0.5952380952380952,0.4444444444444444,0.45999999999999996,0.7453333333333333,0.44831667596163405,0.0,0.0,0.0,1.0,0.3333333333333333,0.5,0.7857142857142857,1.0,0.88
Combined_Equal_Block,XGBoost,Unweighted,2026,5,4,0.8666666666666667,0.5555555555555555,0.6153846153846154,0.5555555555555555,0.5722222222222223,0.8322222222222222,0.6579490028442165,0.0,0.0,0.0,1.0,0.6666666666666666,0.8,0.8461538461538461,1.0,0.9166666666666666
Combined_Equal_Block,XGBoost,Unweighted,2026,5,5,0.6428571428571429,0.3,0.23076923076923075,0.3,0.2608695652173913,0.5590062111801243,-0.14803422705323474,0.0,0.0,0.0,0.0,0.0,0.0,0.6923076923076923,0.9,0.782608695652174
Combined_Equal_Block,XGBoost,Class_Balanced,42,1,1,0.8666666666666667,0.5555555555555555,0.6153846153846154,0.5555555555555555,0.5722222222222223,0.8322222222222222,0.6579490028442165,0.0,0.0,0.0,1.0,0.6666666666666666,0.8,0.8461538461538461,1.0,0.9166666666666666
Combined_Equal_Block,XGBoost,Class_Balanced,42,1,2,0.8,0.5252525252525252,0.6111111111111112,0.5252525252525252,0.5565217391304348,0.7976811594202898,0.4850797373873086,0.0,0.0,0.0,1.0,0.6666666666666666,0.8,0.8333333333333334,0.9090909090909091,0.8695652173913043
Combined_Equal_Block,XGBoost,Class_Balanced,42,1,3,0.7333333333333333,0.5757575757575758,0.46296296296296297,0.5757575757575758,0.48888888888888893,0.7200000000000001,0.47639306734033093,0.0,0.0,0.0,0.5,1.0,0.6666666666666666,0.8888888888888888,0.7272727272727273,0.8
Combined_Equal_Block,XGBoost,Class_Balanced,42,1,4,0.7333333333333333,0.41414141414141414,0.5897435897435898,0.41414141414141414,0.4444444444444445,0.7111111111111111,0.2526455763199557,0.0,0.0,0.0,1.0,0.3333333333333333,0.5,0.7692307692307693,0.9090909090909091,0.8333333333333334
Combined_Equal_Block,XGBoost,Class_Balanced,42,1,5,0.7857142857142857,0.4444444444444444,0.5897435897435898,0.4444444444444444,0.45652173913043476,0.7282608695652174,0.44410268115970425,0.0,0.0,0.0,1.0,0.3333333333333333,0.5,0.7692307692307693,1.0,0.8695652173913043
Combined_Equal_Block,XGBoost,Class_Balanced,123,2,1,0.7333333333333333,0.3333333333333333,0.24444444444444444,0.3333333333333333,0.28205128205128205,0.6205128205128205,0.0,0.0,0.0,0.0,0.0,0.0,0.0,0.7333333333333333,1.0,0.8461538461538461
Combined_Equal_Block,XGBoost,Class_Balanced,123,2,2,0.6666666666666666,0.38383838383838387,0.4166666666666667,0.38383838383838387,0.39420289855072466,0.6539130434782608,0.1301433441770828,0.0,0.0,0.0,0.5,0.3333333333333333,0.4,0.75,0.8181818181818182,0.782608695652174
Combined_Equal_Block,XGBoost,Class_Balanced,123,2,3,0.9333333333333333,0.6666666666666666,0.6388888888888888,0.6666666666666666,0.6521739130434783,0.9014492753623189,0.8387237011128936,0.0,0.0,0.0,1.0,1.0,1.0,0.9166666666666666,1.0,0.9565217391304348
Combined_Equal_Block,XGBoost,Class_Balanced,123,2,4,0.7333333333333333,0.3333333333333333,0.24444444444444444,0.3333333333333333,0.28205128205128205,0.6205128205128205,0.0,0.0,0.0,0.0,0.0,0.0,0.0,0.7333333333333333,1.0,0.8461538461538461
Combined_Equal_Block,XGBoost,Class_Balanced,123,2,5,0.6428571428571429,0.5333333333333333,0.4523809523809524,0.5333333333333333,0.45751633986928103,0.6470588235294118,0.38041370603310753,0.0,0.0,0.0,0.5,1.0,0.6666666666666666,0.8571428571428571,0.6,0.7058823529411765
Combined_Equal_Block,XGBoost,Class_Balanced,456,3,1,0.6666666666666666,0.4646464646464647,0.48888888888888893,0.4646464646464647,0.4761904761904761,0.6920634920634919,0.2826344261497258,0.0,0.0,0.0,0.6666666666666666,0.6666666666666666,0.6666666666666666,0.8,0.7272727272727273,0.7619047619047619
Combined_Equal_Block,XGBoost,Class_Balanced,456,3,2,0.7333333333333333,0.41414141414141414,0.4230769230769231,0.41414141414141414,0.41111111111111115,0.6911111111111111,0.22885182707624924,0.0,0.0,0.0,0.5,0.3333333333333333,0.4,0.7692307692307693,0.9090909090909091,0.8333333333333334
Combined_Equal_Block,XGBoost,Class_Balanced,456,3,3,0.8,0.5252525252525252,0.5,0.5252525252525252,0.5120772946859903,0.7710144927536232,0.4740612223681573,0.0,0.0,0.0,0.6666666666666666,0.6666666666666666,0.6666666666666666,0.8333333333333334,0.9090909090909091,0.8695652173913043
Combined_Equal_Block,XGBoost,Class_Balanced,456,3,4,0.6666666666666666,0.4646464646464647,0.48888888888888893,0.4646464646464647,0.4761904761904761,0.6920634920634919,0.2826344261497258,0.0,0.0,0.0,0.6666666666666666,0.6666666666666666,0.6666666666666666,0.8,0.7272727272727273,0.7619047619047619
Combined_Equal_Block,XGBoost,Class_Balanced,456,3,5,0.7857142857142857,0.4444444444444444,0.5897435897435898,0.4444444444444444,0.45652173913043476,0.7282608695652174,0.44410268115970425,0.0,0.0,0.0,1.0,0.3333333333333333,0.5,0.7692307692307693,1.0,0.8695652173913043
Combined_Equal_Block,XGBoost,Class_Balanced,789,4,1,0.8666666666666667,0.6363636363636364,0.5530303030303031,0.6363636363636364,0.5887445887445887,0.8380952380952381,0.6816892205569908,0.0,0.0,0.0,0.75,1.0,0.8571428571428571,0.9090909090909091,0.9090909090909091,0.9090909090909091
Combined_Equal_Block,XGBoost,Class_Balanced,789,4,2,0.7333333333333333,0.41414141414141414,0.5897435897435898,0.41414141414141414,0.4444444444444445,0.7111111111111111,0.2526455763199557,0.0,0.0,0.0,1.0,0.3333333333333333,0.5,0.7692307692307693,0.9090909090909091,0.8333333333333334
Combined_Equal_Block,XGBoost,Class_Balanced,789,4,3,0.6,0.27272727272727276,0.23076923076923075,0.27272727272727276,0.25,0.55,-0.14303239192265577,0.0,0.0,0.0,0.0,0.0,0.0,0.6923076923076923,0.8181818181818182,0.75
Combined_Equal_Block,XGBoost,Class_Balanced,789,4,4,0.6666666666666666,0.30303030303030304,0.2380952380952381,0.30303030303030304,0.26666666666666666,0.5866666666666667,-0.13644420572745383,0.0,0.0,0.0,0.0,0.0,0.0,0.7142857142857143,0.9090909090909091,0.8
Combined_Equal_Block,XGBoost,Class_Balanced,789,4,5,0.7142857142857143,0.41111111111111115,0.4166666666666667,0.41111111111111115,0.40606060606060607,0.6701298701298702,0.21790048222764163,0.0,0.0,0.0,0.5,0.3333333333333333,0.4,0.75,0.9,0.8181818181818182
Combined_Equal_Block,XGBoost,Class_Balanced,2026,5,1,0.8,0.5252525252525252,0.6111111111111112,0.5252525252525252,0.5565217391304348,0.7976811594202898,0.4850797373873086,0.0,0.0,0.0,1.0,0.6666666666666666,0.8,0.8333333333333334,0.9090909090909091,0.8695652173913043
Combined_Equal_Block,XGBoost,Class_Balanced,2026,5,2,0.8,0.5252525252525252,0.5,0.5252525252525252,0.5120772946859903,0.7710144927536232,0.4740612223681573,0.0,0.0,0.0,0.6666666666666666,0.6666666666666666,0.6666666666666666,0.8333333333333334,0.9090909090909091,0.8695652173913043
Combined_Equal_Block,XGBoost,Class_Balanced,2026,5,3,0.8,0.5252525252525252,0.6111111111111112,0.5252525252525252,0.5565217391304348,0.7976811594202898,0.4850797373873086,0.0,0.0,0.0,1.0,0.6666666666666666,0.8,0.8333333333333334,0.9090909090909091,0.8695652173913043
Combined_Equal_Block,XGBoost,Class_Balanced,2026,5,4,0.7333333333333333,0.494949494949495,0.494949494949495,0.494949494949495,0.494949494949495,0.7333333333333333,0.3617021276595745,0.0,0.0,0.0,0.6666666666666666,0.6666666666666666,0.6666666666666666,0.8181818181818182,0.8181818181818182,0.8181818181818182
Combined_Equal_Block,XGBoost,Class_Balanced,2026,5,5,0.6428571428571429,0.3,0.23076923076923075,0.3,0.2608695652173913,0.5590062111801243,-0.14803422705323474,0.0,0.0,0.0,0.0,0.0,0.0,0.6923076923076923,0.9,0.782608695652174
